Input_X	Input_Y	Path	SegCount	CumSeg	OutIdx	SrcRow	SegIdx	t	OutX	OutY	dX_Blend	dY_Blend	BaseZ_Deg	Z_Deg_Offset	GCODE		Setting	Value	Note	Description
																	Z_OFFSET_DEG	0	Use A:B:C	Enter X, Y, and Path where Path is S or C
																	CURVE_SEGMENTS	20	Output	Column P emits final G1 X Y Z commands; S2 adds a global Z offset

0	0		0	0																
20	0	S	=IF(C6="C",$S$3,IF(C6="S",1,0))	=E5+D6	=ROW()-5	=IF(OR(F6="",F6<=0,F6>LOOKUP(9.99999999999999E+307,$E$5:$E$120)),"",LOOKUP(F6-1,$E$5:$E$120,ROW($E$5:$E$120))+1)	=IF(G6="","",F6-INDEX($E:$E,G6-1))	=IF(G6="","",H6/INDEX($D:$D,G6))	=IF(G6="","",IF(INDEX($C:$C,G6)="C",0.5*(2*(INDEX($A:$A,G6-1))+(-(INDEX($A:$A,MAX(5,G6-2)))+(INDEX($A:$A,G6)))*I6+(2*(INDEX($A:$A,MAX(5,G6-2)))-5*(INDEX($A:$A,G6-1))+4*(INDEX($A:$A,G6))-(INDEX($A:$A,MIN(LOOKUP(2,1/((($A$5:$A$120<>"")+($B$5:$B$120<>""))>0),ROW($A$5:$A$120)),G6+1))))*I6^2+(-(INDEX($A:$A,MAX(5,G6-2)))+3*(INDEX($A:$A,G6-1))-3*(INDEX($A:$A,G6))+(INDEX($A:$A,MIN(LOOKUP(2,1/((($A$5:$A$120<>"")+($B$5:$B$120<>""))>0),ROW($A$5:$A$120)),G6+1))))*I6^3),INDEX($A:$A,G6-1)+(INDEX($A:$A,G6)-INDEX($A:$A,G6-1))*I6))	=IF(G6="","",IF(INDEX($C:$C,G6)="C",0.5*(2*(INDEX($B:$B,G6-1))+(-(INDEX($B:$B,MAX(5,G6-2)))+(INDEX($B:$B,G6)))*I6+(2*(INDEX($B:$B,MAX(5,G6-2)))-5*(INDEX($B:$B,G6-1))+4*(INDEX($B:$B,G6))-(INDEX($B:$B,MIN(LOOKUP(2,1/((($A$5:$A$120<>"")+($B$5:$B$120<>""))>0),ROW($A$5:$A$120)),G6+1))))*I6^2+(-(INDEX($B:$B,MAX(5,G6-2)))+3*(INDEX($B:$B,G6-1))-3*(INDEX($B:$B,G6))+(INDEX($B:$B,MIN(LOOKUP(2,1/((($A$5:$A$120<>"")+($B$5:$B$120<>""))>0),ROW($A$5:$A$120)),G6+1))))*I6^3),INDEX($B:$B,G6-1)+(INDEX($B:$B,G6)-INDEX($B:$B,G6-1))*I6))	=IF(J6="","",IF(AND(J5<>"",J7<>""),(J7-J5)/2,IF(J7<>"",J7-J6,IF(J5<>"",J6-J5,""))))	=IF(K6="","",IF(AND(K5<>"",K7<>""),(K7-K5)/2,IF(K7<>"",K7-K6,IF(K5<>"",K6-K5,""))))	=IF(L6="","",MOD(DEGREES(ATAN2(L6,M6)),360))	=IF(N6="","",N6+$S$2)	=IF(O6="","","G1 X"&TEXT(J6,"0.###")&" Y"&TEXT(K6,"0.###")&" Z"&TEXT(O6,"0.###"))					
40	20	C	=IF(C7="C",$S$3,IF(C7="S",1,0))	=E6+D7	=ROW()-5	=IF(OR(F7="",F7<=0,F7>LOOKUP(9.99999999999999E+307,$E$5:$E$120)),"",LOOKUP(F7-1,$E$5:$E$120,ROW($E$5:$E$120))+1)	=IF(G7="","",F7-INDEX($E:$E,G7-1))	=IF(G7="","",H7/INDEX($D:$D,G7))	=IF(G7="","",IF(INDEX($C:$C,G7)="C",0.5*(2*(INDEX($A:$A,G7-1))+(-(INDEX($A:$A,MAX(5,G7-2)))+(INDEX($A:$A,G7)))*I7+(2*(INDEX($A:$A,MAX(5,G7-2)))-5*(INDEX($A:$A,G7-1))+4*(INDEX($A:$A,G7))-(INDEX($A:$A,MIN(LOOKUP(2,1/((($A$5:$A$120<>"")+($B$5:$B$120<>""))>0),ROW($A$5:$A$120)),G7+1))))*I7^2+(-(INDEX($A:$A,MAX(5,G7-2)))+3*(INDEX($A:$A,G7-1))-3*(INDEX($A:$A,G7))+(INDEX($A:$A,MIN(LOOKUP(2,1/((($A$5:$A$120<>"")+($B$5:$B$120<>""))>0),ROW($A$5:$A$120)),G7+1))))*I7^3),INDEX($A:$A,G7-1)+(INDEX($A:$A,G7)-INDEX($A:$A,G7-1))*I7))	=IF(G7="","",IF(INDEX($C:$C,G7)="C",0.5*(2*(INDEX($B:$B,G7-1))+(-(INDEX($B:$B,MAX(5,G7-2)))+(INDEX($B:$B,G7)))*I7+(2*(INDEX($B:$B,MAX(5,G7-2)))-5*(INDEX($B:$B,G7-1))+4*(INDEX($B:$B,G7))-(INDEX($B:$B,MIN(LOOKUP(2,1/((($A$5:$A$120<>"")+($B$5:$B$120<>""))>0),ROW($A$5:$A$120)),G7+1))))*I7^2+(-(INDEX($B:$B,MAX(5,G7-2)))+3*(INDEX($B:$B,G7-1))-3*(INDEX($B:$B,G7))+(INDEX($B:$B,MIN(LOOKUP(2,1/((($A$5:$A$120<>"")+($B$5:$B$120<>""))>0),ROW($A$5:$A$120)),G7+1))))*I7^3),INDEX($B:$B,G7-1)+(INDEX($B:$B,G7)-INDEX($B:$B,G7-1))*I7))	=IF(J7="","",IF(AND(J6<>"",J8<>""),(J8-J6)/2,IF(J8<>"",J8-J7,IF(J6<>"",J7-J6,""))))	=IF(K7="","",IF(AND(K6<>"",K8<>""),(K8-K6)/2,IF(K8<>"",K8-K7,IF(K6<>"",K7-K6,""))))	=IF(L7="","",MOD(DEGREES(ATAN2(L7,M7)),360))	=IF(N7="","",N7+$S$2)	=IF(O7="","","G1 X"&TEXT(J7,"0.###")&" Y"&TEXT(K7,"0.###")&" Z"&TEXT(O7,"0.###"))					
60	20	S	=IF(C8="C",$S$3,IF(C8="S",1,0))	=E7+D8	=ROW()-5	=IF(OR(F8="",F8<=0,F8>LOOKUP(9.99999999999999E+307,$E$5:$E$120)),"",LOOKUP(F8-1,$E$5:$E$120,ROW($E$5:$E$120))+1)	=IF(G8="","",F8-INDEX($E:$E,G8-1))	=IF(G8="","",H8/INDEX($D:$D,G8))	=IF(G8="","",IF(INDEX($C:$C,G8)="C",0.5*(2*(INDEX($A:$A,G8-1))+(-(INDEX($A:$A,MAX(5,G8-2)))+(INDEX($A:$A,G8)))*I8+(2*(INDEX($A:$A,MAX(5,G8-2)))-5*(INDEX($A:$A,G8-1))+4*(INDEX($A:$A,G8))-(INDEX($A:$A,MIN(LOOKUP(2,1/((($A$5:$A$120<>"")+($B$5:$B$120<>""))>0),ROW($A$5:$A$120)),G8+1))))*I8^2+(-(INDEX($A:$A,MAX(5,G8-2)))+3*(INDEX($A:$A,G8-1))-3*(INDEX($A:$A,G8))+(INDEX($A:$A,MIN(LOOKUP(2,1/((($A$5:$A$120<>"")+($B$5:$B$120<>""))>0),ROW($A$5:$A$120)),G8+1))))*I8^3),INDEX($A:$A,G8-1)+(INDEX($A:$A,G8)-INDEX($A:$A,G8-1))*I8))	=IF(G8="","",IF(INDEX($C:$C,G8)="C",0.5*(2*(INDEX($B:$B,G8-1))+(-(INDEX($B:$B,MAX(5,G8-2)))+(INDEX($B:$B,G8)))*I8+(2*(INDEX($B:$B,MAX(5,G8-2)))-5*(INDEX($B:$B,G8-1))+4*(INDEX($B:$B,G8))-(INDEX($B:$B,MIN(LOOKUP(2,1/((($A$5:$A$120<>"")+($B$5:$B$120<>""))>0),ROW($A$5:$A$120)),G8+1))))*I8^2+(-(INDEX($B:$B,MAX(5,G8-2)))+3*(INDEX($B:$B,G8-1))-3*(INDEX($B:$B,G8))+(INDEX($B:$B,MIN(LOOKUP(2,1/((($A$5:$A$120<>"")+($B$5:$B$120<>""))>0),ROW($A$5:$A$120)),G8+1))))*I8^3),INDEX($B:$B,G8-1)+(INDEX($B:$B,G8)-INDEX($B:$B,G8-1))*I8))	=IF(J8="","",IF(AND(J7<>"",J9<>""),(J9-J7)/2,IF(J9<>"",J9-J8,IF(J7<>"",J8-J7,""))))	=IF(K8="","",IF(AND(K7<>"",K9<>""),(K9-K7)/2,IF(K9<>"",K9-K8,IF(K7<>"",K8-K7,""))))	=IF(L8="","",MOD(DEGREES(ATAN2(L8,M8)),360))	=IF(N8="","",N8+$S$2)	=IF(O8="","","G1 X"&TEXT(J8,"0.###")&" Y"&TEXT(K8,"0.###")&" Z"&TEXT(O8,"0.###"))					
			=IF(C9="C",$S$3,IF(C9="S",1,0))	=E8+D9	=ROW()-5	=IF(OR(F9="",F9<=0,F9>LOOKUP(9.99999999999999E+307,$E$5:$E$120)),"",LOOKUP(F9-1,$E$5:$E$120,ROW($E$5:$E$120))+1)	=IF(G9="","",F9-INDEX($E:$E,G9-1))	=IF(G9="","",H9/INDEX($D:$D,G9))	=IF(G9="","",IF(INDEX($C:$C,G9)="C",0.5*(2*(INDEX($A:$A,G9-1))+(-(INDEX($A:$A,MAX(5,G9-2)))+(INDEX($A:$A,G9)))*I9+(2*(INDEX($A:$A,MAX(5,G9-2)))-5*(INDEX($A:$A,G9-1))+4*(INDEX($A:$A,G9))-(INDEX($A:$A,MIN(LOOKUP(2,1/((($A$5:$A$120<>"")+($B$5:$B$120<>""))>0),ROW($A$5:$A$120)),G9+1))))*I9^2+(-(INDEX($A:$A,MAX(5,G9-2)))+3*(INDEX($A:$A,G9-1))-3*(INDEX($A:$A,G9))+(INDEX($A:$A,MIN(LOOKUP(2,1/((($A$5:$A$120<>"")+($B$5:$B$120<>""))>0),ROW($A$5:$A$120)),G9+1))))*I9^3),INDEX($A:$A,G9-1)+(INDEX($A:$A,G9)-INDEX($A:$A,G9-1))*I9))	=IF(G9="","",IF(INDEX($C:$C,G9)="C",0.5*(2*(INDEX($B:$B,G9-1))+(-(INDEX($B:$B,MAX(5,G9-2)))+(INDEX($B:$B,G9)))*I9+(2*(INDEX($B:$B,MAX(5,G9-2)))-5*(INDEX($B:$B,G9-1))+4*(INDEX($B:$B,G9))-(INDEX($B:$B,MIN(LOOKUP(2,1/((($A$5:$A$120<>"")+($B$5:$B$120<>""))>0),ROW($A$5:$A$120)),G9+1))))*I9^2+(-(INDEX($B:$B,MAX(5,G9-2)))+3*(INDEX($B:$B,G9-1))-3*(INDEX($B:$B,G9))+(INDEX($B:$B,MIN(LOOKUP(2,1/((($A$5:$A$120<>"")+($B$5:$B$120<>""))>0),ROW($A$5:$A$120)),G9+1))))*I9^3),INDEX($B:$B,G9-1)+(INDEX($B:$B,G9)-INDEX($B:$B,G9-1))*I9))	=IF(J9="","",IF(AND(J8<>"",J10<>""),(J10-J8)/2,IF(J10<>"",J10-J9,IF(J8<>"",J9-J8,""))))	=IF(K9="","",IF(AND(K8<>"",K10<>""),(K10-K8)/2,IF(K10<>"",K10-K9,IF(K8<>"",K9-K8,""))))	=IF(L9="","",MOD(DEGREES(ATAN2(L9,M9)),360))	=IF(N9="","",N9+$S$2)	=IF(O9="","","G1 X"&TEXT(J9,"0.###")&" Y"&TEXT(K9,"0.###")&" Z"&TEXT(O9,"0.###"))					
			=IF(C10="C",$S$3,IF(C10="S",1,0))	=E9+D10	=ROW()-5	=IF(OR(F10="",F10<=0,F10>LOOKUP(9.99999999999999E+307,$E$5:$E$120)),"",LOOKUP(F10-1,$E$5:$E$120,ROW($E$5:$E$120))+1)	=IF(G10="","",F10-INDEX($E:$E,G10-1))	=IF(G10="","",H10/INDEX($D:$D,G10))	=IF(G10="","",IF(INDEX($C:$C,G10)="C",0.5*(2*(INDEX($A:$A,G10-1))+(-(INDEX($A:$A,MAX(5,G10-2)))+(INDEX($A:$A,G10)))*I10+(2*(INDEX($A:$A,MAX(5,G10-2)))-5*(INDEX($A:$A,G10-1))+4*(INDEX($A:$A,G10))-(INDEX($A:$A,MIN(LOOKUP(2,1/((($A$5:$A$120<>"")+($B$5:$B$120<>""))>0),ROW($A$5:$A$120)),G10+1))))*I10^2+(-(INDEX($A:$A,MAX(5,G10-2)))+3*(INDEX($A:$A,G10-1))-3*(INDEX($A:$A,G10))+(INDEX($A:$A,MIN(LOOKUP(2,1/((($A$5:$A$120<>"")+($B$5:$B$120<>""))>0),ROW($A$5:$A$120)),G10+1))))*I10^3),INDEX($A:$A,G10-1)+(INDEX($A:$A,G10)-INDEX($A:$A,G10-1))*I10))	=IF(G10="","",IF(INDEX($C:$C,G10)="C",0.5*(2*(INDEX($B:$B,G10-1))+(-(INDEX($B:$B,MAX(5,G10-2)))+(INDEX($B:$B,G10)))*I10+(2*(INDEX($B:$B,MAX(5,G10-2)))-5*(INDEX($B:$B,G10-1))+4*(INDEX($B:$B,G10))-(INDEX($B:$B,MIN(LOOKUP(2,1/((($A$5:$A$120<>"")+($B$5:$B$120<>""))>0),ROW($A$5:$A$120)),G10+1))))*I10^2+(-(INDEX($B:$B,MAX(5,G10-2)))+3*(INDEX($B:$B,G10-1))-3*(INDEX($B:$B,G10))+(INDEX($B:$B,MIN(LOOKUP(2,1/((($A$5:$A$120<>"")+($B$5:$B$120<>""))>0),ROW($A$5:$A$120)),G10+1))))*I10^3),INDEX($B:$B,G10-1)+(INDEX($B:$B,G10)-INDEX($B:$B,G10-1))*I10))	=IF(J10="","",IF(AND(J9<>"",J11<>""),(J11-J9)/2,IF(J11<>"",J11-J10,IF(J9<>"",J10-J9,""))))	=IF(K10="","",IF(AND(K9<>"",K11<>""),(K11-K9)/2,IF(K11<>"",K11-K10,IF(K9<>"",K10-K9,""))))	=IF(L10="","",MOD(DEGREES(ATAN2(L10,M10)),360))	=IF(N10="","",N10+$S$2)	=IF(O10="","","G1 X"&TEXT(J10,"0.###")&" Y"&TEXT(K10,"0.###")&" Z"&TEXT(O10,"0.###"))					
			=IF(C11="C",$S$3,IF(C11="S",1,0))	=E10+D11	=ROW()-5	=IF(OR(F11="",F11<=0,F11>LOOKUP(9.99999999999999E+307,$E$5:$E$120)),"",LOOKUP(F11-1,$E$5:$E$120,ROW($E$5:$E$120))+1)	=IF(G11="","",F11-INDEX($E:$E,G11-1))	=IF(G11="","",H11/INDEX($D:$D,G11))	=IF(G11="","",IF(INDEX($C:$C,G11)="C",0.5*(2*(INDEX($A:$A,G11-1))+(-(INDEX($A:$A,MAX(5,G11-2)))+(INDEX($A:$A,G11)))*I11+(2*(INDEX($A:$A,MAX(5,G11-2)))-5*(INDEX($A:$A,G11-1))+4*(INDEX($A:$A,G11))-(INDEX($A:$A,MIN(LOOKUP(2,1/((($A$5:$A$120<>"")+($B$5:$B$120<>""))>0),ROW($A$5:$A$120)),G11+1))))*I11^2+(-(INDEX($A:$A,MAX(5,G11-2)))+3*(INDEX($A:$A,G11-1))-3*(INDEX($A:$A,G11))+(INDEX($A:$A,MIN(LOOKUP(2,1/((($A$5:$A$120<>"")+($B$5:$B$120<>""))>0),ROW($A$5:$A$120)),G11+1))))*I11^3),INDEX($A:$A,G11-1)+(INDEX($A:$A,G11)-INDEX($A:$A,G11-1))*I11))	=IF(G11="","",IF(INDEX($C:$C,G11)="C",0.5*(2*(INDEX($B:$B,G11-1))+(-(INDEX($B:$B,MAX(5,G11-2)))+(INDEX($B:$B,G11)))*I11+(2*(INDEX($B:$B,MAX(5,G11-2)))-5*(INDEX($B:$B,G11-1))+4*(INDEX($B:$B,G11))-(INDEX($B:$B,MIN(LOOKUP(2,1/((($A$5:$A$120<>"")+($B$5:$B$120<>""))>0),ROW($A$5:$A$120)),G11+1))))*I11^2+(-(INDEX($B:$B,MAX(5,G11-2)))+3*(INDEX($B:$B,G11-1))-3*(INDEX($B:$B,G11))+(INDEX($B:$B,MIN(LOOKUP(2,1/((($A$5:$A$120<>"")+($B$5:$B$120<>""))>0),ROW($A$5:$A$120)),G11+1))))*I11^3),INDEX($B:$B,G11-1)+(INDEX($B:$B,G11)-INDEX($B:$B,G11-1))*I11))	=IF(J11="","",IF(AND(J10<>"",J12<>""),(J12-J10)/2,IF(J12<>"",J12-J11,IF(J10<>"",J11-J10,""))))	=IF(K11="","",IF(AND(K10<>"",K12<>""),(K12-K10)/2,IF(K12<>"",K12-K11,IF(K10<>"",K11-K10,""))))	=IF(L11="","",MOD(DEGREES(ATAN2(L11,M11)),360))	=IF(N11="","",N11+$S$2)	=IF(O11="","","G1 X"&TEXT(J11,"0.###")&" Y"&TEXT(K11,"0.###")&" Z"&TEXT(O11,"0.###"))					
			=IF(C12="C",$S$3,IF(C12="S",1,0))	=E11+D12	=ROW()-5	=IF(OR(F12="",F12<=0,F12>LOOKUP(9.99999999999999E+307,$E$5:$E$120)),"",LOOKUP(F12-1,$E$5:$E$120,ROW($E$5:$E$120))+1)	=IF(G12="","",F12-INDEX($E:$E,G12-1))	=IF(G12="","",H12/INDEX($D:$D,G12))	=IF(G12="","",IF(INDEX($C:$C,G12)="C",0.5*(2*(INDEX($A:$A,G12-1))+(-(INDEX($A:$A,MAX(5,G12-2)))+(INDEX($A:$A,G12)))*I12+(2*(INDEX($A:$A,MAX(5,G12-2)))-5*(INDEX($A:$A,G12-1))+4*(INDEX($A:$A,G12))-(INDEX($A:$A,MIN(LOOKUP(2,1/((($A$5:$A$120<>"")+($B$5:$B$120<>""))>0),ROW($A$5:$A$120)),G12+1))))*I12^2+(-(INDEX($A:$A,MAX(5,G12-2)))+3*(INDEX($A:$A,G12-1))-3*(INDEX($A:$A,G12))+(INDEX($A:$A,MIN(LOOKUP(2,1/((($A$5:$A$120<>"")+($B$5:$B$120<>""))>0),ROW($A$5:$A$120)),G12+1))))*I12^3),INDEX($A:$A,G12-1)+(INDEX($A:$A,G12)-INDEX($A:$A,G12-1))*I12))	=IF(G12="","",IF(INDEX($C:$C,G12)="C",0.5*(2*(INDEX($B:$B,G12-1))+(-(INDEX($B:$B,MAX(5,G12-2)))+(INDEX($B:$B,G12)))*I12+(2*(INDEX($B:$B,MAX(5,G12-2)))-5*(INDEX($B:$B,G12-1))+4*(INDEX($B:$B,G12))-(INDEX($B:$B,MIN(LOOKUP(2,1/((($A$5:$A$120<>"")+($B$5:$B$120<>""))>0),ROW($A$5:$A$120)),G12+1))))*I12^2+(-(INDEX($B:$B,MAX(5,G12-2)))+3*(INDEX($B:$B,G12-1))-3*(INDEX($B:$B,G12))+(INDEX($B:$B,MIN(LOOKUP(2,1/((($A$5:$A$120<>"")+($B$5:$B$120<>""))>0),ROW($A$5:$A$120)),G12+1))))*I12^3),INDEX($B:$B,G12-1)+(INDEX($B:$B,G12)-INDEX($B:$B,G12-1))*I12))	=IF(J12="","",IF(AND(J11<>"",J13<>""),(J13-J11)/2,IF(J13<>"",J13-J12,IF(J11<>"",J12-J11,""))))	=IF(K12="","",IF(AND(K11<>"",K13<>""),(K13-K11)/2,IF(K13<>"",K13-K12,IF(K11<>"",K12-K11,""))))	=IF(L12="","",MOD(DEGREES(ATAN2(L12,M12)),360))	=IF(N12="","",N12+$S$2)	=IF(O12="","","G1 X"&TEXT(J12,"0.###")&" Y"&TEXT(K12,"0.###")&" Z"&TEXT(O12,"0.###"))					
			=IF(C13="C",$S$3,IF(C13="S",1,0))	=E12+D13	=ROW()-5	=IF(OR(F13="",F13<=0,F13>LOOKUP(9.99999999999999E+307,$E$5:$E$120)),"",LOOKUP(F13-1,$E$5:$E$120,ROW($E$5:$E$120))+1)	=IF(G13="","",F13-INDEX($E:$E,G13-1))	=IF(G13="","",H13/INDEX($D:$D,G13))	=IF(G13="","",IF(INDEX($C:$C,G13)="C",0.5*(2*(INDEX($A:$A,G13-1))+(-(INDEX($A:$A,MAX(5,G13-2)))+(INDEX($A:$A,G13)))*I13+(2*(INDEX($A:$A,MAX(5,G13-2)))-5*(INDEX($A:$A,G13-1))+4*(INDEX($A:$A,G13))-(INDEX($A:$A,MIN(LOOKUP(2,1/((($A$5:$A$120<>"")+($B$5:$B$120<>""))>0),ROW($A$5:$A$120)),G13+1))))*I13^2+(-(INDEX($A:$A,MAX(5,G13-2)))+3*(INDEX($A:$A,G13-1))-3*(INDEX($A:$A,G13))+(INDEX($A:$A,MIN(LOOKUP(2,1/((($A$5:$A$120<>"")+($B$5:$B$120<>""))>0),ROW($A$5:$A$120)),G13+1))))*I13^3),INDEX($A:$A,G13-1)+(INDEX($A:$A,G13)-INDEX($A:$A,G13-1))*I13))	=IF(G13="","",IF(INDEX($C:$C,G13)="C",0.5*(2*(INDEX($B:$B,G13-1))+(-(INDEX($B:$B,MAX(5,G13-2)))+(INDEX($B:$B,G13)))*I13+(2*(INDEX($B:$B,MAX(5,G13-2)))-5*(INDEX($B:$B,G13-1))+4*(INDEX($B:$B,G13))-(INDEX($B:$B,MIN(LOOKUP(2,1/((($A$5:$A$120<>"")+($B$5:$B$120<>""))>0),ROW($A$5:$A$120)),G13+1))))*I13^2+(-(INDEX($B:$B,MAX(5,G13-2)))+3*(INDEX($B:$B,G13-1))-3*(INDEX($B:$B,G13))+(INDEX($B:$B,MIN(LOOKUP(2,1/((($A$5:$A$120<>"")+($B$5:$B$120<>""))>0),ROW($A$5:$A$120)),G13+1))))*I13^3),INDEX($B:$B,G13-1)+(INDEX($B:$B,G13)-INDEX($B:$B,G13-1))*I13))	=IF(J13="","",IF(AND(J12<>"",J14<>""),(J14-J12)/2,IF(J14<>"",J14-J13,IF(J12<>"",J13-J12,""))))	=IF(K13="","",IF(AND(K12<>"",K14<>""),(K14-K12)/2,IF(K14<>"",K14-K13,IF(K12<>"",K13-K12,""))))	=IF(L13="","",MOD(DEGREES(ATAN2(L13,M13)),360))	=IF(N13="","",N13+$S$2)	=IF(O13="","","G1 X"&TEXT(J13,"0.###")&" Y"&TEXT(K13,"0.###")&" Z"&TEXT(O13,"0.###"))					
			=IF(C14="C",$S$3,IF(C14="S",1,0))	=E13+D14	=ROW()-5	=IF(OR(F14="",F14<=0,F14>LOOKUP(9.99999999999999E+307,$E$5:$E$120)),"",LOOKUP(F14-1,$E$5:$E$120,ROW($E$5:$E$120))+1)	=IF(G14="","",F14-INDEX($E:$E,G14-1))	=IF(G14="","",H14/INDEX($D:$D,G14))	=IF(G14="","",IF(INDEX($C:$C,G14)="C",0.5*(2*(INDEX($A:$A,G14-1))+(-(INDEX($A:$A,MAX(5,G14-2)))+(INDEX($A:$A,G14)))*I14+(2*(INDEX($A:$A,MAX(5,G14-2)))-5*(INDEX($A:$A,G14-1))+4*(INDEX($A:$A,G14))-(INDEX($A:$A,MIN(LOOKUP(2,1/((($A$5:$A$120<>"")+($B$5:$B$120<>""))>0),ROW($A$5:$A$120)),G14+1))))*I14^2+(-(INDEX($A:$A,MAX(5,G14-2)))+3*(INDEX($A:$A,G14-1))-3*(INDEX($A:$A,G14))+(INDEX($A:$A,MIN(LOOKUP(2,1/((($A$5:$A$120<>"")+($B$5:$B$120<>""))>0),ROW($A$5:$A$120)),G14+1))))*I14^3),INDEX($A:$A,G14-1)+(INDEX($A:$A,G14)-INDEX($A:$A,G14-1))*I14))	=IF(G14="","",IF(INDEX($C:$C,G14)="C",0.5*(2*(INDEX($B:$B,G14-1))+(-(INDEX($B:$B,MAX(5,G14-2)))+(INDEX($B:$B,G14)))*I14+(2*(INDEX($B:$B,MAX(5,G14-2)))-5*(INDEX($B:$B,G14-1))+4*(INDEX($B:$B,G14))-(INDEX($B:$B,MIN(LOOKUP(2,1/((($A$5:$A$120<>"")+($B$5:$B$120<>""))>0),ROW($A$5:$A$120)),G14+1))))*I14^2+(-(INDEX($B:$B,MAX(5,G14-2)))+3*(INDEX($B:$B,G14-1))-3*(INDEX($B:$B,G14))+(INDEX($B:$B,MIN(LOOKUP(2,1/((($A$5:$A$120<>"")+($B$5:$B$120<>""))>0),ROW($A$5:$A$120)),G14+1))))*I14^3),INDEX($B:$B,G14-1)+(INDEX($B:$B,G14)-INDEX($B:$B,G14-1))*I14))	=IF(J14="","",IF(AND(J13<>"",J15<>""),(J15-J13)/2,IF(J15<>"",J15-J14,IF(J13<>"",J14-J13,""))))	=IF(K14="","",IF(AND(K13<>"",K15<>""),(K15-K13)/2,IF(K15<>"",K15-K14,IF(K13<>"",K14-K13,""))))	=IF(L14="","",MOD(DEGREES(ATAN2(L14,M14)),360))	=IF(N14="","",N14+$S$2)	=IF(O14="","","G1 X"&TEXT(J14,"0.###")&" Y"&TEXT(K14,"0.###")&" Z"&TEXT(O14,"0.###"))					
			=IF(C15="C",$S$3,IF(C15="S",1,0))	=E14+D15	=ROW()-5	=IF(OR(F15="",F15<=0,F15>LOOKUP(9.99999999999999E+307,$E$5:$E$120)),"",LOOKUP(F15-1,$E$5:$E$120,ROW($E$5:$E$120))+1)	=IF(G15="","",F15-INDEX($E:$E,G15-1))	=IF(G15="","",H15/INDEX($D:$D,G15))	=IF(G15="","",IF(INDEX($C:$C,G15)="C",0.5*(2*(INDEX($A:$A,G15-1))+(-(INDEX($A:$A,MAX(5,G15-2)))+(INDEX($A:$A,G15)))*I15+(2*(INDEX($A:$A,MAX(5,G15-2)))-5*(INDEX($A:$A,G15-1))+4*(INDEX($A:$A,G15))-(INDEX($A:$A,MIN(LOOKUP(2,1/((($A$5:$A$120<>"")+($B$5:$B$120<>""))>0),ROW($A$5:$A$120)),G15+1))))*I15^2+(-(INDEX($A:$A,MAX(5,G15-2)))+3*(INDEX($A:$A,G15-1))-3*(INDEX($A:$A,G15))+(INDEX($A:$A,MIN(LOOKUP(2,1/((($A$5:$A$120<>"")+($B$5:$B$120<>""))>0),ROW($A$5:$A$120)),G15+1))))*I15^3),INDEX($A:$A,G15-1)+(INDEX($A:$A,G15)-INDEX($A:$A,G15-1))*I15))	=IF(G15="","",IF(INDEX($C:$C,G15)="C",0.5*(2*(INDEX($B:$B,G15-1))+(-(INDEX($B:$B,MAX(5,G15-2)))+(INDEX($B:$B,G15)))*I15+(2*(INDEX($B:$B,MAX(5,G15-2)))-5*(INDEX($B:$B,G15-1))+4*(INDEX($B:$B,G15))-(INDEX($B:$B,MIN(LOOKUP(2,1/((($A$5:$A$120<>"")+($B$5:$B$120<>""))>0),ROW($A$5:$A$120)),G15+1))))*I15^2+(-(INDEX($B:$B,MAX(5,G15-2)))+3*(INDEX($B:$B,G15-1))-3*(INDEX($B:$B,G15))+(INDEX($B:$B,MIN(LOOKUP(2,1/((($A$5:$A$120<>"")+($B$5:$B$120<>""))>0),ROW($A$5:$A$120)),G15+1))))*I15^3),INDEX($B:$B,G15-1)+(INDEX($B:$B,G15)-INDEX($B:$B,G15-1))*I15))	=IF(J15="","",IF(AND(J14<>"",J16<>""),(J16-J14)/2,IF(J16<>"",J16-J15,IF(J14<>"",J15-J14,""))))	=IF(K15="","",IF(AND(K14<>"",K16<>""),(K16-K14)/2,IF(K16<>"",K16-K15,IF(K14<>"",K15-K14,""))))	=IF(L15="","",MOD(DEGREES(ATAN2(L15,M15)),360))	=IF(N15="","",N15+$S$2)	=IF(O15="","","G1 X"&TEXT(J15,"0.###")&" Y"&TEXT(K15,"0.###")&" Z"&TEXT(O15,"0.###"))					
			=IF(C16="C",$S$3,IF(C16="S",1,0))	=E15+D16	=ROW()-5	=IF(OR(F16="",F16<=0,F16>LOOKUP(9.99999999999999E+307,$E$5:$E$120)),"",LOOKUP(F16-1,$E$5:$E$120,ROW($E$5:$E$120))+1)	=IF(G16="","",F16-INDEX($E:$E,G16-1))	=IF(G16="","",H16/INDEX($D:$D,G16))	=IF(G16="","",IF(INDEX($C:$C,G16)="C",0.5*(2*(INDEX($A:$A,G16-1))+(-(INDEX($A:$A,MAX(5,G16-2)))+(INDEX($A:$A,G16)))*I16+(2*(INDEX($A:$A,MAX(5,G16-2)))-5*(INDEX($A:$A,G16-1))+4*(INDEX($A:$A,G16))-(INDEX($A:$A,MIN(LOOKUP(2,1/((($A$5:$A$120<>"")+($B$5:$B$120<>""))>0),ROW($A$5:$A$120)),G16+1))))*I16^2+(-(INDEX($A:$A,MAX(5,G16-2)))+3*(INDEX($A:$A,G16-1))-3*(INDEX($A:$A,G16))+(INDEX($A:$A,MIN(LOOKUP(2,1/((($A$5:$A$120<>"")+($B$5:$B$120<>""))>0),ROW($A$5:$A$120)),G16+1))))*I16^3),INDEX($A:$A,G16-1)+(INDEX($A:$A,G16)-INDEX($A:$A,G16-1))*I16))	=IF(G16="","",IF(INDEX($C:$C,G16)="C",0.5*(2*(INDEX($B:$B,G16-1))+(-(INDEX($B:$B,MAX(5,G16-2)))+(INDEX($B:$B,G16)))*I16+(2*(INDEX($B:$B,MAX(5,G16-2)))-5*(INDEX($B:$B,G16-1))+4*(INDEX($B:$B,G16))-(INDEX($B:$B,MIN(LOOKUP(2,1/((($A$5:$A$120<>"")+($B$5:$B$120<>""))>0),ROW($A$5:$A$120)),G16+1))))*I16^2+(-(INDEX($B:$B,MAX(5,G16-2)))+3*(INDEX($B:$B,G16-1))-3*(INDEX($B:$B,G16))+(INDEX($B:$B,MIN(LOOKUP(2,1/((($A$5:$A$120<>"")+($B$5:$B$120<>""))>0),ROW($A$5:$A$120)),G16+1))))*I16^3),INDEX($B:$B,G16-1)+(INDEX($B:$B,G16)-INDEX($B:$B,G16-1))*I16))	=IF(J16="","",IF(AND(J15<>"",J17<>""),(J17-J15)/2,IF(J17<>"",J17-J16,IF(J15<>"",J16-J15,""))))	=IF(K16="","",IF(AND(K15<>"",K17<>""),(K17-K15)/2,IF(K17<>"",K17-K16,IF(K15<>"",K16-K15,""))))	=IF(L16="","",MOD(DEGREES(ATAN2(L16,M16)),360))	=IF(N16="","",N16+$S$2)	=IF(O16="","","G1 X"&TEXT(J16,"0.###")&" Y"&TEXT(K16,"0.###")&" Z"&TEXT(O16,"0.###"))					
			=IF(C17="C",$S$3,IF(C17="S",1,0))	=E16+D17	=ROW()-5	=IF(OR(F17="",F17<=0,F17>LOOKUP(9.99999999999999E+307,$E$5:$E$120)),"",LOOKUP(F17-1,$E$5:$E$120,ROW($E$5:$E$120))+1)	=IF(G17="","",F17-INDEX($E:$E,G17-1))	=IF(G17="","",H17/INDEX($D:$D,G17))	=IF(G17="","",IF(INDEX($C:$C,G17)="C",0.5*(2*(INDEX($A:$A,G17-1))+(-(INDEX($A:$A,MAX(5,G17-2)))+(INDEX($A:$A,G17)))*I17+(2*(INDEX($A:$A,MAX(5,G17-2)))-5*(INDEX($A:$A,G17-1))+4*(INDEX($A:$A,G17))-(INDEX($A:$A,MIN(LOOKUP(2,1/((($A$5:$A$120<>"")+($B$5:$B$120<>""))>0),ROW($A$5:$A$120)),G17+1))))*I17^2+(-(INDEX($A:$A,MAX(5,G17-2)))+3*(INDEX($A:$A,G17-1))-3*(INDEX($A:$A,G17))+(INDEX($A:$A,MIN(LOOKUP(2,1/((($A$5:$A$120<>"")+($B$5:$B$120<>""))>0),ROW($A$5:$A$120)),G17+1))))*I17^3),INDEX($A:$A,G17-1)+(INDEX($A:$A,G17)-INDEX($A:$A,G17-1))*I17))	=IF(G17="","",IF(INDEX($C:$C,G17)="C",0.5*(2*(INDEX($B:$B,G17-1))+(-(INDEX($B:$B,MAX(5,G17-2)))+(INDEX($B:$B,G17)))*I17+(2*(INDEX($B:$B,MAX(5,G17-2)))-5*(INDEX($B:$B,G17-1))+4*(INDEX($B:$B,G17))-(INDEX($B:$B,MIN(LOOKUP(2,1/((($A$5:$A$120<>"")+($B$5:$B$120<>""))>0),ROW($A$5:$A$120)),G17+1))))*I17^2+(-(INDEX($B:$B,MAX(5,G17-2)))+3*(INDEX($B:$B,G17-1))-3*(INDEX($B:$B,G17))+(INDEX($B:$B,MIN(LOOKUP(2,1/((($A$5:$A$120<>"")+($B$5:$B$120<>""))>0),ROW($A$5:$A$120)),G17+1))))*I17^3),INDEX($B:$B,G17-1)+(INDEX($B:$B,G17)-INDEX($B:$B,G17-1))*I17))	=IF(J17="","",IF(AND(J16<>"",J18<>""),(J18-J16)/2,IF(J18<>"",J18-J17,IF(J16<>"",J17-J16,""))))	=IF(K17="","",IF(AND(K16<>"",K18<>""),(K18-K16)/2,IF(K18<>"",K18-K17,IF(K16<>"",K17-K16,""))))	=IF(L17="","",MOD(DEGREES(ATAN2(L17,M17)),360))	=IF(N17="","",N17+$S$2)	=IF(O17="","","G1 X"&TEXT(J17,"0.###")&" Y"&TEXT(K17,"0.###")&" Z"&TEXT(O17,"0.###"))					
			=IF(C18="C",$S$3,IF(C18="S",1,0))	=E17+D18	=ROW()-5	=IF(OR(F18="",F18<=0,F18>LOOKUP(9.99999999999999E+307,$E$5:$E$120)),"",LOOKUP(F18-1,$E$5:$E$120,ROW($E$5:$E$120))+1)	=IF(G18="","",F18-INDEX($E:$E,G18-1))	=IF(G18="","",H18/INDEX($D:$D,G18))	=IF(G18="","",IF(INDEX($C:$C,G18)="C",0.5*(2*(INDEX($A:$A,G18-1))+(-(INDEX($A:$A,MAX(5,G18-2)))+(INDEX($A:$A,G18)))*I18+(2*(INDEX($A:$A,MAX(5,G18-2)))-5*(INDEX($A:$A,G18-1))+4*(INDEX($A:$A,G18))-(INDEX($A:$A,MIN(LOOKUP(2,1/((($A$5:$A$120<>"")+($B$5:$B$120<>""))>0),ROW($A$5:$A$120)),G18+1))))*I18^2+(-(INDEX($A:$A,MAX(5,G18-2)))+3*(INDEX($A:$A,G18-1))-3*(INDEX($A:$A,G18))+(INDEX($A:$A,MIN(LOOKUP(2,1/((($A$5:$A$120<>"")+($B$5:$B$120<>""))>0),ROW($A$5:$A$120)),G18+1))))*I18^3),INDEX($A:$A,G18-1)+(INDEX($A:$A,G18)-INDEX($A:$A,G18-1))*I18))	=IF(G18="","",IF(INDEX($C:$C,G18)="C",0.5*(2*(INDEX($B:$B,G18-1))+(-(INDEX($B:$B,MAX(5,G18-2)))+(INDEX($B:$B,G18)))*I18+(2*(INDEX($B:$B,MAX(5,G18-2)))-5*(INDEX($B:$B,G18-1))+4*(INDEX($B:$B,G18))-(INDEX($B:$B,MIN(LOOKUP(2,1/((($A$5:$A$120<>"")+($B$5:$B$120<>""))>0),ROW($A$5:$A$120)),G18+1))))*I18^2+(-(INDEX($B:$B,MAX(5,G18-2)))+3*(INDEX($B:$B,G18-1))-3*(INDEX($B:$B,G18))+(INDEX($B:$B,MIN(LOOKUP(2,1/((($A$5:$A$120<>"")+($B$5:$B$120<>""))>0),ROW($A$5:$A$120)),G18+1))))*I18^3),INDEX($B:$B,G18-1)+(INDEX($B:$B,G18)-INDEX($B:$B,G18-1))*I18))	=IF(J18="","",IF(AND(J17<>"",J19<>""),(J19-J17)/2,IF(J19<>"",J19-J18,IF(J17<>"",J18-J17,""))))	=IF(K18="","",IF(AND(K17<>"",K19<>""),(K19-K17)/2,IF(K19<>"",K19-K18,IF(K17<>"",K18-K17,""))))	=IF(L18="","",MOD(DEGREES(ATAN2(L18,M18)),360))	=IF(N18="","",N18+$S$2)	=IF(O18="","","G1 X"&TEXT(J18,"0.###")&" Y"&TEXT(K18,"0.###")&" Z"&TEXT(O18,"0.###"))					
			=IF(C19="C",$S$3,IF(C19="S",1,0))	=E18+D19	=ROW()-5	=IF(OR(F19="",F19<=0,F19>LOOKUP(9.99999999999999E+307,$E$5:$E$120)),"",LOOKUP(F19-1,$E$5:$E$120,ROW($E$5:$E$120))+1)	=IF(G19="","",F19-INDEX($E:$E,G19-1))	=IF(G19="","",H19/INDEX($D:$D,G19))	=IF(G19="","",IF(INDEX($C:$C,G19)="C",0.5*(2*(INDEX($A:$A,G19-1))+(-(INDEX($A:$A,MAX(5,G19-2)))+(INDEX($A:$A,G19)))*I19+(2*(INDEX($A:$A,MAX(5,G19-2)))-5*(INDEX($A:$A,G19-1))+4*(INDEX($A:$A,G19))-(INDEX($A:$A,MIN(LOOKUP(2,1/((($A$5:$A$120<>"")+($B$5:$B$120<>""))>0),ROW($A$5:$A$120)),G19+1))))*I19^2+(-(INDEX($A:$A,MAX(5,G19-2)))+3*(INDEX($A:$A,G19-1))-3*(INDEX($A:$A,G19))+(INDEX($A:$A,MIN(LOOKUP(2,1/((($A$5:$A$120<>"")+($B$5:$B$120<>""))>0),ROW($A$5:$A$120)),G19+1))))*I19^3),INDEX($A:$A,G19-1)+(INDEX($A:$A,G19)-INDEX($A:$A,G19-1))*I19))	=IF(G19="","",IF(INDEX($C:$C,G19)="C",0.5*(2*(INDEX($B:$B,G19-1))+(-(INDEX($B:$B,MAX(5,G19-2)))+(INDEX($B:$B,G19)))*I19+(2*(INDEX($B:$B,MAX(5,G19-2)))-5*(INDEX($B:$B,G19-1))+4*(INDEX($B:$B,G19))-(INDEX($B:$B,MIN(LOOKUP(2,1/((($A$5:$A$120<>"")+($B$5:$B$120<>""))>0),ROW($A$5:$A$120)),G19+1))))*I19^2+(-(INDEX($B:$B,MAX(5,G19-2)))+3*(INDEX($B:$B,G19-1))-3*(INDEX($B:$B,G19))+(INDEX($B:$B,MIN(LOOKUP(2,1/((($A$5:$A$120<>"")+($B$5:$B$120<>""))>0),ROW($A$5:$A$120)),G19+1))))*I19^3),INDEX($B:$B,G19-1)+(INDEX($B:$B,G19)-INDEX($B:$B,G19-1))*I19))	=IF(J19="","",IF(AND(J18<>"",J20<>""),(J20-J18)/2,IF(J20<>"",J20-J19,IF(J18<>"",J19-J18,""))))	=IF(K19="","",IF(AND(K18<>"",K20<>""),(K20-K18)/2,IF(K20<>"",K20-K19,IF(K18<>"",K19-K18,""))))	=IF(L19="","",MOD(DEGREES(ATAN2(L19,M19)),360))	=IF(N19="","",N19+$S$2)	=IF(O19="","","G1 X"&TEXT(J19,"0.###")&" Y"&TEXT(K19,"0.###")&" Z"&TEXT(O19,"0.###"))					
			=IF(C20="C",$S$3,IF(C20="S",1,0))	=E19+D20	=ROW()-5	=IF(OR(F20="",F20<=0,F20>LOOKUP(9.99999999999999E+307,$E$5:$E$120)),"",LOOKUP(F20-1,$E$5:$E$120,ROW($E$5:$E$120))+1)	=IF(G20="","",F20-INDEX($E:$E,G20-1))	=IF(G20="","",H20/INDEX($D:$D,G20))	=IF(G20="","",IF(INDEX($C:$C,G20)="C",0.5*(2*(INDEX($A:$A,G20-1))+(-(INDEX($A:$A,MAX(5,G20-2)))+(INDEX($A:$A,G20)))*I20+(2*(INDEX($A:$A,MAX(5,G20-2)))-5*(INDEX($A:$A,G20-1))+4*(INDEX($A:$A,G20))-(INDEX($A:$A,MIN(LOOKUP(2,1/((($A$5:$A$120<>"")+($B$5:$B$120<>""))>0),ROW($A$5:$A$120)),G20+1))))*I20^2+(-(INDEX($A:$A,MAX(5,G20-2)))+3*(INDEX($A:$A,G20-1))-3*(INDEX($A:$A,G20))+(INDEX($A:$A,MIN(LOOKUP(2,1/((($A$5:$A$120<>"")+($B$5:$B$120<>""))>0),ROW($A$5:$A$120)),G20+1))))*I20^3),INDEX($A:$A,G20-1)+(INDEX($A:$A,G20)-INDEX($A:$A,G20-1))*I20))	=IF(G20="","",IF(INDEX($C:$C,G20)="C",0.5*(2*(INDEX($B:$B,G20-1))+(-(INDEX($B:$B,MAX(5,G20-2)))+(INDEX($B:$B,G20)))*I20+(2*(INDEX($B:$B,MAX(5,G20-2)))-5*(INDEX($B:$B,G20-1))+4*(INDEX($B:$B,G20))-(INDEX($B:$B,MIN(LOOKUP(2,1/((($A$5:$A$120<>"")+($B$5:$B$120<>""))>0),ROW($A$5:$A$120)),G20+1))))*I20^2+(-(INDEX($B:$B,MAX(5,G20-2)))+3*(INDEX($B:$B,G20-1))-3*(INDEX($B:$B,G20))+(INDEX($B:$B,MIN(LOOKUP(2,1/((($A$5:$A$120<>"")+($B$5:$B$120<>""))>0),ROW($A$5:$A$120)),G20+1))))*I20^3),INDEX($B:$B,G20-1)+(INDEX($B:$B,G20)-INDEX($B:$B,G20-1))*I20))	=IF(J20="","",IF(AND(J19<>"",J21<>""),(J21-J19)/2,IF(J21<>"",J21-J20,IF(J19<>"",J20-J19,""))))	=IF(K20="","",IF(AND(K19<>"",K21<>""),(K21-K19)/2,IF(K21<>"",K21-K20,IF(K19<>"",K20-K19,""))))	=IF(L20="","",MOD(DEGREES(ATAN2(L20,M20)),360))	=IF(N20="","",N20+$S$2)	=IF(O20="","","G1 X"&TEXT(J20,"0.###")&" Y"&TEXT(K20,"0.###")&" Z"&TEXT(O20,"0.###"))					
			=IF(C21="C",$S$3,IF(C21="S",1,0))	=E20+D21	=ROW()-5	=IF(OR(F21="",F21<=0,F21>LOOKUP(9.99999999999999E+307,$E$5:$E$120)),"",LOOKUP(F21-1,$E$5:$E$120,ROW($E$5:$E$120))+1)	=IF(G21="","",F21-INDEX($E:$E,G21-1))	=IF(G21="","",H21/INDEX($D:$D,G21))	=IF(G21="","",IF(INDEX($C:$C,G21)="C",0.5*(2*(INDEX($A:$A,G21-1))+(-(INDEX($A:$A,MAX(5,G21-2)))+(INDEX($A:$A,G21)))*I21+(2*(INDEX($A:$A,MAX(5,G21-2)))-5*(INDEX($A:$A,G21-1))+4*(INDEX($A:$A,G21))-(INDEX($A:$A,MIN(LOOKUP(2,1/((($A$5:$A$120<>"")+($B$5:$B$120<>""))>0),ROW($A$5:$A$120)),G21+1))))*I21^2+(-(INDEX($A:$A,MAX(5,G21-2)))+3*(INDEX($A:$A,G21-1))-3*(INDEX($A:$A,G21))+(INDEX($A:$A,MIN(LOOKUP(2,1/((($A$5:$A$120<>"")+($B$5:$B$120<>""))>0),ROW($A$5:$A$120)),G21+1))))*I21^3),INDEX($A:$A,G21-1)+(INDEX($A:$A,G21)-INDEX($A:$A,G21-1))*I21))	=IF(G21="","",IF(INDEX($C:$C,G21)="C",0.5*(2*(INDEX($B:$B,G21-1))+(-(INDEX($B:$B,MAX(5,G21-2)))+(INDEX($B:$B,G21)))*I21+(2*(INDEX($B:$B,MAX(5,G21-2)))-5*(INDEX($B:$B,G21-1))+4*(INDEX($B:$B,G21))-(INDEX($B:$B,MIN(LOOKUP(2,1/((($A$5:$A$120<>"")+($B$5:$B$120<>""))>0),ROW($A$5:$A$120)),G21+1))))*I21^2+(-(INDEX($B:$B,MAX(5,G21-2)))+3*(INDEX($B:$B,G21-1))-3*(INDEX($B:$B,G21))+(INDEX($B:$B,MIN(LOOKUP(2,1/((($A$5:$A$120<>"")+($B$5:$B$120<>""))>0),ROW($A$5:$A$120)),G21+1))))*I21^3),INDEX($B:$B,G21-1)+(INDEX($B:$B,G21)-INDEX($B:$B,G21-1))*I21))	=IF(J21="","",IF(AND(J20<>"",J22<>""),(J22-J20)/2,IF(J22<>"",J22-J21,IF(J20<>"",J21-J20,""))))	=IF(K21="","",IF(AND(K20<>"",K22<>""),(K22-K20)/2,IF(K22<>"",K22-K21,IF(K20<>"",K21-K20,""))))	=IF(L21="","",MOD(DEGREES(ATAN2(L21,M21)),360))	=IF(N21="","",N21+$S$2)	=IF(O21="","","G1 X"&TEXT(J21,"0.###")&" Y"&TEXT(K21,"0.###")&" Z"&TEXT(O21,"0.###"))					
			=IF(C22="C",$S$3,IF(C22="S",1,0))	=E21+D22	=ROW()-5	=IF(OR(F22="",F22<=0,F22>LOOKUP(9.99999999999999E+307,$E$5:$E$120)),"",LOOKUP(F22-1,$E$5:$E$120,ROW($E$5:$E$120))+1)	=IF(G22="","",F22-INDEX($E:$E,G22-1))	=IF(G22="","",H22/INDEX($D:$D,G22))	=IF(G22="","",IF(INDEX($C:$C,G22)="C",0.5*(2*(INDEX($A:$A,G22-1))+(-(INDEX($A:$A,MAX(5,G22-2)))+(INDEX($A:$A,G22)))*I22+(2*(INDEX($A:$A,MAX(5,G22-2)))-5*(INDEX($A:$A,G22-1))+4*(INDEX($A:$A,G22))-(INDEX($A:$A,MIN(LOOKUP(2,1/((($A$5:$A$120<>"")+($B$5:$B$120<>""))>0),ROW($A$5:$A$120)),G22+1))))*I22^2+(-(INDEX($A:$A,MAX(5,G22-2)))+3*(INDEX($A:$A,G22-1))-3*(INDEX($A:$A,G22))+(INDEX($A:$A,MIN(LOOKUP(2,1/((($A$5:$A$120<>"")+($B$5:$B$120<>""))>0),ROW($A$5:$A$120)),G22+1))))*I22^3),INDEX($A:$A,G22-1)+(INDEX($A:$A,G22)-INDEX($A:$A,G22-1))*I22))	=IF(G22="","",IF(INDEX($C:$C,G22)="C",0.5*(2*(INDEX($B:$B,G22-1))+(-(INDEX($B:$B,MAX(5,G22-2)))+(INDEX($B:$B,G22)))*I22+(2*(INDEX($B:$B,MAX(5,G22-2)))-5*(INDEX($B:$B,G22-1))+4*(INDEX($B:$B,G22))-(INDEX($B:$B,MIN(LOOKUP(2,1/((($A$5:$A$120<>"")+($B$5:$B$120<>""))>0),ROW($A$5:$A$120)),G22+1))))*I22^2+(-(INDEX($B:$B,MAX(5,G22-2)))+3*(INDEX($B:$B,G22-1))-3*(INDEX($B:$B,G22))+(INDEX($B:$B,MIN(LOOKUP(2,1/((($A$5:$A$120<>"")+($B$5:$B$120<>""))>0),ROW($A$5:$A$120)),G22+1))))*I22^3),INDEX($B:$B,G22-1)+(INDEX($B:$B,G22)-INDEX($B:$B,G22-1))*I22))	=IF(J22="","",IF(AND(J21<>"",J23<>""),(J23-J21)/2,IF(J23<>"",J23-J22,IF(J21<>"",J22-J21,""))))	=IF(K22="","",IF(AND(K21<>"",K23<>""),(K23-K21)/2,IF(K23<>"",K23-K22,IF(K21<>"",K22-K21,""))))	=IF(L22="","",MOD(DEGREES(ATAN2(L22,M22)),360))	=IF(N22="","",N22+$S$2)	=IF(O22="","","G1 X"&TEXT(J22,"0.###")&" Y"&TEXT(K22,"0.###")&" Z"&TEXT(O22,"0.###"))					
			=IF(C23="C",$S$3,IF(C23="S",1,0))	=E22+D23	=ROW()-5	=IF(OR(F23="",F23<=0,F23>LOOKUP(9.99999999999999E+307,$E$5:$E$120)),"",LOOKUP(F23-1,$E$5:$E$120,ROW($E$5:$E$120))+1)	=IF(G23="","",F23-INDEX($E:$E,G23-1))	=IF(G23="","",H23/INDEX($D:$D,G23))	=IF(G23="","",IF(INDEX($C:$C,G23)="C",0.5*(2*(INDEX($A:$A,G23-1))+(-(INDEX($A:$A,MAX(5,G23-2)))+(INDEX($A:$A,G23)))*I23+(2*(INDEX($A:$A,MAX(5,G23-2)))-5*(INDEX($A:$A,G23-1))+4*(INDEX($A:$A,G23))-(INDEX($A:$A,MIN(LOOKUP(2,1/((($A$5:$A$120<>"")+($B$5:$B$120<>""))>0),ROW($A$5:$A$120)),G23+1))))*I23^2+(-(INDEX($A:$A,MAX(5,G23-2)))+3*(INDEX($A:$A,G23-1))-3*(INDEX($A:$A,G23))+(INDEX($A:$A,MIN(LOOKUP(2,1/((($A$5:$A$120<>"")+($B$5:$B$120<>""))>0),ROW($A$5:$A$120)),G23+1))))*I23^3),INDEX($A:$A,G23-1)+(INDEX($A:$A,G23)-INDEX($A:$A,G23-1))*I23))	=IF(G23="","",IF(INDEX($C:$C,G23)="C",0.5*(2*(INDEX($B:$B,G23-1))+(-(INDEX($B:$B,MAX(5,G23-2)))+(INDEX($B:$B,G23)))*I23+(2*(INDEX($B:$B,MAX(5,G23-2)))-5*(INDEX($B:$B,G23-1))+4*(INDEX($B:$B,G23))-(INDEX($B:$B,MIN(LOOKUP(2,1/((($A$5:$A$120<>"")+($B$5:$B$120<>""))>0),ROW($A$5:$A$120)),G23+1))))*I23^2+(-(INDEX($B:$B,MAX(5,G23-2)))+3*(INDEX($B:$B,G23-1))-3*(INDEX($B:$B,G23))+(INDEX($B:$B,MIN(LOOKUP(2,1/((($A$5:$A$120<>"")+($B$5:$B$120<>""))>0),ROW($A$5:$A$120)),G23+1))))*I23^3),INDEX($B:$B,G23-1)+(INDEX($B:$B,G23)-INDEX($B:$B,G23-1))*I23))	=IF(J23="","",IF(AND(J22<>"",J24<>""),(J24-J22)/2,IF(J24<>"",J24-J23,IF(J22<>"",J23-J22,""))))	=IF(K23="","",IF(AND(K22<>"",K24<>""),(K24-K22)/2,IF(K24<>"",K24-K23,IF(K22<>"",K23-K22,""))))	=IF(L23="","",MOD(DEGREES(ATAN2(L23,M23)),360))	=IF(N23="","",N23+$S$2)	=IF(O23="","","G1 X"&TEXT(J23,"0.###")&" Y"&TEXT(K23,"0.###")&" Z"&TEXT(O23,"0.###"))					
			=IF(C24="C",$S$3,IF(C24="S",1,0))	=E23+D24	=ROW()-5	=IF(OR(F24="",F24<=0,F24>LOOKUP(9.99999999999999E+307,$E$5:$E$120)),"",LOOKUP(F24-1,$E$5:$E$120,ROW($E$5:$E$120))+1)	=IF(G24="","",F24-INDEX($E:$E,G24-1))	=IF(G24="","",H24/INDEX($D:$D,G24))	=IF(G24="","",IF(INDEX($C:$C,G24)="C",0.5*(2*(INDEX($A:$A,G24-1))+(-(INDEX($A:$A,MAX(5,G24-2)))+(INDEX($A:$A,G24)))*I24+(2*(INDEX($A:$A,MAX(5,G24-2)))-5*(INDEX($A:$A,G24-1))+4*(INDEX($A:$A,G24))-(INDEX($A:$A,MIN(LOOKUP(2,1/((($A$5:$A$120<>"")+($B$5:$B$120<>""))>0),ROW($A$5:$A$120)),G24+1))))*I24^2+(-(INDEX($A:$A,MAX(5,G24-2)))+3*(INDEX($A:$A,G24-1))-3*(INDEX($A:$A,G24))+(INDEX($A:$A,MIN(LOOKUP(2,1/((($A$5:$A$120<>"")+($B$5:$B$120<>""))>0),ROW($A$5:$A$120)),G24+1))))*I24^3),INDEX($A:$A,G24-1)+(INDEX($A:$A,G24)-INDEX($A:$A,G24-1))*I24))	=IF(G24="","",IF(INDEX($C:$C,G24)="C",0.5*(2*(INDEX($B:$B,G24-1))+(-(INDEX($B:$B,MAX(5,G24-2)))+(INDEX($B:$B,G24)))*I24+(2*(INDEX($B:$B,MAX(5,G24-2)))-5*(INDEX($B:$B,G24-1))+4*(INDEX($B:$B,G24))-(INDEX($B:$B,MIN(LOOKUP(2,1/((($A$5:$A$120<>"")+($B$5:$B$120<>""))>0),ROW($A$5:$A$120)),G24+1))))*I24^2+(-(INDEX($B:$B,MAX(5,G24-2)))+3*(INDEX($B:$B,G24-1))-3*(INDEX($B:$B,G24))+(INDEX($B:$B,MIN(LOOKUP(2,1/((($A$5:$A$120<>"")+($B$5:$B$120<>""))>0),ROW($A$5:$A$120)),G24+1))))*I24^3),INDEX($B:$B,G24-1)+(INDEX($B:$B,G24)-INDEX($B:$B,G24-1))*I24))	=IF(J24="","",IF(AND(J23<>"",J25<>""),(J25-J23)/2,IF(J25<>"",J25-J24,IF(J23<>"",J24-J23,""))))	=IF(K24="","",IF(AND(K23<>"",K25<>""),(K25-K23)/2,IF(K25<>"",K25-K24,IF(K23<>"",K24-K23,""))))	=IF(L24="","",MOD(DEGREES(ATAN2(L24,M24)),360))	=IF(N24="","",N24+$S$2)	=IF(O24="","","G1 X"&TEXT(J24,"0.###")&" Y"&TEXT(K24,"0.###")&" Z"&TEXT(O24,"0.###"))					
			=IF(C25="C",$S$3,IF(C25="S",1,0))	=E24+D25	=ROW()-5	=IF(OR(F25="",F25<=0,F25>LOOKUP(9.99999999999999E+307,$E$5:$E$120)),"",LOOKUP(F25-1,$E$5:$E$120,ROW($E$5:$E$120))+1)	=IF(G25="","",F25-INDEX($E:$E,G25-1))	=IF(G25="","",H25/INDEX($D:$D,G25))	=IF(G25="","",IF(INDEX($C:$C,G25)="C",0.5*(2*(INDEX($A:$A,G25-1))+(-(INDEX($A:$A,MAX(5,G25-2)))+(INDEX($A:$A,G25)))*I25+(2*(INDEX($A:$A,MAX(5,G25-2)))-5*(INDEX($A:$A,G25-1))+4*(INDEX($A:$A,G25))-(INDEX($A:$A,MIN(LOOKUP(2,1/((($A$5:$A$120<>"")+($B$5:$B$120<>""))>0),ROW($A$5:$A$120)),G25+1))))*I25^2+(-(INDEX($A:$A,MAX(5,G25-2)))+3*(INDEX($A:$A,G25-1))-3*(INDEX($A:$A,G25))+(INDEX($A:$A,MIN(LOOKUP(2,1/((($A$5:$A$120<>"")+($B$5:$B$120<>""))>0),ROW($A$5:$A$120)),G25+1))))*I25^3),INDEX($A:$A,G25-1)+(INDEX($A:$A,G25)-INDEX($A:$A,G25-1))*I25))	=IF(G25="","",IF(INDEX($C:$C,G25)="C",0.5*(2*(INDEX($B:$B,G25-1))+(-(INDEX($B:$B,MAX(5,G25-2)))+(INDEX($B:$B,G25)))*I25+(2*(INDEX($B:$B,MAX(5,G25-2)))-5*(INDEX($B:$B,G25-1))+4*(INDEX($B:$B,G25))-(INDEX($B:$B,MIN(LOOKUP(2,1/((($A$5:$A$120<>"")+($B$5:$B$120<>""))>0),ROW($A$5:$A$120)),G25+1))))*I25^2+(-(INDEX($B:$B,MAX(5,G25-2)))+3*(INDEX($B:$B,G25-1))-3*(INDEX($B:$B,G25))+(INDEX($B:$B,MIN(LOOKUP(2,1/((($A$5:$A$120<>"")+($B$5:$B$120<>""))>0),ROW($A$5:$A$120)),G25+1))))*I25^3),INDEX($B:$B,G25-1)+(INDEX($B:$B,G25)-INDEX($B:$B,G25-1))*I25))	=IF(J25="","",IF(AND(J24<>"",J26<>""),(J26-J24)/2,IF(J26<>"",J26-J25,IF(J24<>"",J25-J24,""))))	=IF(K25="","",IF(AND(K24<>"",K26<>""),(K26-K24)/2,IF(K26<>"",K26-K25,IF(K24<>"",K25-K24,""))))	=IF(L25="","",MOD(DEGREES(ATAN2(L25,M25)),360))	=IF(N25="","",N25+$S$2)	=IF(O25="","","G1 X"&TEXT(J25,"0.###")&" Y"&TEXT(K25,"0.###")&" Z"&TEXT(O25,"0.###"))					
			=IF(C26="C",$S$3,IF(C26="S",1,0))	=E25+D26	=ROW()-5	=IF(OR(F26="",F26<=0,F26>LOOKUP(9.99999999999999E+307,$E$5:$E$120)),"",LOOKUP(F26-1,$E$5:$E$120,ROW($E$5:$E$120))+1)	=IF(G26="","",F26-INDEX($E:$E,G26-1))	=IF(G26="","",H26/INDEX($D:$D,G26))	=IF(G26="","",IF(INDEX($C:$C,G26)="C",0.5*(2*(INDEX($A:$A,G26-1))+(-(INDEX($A:$A,MAX(5,G26-2)))+(INDEX($A:$A,G26)))*I26+(2*(INDEX($A:$A,MAX(5,G26-2)))-5*(INDEX($A:$A,G26-1))+4*(INDEX($A:$A,G26))-(INDEX($A:$A,MIN(LOOKUP(2,1/((($A$5:$A$120<>"")+($B$5:$B$120<>""))>0),ROW($A$5:$A$120)),G26+1))))*I26^2+(-(INDEX($A:$A,MAX(5,G26-2)))+3*(INDEX($A:$A,G26-1))-3*(INDEX($A:$A,G26))+(INDEX($A:$A,MIN(LOOKUP(2,1/((($A$5:$A$120<>"")+($B$5:$B$120<>""))>0),ROW($A$5:$A$120)),G26+1))))*I26^3),INDEX($A:$A,G26-1)+(INDEX($A:$A,G26)-INDEX($A:$A,G26-1))*I26))	=IF(G26="","",IF(INDEX($C:$C,G26)="C",0.5*(2*(INDEX($B:$B,G26-1))+(-(INDEX($B:$B,MAX(5,G26-2)))+(INDEX($B:$B,G26)))*I26+(2*(INDEX($B:$B,MAX(5,G26-2)))-5*(INDEX($B:$B,G26-1))+4*(INDEX($B:$B,G26))-(INDEX($B:$B,MIN(LOOKUP(2,1/((($A$5:$A$120<>"")+($B$5:$B$120<>""))>0),ROW($A$5:$A$120)),G26+1))))*I26^2+(-(INDEX($B:$B,MAX(5,G26-2)))+3*(INDEX($B:$B,G26-1))-3*(INDEX($B:$B,G26))+(INDEX($B:$B,MIN(LOOKUP(2,1/((($A$5:$A$120<>"")+($B$5:$B$120<>""))>0),ROW($A$5:$A$120)),G26+1))))*I26^3),INDEX($B:$B,G26-1)+(INDEX($B:$B,G26)-INDEX($B:$B,G26-1))*I26))	=IF(J26="","",IF(AND(J25<>"",J27<>""),(J27-J25)/2,IF(J27<>"",J27-J26,IF(J25<>"",J26-J25,""))))	=IF(K26="","",IF(AND(K25<>"",K27<>""),(K27-K25)/2,IF(K27<>"",K27-K26,IF(K25<>"",K26-K25,""))))	=IF(L26="","",MOD(DEGREES(ATAN2(L26,M26)),360))	=IF(N26="","",N26+$S$2)	=IF(O26="","","G1 X"&TEXT(J26,"0.###")&" Y"&TEXT(K26,"0.###")&" Z"&TEXT(O26,"0.###"))					
			=IF(C27="C",$S$3,IF(C27="S",1,0))	=E26+D27	=ROW()-5	=IF(OR(F27="",F27<=0,F27>LOOKUP(9.99999999999999E+307,$E$5:$E$120)),"",LOOKUP(F27-1,$E$5:$E$120,ROW($E$5:$E$120))+1)	=IF(G27="","",F27-INDEX($E:$E,G27-1))	=IF(G27="","",H27/INDEX($D:$D,G27))	=IF(G27="","",IF(INDEX($C:$C,G27)="C",0.5*(2*(INDEX($A:$A,G27-1))+(-(INDEX($A:$A,MAX(5,G27-2)))+(INDEX($A:$A,G27)))*I27+(2*(INDEX($A:$A,MAX(5,G27-2)))-5*(INDEX($A:$A,G27-1))+4*(INDEX($A:$A,G27))-(INDEX($A:$A,MIN(LOOKUP(2,1/((($A$5:$A$120<>"")+($B$5:$B$120<>""))>0),ROW($A$5:$A$120)),G27+1))))*I27^2+(-(INDEX($A:$A,MAX(5,G27-2)))+3*(INDEX($A:$A,G27-1))-3*(INDEX($A:$A,G27))+(INDEX($A:$A,MIN(LOOKUP(2,1/((($A$5:$A$120<>"")+($B$5:$B$120<>""))>0),ROW($A$5:$A$120)),G27+1))))*I27^3),INDEX($A:$A,G27-1)+(INDEX($A:$A,G27)-INDEX($A:$A,G27-1))*I27))	=IF(G27="","",IF(INDEX($C:$C,G27)="C",0.5*(2*(INDEX($B:$B,G27-1))+(-(INDEX($B:$B,MAX(5,G27-2)))+(INDEX($B:$B,G27)))*I27+(2*(INDEX($B:$B,MAX(5,G27-2)))-5*(INDEX($B:$B,G27-1))+4*(INDEX($B:$B,G27))-(INDEX($B:$B,MIN(LOOKUP(2,1/((($A$5:$A$120<>"")+($B$5:$B$120<>""))>0),ROW($A$5:$A$120)),G27+1))))*I27^2+(-(INDEX($B:$B,MAX(5,G27-2)))+3*(INDEX($B:$B,G27-1))-3*(INDEX($B:$B,G27))+(INDEX($B:$B,MIN(LOOKUP(2,1/((($A$5:$A$120<>"")+($B$5:$B$120<>""))>0),ROW($A$5:$A$120)),G27+1))))*I27^3),INDEX($B:$B,G27-1)+(INDEX($B:$B,G27)-INDEX($B:$B,G27-1))*I27))	=IF(J27="","",IF(AND(J26<>"",J28<>""),(J28-J26)/2,IF(J28<>"",J28-J27,IF(J26<>"",J27-J26,""))))	=IF(K27="","",IF(AND(K26<>"",K28<>""),(K28-K26)/2,IF(K28<>"",K28-K27,IF(K26<>"",K27-K26,""))))	=IF(L27="","",MOD(DEGREES(ATAN2(L27,M27)),360))	=IF(N27="","",N27+$S$2)	=IF(O27="","","G1 X"&TEXT(J27,"0.###")&" Y"&TEXT(K27,"0.###")&" Z"&TEXT(O27,"0.###"))					
			=IF(C28="C",$S$3,IF(C28="S",1,0))	=E27+D28	=ROW()-5	=IF(OR(F28="",F28<=0,F28>LOOKUP(9.99999999999999E+307,$E$5:$E$120)),"",LOOKUP(F28-1,$E$5:$E$120,ROW($E$5:$E$120))+1)	=IF(G28="","",F28-INDEX($E:$E,G28-1))	=IF(G28="","",H28/INDEX($D:$D,G28))	=IF(G28="","",IF(INDEX($C:$C,G28)="C",0.5*(2*(INDEX($A:$A,G28-1))+(-(INDEX($A:$A,MAX(5,G28-2)))+(INDEX($A:$A,G28)))*I28+(2*(INDEX($A:$A,MAX(5,G28-2)))-5*(INDEX($A:$A,G28-1))+4*(INDEX($A:$A,G28))-(INDEX($A:$A,MIN(LOOKUP(2,1/((($A$5:$A$120<>"")+($B$5:$B$120<>""))>0),ROW($A$5:$A$120)),G28+1))))*I28^2+(-(INDEX($A:$A,MAX(5,G28-2)))+3*(INDEX($A:$A,G28-1))-3*(INDEX($A:$A,G28))+(INDEX($A:$A,MIN(LOOKUP(2,1/((($A$5:$A$120<>"")+($B$5:$B$120<>""))>0),ROW($A$5:$A$120)),G28+1))))*I28^3),INDEX($A:$A,G28-1)+(INDEX($A:$A,G28)-INDEX($A:$A,G28-1))*I28))	=IF(G28="","",IF(INDEX($C:$C,G28)="C",0.5*(2*(INDEX($B:$B,G28-1))+(-(INDEX($B:$B,MAX(5,G28-2)))+(INDEX($B:$B,G28)))*I28+(2*(INDEX($B:$B,MAX(5,G28-2)))-5*(INDEX($B:$B,G28-1))+4*(INDEX($B:$B,G28))-(INDEX($B:$B,MIN(LOOKUP(2,1/((($A$5:$A$120<>"")+($B$5:$B$120<>""))>0),ROW($A$5:$A$120)),G28+1))))*I28^2+(-(INDEX($B:$B,MAX(5,G28-2)))+3*(INDEX($B:$B,G28-1))-3*(INDEX($B:$B,G28))+(INDEX($B:$B,MIN(LOOKUP(2,1/((($A$5:$A$120<>"")+($B$5:$B$120<>""))>0),ROW($A$5:$A$120)),G28+1))))*I28^3),INDEX($B:$B,G28-1)+(INDEX($B:$B,G28)-INDEX($B:$B,G28-1))*I28))	=IF(J28="","",IF(AND(J27<>"",J29<>""),(J29-J27)/2,IF(J29<>"",J29-J28,IF(J27<>"",J28-J27,""))))	=IF(K28="","",IF(AND(K27<>"",K29<>""),(K29-K27)/2,IF(K29<>"",K29-K28,IF(K27<>"",K28-K27,""))))	=IF(L28="","",MOD(DEGREES(ATAN2(L28,M28)),360))	=IF(N28="","",N28+$S$2)	=IF(O28="","","G1 X"&TEXT(J28,"0.###")&" Y"&TEXT(K28,"0.###")&" Z"&TEXT(O28,"0.###"))					
			=IF(C29="C",$S$3,IF(C29="S",1,0))	=E28+D29	=ROW()-5	=IF(OR(F29="",F29<=0,F29>LOOKUP(9.99999999999999E+307,$E$5:$E$120)),"",LOOKUP(F29-1,$E$5:$E$120,ROW($E$5:$E$120))+1)	=IF(G29="","",F29-INDEX($E:$E,G29-1))	=IF(G29="","",H29/INDEX($D:$D,G29))	=IF(G29="","",IF(INDEX($C:$C,G29)="C",0.5*(2*(INDEX($A:$A,G29-1))+(-(INDEX($A:$A,MAX(5,G29-2)))+(INDEX($A:$A,G29)))*I29+(2*(INDEX($A:$A,MAX(5,G29-2)))-5*(INDEX($A:$A,G29-1))+4*(INDEX($A:$A,G29))-(INDEX($A:$A,MIN(LOOKUP(2,1/((($A$5:$A$120<>"")+($B$5:$B$120<>""))>0),ROW($A$5:$A$120)),G29+1))))*I29^2+(-(INDEX($A:$A,MAX(5,G29-2)))+3*(INDEX($A:$A,G29-1))-3*(INDEX($A:$A,G29))+(INDEX($A:$A,MIN(LOOKUP(2,1/((($A$5:$A$120<>"")+($B$5:$B$120<>""))>0),ROW($A$5:$A$120)),G29+1))))*I29^3),INDEX($A:$A,G29-1)+(INDEX($A:$A,G29)-INDEX($A:$A,G29-1))*I29))	=IF(G29="","",IF(INDEX($C:$C,G29)="C",0.5*(2*(INDEX($B:$B,G29-1))+(-(INDEX($B:$B,MAX(5,G29-2)))+(INDEX($B:$B,G29)))*I29+(2*(INDEX($B:$B,MAX(5,G29-2)))-5*(INDEX($B:$B,G29-1))+4*(INDEX($B:$B,G29))-(INDEX($B:$B,MIN(LOOKUP(2,1/((($A$5:$A$120<>"")+($B$5:$B$120<>""))>0),ROW($A$5:$A$120)),G29+1))))*I29^2+(-(INDEX($B:$B,MAX(5,G29-2)))+3*(INDEX($B:$B,G29-1))-3*(INDEX($B:$B,G29))+(INDEX($B:$B,MIN(LOOKUP(2,1/((($A$5:$A$120<>"")+($B$5:$B$120<>""))>0),ROW($A$5:$A$120)),G29+1))))*I29^3),INDEX($B:$B,G29-1)+(INDEX($B:$B,G29)-INDEX($B:$B,G29-1))*I29))	=IF(J29="","",IF(AND(J28<>"",J30<>""),(J30-J28)/2,IF(J30<>"",J30-J29,IF(J28<>"",J29-J28,""))))	=IF(K29="","",IF(AND(K28<>"",K30<>""),(K30-K28)/2,IF(K30<>"",K30-K29,IF(K28<>"",K29-K28,""))))	=IF(L29="","",MOD(DEGREES(ATAN2(L29,M29)),360))	=IF(N29="","",N29+$S$2)	=IF(O29="","","G1 X"&TEXT(J29,"0.###")&" Y"&TEXT(K29,"0.###")&" Z"&TEXT(O29,"0.###"))					
			=IF(C30="C",$S$3,IF(C30="S",1,0))	=E29+D30	=ROW()-5	=IF(OR(F30="",F30<=0,F30>LOOKUP(9.99999999999999E+307,$E$5:$E$120)),"",LOOKUP(F30-1,$E$5:$E$120,ROW($E$5:$E$120))+1)	=IF(G30="","",F30-INDEX($E:$E,G30-1))	=IF(G30="","",H30/INDEX($D:$D,G30))	=IF(G30="","",IF(INDEX($C:$C,G30)="C",0.5*(2*(INDEX($A:$A,G30-1))+(-(INDEX($A:$A,MAX(5,G30-2)))+(INDEX($A:$A,G30)))*I30+(2*(INDEX($A:$A,MAX(5,G30-2)))-5*(INDEX($A:$A,G30-1))+4*(INDEX($A:$A,G30))-(INDEX($A:$A,MIN(LOOKUP(2,1/((($A$5:$A$120<>"")+($B$5:$B$120<>""))>0),ROW($A$5:$A$120)),G30+1))))*I30^2+(-(INDEX($A:$A,MAX(5,G30-2)))+3*(INDEX($A:$A,G30-1))-3*(INDEX($A:$A,G30))+(INDEX($A:$A,MIN(LOOKUP(2,1/((($A$5:$A$120<>"")+($B$5:$B$120<>""))>0),ROW($A$5:$A$120)),G30+1))))*I30^3),INDEX($A:$A,G30-1)+(INDEX($A:$A,G30)-INDEX($A:$A,G30-1))*I30))	=IF(G30="","",IF(INDEX($C:$C,G30)="C",0.5*(2*(INDEX($B:$B,G30-1))+(-(INDEX($B:$B,MAX(5,G30-2)))+(INDEX($B:$B,G30)))*I30+(2*(INDEX($B:$B,MAX(5,G30-2)))-5*(INDEX($B:$B,G30-1))+4*(INDEX($B:$B,G30))-(INDEX($B:$B,MIN(LOOKUP(2,1/((($A$5:$A$120<>"")+($B$5:$B$120<>""))>0),ROW($A$5:$A$120)),G30+1))))*I30^2+(-(INDEX($B:$B,MAX(5,G30-2)))+3*(INDEX($B:$B,G30-1))-3*(INDEX($B:$B,G30))+(INDEX($B:$B,MIN(LOOKUP(2,1/((($A$5:$A$120<>"")+($B$5:$B$120<>""))>0),ROW($A$5:$A$120)),G30+1))))*I30^3),INDEX($B:$B,G30-1)+(INDEX($B:$B,G30)-INDEX($B:$B,G30-1))*I30))	=IF(J30="","",IF(AND(J29<>"",J31<>""),(J31-J29)/2,IF(J31<>"",J31-J30,IF(J29<>"",J30-J29,""))))	=IF(K30="","",IF(AND(K29<>"",K31<>""),(K31-K29)/2,IF(K31<>"",K31-K30,IF(K29<>"",K30-K29,""))))	=IF(L30="","",MOD(DEGREES(ATAN2(L30,M30)),360))	=IF(N30="","",N30+$S$2)	=IF(O30="","","G1 X"&TEXT(J30,"0.###")&" Y"&TEXT(K30,"0.###")&" Z"&TEXT(O30,"0.###"))					
			=IF(C31="C",$S$3,IF(C31="S",1,0))	=E30+D31	=ROW()-5	=IF(OR(F31="",F31<=0,F31>LOOKUP(9.99999999999999E+307,$E$5:$E$120)),"",LOOKUP(F31-1,$E$5:$E$120,ROW($E$5:$E$120))+1)	=IF(G31="","",F31-INDEX($E:$E,G31-1))	=IF(G31="","",H31/INDEX($D:$D,G31))	=IF(G31="","",IF(INDEX($C:$C,G31)="C",0.5*(2*(INDEX($A:$A,G31-1))+(-(INDEX($A:$A,MAX(5,G31-2)))+(INDEX($A:$A,G31)))*I31+(2*(INDEX($A:$A,MAX(5,G31-2)))-5*(INDEX($A:$A,G31-1))+4*(INDEX($A:$A,G31))-(INDEX($A:$A,MIN(LOOKUP(2,1/((($A$5:$A$120<>"")+($B$5:$B$120<>""))>0),ROW($A$5:$A$120)),G31+1))))*I31^2+(-(INDEX($A:$A,MAX(5,G31-2)))+3*(INDEX($A:$A,G31-1))-3*(INDEX($A:$A,G31))+(INDEX($A:$A,MIN(LOOKUP(2,1/((($A$5:$A$120<>"")+($B$5:$B$120<>""))>0),ROW($A$5:$A$120)),G31+1))))*I31^3),INDEX($A:$A,G31-1)+(INDEX($A:$A,G31)-INDEX($A:$A,G31-1))*I31))	=IF(G31="","",IF(INDEX($C:$C,G31)="C",0.5*(2*(INDEX($B:$B,G31-1))+(-(INDEX($B:$B,MAX(5,G31-2)))+(INDEX($B:$B,G31)))*I31+(2*(INDEX($B:$B,MAX(5,G31-2)))-5*(INDEX($B:$B,G31-1))+4*(INDEX($B:$B,G31))-(INDEX($B:$B,MIN(LOOKUP(2,1/((($A$5:$A$120<>"")+($B$5:$B$120<>""))>0),ROW($A$5:$A$120)),G31+1))))*I31^2+(-(INDEX($B:$B,MAX(5,G31-2)))+3*(INDEX($B:$B,G31-1))-3*(INDEX($B:$B,G31))+(INDEX($B:$B,MIN(LOOKUP(2,1/((($A$5:$A$120<>"")+($B$5:$B$120<>""))>0),ROW($A$5:$A$120)),G31+1))))*I31^3),INDEX($B:$B,G31-1)+(INDEX($B:$B,G31)-INDEX($B:$B,G31-1))*I31))	=IF(J31="","",IF(AND(J30<>"",J32<>""),(J32-J30)/2,IF(J32<>"",J32-J31,IF(J30<>"",J31-J30,""))))	=IF(K31="","",IF(AND(K30<>"",K32<>""),(K32-K30)/2,IF(K32<>"",K32-K31,IF(K30<>"",K31-K30,""))))	=IF(L31="","",MOD(DEGREES(ATAN2(L31,M31)),360))	=IF(N31="","",N31+$S$2)	=IF(O31="","","G1 X"&TEXT(J31,"0.###")&" Y"&TEXT(K31,"0.###")&" Z"&TEXT(O31,"0.###"))					
			=IF(C32="C",$S$3,IF(C32="S",1,0))	=E31+D32	=ROW()-5	=IF(OR(F32="",F32<=0,F32>LOOKUP(9.99999999999999E+307,$E$5:$E$120)),"",LOOKUP(F32-1,$E$5:$E$120,ROW($E$5:$E$120))+1)	=IF(G32="","",F32-INDEX($E:$E,G32-1))	=IF(G32="","",H32/INDEX($D:$D,G32))	=IF(G32="","",IF(INDEX($C:$C,G32)="C",0.5*(2*(INDEX($A:$A,G32-1))+(-(INDEX($A:$A,MAX(5,G32-2)))+(INDEX($A:$A,G32)))*I32+(2*(INDEX($A:$A,MAX(5,G32-2)))-5*(INDEX($A:$A,G32-1))+4*(INDEX($A:$A,G32))-(INDEX($A:$A,MIN(LOOKUP(2,1/((($A$5:$A$120<>"")+($B$5:$B$120<>""))>0),ROW($A$5:$A$120)),G32+1))))*I32^2+(-(INDEX($A:$A,MAX(5,G32-2)))+3*(INDEX($A:$A,G32-1))-3*(INDEX($A:$A,G32))+(INDEX($A:$A,MIN(LOOKUP(2,1/((($A$5:$A$120<>"")+($B$5:$B$120<>""))>0),ROW($A$5:$A$120)),G32+1))))*I32^3),INDEX($A:$A,G32-1)+(INDEX($A:$A,G32)-INDEX($A:$A,G32-1))*I32))	=IF(G32="","",IF(INDEX($C:$C,G32)="C",0.5*(2*(INDEX($B:$B,G32-1))+(-(INDEX($B:$B,MAX(5,G32-2)))+(INDEX($B:$B,G32)))*I32+(2*(INDEX($B:$B,MAX(5,G32-2)))-5*(INDEX($B:$B,G32-1))+4*(INDEX($B:$B,G32))-(INDEX($B:$B,MIN(LOOKUP(2,1/((($A$5:$A$120<>"")+($B$5:$B$120<>""))>0),ROW($A$5:$A$120)),G32+1))))*I32^2+(-(INDEX($B:$B,MAX(5,G32-2)))+3*(INDEX($B:$B,G32-1))-3*(INDEX($B:$B,G32))+(INDEX($B:$B,MIN(LOOKUP(2,1/((($A$5:$A$120<>"")+($B$5:$B$120<>""))>0),ROW($A$5:$A$120)),G32+1))))*I32^3),INDEX($B:$B,G32-1)+(INDEX($B:$B,G32)-INDEX($B:$B,G32-1))*I32))	=IF(J32="","",IF(AND(J31<>"",J33<>""),(J33-J31)/2,IF(J33<>"",J33-J32,IF(J31<>"",J32-J31,""))))	=IF(K32="","",IF(AND(K31<>"",K33<>""),(K33-K31)/2,IF(K33<>"",K33-K32,IF(K31<>"",K32-K31,""))))	=IF(L32="","",MOD(DEGREES(ATAN2(L32,M32)),360))	=IF(N32="","",N32+$S$2)	=IF(O32="","","G1 X"&TEXT(J32,"0.###")&" Y"&TEXT(K32,"0.###")&" Z"&TEXT(O32,"0.###"))					
			=IF(C33="C",$S$3,IF(C33="S",1,0))	=E32+D33	=ROW()-5	=IF(OR(F33="",F33<=0,F33>LOOKUP(9.99999999999999E+307,$E$5:$E$120)),"",LOOKUP(F33-1,$E$5:$E$120,ROW($E$5:$E$120))+1)	=IF(G33="","",F33-INDEX($E:$E,G33-1))	=IF(G33="","",H33/INDEX($D:$D,G33))	=IF(G33="","",IF(INDEX($C:$C,G33)="C",0.5*(2*(INDEX($A:$A,G33-1))+(-(INDEX($A:$A,MAX(5,G33-2)))+(INDEX($A:$A,G33)))*I33+(2*(INDEX($A:$A,MAX(5,G33-2)))-5*(INDEX($A:$A,G33-1))+4*(INDEX($A:$A,G33))-(INDEX($A:$A,MIN(LOOKUP(2,1/((($A$5:$A$120<>"")+($B$5:$B$120<>""))>0),ROW($A$5:$A$120)),G33+1))))*I33^2+(-(INDEX($A:$A,MAX(5,G33-2)))+3*(INDEX($A:$A,G33-1))-3*(INDEX($A:$A,G33))+(INDEX($A:$A,MIN(LOOKUP(2,1/((($A$5:$A$120<>"")+($B$5:$B$120<>""))>0),ROW($A$5:$A$120)),G33+1))))*I33^3),INDEX($A:$A,G33-1)+(INDEX($A:$A,G33)-INDEX($A:$A,G33-1))*I33))	=IF(G33="","",IF(INDEX($C:$C,G33)="C",0.5*(2*(INDEX($B:$B,G33-1))+(-(INDEX($B:$B,MAX(5,G33-2)))+(INDEX($B:$B,G33)))*I33+(2*(INDEX($B:$B,MAX(5,G33-2)))-5*(INDEX($B:$B,G33-1))+4*(INDEX($B:$B,G33))-(INDEX($B:$B,MIN(LOOKUP(2,1/((($A$5:$A$120<>"")+($B$5:$B$120<>""))>0),ROW($A$5:$A$120)),G33+1))))*I33^2+(-(INDEX($B:$B,MAX(5,G33-2)))+3*(INDEX($B:$B,G33-1))-3*(INDEX($B:$B,G33))+(INDEX($B:$B,MIN(LOOKUP(2,1/((($A$5:$A$120<>"")+($B$5:$B$120<>""))>0),ROW($A$5:$A$120)),G33+1))))*I33^3),INDEX($B:$B,G33-1)+(INDEX($B:$B,G33)-INDEX($B:$B,G33-1))*I33))	=IF(J33="","",IF(AND(J32<>"",J34<>""),(J34-J32)/2,IF(J34<>"",J34-J33,IF(J32<>"",J33-J32,""))))	=IF(K33="","",IF(AND(K32<>"",K34<>""),(K34-K32)/2,IF(K34<>"",K34-K33,IF(K32<>"",K33-K32,""))))	=IF(L33="","",MOD(DEGREES(ATAN2(L33,M33)),360))	=IF(N33="","",N33+$S$2)	=IF(O33="","","G1 X"&TEXT(J33,"0.###")&" Y"&TEXT(K33,"0.###")&" Z"&TEXT(O33,"0.###"))					
			=IF(C34="C",$S$3,IF(C34="S",1,0))	=E33+D34	=ROW()-5	=IF(OR(F34="",F34<=0,F34>LOOKUP(9.99999999999999E+307,$E$5:$E$120)),"",LOOKUP(F34-1,$E$5:$E$120,ROW($E$5:$E$120))+1)	=IF(G34="","",F34-INDEX($E:$E,G34-1))	=IF(G34="","",H34/INDEX($D:$D,G34))	=IF(G34="","",IF(INDEX($C:$C,G34)="C",0.5*(2*(INDEX($A:$A,G34-1))+(-(INDEX($A:$A,MAX(5,G34-2)))+(INDEX($A:$A,G34)))*I34+(2*(INDEX($A:$A,MAX(5,G34-2)))-5*(INDEX($A:$A,G34-1))+4*(INDEX($A:$A,G34))-(INDEX($A:$A,MIN(LOOKUP(2,1/((($A$5:$A$120<>"")+($B$5:$B$120<>""))>0),ROW($A$5:$A$120)),G34+1))))*I34^2+(-(INDEX($A:$A,MAX(5,G34-2)))+3*(INDEX($A:$A,G34-1))-3*(INDEX($A:$A,G34))+(INDEX($A:$A,MIN(LOOKUP(2,1/((($A$5:$A$120<>"")+($B$5:$B$120<>""))>0),ROW($A$5:$A$120)),G34+1))))*I34^3),INDEX($A:$A,G34-1)+(INDEX($A:$A,G34)-INDEX($A:$A,G34-1))*I34))	=IF(G34="","",IF(INDEX($C:$C,G34)="C",0.5*(2*(INDEX($B:$B,G34-1))+(-(INDEX($B:$B,MAX(5,G34-2)))+(INDEX($B:$B,G34)))*I34+(2*(INDEX($B:$B,MAX(5,G34-2)))-5*(INDEX($B:$B,G34-1))+4*(INDEX($B:$B,G34))-(INDEX($B:$B,MIN(LOOKUP(2,1/((($A$5:$A$120<>"")+($B$5:$B$120<>""))>0),ROW($A$5:$A$120)),G34+1))))*I34^2+(-(INDEX($B:$B,MAX(5,G34-2)))+3*(INDEX($B:$B,G34-1))-3*(INDEX($B:$B,G34))+(INDEX($B:$B,MIN(LOOKUP(2,1/((($A$5:$A$120<>"")+($B$5:$B$120<>""))>0),ROW($A$5:$A$120)),G34+1))))*I34^3),INDEX($B:$B,G34-1)+(INDEX($B:$B,G34)-INDEX($B:$B,G34-1))*I34))	=IF(J34="","",IF(AND(J33<>"",J35<>""),(J35-J33)/2,IF(J35<>"",J35-J34,IF(J33<>"",J34-J33,""))))	=IF(K34="","",IF(AND(K33<>"",K35<>""),(K35-K33)/2,IF(K35<>"",K35-K34,IF(K33<>"",K34-K33,""))))	=IF(L34="","",MOD(DEGREES(ATAN2(L34,M34)),360))	=IF(N34="","",N34+$S$2)	=IF(O34="","","G1 X"&TEXT(J34,"0.###")&" Y"&TEXT(K34,"0.###")&" Z"&TEXT(O34,"0.###"))					
			=IF(C35="C",$S$3,IF(C35="S",1,0))	=E34+D35	=ROW()-5	=IF(OR(F35="",F35<=0,F35>LOOKUP(9.99999999999999E+307,$E$5:$E$120)),"",LOOKUP(F35-1,$E$5:$E$120,ROW($E$5:$E$120))+1)	=IF(G35="","",F35-INDEX($E:$E,G35-1))	=IF(G35="","",H35/INDEX($D:$D,G35))	=IF(G35="","",IF(INDEX($C:$C,G35)="C",0.5*(2*(INDEX($A:$A,G35-1))+(-(INDEX($A:$A,MAX(5,G35-2)))+(INDEX($A:$A,G35)))*I35+(2*(INDEX($A:$A,MAX(5,G35-2)))-5*(INDEX($A:$A,G35-1))+4*(INDEX($A:$A,G35))-(INDEX($A:$A,MIN(LOOKUP(2,1/((($A$5:$A$120<>"")+($B$5:$B$120<>""))>0),ROW($A$5:$A$120)),G35+1))))*I35^2+(-(INDEX($A:$A,MAX(5,G35-2)))+3*(INDEX($A:$A,G35-1))-3*(INDEX($A:$A,G35))+(INDEX($A:$A,MIN(LOOKUP(2,1/((($A$5:$A$120<>"")+($B$5:$B$120<>""))>0),ROW($A$5:$A$120)),G35+1))))*I35^3),INDEX($A:$A,G35-1)+(INDEX($A:$A,G35)-INDEX($A:$A,G35-1))*I35))	=IF(G35="","",IF(INDEX($C:$C,G35)="C",0.5*(2*(INDEX($B:$B,G35-1))+(-(INDEX($B:$B,MAX(5,G35-2)))+(INDEX($B:$B,G35)))*I35+(2*(INDEX($B:$B,MAX(5,G35-2)))-5*(INDEX($B:$B,G35-1))+4*(INDEX($B:$B,G35))-(INDEX($B:$B,MIN(LOOKUP(2,1/((($A$5:$A$120<>"")+($B$5:$B$120<>""))>0),ROW($A$5:$A$120)),G35+1))))*I35^2+(-(INDEX($B:$B,MAX(5,G35-2)))+3*(INDEX($B:$B,G35-1))-3*(INDEX($B:$B,G35))+(INDEX($B:$B,MIN(LOOKUP(2,1/((($A$5:$A$120<>"")+($B$5:$B$120<>""))>0),ROW($A$5:$A$120)),G35+1))))*I35^3),INDEX($B:$B,G35-1)+(INDEX($B:$B,G35)-INDEX($B:$B,G35-1))*I35))	=IF(J35="","",IF(AND(J34<>"",J36<>""),(J36-J34)/2,IF(J36<>"",J36-J35,IF(J34<>"",J35-J34,""))))	=IF(K35="","",IF(AND(K34<>"",K36<>""),(K36-K34)/2,IF(K36<>"",K36-K35,IF(K34<>"",K35-K34,""))))	=IF(L35="","",MOD(DEGREES(ATAN2(L35,M35)),360))	=IF(N35="","",N35+$S$2)	=IF(O35="","","G1 X"&TEXT(J35,"0.###")&" Y"&TEXT(K35,"0.###")&" Z"&TEXT(O35,"0.###"))					
			=IF(C36="C",$S$3,IF(C36="S",1,0))	=E35+D36	=ROW()-5	=IF(OR(F36="",F36<=0,F36>LOOKUP(9.99999999999999E+307,$E$5:$E$120)),"",LOOKUP(F36-1,$E$5:$E$120,ROW($E$5:$E$120))+1)	=IF(G36="","",F36-INDEX($E:$E,G36-1))	=IF(G36="","",H36/INDEX($D:$D,G36))	=IF(G36="","",IF(INDEX($C:$C,G36)="C",0.5*(2*(INDEX($A:$A,G36-1))+(-(INDEX($A:$A,MAX(5,G36-2)))+(INDEX($A:$A,G36)))*I36+(2*(INDEX($A:$A,MAX(5,G36-2)))-5*(INDEX($A:$A,G36-1))+4*(INDEX($A:$A,G36))-(INDEX($A:$A,MIN(LOOKUP(2,1/((($A$5:$A$120<>"")+($B$5:$B$120<>""))>0),ROW($A$5:$A$120)),G36+1))))*I36^2+(-(INDEX($A:$A,MAX(5,G36-2)))+3*(INDEX($A:$A,G36-1))-3*(INDEX($A:$A,G36))+(INDEX($A:$A,MIN(LOOKUP(2,1/((($A$5:$A$120<>"")+($B$5:$B$120<>""))>0),ROW($A$5:$A$120)),G36+1))))*I36^3),INDEX($A:$A,G36-1)+(INDEX($A:$A,G36)-INDEX($A:$A,G36-1))*I36))	=IF(G36="","",IF(INDEX($C:$C,G36)="C",0.5*(2*(INDEX($B:$B,G36-1))+(-(INDEX($B:$B,MAX(5,G36-2)))+(INDEX($B:$B,G36)))*I36+(2*(INDEX($B:$B,MAX(5,G36-2)))-5*(INDEX($B:$B,G36-1))+4*(INDEX($B:$B,G36))-(INDEX($B:$B,MIN(LOOKUP(2,1/((($A$5:$A$120<>"")+($B$5:$B$120<>""))>0),ROW($A$5:$A$120)),G36+1))))*I36^2+(-(INDEX($B:$B,MAX(5,G36-2)))+3*(INDEX($B:$B,G36-1))-3*(INDEX($B:$B,G36))+(INDEX($B:$B,MIN(LOOKUP(2,1/((($A$5:$A$120<>"")+($B$5:$B$120<>""))>0),ROW($A$5:$A$120)),G36+1))))*I36^3),INDEX($B:$B,G36-1)+(INDEX($B:$B,G36)-INDEX($B:$B,G36-1))*I36))	=IF(J36="","",IF(AND(J35<>"",J37<>""),(J37-J35)/2,IF(J37<>"",J37-J36,IF(J35<>"",J36-J35,""))))	=IF(K36="","",IF(AND(K35<>"",K37<>""),(K37-K35)/2,IF(K37<>"",K37-K36,IF(K35<>"",K36-K35,""))))	=IF(L36="","",MOD(DEGREES(ATAN2(L36,M36)),360))	=IF(N36="","",N36+$S$2)	=IF(O36="","","G1 X"&TEXT(J36,"0.###")&" Y"&TEXT(K36,"0.###")&" Z"&TEXT(O36,"0.###"))					
			=IF(C37="C",$S$3,IF(C37="S",1,0))	=E36+D37	=ROW()-5	=IF(OR(F37="",F37<=0,F37>LOOKUP(9.99999999999999E+307,$E$5:$E$120)),"",LOOKUP(F37-1,$E$5:$E$120,ROW($E$5:$E$120))+1)	=IF(G37="","",F37-INDEX($E:$E,G37-1))	=IF(G37="","",H37/INDEX($D:$D,G37))	=IF(G37="","",IF(INDEX($C:$C,G37)="C",0.5*(2*(INDEX($A:$A,G37-1))+(-(INDEX($A:$A,MAX(5,G37-2)))+(INDEX($A:$A,G37)))*I37+(2*(INDEX($A:$A,MAX(5,G37-2)))-5*(INDEX($A:$A,G37-1))+4*(INDEX($A:$A,G37))-(INDEX($A:$A,MIN(LOOKUP(2,1/((($A$5:$A$120<>"")+($B$5:$B$120<>""))>0),ROW($A$5:$A$120)),G37+1))))*I37^2+(-(INDEX($A:$A,MAX(5,G37-2)))+3*(INDEX($A:$A,G37-1))-3*(INDEX($A:$A,G37))+(INDEX($A:$A,MIN(LOOKUP(2,1/((($A$5:$A$120<>"")+($B$5:$B$120<>""))>0),ROW($A$5:$A$120)),G37+1))))*I37^3),INDEX($A:$A,G37-1)+(INDEX($A:$A,G37)-INDEX($A:$A,G37-1))*I37))	=IF(G37="","",IF(INDEX($C:$C,G37)="C",0.5*(2*(INDEX($B:$B,G37-1))+(-(INDEX($B:$B,MAX(5,G37-2)))+(INDEX($B:$B,G37)))*I37+(2*(INDEX($B:$B,MAX(5,G37-2)))-5*(INDEX($B:$B,G37-1))+4*(INDEX($B:$B,G37))-(INDEX($B:$B,MIN(LOOKUP(2,1/((($A$5:$A$120<>"")+($B$5:$B$120<>""))>0),ROW($A$5:$A$120)),G37+1))))*I37^2+(-(INDEX($B:$B,MAX(5,G37-2)))+3*(INDEX($B:$B,G37-1))-3*(INDEX($B:$B,G37))+(INDEX($B:$B,MIN(LOOKUP(2,1/((($A$5:$A$120<>"")+($B$5:$B$120<>""))>0),ROW($A$5:$A$120)),G37+1))))*I37^3),INDEX($B:$B,G37-1)+(INDEX($B:$B,G37)-INDEX($B:$B,G37-1))*I37))	=IF(J37="","",IF(AND(J36<>"",J38<>""),(J38-J36)/2,IF(J38<>"",J38-J37,IF(J36<>"",J37-J36,""))))	=IF(K37="","",IF(AND(K36<>"",K38<>""),(K38-K36)/2,IF(K38<>"",K38-K37,IF(K36<>"",K37-K36,""))))	=IF(L37="","",MOD(DEGREES(ATAN2(L37,M37)),360))	=IF(N37="","",N37+$S$2)	=IF(O37="","","G1 X"&TEXT(J37,"0.###")&" Y"&TEXT(K37,"0.###")&" Z"&TEXT(O37,"0.###"))					
			=IF(C38="C",$S$3,IF(C38="S",1,0))	=E37+D38	=ROW()-5	=IF(OR(F38="",F38<=0,F38>LOOKUP(9.99999999999999E+307,$E$5:$E$120)),"",LOOKUP(F38-1,$E$5:$E$120,ROW($E$5:$E$120))+1)	=IF(G38="","",F38-INDEX($E:$E,G38-1))	=IF(G38="","",H38/INDEX($D:$D,G38))	=IF(G38="","",IF(INDEX($C:$C,G38)="C",0.5*(2*(INDEX($A:$A,G38-1))+(-(INDEX($A:$A,MAX(5,G38-2)))+(INDEX($A:$A,G38)))*I38+(2*(INDEX($A:$A,MAX(5,G38-2)))-5*(INDEX($A:$A,G38-1))+4*(INDEX($A:$A,G38))-(INDEX($A:$A,MIN(LOOKUP(2,1/((($A$5:$A$120<>"")+($B$5:$B$120<>""))>0),ROW($A$5:$A$120)),G38+1))))*I38^2+(-(INDEX($A:$A,MAX(5,G38-2)))+3*(INDEX($A:$A,G38-1))-3*(INDEX($A:$A,G38))+(INDEX($A:$A,MIN(LOOKUP(2,1/((($A$5:$A$120<>"")+($B$5:$B$120<>""))>0),ROW($A$5:$A$120)),G38+1))))*I38^3),INDEX($A:$A,G38-1)+(INDEX($A:$A,G38)-INDEX($A:$A,G38-1))*I38))	=IF(G38="","",IF(INDEX($C:$C,G38)="C",0.5*(2*(INDEX($B:$B,G38-1))+(-(INDEX($B:$B,MAX(5,G38-2)))+(INDEX($B:$B,G38)))*I38+(2*(INDEX($B:$B,MAX(5,G38-2)))-5*(INDEX($B:$B,G38-1))+4*(INDEX($B:$B,G38))-(INDEX($B:$B,MIN(LOOKUP(2,1/((($A$5:$A$120<>"")+($B$5:$B$120<>""))>0),ROW($A$5:$A$120)),G38+1))))*I38^2+(-(INDEX($B:$B,MAX(5,G38-2)))+3*(INDEX($B:$B,G38-1))-3*(INDEX($B:$B,G38))+(INDEX($B:$B,MIN(LOOKUP(2,1/((($A$5:$A$120<>"")+($B$5:$B$120<>""))>0),ROW($A$5:$A$120)),G38+1))))*I38^3),INDEX($B:$B,G38-1)+(INDEX($B:$B,G38)-INDEX($B:$B,G38-1))*I38))	=IF(J38="","",IF(AND(J37<>"",J39<>""),(J39-J37)/2,IF(J39<>"",J39-J38,IF(J37<>"",J38-J37,""))))	=IF(K38="","",IF(AND(K37<>"",K39<>""),(K39-K37)/2,IF(K39<>"",K39-K38,IF(K37<>"",K38-K37,""))))	=IF(L38="","",MOD(DEGREES(ATAN2(L38,M38)),360))	=IF(N38="","",N38+$S$2)	=IF(O38="","","G1 X"&TEXT(J38,"0.###")&" Y"&TEXT(K38,"0.###")&" Z"&TEXT(O38,"0.###"))					
			=IF(C39="C",$S$3,IF(C39="S",1,0))	=E38+D39	=ROW()-5	=IF(OR(F39="",F39<=0,F39>LOOKUP(9.99999999999999E+307,$E$5:$E$120)),"",LOOKUP(F39-1,$E$5:$E$120,ROW($E$5:$E$120))+1)	=IF(G39="","",F39-INDEX($E:$E,G39-1))	=IF(G39="","",H39/INDEX($D:$D,G39))	=IF(G39="","",IF(INDEX($C:$C,G39)="C",0.5*(2*(INDEX($A:$A,G39-1))+(-(INDEX($A:$A,MAX(5,G39-2)))+(INDEX($A:$A,G39)))*I39+(2*(INDEX($A:$A,MAX(5,G39-2)))-5*(INDEX($A:$A,G39-1))+4*(INDEX($A:$A,G39))-(INDEX($A:$A,MIN(LOOKUP(2,1/((($A$5:$A$120<>"")+($B$5:$B$120<>""))>0),ROW($A$5:$A$120)),G39+1))))*I39^2+(-(INDEX($A:$A,MAX(5,G39-2)))+3*(INDEX($A:$A,G39-1))-3*(INDEX($A:$A,G39))+(INDEX($A:$A,MIN(LOOKUP(2,1/((($A$5:$A$120<>"")+($B$5:$B$120<>""))>0),ROW($A$5:$A$120)),G39+1))))*I39^3),INDEX($A:$A,G39-1)+(INDEX($A:$A,G39)-INDEX($A:$A,G39-1))*I39))	=IF(G39="","",IF(INDEX($C:$C,G39)="C",0.5*(2*(INDEX($B:$B,G39-1))+(-(INDEX($B:$B,MAX(5,G39-2)))+(INDEX($B:$B,G39)))*I39+(2*(INDEX($B:$B,MAX(5,G39-2)))-5*(INDEX($B:$B,G39-1))+4*(INDEX($B:$B,G39))-(INDEX($B:$B,MIN(LOOKUP(2,1/((($A$5:$A$120<>"")+($B$5:$B$120<>""))>0),ROW($A$5:$A$120)),G39+1))))*I39^2+(-(INDEX($B:$B,MAX(5,G39-2)))+3*(INDEX($B:$B,G39-1))-3*(INDEX($B:$B,G39))+(INDEX($B:$B,MIN(LOOKUP(2,1/((($A$5:$A$120<>"")+($B$5:$B$120<>""))>0),ROW($A$5:$A$120)),G39+1))))*I39^3),INDEX($B:$B,G39-1)+(INDEX($B:$B,G39)-INDEX($B:$B,G39-1))*I39))	=IF(J39="","",IF(AND(J38<>"",J40<>""),(J40-J38)/2,IF(J40<>"",J40-J39,IF(J38<>"",J39-J38,""))))	=IF(K39="","",IF(AND(K38<>"",K40<>""),(K40-K38)/2,IF(K40<>"",K40-K39,IF(K38<>"",K39-K38,""))))	=IF(L39="","",MOD(DEGREES(ATAN2(L39,M39)),360))	=IF(N39="","",N39+$S$2)	=IF(O39="","","G1 X"&TEXT(J39,"0.###")&" Y"&TEXT(K39,"0.###")&" Z"&TEXT(O39,"0.###"))					
			=IF(C40="C",$S$3,IF(C40="S",1,0))	=E39+D40	=ROW()-5	=IF(OR(F40="",F40<=0,F40>LOOKUP(9.99999999999999E+307,$E$5:$E$120)),"",LOOKUP(F40-1,$E$5:$E$120,ROW($E$5:$E$120))+1)	=IF(G40="","",F40-INDEX($E:$E,G40-1))	=IF(G40="","",H40/INDEX($D:$D,G40))	=IF(G40="","",IF(INDEX($C:$C,G40)="C",0.5*(2*(INDEX($A:$A,G40-1))+(-(INDEX($A:$A,MAX(5,G40-2)))+(INDEX($A:$A,G40)))*I40+(2*(INDEX($A:$A,MAX(5,G40-2)))-5*(INDEX($A:$A,G40-1))+4*(INDEX($A:$A,G40))-(INDEX($A:$A,MIN(LOOKUP(2,1/((($A$5:$A$120<>"")+($B$5:$B$120<>""))>0),ROW($A$5:$A$120)),G40+1))))*I40^2+(-(INDEX($A:$A,MAX(5,G40-2)))+3*(INDEX($A:$A,G40-1))-3*(INDEX($A:$A,G40))+(INDEX($A:$A,MIN(LOOKUP(2,1/((($A$5:$A$120<>"")+($B$5:$B$120<>""))>0),ROW($A$5:$A$120)),G40+1))))*I40^3),INDEX($A:$A,G40-1)+(INDEX($A:$A,G40)-INDEX($A:$A,G40-1))*I40))	=IF(G40="","",IF(INDEX($C:$C,G40)="C",0.5*(2*(INDEX($B:$B,G40-1))+(-(INDEX($B:$B,MAX(5,G40-2)))+(INDEX($B:$B,G40)))*I40+(2*(INDEX($B:$B,MAX(5,G40-2)))-5*(INDEX($B:$B,G40-1))+4*(INDEX($B:$B,G40))-(INDEX($B:$B,MIN(LOOKUP(2,1/((($A$5:$A$120<>"")+($B$5:$B$120<>""))>0),ROW($A$5:$A$120)),G40+1))))*I40^2+(-(INDEX($B:$B,MAX(5,G40-2)))+3*(INDEX($B:$B,G40-1))-3*(INDEX($B:$B,G40))+(INDEX($B:$B,MIN(LOOKUP(2,1/((($A$5:$A$120<>"")+($B$5:$B$120<>""))>0),ROW($A$5:$A$120)),G40+1))))*I40^3),INDEX($B:$B,G40-1)+(INDEX($B:$B,G40)-INDEX($B:$B,G40-1))*I40))	=IF(J40="","",IF(AND(J39<>"",J41<>""),(J41-J39)/2,IF(J41<>"",J41-J40,IF(J39<>"",J40-J39,""))))	=IF(K40="","",IF(AND(K39<>"",K41<>""),(K41-K39)/2,IF(K41<>"",K41-K40,IF(K39<>"",K40-K39,""))))	=IF(L40="","",MOD(DEGREES(ATAN2(L40,M40)),360))	=IF(N40="","",N40+$S$2)	=IF(O40="","","G1 X"&TEXT(J40,"0.###")&" Y"&TEXT(K40,"0.###")&" Z"&TEXT(O40,"0.###"))					
			=IF(C41="C",$S$3,IF(C41="S",1,0))	=E40+D41	=ROW()-5	=IF(OR(F41="",F41<=0,F41>LOOKUP(9.99999999999999E+307,$E$5:$E$120)),"",LOOKUP(F41-1,$E$5:$E$120,ROW($E$5:$E$120))+1)	=IF(G41="","",F41-INDEX($E:$E,G41-1))	=IF(G41="","",H41/INDEX($D:$D,G41))	=IF(G41="","",IF(INDEX($C:$C,G41)="C",0.5*(2*(INDEX($A:$A,G41-1))+(-(INDEX($A:$A,MAX(5,G41-2)))+(INDEX($A:$A,G41)))*I41+(2*(INDEX($A:$A,MAX(5,G41-2)))-5*(INDEX($A:$A,G41-1))+4*(INDEX($A:$A,G41))-(INDEX($A:$A,MIN(LOOKUP(2,1/((($A$5:$A$120<>"")+($B$5:$B$120<>""))>0),ROW($A$5:$A$120)),G41+1))))*I41^2+(-(INDEX($A:$A,MAX(5,G41-2)))+3*(INDEX($A:$A,G41-1))-3*(INDEX($A:$A,G41))+(INDEX($A:$A,MIN(LOOKUP(2,1/((($A$5:$A$120<>"")+($B$5:$B$120<>""))>0),ROW($A$5:$A$120)),G41+1))))*I41^3),INDEX($A:$A,G41-1)+(INDEX($A:$A,G41)-INDEX($A:$A,G41-1))*I41))	=IF(G41="","",IF(INDEX($C:$C,G41)="C",0.5*(2*(INDEX($B:$B,G41-1))+(-(INDEX($B:$B,MAX(5,G41-2)))+(INDEX($B:$B,G41)))*I41+(2*(INDEX($B:$B,MAX(5,G41-2)))-5*(INDEX($B:$B,G41-1))+4*(INDEX($B:$B,G41))-(INDEX($B:$B,MIN(LOOKUP(2,1/((($A$5:$A$120<>"")+($B$5:$B$120<>""))>0),ROW($A$5:$A$120)),G41+1))))*I41^2+(-(INDEX($B:$B,MAX(5,G41-2)))+3*(INDEX($B:$B,G41-1))-3*(INDEX($B:$B,G41))+(INDEX($B:$B,MIN(LOOKUP(2,1/((($A$5:$A$120<>"")+($B$5:$B$120<>""))>0),ROW($A$5:$A$120)),G41+1))))*I41^3),INDEX($B:$B,G41-1)+(INDEX($B:$B,G41)-INDEX($B:$B,G41-1))*I41))	=IF(J41="","",IF(AND(J40<>"",J42<>""),(J42-J40)/2,IF(J42<>"",J42-J41,IF(J40<>"",J41-J40,""))))	=IF(K41="","",IF(AND(K40<>"",K42<>""),(K42-K40)/2,IF(K42<>"",K42-K41,IF(K40<>"",K41-K40,""))))	=IF(L41="","",MOD(DEGREES(ATAN2(L41,M41)),360))	=IF(N41="","",N41+$S$2)	=IF(O41="","","G1 X"&TEXT(J41,"0.###")&" Y"&TEXT(K41,"0.###")&" Z"&TEXT(O41,"0.###"))					
			=IF(C42="C",$S$3,IF(C42="S",1,0))	=E41+D42	=ROW()-5	=IF(OR(F42="",F42<=0,F42>LOOKUP(9.99999999999999E+307,$E$5:$E$120)),"",LOOKUP(F42-1,$E$5:$E$120,ROW($E$5:$E$120))+1)	=IF(G42="","",F42-INDEX($E:$E,G42-1))	=IF(G42="","",H42/INDEX($D:$D,G42))	=IF(G42="","",IF(INDEX($C:$C,G42)="C",0.5*(2*(INDEX($A:$A,G42-1))+(-(INDEX($A:$A,MAX(5,G42-2)))+(INDEX($A:$A,G42)))*I42+(2*(INDEX($A:$A,MAX(5,G42-2)))-5*(INDEX($A:$A,G42-1))+4*(INDEX($A:$A,G42))-(INDEX($A:$A,MIN(LOOKUP(2,1/((($A$5:$A$120<>"")+($B$5:$B$120<>""))>0),ROW($A$5:$A$120)),G42+1))))*I42^2+(-(INDEX($A:$A,MAX(5,G42-2)))+3*(INDEX($A:$A,G42-1))-3*(INDEX($A:$A,G42))+(INDEX($A:$A,MIN(LOOKUP(2,1/((($A$5:$A$120<>"")+($B$5:$B$120<>""))>0),ROW($A$5:$A$120)),G42+1))))*I42^3),INDEX($A:$A,G42-1)+(INDEX($A:$A,G42)-INDEX($A:$A,G42-1))*I42))	=IF(G42="","",IF(INDEX($C:$C,G42)="C",0.5*(2*(INDEX($B:$B,G42-1))+(-(INDEX($B:$B,MAX(5,G42-2)))+(INDEX($B:$B,G42)))*I42+(2*(INDEX($B:$B,MAX(5,G42-2)))-5*(INDEX($B:$B,G42-1))+4*(INDEX($B:$B,G42))-(INDEX($B:$B,MIN(LOOKUP(2,1/((($A$5:$A$120<>"")+($B$5:$B$120<>""))>0),ROW($A$5:$A$120)),G42+1))))*I42^2+(-(INDEX($B:$B,MAX(5,G42-2)))+3*(INDEX($B:$B,G42-1))-3*(INDEX($B:$B,G42))+(INDEX($B:$B,MIN(LOOKUP(2,1/((($A$5:$A$120<>"")+($B$5:$B$120<>""))>0),ROW($A$5:$A$120)),G42+1))))*I42^3),INDEX($B:$B,G42-1)+(INDEX($B:$B,G42)-INDEX($B:$B,G42-1))*I42))	=IF(J42="","",IF(AND(J41<>"",J43<>""),(J43-J41)/2,IF(J43<>"",J43-J42,IF(J41<>"",J42-J41,""))))	=IF(K42="","",IF(AND(K41<>"",K43<>""),(K43-K41)/2,IF(K43<>"",K43-K42,IF(K41<>"",K42-K41,""))))	=IF(L42="","",MOD(DEGREES(ATAN2(L42,M42)),360))	=IF(N42="","",N42+$S$2)	=IF(O42="","","G1 X"&TEXT(J42,"0.###")&" Y"&TEXT(K42,"0.###")&" Z"&TEXT(O42,"0.###"))					
			=IF(C43="C",$S$3,IF(C43="S",1,0))	=E42+D43	=ROW()-5	=IF(OR(F43="",F43<=0,F43>LOOKUP(9.99999999999999E+307,$E$5:$E$120)),"",LOOKUP(F43-1,$E$5:$E$120,ROW($E$5:$E$120))+1)	=IF(G43="","",F43-INDEX($E:$E,G43-1))	=IF(G43="","",H43/INDEX($D:$D,G43))	=IF(G43="","",IF(INDEX($C:$C,G43)="C",0.5*(2*(INDEX($A:$A,G43-1))+(-(INDEX($A:$A,MAX(5,G43-2)))+(INDEX($A:$A,G43)))*I43+(2*(INDEX($A:$A,MAX(5,G43-2)))-5*(INDEX($A:$A,G43-1))+4*(INDEX($A:$A,G43))-(INDEX($A:$A,MIN(LOOKUP(2,1/((($A$5:$A$120<>"")+($B$5:$B$120<>""))>0),ROW($A$5:$A$120)),G43+1))))*I43^2+(-(INDEX($A:$A,MAX(5,G43-2)))+3*(INDEX($A:$A,G43-1))-3*(INDEX($A:$A,G43))+(INDEX($A:$A,MIN(LOOKUP(2,1/((($A$5:$A$120<>"")+($B$5:$B$120<>""))>0),ROW($A$5:$A$120)),G43+1))))*I43^3),INDEX($A:$A,G43-1)+(INDEX($A:$A,G43)-INDEX($A:$A,G43-1))*I43))	=IF(G43="","",IF(INDEX($C:$C,G43)="C",0.5*(2*(INDEX($B:$B,G43-1))+(-(INDEX($B:$B,MAX(5,G43-2)))+(INDEX($B:$B,G43)))*I43+(2*(INDEX($B:$B,MAX(5,G43-2)))-5*(INDEX($B:$B,G43-1))+4*(INDEX($B:$B,G43))-(INDEX($B:$B,MIN(LOOKUP(2,1/((($A$5:$A$120<>"")+($B$5:$B$120<>""))>0),ROW($A$5:$A$120)),G43+1))))*I43^2+(-(INDEX($B:$B,MAX(5,G43-2)))+3*(INDEX($B:$B,G43-1))-3*(INDEX($B:$B,G43))+(INDEX($B:$B,MIN(LOOKUP(2,1/((($A$5:$A$120<>"")+($B$5:$B$120<>""))>0),ROW($A$5:$A$120)),G43+1))))*I43^3),INDEX($B:$B,G43-1)+(INDEX($B:$B,G43)-INDEX($B:$B,G43-1))*I43))	=IF(J43="","",IF(AND(J42<>"",J44<>""),(J44-J42)/2,IF(J44<>"",J44-J43,IF(J42<>"",J43-J42,""))))	=IF(K43="","",IF(AND(K42<>"",K44<>""),(K44-K42)/2,IF(K44<>"",K44-K43,IF(K42<>"",K43-K42,""))))	=IF(L43="","",MOD(DEGREES(ATAN2(L43,M43)),360))	=IF(N43="","",N43+$S$2)	=IF(O43="","","G1 X"&TEXT(J43,"0.###")&" Y"&TEXT(K43,"0.###")&" Z"&TEXT(O43,"0.###"))					
			=IF(C44="C",$S$3,IF(C44="S",1,0))	=E43+D44	=ROW()-5	=IF(OR(F44="",F44<=0,F44>LOOKUP(9.99999999999999E+307,$E$5:$E$120)),"",LOOKUP(F44-1,$E$5:$E$120,ROW($E$5:$E$120))+1)	=IF(G44="","",F44-INDEX($E:$E,G44-1))	=IF(G44="","",H44/INDEX($D:$D,G44))	=IF(G44="","",IF(INDEX($C:$C,G44)="C",0.5*(2*(INDEX($A:$A,G44-1))+(-(INDEX($A:$A,MAX(5,G44-2)))+(INDEX($A:$A,G44)))*I44+(2*(INDEX($A:$A,MAX(5,G44-2)))-5*(INDEX($A:$A,G44-1))+4*(INDEX($A:$A,G44))-(INDEX($A:$A,MIN(LOOKUP(2,1/((($A$5:$A$120<>"")+($B$5:$B$120<>""))>0),ROW($A$5:$A$120)),G44+1))))*I44^2+(-(INDEX($A:$A,MAX(5,G44-2)))+3*(INDEX($A:$A,G44-1))-3*(INDEX($A:$A,G44))+(INDEX($A:$A,MIN(LOOKUP(2,1/((($A$5:$A$120<>"")+($B$5:$B$120<>""))>0),ROW($A$5:$A$120)),G44+1))))*I44^3),INDEX($A:$A,G44-1)+(INDEX($A:$A,G44)-INDEX($A:$A,G44-1))*I44))	=IF(G44="","",IF(INDEX($C:$C,G44)="C",0.5*(2*(INDEX($B:$B,G44-1))+(-(INDEX($B:$B,MAX(5,G44-2)))+(INDEX($B:$B,G44)))*I44+(2*(INDEX($B:$B,MAX(5,G44-2)))-5*(INDEX($B:$B,G44-1))+4*(INDEX($B:$B,G44))-(INDEX($B:$B,MIN(LOOKUP(2,1/((($A$5:$A$120<>"")+($B$5:$B$120<>""))>0),ROW($A$5:$A$120)),G44+1))))*I44^2+(-(INDEX($B:$B,MAX(5,G44-2)))+3*(INDEX($B:$B,G44-1))-3*(INDEX($B:$B,G44))+(INDEX($B:$B,MIN(LOOKUP(2,1/((($A$5:$A$120<>"")+($B$5:$B$120<>""))>0),ROW($A$5:$A$120)),G44+1))))*I44^3),INDEX($B:$B,G44-1)+(INDEX($B:$B,G44)-INDEX($B:$B,G44-1))*I44))	=IF(J44="","",IF(AND(J43<>"",J45<>""),(J45-J43)/2,IF(J45<>"",J45-J44,IF(J43<>"",J44-J43,""))))	=IF(K44="","",IF(AND(K43<>"",K45<>""),(K45-K43)/2,IF(K45<>"",K45-K44,IF(K43<>"",K44-K43,""))))	=IF(L44="","",MOD(DEGREES(ATAN2(L44,M44)),360))	=IF(N44="","",N44+$S$2)	=IF(O44="","","G1 X"&TEXT(J44,"0.###")&" Y"&TEXT(K44,"0.###")&" Z"&TEXT(O44,"0.###"))					
			=IF(C45="C",$S$3,IF(C45="S",1,0))	=E44+D45	=ROW()-5	=IF(OR(F45="",F45<=0,F45>LOOKUP(9.99999999999999E+307,$E$5:$E$120)),"",LOOKUP(F45-1,$E$5:$E$120,ROW($E$5:$E$120))+1)	=IF(G45="","",F45-INDEX($E:$E,G45-1))	=IF(G45="","",H45/INDEX($D:$D,G45))	=IF(G45="","",IF(INDEX($C:$C,G45)="C",0.5*(2*(INDEX($A:$A,G45-1))+(-(INDEX($A:$A,MAX(5,G45-2)))+(INDEX($A:$A,G45)))*I45+(2*(INDEX($A:$A,MAX(5,G45-2)))-5*(INDEX($A:$A,G45-1))+4*(INDEX($A:$A,G45))-(INDEX($A:$A,MIN(LOOKUP(2,1/((($A$5:$A$120<>"")+($B$5:$B$120<>""))>0),ROW($A$5:$A$120)),G45+1))))*I45^2+(-(INDEX($A:$A,MAX(5,G45-2)))+3*(INDEX($A:$A,G45-1))-3*(INDEX($A:$A,G45))+(INDEX($A:$A,MIN(LOOKUP(2,1/((($A$5:$A$120<>"")+($B$5:$B$120<>""))>0),ROW($A$5:$A$120)),G45+1))))*I45^3),INDEX($A:$A,G45-1)+(INDEX($A:$A,G45)-INDEX($A:$A,G45-1))*I45))	=IF(G45="","",IF(INDEX($C:$C,G45)="C",0.5*(2*(INDEX($B:$B,G45-1))+(-(INDEX($B:$B,MAX(5,G45-2)))+(INDEX($B:$B,G45)))*I45+(2*(INDEX($B:$B,MAX(5,G45-2)))-5*(INDEX($B:$B,G45-1))+4*(INDEX($B:$B,G45))-(INDEX($B:$B,MIN(LOOKUP(2,1/((($A$5:$A$120<>"")+($B$5:$B$120<>""))>0),ROW($A$5:$A$120)),G45+1))))*I45^2+(-(INDEX($B:$B,MAX(5,G45-2)))+3*(INDEX($B:$B,G45-1))-3*(INDEX($B:$B,G45))+(INDEX($B:$B,MIN(LOOKUP(2,1/((($A$5:$A$120<>"")+($B$5:$B$120<>""))>0),ROW($A$5:$A$120)),G45+1))))*I45^3),INDEX($B:$B,G45-1)+(INDEX($B:$B,G45)-INDEX($B:$B,G45-1))*I45))	=IF(J45="","",IF(AND(J44<>"",J46<>""),(J46-J44)/2,IF(J46<>"",J46-J45,IF(J44<>"",J45-J44,""))))	=IF(K45="","",IF(AND(K44<>"",K46<>""),(K46-K44)/2,IF(K46<>"",K46-K45,IF(K44<>"",K45-K44,""))))	=IF(L45="","",MOD(DEGREES(ATAN2(L45,M45)),360))	=IF(N45="","",N45+$S$2)	=IF(O45="","","G1 X"&TEXT(J45,"0.###")&" Y"&TEXT(K45,"0.###")&" Z"&TEXT(O45,"0.###"))					
			=IF(C46="C",$S$3,IF(C46="S",1,0))	=E45+D46	=ROW()-5	=IF(OR(F46="",F46<=0,F46>LOOKUP(9.99999999999999E+307,$E$5:$E$120)),"",LOOKUP(F46-1,$E$5:$E$120,ROW($E$5:$E$120))+1)	=IF(G46="","",F46-INDEX($E:$E,G46-1))	=IF(G46="","",H46/INDEX($D:$D,G46))	=IF(G46="","",IF(INDEX($C:$C,G46)="C",0.5*(2*(INDEX($A:$A,G46-1))+(-(INDEX($A:$A,MAX(5,G46-2)))+(INDEX($A:$A,G46)))*I46+(2*(INDEX($A:$A,MAX(5,G46-2)))-5*(INDEX($A:$A,G46-1))+4*(INDEX($A:$A,G46))-(INDEX($A:$A,MIN(LOOKUP(2,1/((($A$5:$A$120<>"")+($B$5:$B$120<>""))>0),ROW($A$5:$A$120)),G46+1))))*I46^2+(-(INDEX($A:$A,MAX(5,G46-2)))+3*(INDEX($A:$A,G46-1))-3*(INDEX($A:$A,G46))+(INDEX($A:$A,MIN(LOOKUP(2,1/((($A$5:$A$120<>"")+($B$5:$B$120<>""))>0),ROW($A$5:$A$120)),G46+1))))*I46^3),INDEX($A:$A,G46-1)+(INDEX($A:$A,G46)-INDEX($A:$A,G46-1))*I46))	=IF(G46="","",IF(INDEX($C:$C,G46)="C",0.5*(2*(INDEX($B:$B,G46-1))+(-(INDEX($B:$B,MAX(5,G46-2)))+(INDEX($B:$B,G46)))*I46+(2*(INDEX($B:$B,MAX(5,G46-2)))-5*(INDEX($B:$B,G46-1))+4*(INDEX($B:$B,G46))-(INDEX($B:$B,MIN(LOOKUP(2,1/((($A$5:$A$120<>"")+($B$5:$B$120<>""))>0),ROW($A$5:$A$120)),G46+1))))*I46^2+(-(INDEX($B:$B,MAX(5,G46-2)))+3*(INDEX($B:$B,G46-1))-3*(INDEX($B:$B,G46))+(INDEX($B:$B,MIN(LOOKUP(2,1/((($A$5:$A$120<>"")+($B$5:$B$120<>""))>0),ROW($A$5:$A$120)),G46+1))))*I46^3),INDEX($B:$B,G46-1)+(INDEX($B:$B,G46)-INDEX($B:$B,G46-1))*I46))	=IF(J46="","",IF(AND(J45<>"",J47<>""),(J47-J45)/2,IF(J47<>"",J47-J46,IF(J45<>"",J46-J45,""))))	=IF(K46="","",IF(AND(K45<>"",K47<>""),(K47-K45)/2,IF(K47<>"",K47-K46,IF(K45<>"",K46-K45,""))))	=IF(L46="","",MOD(DEGREES(ATAN2(L46,M46)),360))	=IF(N46="","",N46+$S$2)	=IF(O46="","","G1 X"&TEXT(J46,"0.###")&" Y"&TEXT(K46,"0.###")&" Z"&TEXT(O46,"0.###"))					
			=IF(C47="C",$S$3,IF(C47="S",1,0))	=E46+D47	=ROW()-5	=IF(OR(F47="",F47<=0,F47>LOOKUP(9.99999999999999E+307,$E$5:$E$120)),"",LOOKUP(F47-1,$E$5:$E$120,ROW($E$5:$E$120))+1)	=IF(G47="","",F47-INDEX($E:$E,G47-1))	=IF(G47="","",H47/INDEX($D:$D,G47))	=IF(G47="","",IF(INDEX($C:$C,G47)="C",0.5*(2*(INDEX($A:$A,G47-1))+(-(INDEX($A:$A,MAX(5,G47-2)))+(INDEX($A:$A,G47)))*I47+(2*(INDEX($A:$A,MAX(5,G47-2)))-5*(INDEX($A:$A,G47-1))+4*(INDEX($A:$A,G47))-(INDEX($A:$A,MIN(LOOKUP(2,1/((($A$5:$A$120<>"")+($B$5:$B$120<>""))>0),ROW($A$5:$A$120)),G47+1))))*I47^2+(-(INDEX($A:$A,MAX(5,G47-2)))+3*(INDEX($A:$A,G47-1))-3*(INDEX($A:$A,G47))+(INDEX($A:$A,MIN(LOOKUP(2,1/((($A$5:$A$120<>"")+($B$5:$B$120<>""))>0),ROW($A$5:$A$120)),G47+1))))*I47^3),INDEX($A:$A,G47-1)+(INDEX($A:$A,G47)-INDEX($A:$A,G47-1))*I47))	=IF(G47="","",IF(INDEX($C:$C,G47)="C",0.5*(2*(INDEX($B:$B,G47-1))+(-(INDEX($B:$B,MAX(5,G47-2)))+(INDEX($B:$B,G47)))*I47+(2*(INDEX($B:$B,MAX(5,G47-2)))-5*(INDEX($B:$B,G47-1))+4*(INDEX($B:$B,G47))-(INDEX($B:$B,MIN(LOOKUP(2,1/((($A$5:$A$120<>"")+($B$5:$B$120<>""))>0),ROW($A$5:$A$120)),G47+1))))*I47^2+(-(INDEX($B:$B,MAX(5,G47-2)))+3*(INDEX($B:$B,G47-1))-3*(INDEX($B:$B,G47))+(INDEX($B:$B,MIN(LOOKUP(2,1/((($A$5:$A$120<>"")+($B$5:$B$120<>""))>0),ROW($A$5:$A$120)),G47+1))))*I47^3),INDEX($B:$B,G47-1)+(INDEX($B:$B,G47)-INDEX($B:$B,G47-1))*I47))	=IF(J47="","",IF(AND(J46<>"",J48<>""),(J48-J46)/2,IF(J48<>"",J48-J47,IF(J46<>"",J47-J46,""))))	=IF(K47="","",IF(AND(K46<>"",K48<>""),(K48-K46)/2,IF(K48<>"",K48-K47,IF(K46<>"",K47-K46,""))))	=IF(L47="","",MOD(DEGREES(ATAN2(L47,M47)),360))	=IF(N47="","",N47+$S$2)	=IF(O47="","","G1 X"&TEXT(J47,"0.###")&" Y"&TEXT(K47,"0.###")&" Z"&TEXT(O47,"0.###"))					
			=IF(C48="C",$S$3,IF(C48="S",1,0))	=E47+D48	=ROW()-5	=IF(OR(F48="",F48<=0,F48>LOOKUP(9.99999999999999E+307,$E$5:$E$120)),"",LOOKUP(F48-1,$E$5:$E$120,ROW($E$5:$E$120))+1)	=IF(G48="","",F48-INDEX($E:$E,G48-1))	=IF(G48="","",H48/INDEX($D:$D,G48))	=IF(G48="","",IF(INDEX($C:$C,G48)="C",0.5*(2*(INDEX($A:$A,G48-1))+(-(INDEX($A:$A,MAX(5,G48-2)))+(INDEX($A:$A,G48)))*I48+(2*(INDEX($A:$A,MAX(5,G48-2)))-5*(INDEX($A:$A,G48-1))+4*(INDEX($A:$A,G48))-(INDEX($A:$A,MIN(LOOKUP(2,1/((($A$5:$A$120<>"")+($B$5:$B$120<>""))>0),ROW($A$5:$A$120)),G48+1))))*I48^2+(-(INDEX($A:$A,MAX(5,G48-2)))+3*(INDEX($A:$A,G48-1))-3*(INDEX($A:$A,G48))+(INDEX($A:$A,MIN(LOOKUP(2,1/((($A$5:$A$120<>"")+($B$5:$B$120<>""))>0),ROW($A$5:$A$120)),G48+1))))*I48^3),INDEX($A:$A,G48-1)+(INDEX($A:$A,G48)-INDEX($A:$A,G48-1))*I48))	=IF(G48="","",IF(INDEX($C:$C,G48)="C",0.5*(2*(INDEX($B:$B,G48-1))+(-(INDEX($B:$B,MAX(5,G48-2)))+(INDEX($B:$B,G48)))*I48+(2*(INDEX($B:$B,MAX(5,G48-2)))-5*(INDEX($B:$B,G48-1))+4*(INDEX($B:$B,G48))-(INDEX($B:$B,MIN(LOOKUP(2,1/((($A$5:$A$120<>"")+($B$5:$B$120<>""))>0),ROW($A$5:$A$120)),G48+1))))*I48^2+(-(INDEX($B:$B,MAX(5,G48-2)))+3*(INDEX($B:$B,G48-1))-3*(INDEX($B:$B,G48))+(INDEX($B:$B,MIN(LOOKUP(2,1/((($A$5:$A$120<>"")+($B$5:$B$120<>""))>0),ROW($A$5:$A$120)),G48+1))))*I48^3),INDEX($B:$B,G48-1)+(INDEX($B:$B,G48)-INDEX($B:$B,G48-1))*I48))	=IF(J48="","",IF(AND(J47<>"",J49<>""),(J49-J47)/2,IF(J49<>"",J49-J48,IF(J47<>"",J48-J47,""))))	=IF(K48="","",IF(AND(K47<>"",K49<>""),(K49-K47)/2,IF(K49<>"",K49-K48,IF(K47<>"",K48-K47,""))))	=IF(L48="","",MOD(DEGREES(ATAN2(L48,M48)),360))	=IF(N48="","",N48+$S$2)	=IF(O48="","","G1 X"&TEXT(J48,"0.###")&" Y"&TEXT(K48,"0.###")&" Z"&TEXT(O48,"0.###"))					
			=IF(C49="C",$S$3,IF(C49="S",1,0))	=E48+D49	=ROW()-5	=IF(OR(F49="",F49<=0,F49>LOOKUP(9.99999999999999E+307,$E$5:$E$120)),"",LOOKUP(F49-1,$E$5:$E$120,ROW($E$5:$E$120))+1)	=IF(G49="","",F49-INDEX($E:$E,G49-1))	=IF(G49="","",H49/INDEX($D:$D,G49))	=IF(G49="","",IF(INDEX($C:$C,G49)="C",0.5*(2*(INDEX($A:$A,G49-1))+(-(INDEX($A:$A,MAX(5,G49-2)))+(INDEX($A:$A,G49)))*I49+(2*(INDEX($A:$A,MAX(5,G49-2)))-5*(INDEX($A:$A,G49-1))+4*(INDEX($A:$A,G49))-(INDEX($A:$A,MIN(LOOKUP(2,1/((($A$5:$A$120<>"")+($B$5:$B$120<>""))>0),ROW($A$5:$A$120)),G49+1))))*I49^2+(-(INDEX($A:$A,MAX(5,G49-2)))+3*(INDEX($A:$A,G49-1))-3*(INDEX($A:$A,G49))+(INDEX($A:$A,MIN(LOOKUP(2,1/((($A$5:$A$120<>"")+($B$5:$B$120<>""))>0),ROW($A$5:$A$120)),G49+1))))*I49^3),INDEX($A:$A,G49-1)+(INDEX($A:$A,G49)-INDEX($A:$A,G49-1))*I49))	=IF(G49="","",IF(INDEX($C:$C,G49)="C",0.5*(2*(INDEX($B:$B,G49-1))+(-(INDEX($B:$B,MAX(5,G49-2)))+(INDEX($B:$B,G49)))*I49+(2*(INDEX($B:$B,MAX(5,G49-2)))-5*(INDEX($B:$B,G49-1))+4*(INDEX($B:$B,G49))-(INDEX($B:$B,MIN(LOOKUP(2,1/((($A$5:$A$120<>"")+($B$5:$B$120<>""))>0),ROW($A$5:$A$120)),G49+1))))*I49^2+(-(INDEX($B:$B,MAX(5,G49-2)))+3*(INDEX($B:$B,G49-1))-3*(INDEX($B:$B,G49))+(INDEX($B:$B,MIN(LOOKUP(2,1/((($A$5:$A$120<>"")+($B$5:$B$120<>""))>0),ROW($A$5:$A$120)),G49+1))))*I49^3),INDEX($B:$B,G49-1)+(INDEX($B:$B,G49)-INDEX($B:$B,G49-1))*I49))	=IF(J49="","",IF(AND(J48<>"",J50<>""),(J50-J48)/2,IF(J50<>"",J50-J49,IF(J48<>"",J49-J48,""))))	=IF(K49="","",IF(AND(K48<>"",K50<>""),(K50-K48)/2,IF(K50<>"",K50-K49,IF(K48<>"",K49-K48,""))))	=IF(L49="","",MOD(DEGREES(ATAN2(L49,M49)),360))	=IF(N49="","",N49+$S$2)	=IF(O49="","","G1 X"&TEXT(J49,"0.###")&" Y"&TEXT(K49,"0.###")&" Z"&TEXT(O49,"0.###"))					
			=IF(C50="C",$S$3,IF(C50="S",1,0))	=E49+D50	=ROW()-5	=IF(OR(F50="",F50<=0,F50>LOOKUP(9.99999999999999E+307,$E$5:$E$120)),"",LOOKUP(F50-1,$E$5:$E$120,ROW($E$5:$E$120))+1)	=IF(G50="","",F50-INDEX($E:$E,G50-1))	=IF(G50="","",H50/INDEX($D:$D,G50))	=IF(G50="","",IF(INDEX($C:$C,G50)="C",0.5*(2*(INDEX($A:$A,G50-1))+(-(INDEX($A:$A,MAX(5,G50-2)))+(INDEX($A:$A,G50)))*I50+(2*(INDEX($A:$A,MAX(5,G50-2)))-5*(INDEX($A:$A,G50-1))+4*(INDEX($A:$A,G50))-(INDEX($A:$A,MIN(LOOKUP(2,1/((($A$5:$A$120<>"")+($B$5:$B$120<>""))>0),ROW($A$5:$A$120)),G50+1))))*I50^2+(-(INDEX($A:$A,MAX(5,G50-2)))+3*(INDEX($A:$A,G50-1))-3*(INDEX($A:$A,G50))+(INDEX($A:$A,MIN(LOOKUP(2,1/((($A$5:$A$120<>"")+($B$5:$B$120<>""))>0),ROW($A$5:$A$120)),G50+1))))*I50^3),INDEX($A:$A,G50-1)+(INDEX($A:$A,G50)-INDEX($A:$A,G50-1))*I50))	=IF(G50="","",IF(INDEX($C:$C,G50)="C",0.5*(2*(INDEX($B:$B,G50-1))+(-(INDEX($B:$B,MAX(5,G50-2)))+(INDEX($B:$B,G50)))*I50+(2*(INDEX($B:$B,MAX(5,G50-2)))-5*(INDEX($B:$B,G50-1))+4*(INDEX($B:$B,G50))-(INDEX($B:$B,MIN(LOOKUP(2,1/((($A$5:$A$120<>"")+($B$5:$B$120<>""))>0),ROW($A$5:$A$120)),G50+1))))*I50^2+(-(INDEX($B:$B,MAX(5,G50-2)))+3*(INDEX($B:$B,G50-1))-3*(INDEX($B:$B,G50))+(INDEX($B:$B,MIN(LOOKUP(2,1/((($A$5:$A$120<>"")+($B$5:$B$120<>""))>0),ROW($A$5:$A$120)),G50+1))))*I50^3),INDEX($B:$B,G50-1)+(INDEX($B:$B,G50)-INDEX($B:$B,G50-1))*I50))	=IF(J50="","",IF(AND(J49<>"",J51<>""),(J51-J49)/2,IF(J51<>"",J51-J50,IF(J49<>"",J50-J49,""))))	=IF(K50="","",IF(AND(K49<>"",K51<>""),(K51-K49)/2,IF(K51<>"",K51-K50,IF(K49<>"",K50-K49,""))))	=IF(L50="","",MOD(DEGREES(ATAN2(L50,M50)),360))	=IF(N50="","",N50+$S$2)	=IF(O50="","","G1 X"&TEXT(J50,"0.###")&" Y"&TEXT(K50,"0.###")&" Z"&TEXT(O50,"0.###"))					
			=IF(C51="C",$S$3,IF(C51="S",1,0))	=E50+D51	=ROW()-5	=IF(OR(F51="",F51<=0,F51>LOOKUP(9.99999999999999E+307,$E$5:$E$120)),"",LOOKUP(F51-1,$E$5:$E$120,ROW($E$5:$E$120))+1)	=IF(G51="","",F51-INDEX($E:$E,G51-1))	=IF(G51="","",H51/INDEX($D:$D,G51))	=IF(G51="","",IF(INDEX($C:$C,G51)="C",0.5*(2*(INDEX($A:$A,G51-1))+(-(INDEX($A:$A,MAX(5,G51-2)))+(INDEX($A:$A,G51)))*I51+(2*(INDEX($A:$A,MAX(5,G51-2)))-5*(INDEX($A:$A,G51-1))+4*(INDEX($A:$A,G51))-(INDEX($A:$A,MIN(LOOKUP(2,1/((($A$5:$A$120<>"")+($B$5:$B$120<>""))>0),ROW($A$5:$A$120)),G51+1))))*I51^2+(-(INDEX($A:$A,MAX(5,G51-2)))+3*(INDEX($A:$A,G51-1))-3*(INDEX($A:$A,G51))+(INDEX($A:$A,MIN(LOOKUP(2,1/((($A$5:$A$120<>"")+($B$5:$B$120<>""))>0),ROW($A$5:$A$120)),G51+1))))*I51^3),INDEX($A:$A,G51-1)+(INDEX($A:$A,G51)-INDEX($A:$A,G51-1))*I51))	=IF(G51="","",IF(INDEX($C:$C,G51)="C",0.5*(2*(INDEX($B:$B,G51-1))+(-(INDEX($B:$B,MAX(5,G51-2)))+(INDEX($B:$B,G51)))*I51+(2*(INDEX($B:$B,MAX(5,G51-2)))-5*(INDEX($B:$B,G51-1))+4*(INDEX($B:$B,G51))-(INDEX($B:$B,MIN(LOOKUP(2,1/((($A$5:$A$120<>"")+($B$5:$B$120<>""))>0),ROW($A$5:$A$120)),G51+1))))*I51^2+(-(INDEX($B:$B,MAX(5,G51-2)))+3*(INDEX($B:$B,G51-1))-3*(INDEX($B:$B,G51))+(INDEX($B:$B,MIN(LOOKUP(2,1/((($A$5:$A$120<>"")+($B$5:$B$120<>""))>0),ROW($A$5:$A$120)),G51+1))))*I51^3),INDEX($B:$B,G51-1)+(INDEX($B:$B,G51)-INDEX($B:$B,G51-1))*I51))	=IF(J51="","",IF(AND(J50<>"",J52<>""),(J52-J50)/2,IF(J52<>"",J52-J51,IF(J50<>"",J51-J50,""))))	=IF(K51="","",IF(AND(K50<>"",K52<>""),(K52-K50)/2,IF(K52<>"",K52-K51,IF(K50<>"",K51-K50,""))))	=IF(L51="","",MOD(DEGREES(ATAN2(L51,M51)),360))	=IF(N51="","",N51+$S$2)	=IF(O51="","","G1 X"&TEXT(J51,"0.###")&" Y"&TEXT(K51,"0.###")&" Z"&TEXT(O51,"0.###"))					
			=IF(C52="C",$S$3,IF(C52="S",1,0))	=E51+D52	=ROW()-5	=IF(OR(F52="",F52<=0,F52>LOOKUP(9.99999999999999E+307,$E$5:$E$120)),"",LOOKUP(F52-1,$E$5:$E$120,ROW($E$5:$E$120))+1)	=IF(G52="","",F52-INDEX($E:$E,G52-1))	=IF(G52="","",H52/INDEX($D:$D,G52))	=IF(G52="","",IF(INDEX($C:$C,G52)="C",0.5*(2*(INDEX($A:$A,G52-1))+(-(INDEX($A:$A,MAX(5,G52-2)))+(INDEX($A:$A,G52)))*I52+(2*(INDEX($A:$A,MAX(5,G52-2)))-5*(INDEX($A:$A,G52-1))+4*(INDEX($A:$A,G52))-(INDEX($A:$A,MIN(LOOKUP(2,1/((($A$5:$A$120<>"")+($B$5:$B$120<>""))>0),ROW($A$5:$A$120)),G52+1))))*I52^2+(-(INDEX($A:$A,MAX(5,G52-2)))+3*(INDEX($A:$A,G52-1))-3*(INDEX($A:$A,G52))+(INDEX($A:$A,MIN(LOOKUP(2,1/((($A$5:$A$120<>"")+($B$5:$B$120<>""))>0),ROW($A$5:$A$120)),G52+1))))*I52^3),INDEX($A:$A,G52-1)+(INDEX($A:$A,G52)-INDEX($A:$A,G52-1))*I52))	=IF(G52="","",IF(INDEX($C:$C,G52)="C",0.5*(2*(INDEX($B:$B,G52-1))+(-(INDEX($B:$B,MAX(5,G52-2)))+(INDEX($B:$B,G52)))*I52+(2*(INDEX($B:$B,MAX(5,G52-2)))-5*(INDEX($B:$B,G52-1))+4*(INDEX($B:$B,G52))-(INDEX($B:$B,MIN(LOOKUP(2,1/((($A$5:$A$120<>"")+($B$5:$B$120<>""))>0),ROW($A$5:$A$120)),G52+1))))*I52^2+(-(INDEX($B:$B,MAX(5,G52-2)))+3*(INDEX($B:$B,G52-1))-3*(INDEX($B:$B,G52))+(INDEX($B:$B,MIN(LOOKUP(2,1/((($A$5:$A$120<>"")+($B$5:$B$120<>""))>0),ROW($A$5:$A$120)),G52+1))))*I52^3),INDEX($B:$B,G52-1)+(INDEX($B:$B,G52)-INDEX($B:$B,G52-1))*I52))	=IF(J52="","",IF(AND(J51<>"",J53<>""),(J53-J51)/2,IF(J53<>"",J53-J52,IF(J51<>"",J52-J51,""))))	=IF(K52="","",IF(AND(K51<>"",K53<>""),(K53-K51)/2,IF(K53<>"",K53-K52,IF(K51<>"",K52-K51,""))))	=IF(L52="","",MOD(DEGREES(ATAN2(L52,M52)),360))	=IF(N52="","",N52+$S$2)	=IF(O52="","","G1 X"&TEXT(J52,"0.###")&" Y"&TEXT(K52,"0.###")&" Z"&TEXT(O52,"0.###"))					
			=IF(C53="C",$S$3,IF(C53="S",1,0))	=E52+D53	=ROW()-5	=IF(OR(F53="",F53<=0,F53>LOOKUP(9.99999999999999E+307,$E$5:$E$120)),"",LOOKUP(F53-1,$E$5:$E$120,ROW($E$5:$E$120))+1)	=IF(G53="","",F53-INDEX($E:$E,G53-1))	=IF(G53="","",H53/INDEX($D:$D,G53))	=IF(G53="","",IF(INDEX($C:$C,G53)="C",0.5*(2*(INDEX($A:$A,G53-1))+(-(INDEX($A:$A,MAX(5,G53-2)))+(INDEX($A:$A,G53)))*I53+(2*(INDEX($A:$A,MAX(5,G53-2)))-5*(INDEX($A:$A,G53-1))+4*(INDEX($A:$A,G53))-(INDEX($A:$A,MIN(LOOKUP(2,1/((($A$5:$A$120<>"")+($B$5:$B$120<>""))>0),ROW($A$5:$A$120)),G53+1))))*I53^2+(-(INDEX($A:$A,MAX(5,G53-2)))+3*(INDEX($A:$A,G53-1))-3*(INDEX($A:$A,G53))+(INDEX($A:$A,MIN(LOOKUP(2,1/((($A$5:$A$120<>"")+($B$5:$B$120<>""))>0),ROW($A$5:$A$120)),G53+1))))*I53^3),INDEX($A:$A,G53-1)+(INDEX($A:$A,G53)-INDEX($A:$A,G53-1))*I53))	=IF(G53="","",IF(INDEX($C:$C,G53)="C",0.5*(2*(INDEX($B:$B,G53-1))+(-(INDEX($B:$B,MAX(5,G53-2)))+(INDEX($B:$B,G53)))*I53+(2*(INDEX($B:$B,MAX(5,G53-2)))-5*(INDEX($B:$B,G53-1))+4*(INDEX($B:$B,G53))-(INDEX($B:$B,MIN(LOOKUP(2,1/((($A$5:$A$120<>"")+($B$5:$B$120<>""))>0),ROW($A$5:$A$120)),G53+1))))*I53^2+(-(INDEX($B:$B,MAX(5,G53-2)))+3*(INDEX($B:$B,G53-1))-3*(INDEX($B:$B,G53))+(INDEX($B:$B,MIN(LOOKUP(2,1/((($A$5:$A$120<>"")+($B$5:$B$120<>""))>0),ROW($A$5:$A$120)),G53+1))))*I53^3),INDEX($B:$B,G53-1)+(INDEX($B:$B,G53)-INDEX($B:$B,G53-1))*I53))	=IF(J53="","",IF(AND(J52<>"",J54<>""),(J54-J52)/2,IF(J54<>"",J54-J53,IF(J52<>"",J53-J52,""))))	=IF(K53="","",IF(AND(K52<>"",K54<>""),(K54-K52)/2,IF(K54<>"",K54-K53,IF(K52<>"",K53-K52,""))))	=IF(L53="","",MOD(DEGREES(ATAN2(L53,M53)),360))	=IF(N53="","",N53+$S$2)	=IF(O53="","","G1 X"&TEXT(J53,"0.###")&" Y"&TEXT(K53,"0.###")&" Z"&TEXT(O53,"0.###"))					
			=IF(C54="C",$S$3,IF(C54="S",1,0))	=E53+D54	=ROW()-5	=IF(OR(F54="",F54<=0,F54>LOOKUP(9.99999999999999E+307,$E$5:$E$120)),"",LOOKUP(F54-1,$E$5:$E$120,ROW($E$5:$E$120))+1)	=IF(G54="","",F54-INDEX($E:$E,G54-1))	=IF(G54="","",H54/INDEX($D:$D,G54))	=IF(G54="","",IF(INDEX($C:$C,G54)="C",0.5*(2*(INDEX($A:$A,G54-1))+(-(INDEX($A:$A,MAX(5,G54-2)))+(INDEX($A:$A,G54)))*I54+(2*(INDEX($A:$A,MAX(5,G54-2)))-5*(INDEX($A:$A,G54-1))+4*(INDEX($A:$A,G54))-(INDEX($A:$A,MIN(LOOKUP(2,1/((($A$5:$A$120<>"")+($B$5:$B$120<>""))>0),ROW($A$5:$A$120)),G54+1))))*I54^2+(-(INDEX($A:$A,MAX(5,G54-2)))+3*(INDEX($A:$A,G54-1))-3*(INDEX($A:$A,G54))+(INDEX($A:$A,MIN(LOOKUP(2,1/((($A$5:$A$120<>"")+($B$5:$B$120<>""))>0),ROW($A$5:$A$120)),G54+1))))*I54^3),INDEX($A:$A,G54-1)+(INDEX($A:$A,G54)-INDEX($A:$A,G54-1))*I54))	=IF(G54="","",IF(INDEX($C:$C,G54)="C",0.5*(2*(INDEX($B:$B,G54-1))+(-(INDEX($B:$B,MAX(5,G54-2)))+(INDEX($B:$B,G54)))*I54+(2*(INDEX($B:$B,MAX(5,G54-2)))-5*(INDEX($B:$B,G54-1))+4*(INDEX($B:$B,G54))-(INDEX($B:$B,MIN(LOOKUP(2,1/((($A$5:$A$120<>"")+($B$5:$B$120<>""))>0),ROW($A$5:$A$120)),G54+1))))*I54^2+(-(INDEX($B:$B,MAX(5,G54-2)))+3*(INDEX($B:$B,G54-1))-3*(INDEX($B:$B,G54))+(INDEX($B:$B,MIN(LOOKUP(2,1/((($A$5:$A$120<>"")+($B$5:$B$120<>""))>0),ROW($A$5:$A$120)),G54+1))))*I54^3),INDEX($B:$B,G54-1)+(INDEX($B:$B,G54)-INDEX($B:$B,G54-1))*I54))	=IF(J54="","",IF(AND(J53<>"",J55<>""),(J55-J53)/2,IF(J55<>"",J55-J54,IF(J53<>"",J54-J53,""))))	=IF(K54="","",IF(AND(K53<>"",K55<>""),(K55-K53)/2,IF(K55<>"",K55-K54,IF(K53<>"",K54-K53,""))))	=IF(L54="","",MOD(DEGREES(ATAN2(L54,M54)),360))	=IF(N54="","",N54+$S$2)	=IF(O54="","","G1 X"&TEXT(J54,"0.###")&" Y"&TEXT(K54,"0.###")&" Z"&TEXT(O54,"0.###"))					
			=IF(C55="C",$S$3,IF(C55="S",1,0))	=E54+D55	=ROW()-5	=IF(OR(F55="",F55<=0,F55>LOOKUP(9.99999999999999E+307,$E$5:$E$120)),"",LOOKUP(F55-1,$E$5:$E$120,ROW($E$5:$E$120))+1)	=IF(G55="","",F55-INDEX($E:$E,G55-1))	=IF(G55="","",H55/INDEX($D:$D,G55))	=IF(G55="","",IF(INDEX($C:$C,G55)="C",0.5*(2*(INDEX($A:$A,G55-1))+(-(INDEX($A:$A,MAX(5,G55-2)))+(INDEX($A:$A,G55)))*I55+(2*(INDEX($A:$A,MAX(5,G55-2)))-5*(INDEX($A:$A,G55-1))+4*(INDEX($A:$A,G55))-(INDEX($A:$A,MIN(LOOKUP(2,1/((($A$5:$A$120<>"")+($B$5:$B$120<>""))>0),ROW($A$5:$A$120)),G55+1))))*I55^2+(-(INDEX($A:$A,MAX(5,G55-2)))+3*(INDEX($A:$A,G55-1))-3*(INDEX($A:$A,G55))+(INDEX($A:$A,MIN(LOOKUP(2,1/((($A$5:$A$120<>"")+($B$5:$B$120<>""))>0),ROW($A$5:$A$120)),G55+1))))*I55^3),INDEX($A:$A,G55-1)+(INDEX($A:$A,G55)-INDEX($A:$A,G55-1))*I55))	=IF(G55="","",IF(INDEX($C:$C,G55)="C",0.5*(2*(INDEX($B:$B,G55-1))+(-(INDEX($B:$B,MAX(5,G55-2)))+(INDEX($B:$B,G55)))*I55+(2*(INDEX($B:$B,MAX(5,G55-2)))-5*(INDEX($B:$B,G55-1))+4*(INDEX($B:$B,G55))-(INDEX($B:$B,MIN(LOOKUP(2,1/((($A$5:$A$120<>"")+($B$5:$B$120<>""))>0),ROW($A$5:$A$120)),G55+1))))*I55^2+(-(INDEX($B:$B,MAX(5,G55-2)))+3*(INDEX($B:$B,G55-1))-3*(INDEX($B:$B,G55))+(INDEX($B:$B,MIN(LOOKUP(2,1/((($A$5:$A$120<>"")+($B$5:$B$120<>""))>0),ROW($A$5:$A$120)),G55+1))))*I55^3),INDEX($B:$B,G55-1)+(INDEX($B:$B,G55)-INDEX($B:$B,G55-1))*I55))	=IF(J55="","",IF(AND(J54<>"",J56<>""),(J56-J54)/2,IF(J56<>"",J56-J55,IF(J54<>"",J55-J54,""))))	=IF(K55="","",IF(AND(K54<>"",K56<>""),(K56-K54)/2,IF(K56<>"",K56-K55,IF(K54<>"",K55-K54,""))))	=IF(L55="","",MOD(DEGREES(ATAN2(L55,M55)),360))	=IF(N55="","",N55+$S$2)	=IF(O55="","","G1 X"&TEXT(J55,"0.###")&" Y"&TEXT(K55,"0.###")&" Z"&TEXT(O55,"0.###"))					
			=IF(C56="C",$S$3,IF(C56="S",1,0))	=E55+D56	=ROW()-5	=IF(OR(F56="",F56<=0,F56>LOOKUP(9.99999999999999E+307,$E$5:$E$120)),"",LOOKUP(F56-1,$E$5:$E$120,ROW($E$5:$E$120))+1)	=IF(G56="","",F56-INDEX($E:$E,G56-1))	=IF(G56="","",H56/INDEX($D:$D,G56))	=IF(G56="","",IF(INDEX($C:$C,G56)="C",0.5*(2*(INDEX($A:$A,G56-1))+(-(INDEX($A:$A,MAX(5,G56-2)))+(INDEX($A:$A,G56)))*I56+(2*(INDEX($A:$A,MAX(5,G56-2)))-5*(INDEX($A:$A,G56-1))+4*(INDEX($A:$A,G56))-(INDEX($A:$A,MIN(LOOKUP(2,1/((($A$5:$A$120<>"")+($B$5:$B$120<>""))>0),ROW($A$5:$A$120)),G56+1))))*I56^2+(-(INDEX($A:$A,MAX(5,G56-2)))+3*(INDEX($A:$A,G56-1))-3*(INDEX($A:$A,G56))+(INDEX($A:$A,MIN(LOOKUP(2,1/((($A$5:$A$120<>"")+($B$5:$B$120<>""))>0),ROW($A$5:$A$120)),G56+1))))*I56^3),INDEX($A:$A,G56-1)+(INDEX($A:$A,G56)-INDEX($A:$A,G56-1))*I56))	=IF(G56="","",IF(INDEX($C:$C,G56)="C",0.5*(2*(INDEX($B:$B,G56-1))+(-(INDEX($B:$B,MAX(5,G56-2)))+(INDEX($B:$B,G56)))*I56+(2*(INDEX($B:$B,MAX(5,G56-2)))-5*(INDEX($B:$B,G56-1))+4*(INDEX($B:$B,G56))-(INDEX($B:$B,MIN(LOOKUP(2,1/((($A$5:$A$120<>"")+($B$5:$B$120<>""))>0),ROW($A$5:$A$120)),G56+1))))*I56^2+(-(INDEX($B:$B,MAX(5,G56-2)))+3*(INDEX($B:$B,G56-1))-3*(INDEX($B:$B,G56))+(INDEX($B:$B,MIN(LOOKUP(2,1/((($A$5:$A$120<>"")+($B$5:$B$120<>""))>0),ROW($A$5:$A$120)),G56+1))))*I56^3),INDEX($B:$B,G56-1)+(INDEX($B:$B,G56)-INDEX($B:$B,G56-1))*I56))	=IF(J56="","",IF(AND(J55<>"",J57<>""),(J57-J55)/2,IF(J57<>"",J57-J56,IF(J55<>"",J56-J55,""))))	=IF(K56="","",IF(AND(K55<>"",K57<>""),(K57-K55)/2,IF(K57<>"",K57-K56,IF(K55<>"",K56-K55,""))))	=IF(L56="","",MOD(DEGREES(ATAN2(L56,M56)),360))	=IF(N56="","",N56+$S$2)	=IF(O56="","","G1 X"&TEXT(J56,"0.###")&" Y"&TEXT(K56,"0.###")&" Z"&TEXT(O56,"0.###"))					
			=IF(C57="C",$S$3,IF(C57="S",1,0))	=E56+D57	=ROW()-5	=IF(OR(F57="",F57<=0,F57>LOOKUP(9.99999999999999E+307,$E$5:$E$120)),"",LOOKUP(F57-1,$E$5:$E$120,ROW($E$5:$E$120))+1)	=IF(G57="","",F57-INDEX($E:$E,G57-1))	=IF(G57="","",H57/INDEX($D:$D,G57))	=IF(G57="","",IF(INDEX($C:$C,G57)="C",0.5*(2*(INDEX($A:$A,G57-1))+(-(INDEX($A:$A,MAX(5,G57-2)))+(INDEX($A:$A,G57)))*I57+(2*(INDEX($A:$A,MAX(5,G57-2)))-5*(INDEX($A:$A,G57-1))+4*(INDEX($A:$A,G57))-(INDEX($A:$A,MIN(LOOKUP(2,1/((($A$5:$A$120<>"")+($B$5:$B$120<>""))>0),ROW($A$5:$A$120)),G57+1))))*I57^2+(-(INDEX($A:$A,MAX(5,G57-2)))+3*(INDEX($A:$A,G57-1))-3*(INDEX($A:$A,G57))+(INDEX($A:$A,MIN(LOOKUP(2,1/((($A$5:$A$120<>"")+($B$5:$B$120<>""))>0),ROW($A$5:$A$120)),G57+1))))*I57^3),INDEX($A:$A,G57-1)+(INDEX($A:$A,G57)-INDEX($A:$A,G57-1))*I57))	=IF(G57="","",IF(INDEX($C:$C,G57)="C",0.5*(2*(INDEX($B:$B,G57-1))+(-(INDEX($B:$B,MAX(5,G57-2)))+(INDEX($B:$B,G57)))*I57+(2*(INDEX($B:$B,MAX(5,G57-2)))-5*(INDEX($B:$B,G57-1))+4*(INDEX($B:$B,G57))-(INDEX($B:$B,MIN(LOOKUP(2,1/((($A$5:$A$120<>"")+($B$5:$B$120<>""))>0),ROW($A$5:$A$120)),G57+1))))*I57^2+(-(INDEX($B:$B,MAX(5,G57-2)))+3*(INDEX($B:$B,G57-1))-3*(INDEX($B:$B,G57))+(INDEX($B:$B,MIN(LOOKUP(2,1/((($A$5:$A$120<>"")+($B$5:$B$120<>""))>0),ROW($A$5:$A$120)),G57+1))))*I57^3),INDEX($B:$B,G57-1)+(INDEX($B:$B,G57)-INDEX($B:$B,G57-1))*I57))	=IF(J57="","",IF(AND(J56<>"",J58<>""),(J58-J56)/2,IF(J58<>"",J58-J57,IF(J56<>"",J57-J56,""))))	=IF(K57="","",IF(AND(K56<>"",K58<>""),(K58-K56)/2,IF(K58<>"",K58-K57,IF(K56<>"",K57-K56,""))))	=IF(L57="","",MOD(DEGREES(ATAN2(L57,M57)),360))	=IF(N57="","",N57+$S$2)	=IF(O57="","","G1 X"&TEXT(J57,"0.###")&" Y"&TEXT(K57,"0.###")&" Z"&TEXT(O57,"0.###"))					
			=IF(C58="C",$S$3,IF(C58="S",1,0))	=E57+D58	=ROW()-5	=IF(OR(F58="",F58<=0,F58>LOOKUP(9.99999999999999E+307,$E$5:$E$120)),"",LOOKUP(F58-1,$E$5:$E$120,ROW($E$5:$E$120))+1)	=IF(G58="","",F58-INDEX($E:$E,G58-1))	=IF(G58="","",H58/INDEX($D:$D,G58))	=IF(G58="","",IF(INDEX($C:$C,G58)="C",0.5*(2*(INDEX($A:$A,G58-1))+(-(INDEX($A:$A,MAX(5,G58-2)))+(INDEX($A:$A,G58)))*I58+(2*(INDEX($A:$A,MAX(5,G58-2)))-5*(INDEX($A:$A,G58-1))+4*(INDEX($A:$A,G58))-(INDEX($A:$A,MIN(LOOKUP(2,1/((($A$5:$A$120<>"")+($B$5:$B$120<>""))>0),ROW($A$5:$A$120)),G58+1))))*I58^2+(-(INDEX($A:$A,MAX(5,G58-2)))+3*(INDEX($A:$A,G58-1))-3*(INDEX($A:$A,G58))+(INDEX($A:$A,MIN(LOOKUP(2,1/((($A$5:$A$120<>"")+($B$5:$B$120<>""))>0),ROW($A$5:$A$120)),G58+1))))*I58^3),INDEX($A:$A,G58-1)+(INDEX($A:$A,G58)-INDEX($A:$A,G58-1))*I58))	=IF(G58="","",IF(INDEX($C:$C,G58)="C",0.5*(2*(INDEX($B:$B,G58-1))+(-(INDEX($B:$B,MAX(5,G58-2)))+(INDEX($B:$B,G58)))*I58+(2*(INDEX($B:$B,MAX(5,G58-2)))-5*(INDEX($B:$B,G58-1))+4*(INDEX($B:$B,G58))-(INDEX($B:$B,MIN(LOOKUP(2,1/((($A$5:$A$120<>"")+($B$5:$B$120<>""))>0),ROW($A$5:$A$120)),G58+1))))*I58^2+(-(INDEX($B:$B,MAX(5,G58-2)))+3*(INDEX($B:$B,G58-1))-3*(INDEX($B:$B,G58))+(INDEX($B:$B,MIN(LOOKUP(2,1/((($A$5:$A$120<>"")+($B$5:$B$120<>""))>0),ROW($A$5:$A$120)),G58+1))))*I58^3),INDEX($B:$B,G58-1)+(INDEX($B:$B,G58)-INDEX($B:$B,G58-1))*I58))	=IF(J58="","",IF(AND(J57<>"",J59<>""),(J59-J57)/2,IF(J59<>"",J59-J58,IF(J57<>"",J58-J57,""))))	=IF(K58="","",IF(AND(K57<>"",K59<>""),(K59-K57)/2,IF(K59<>"",K59-K58,IF(K57<>"",K58-K57,""))))	=IF(L58="","",MOD(DEGREES(ATAN2(L58,M58)),360))	=IF(N58="","",N58+$S$2)	=IF(O58="","","G1 X"&TEXT(J58,"0.###")&" Y"&TEXT(K58,"0.###")&" Z"&TEXT(O58,"0.###"))					
			=IF(C59="C",$S$3,IF(C59="S",1,0))	=E58+D59	=ROW()-5	=IF(OR(F59="",F59<=0,F59>LOOKUP(9.99999999999999E+307,$E$5:$E$120)),"",LOOKUP(F59-1,$E$5:$E$120,ROW($E$5:$E$120))+1)	=IF(G59="","",F59-INDEX($E:$E,G59-1))	=IF(G59="","",H59/INDEX($D:$D,G59))	=IF(G59="","",IF(INDEX($C:$C,G59)="C",0.5*(2*(INDEX($A:$A,G59-1))+(-(INDEX($A:$A,MAX(5,G59-2)))+(INDEX($A:$A,G59)))*I59+(2*(INDEX($A:$A,MAX(5,G59-2)))-5*(INDEX($A:$A,G59-1))+4*(INDEX($A:$A,G59))-(INDEX($A:$A,MIN(LOOKUP(2,1/((($A$5:$A$120<>"")+($B$5:$B$120<>""))>0),ROW($A$5:$A$120)),G59+1))))*I59^2+(-(INDEX($A:$A,MAX(5,G59-2)))+3*(INDEX($A:$A,G59-1))-3*(INDEX($A:$A,G59))+(INDEX($A:$A,MIN(LOOKUP(2,1/((($A$5:$A$120<>"")+($B$5:$B$120<>""))>0),ROW($A$5:$A$120)),G59+1))))*I59^3),INDEX($A:$A,G59-1)+(INDEX($A:$A,G59)-INDEX($A:$A,G59-1))*I59))	=IF(G59="","",IF(INDEX($C:$C,G59)="C",0.5*(2*(INDEX($B:$B,G59-1))+(-(INDEX($B:$B,MAX(5,G59-2)))+(INDEX($B:$B,G59)))*I59+(2*(INDEX($B:$B,MAX(5,G59-2)))-5*(INDEX($B:$B,G59-1))+4*(INDEX($B:$B,G59))-(INDEX($B:$B,MIN(LOOKUP(2,1/((($A$5:$A$120<>"")+($B$5:$B$120<>""))>0),ROW($A$5:$A$120)),G59+1))))*I59^2+(-(INDEX($B:$B,MAX(5,G59-2)))+3*(INDEX($B:$B,G59-1))-3*(INDEX($B:$B,G59))+(INDEX($B:$B,MIN(LOOKUP(2,1/((($A$5:$A$120<>"")+($B$5:$B$120<>""))>0),ROW($A$5:$A$120)),G59+1))))*I59^3),INDEX($B:$B,G59-1)+(INDEX($B:$B,G59)-INDEX($B:$B,G59-1))*I59))	=IF(J59="","",IF(AND(J58<>"",J60<>""),(J60-J58)/2,IF(J60<>"",J60-J59,IF(J58<>"",J59-J58,""))))	=IF(K59="","",IF(AND(K58<>"",K60<>""),(K60-K58)/2,IF(K60<>"",K60-K59,IF(K58<>"",K59-K58,""))))	=IF(L59="","",MOD(DEGREES(ATAN2(L59,M59)),360))	=IF(N59="","",N59+$S$2)	=IF(O59="","","G1 X"&TEXT(J59,"0.###")&" Y"&TEXT(K59,"0.###")&" Z"&TEXT(O59,"0.###"))					
			=IF(C60="C",$S$3,IF(C60="S",1,0))	=E59+D60	=ROW()-5	=IF(OR(F60="",F60<=0,F60>LOOKUP(9.99999999999999E+307,$E$5:$E$120)),"",LOOKUP(F60-1,$E$5:$E$120,ROW($E$5:$E$120))+1)	=IF(G60="","",F60-INDEX($E:$E,G60-1))	=IF(G60="","",H60/INDEX($D:$D,G60))	=IF(G60="","",IF(INDEX($C:$C,G60)="C",0.5*(2*(INDEX($A:$A,G60-1))+(-(INDEX($A:$A,MAX(5,G60-2)))+(INDEX($A:$A,G60)))*I60+(2*(INDEX($A:$A,MAX(5,G60-2)))-5*(INDEX($A:$A,G60-1))+4*(INDEX($A:$A,G60))-(INDEX($A:$A,MIN(LOOKUP(2,1/((($A$5:$A$120<>"")+($B$5:$B$120<>""))>0),ROW($A$5:$A$120)),G60+1))))*I60^2+(-(INDEX($A:$A,MAX(5,G60-2)))+3*(INDEX($A:$A,G60-1))-3*(INDEX($A:$A,G60))+(INDEX($A:$A,MIN(LOOKUP(2,1/((($A$5:$A$120<>"")+($B$5:$B$120<>""))>0),ROW($A$5:$A$120)),G60+1))))*I60^3),INDEX($A:$A,G60-1)+(INDEX($A:$A,G60)-INDEX($A:$A,G60-1))*I60))	=IF(G60="","",IF(INDEX($C:$C,G60)="C",0.5*(2*(INDEX($B:$B,G60-1))+(-(INDEX($B:$B,MAX(5,G60-2)))+(INDEX($B:$B,G60)))*I60+(2*(INDEX($B:$B,MAX(5,G60-2)))-5*(INDEX($B:$B,G60-1))+4*(INDEX($B:$B,G60))-(INDEX($B:$B,MIN(LOOKUP(2,1/((($A$5:$A$120<>"")+($B$5:$B$120<>""))>0),ROW($A$5:$A$120)),G60+1))))*I60^2+(-(INDEX($B:$B,MAX(5,G60-2)))+3*(INDEX($B:$B,G60-1))-3*(INDEX($B:$B,G60))+(INDEX($B:$B,MIN(LOOKUP(2,1/((($A$5:$A$120<>"")+($B$5:$B$120<>""))>0),ROW($A$5:$A$120)),G60+1))))*I60^3),INDEX($B:$B,G60-1)+(INDEX($B:$B,G60)-INDEX($B:$B,G60-1))*I60))	=IF(J60="","",IF(AND(J59<>"",J61<>""),(J61-J59)/2,IF(J61<>"",J61-J60,IF(J59<>"",J60-J59,""))))	=IF(K60="","",IF(AND(K59<>"",K61<>""),(K61-K59)/2,IF(K61<>"",K61-K60,IF(K59<>"",K60-K59,""))))	=IF(L60="","",MOD(DEGREES(ATAN2(L60,M60)),360))	=IF(N60="","",N60+$S$2)	=IF(O60="","","G1 X"&TEXT(J60,"0.###")&" Y"&TEXT(K60,"0.###")&" Z"&TEXT(O60,"0.###"))					
			=IF(C61="C",$S$3,IF(C61="S",1,0))	=E60+D61	=ROW()-5	=IF(OR(F61="",F61<=0,F61>LOOKUP(9.99999999999999E+307,$E$5:$E$120)),"",LOOKUP(F61-1,$E$5:$E$120,ROW($E$5:$E$120))+1)	=IF(G61="","",F61-INDEX($E:$E,G61-1))	=IF(G61="","",H61/INDEX($D:$D,G61))	=IF(G61="","",IF(INDEX($C:$C,G61)="C",0.5*(2*(INDEX($A:$A,G61-1))+(-(INDEX($A:$A,MAX(5,G61-2)))+(INDEX($A:$A,G61)))*I61+(2*(INDEX($A:$A,MAX(5,G61-2)))-5*(INDEX($A:$A,G61-1))+4*(INDEX($A:$A,G61))-(INDEX($A:$A,MIN(LOOKUP(2,1/((($A$5:$A$120<>"")+($B$5:$B$120<>""))>0),ROW($A$5:$A$120)),G61+1))))*I61^2+(-(INDEX($A:$A,MAX(5,G61-2)))+3*(INDEX($A:$A,G61-1))-3*(INDEX($A:$A,G61))+(INDEX($A:$A,MIN(LOOKUP(2,1/((($A$5:$A$120<>"")+($B$5:$B$120<>""))>0),ROW($A$5:$A$120)),G61+1))))*I61^3),INDEX($A:$A,G61-1)+(INDEX($A:$A,G61)-INDEX($A:$A,G61-1))*I61))	=IF(G61="","",IF(INDEX($C:$C,G61)="C",0.5*(2*(INDEX($B:$B,G61-1))+(-(INDEX($B:$B,MAX(5,G61-2)))+(INDEX($B:$B,G61)))*I61+(2*(INDEX($B:$B,MAX(5,G61-2)))-5*(INDEX($B:$B,G61-1))+4*(INDEX($B:$B,G61))-(INDEX($B:$B,MIN(LOOKUP(2,1/((($A$5:$A$120<>"")+($B$5:$B$120<>""))>0),ROW($A$5:$A$120)),G61+1))))*I61^2+(-(INDEX($B:$B,MAX(5,G61-2)))+3*(INDEX($B:$B,G61-1))-3*(INDEX($B:$B,G61))+(INDEX($B:$B,MIN(LOOKUP(2,1/((($A$5:$A$120<>"")+($B$5:$B$120<>""))>0),ROW($A$5:$A$120)),G61+1))))*I61^3),INDEX($B:$B,G61-1)+(INDEX($B:$B,G61)-INDEX($B:$B,G61-1))*I61))	=IF(J61="","",IF(AND(J60<>"",J62<>""),(J62-J60)/2,IF(J62<>"",J62-J61,IF(J60<>"",J61-J60,""))))	=IF(K61="","",IF(AND(K60<>"",K62<>""),(K62-K60)/2,IF(K62<>"",K62-K61,IF(K60<>"",K61-K60,""))))	=IF(L61="","",MOD(DEGREES(ATAN2(L61,M61)),360))	=IF(N61="","",N61+$S$2)	=IF(O61="","","G1 X"&TEXT(J61,"0.###")&" Y"&TEXT(K61,"0.###")&" Z"&TEXT(O61,"0.###"))					
			=IF(C62="C",$S$3,IF(C62="S",1,0))	=E61+D62	=ROW()-5	=IF(OR(F62="",F62<=0,F62>LOOKUP(9.99999999999999E+307,$E$5:$E$120)),"",LOOKUP(F62-1,$E$5:$E$120,ROW($E$5:$E$120))+1)	=IF(G62="","",F62-INDEX($E:$E,G62-1))	=IF(G62="","",H62/INDEX($D:$D,G62))	=IF(G62="","",IF(INDEX($C:$C,G62)="C",0.5*(2*(INDEX($A:$A,G62-1))+(-(INDEX($A:$A,MAX(5,G62-2)))+(INDEX($A:$A,G62)))*I62+(2*(INDEX($A:$A,MAX(5,G62-2)))-5*(INDEX($A:$A,G62-1))+4*(INDEX($A:$A,G62))-(INDEX($A:$A,MIN(LOOKUP(2,1/((($A$5:$A$120<>"")+($B$5:$B$120<>""))>0),ROW($A$5:$A$120)),G62+1))))*I62^2+(-(INDEX($A:$A,MAX(5,G62-2)))+3*(INDEX($A:$A,G62-1))-3*(INDEX($A:$A,G62))+(INDEX($A:$A,MIN(LOOKUP(2,1/((($A$5:$A$120<>"")+($B$5:$B$120<>""))>0),ROW($A$5:$A$120)),G62+1))))*I62^3),INDEX($A:$A,G62-1)+(INDEX($A:$A,G62)-INDEX($A:$A,G62-1))*I62))	=IF(G62="","",IF(INDEX($C:$C,G62)="C",0.5*(2*(INDEX($B:$B,G62-1))+(-(INDEX($B:$B,MAX(5,G62-2)))+(INDEX($B:$B,G62)))*I62+(2*(INDEX($B:$B,MAX(5,G62-2)))-5*(INDEX($B:$B,G62-1))+4*(INDEX($B:$B,G62))-(INDEX($B:$B,MIN(LOOKUP(2,1/((($A$5:$A$120<>"")+($B$5:$B$120<>""))>0),ROW($A$5:$A$120)),G62+1))))*I62^2+(-(INDEX($B:$B,MAX(5,G62-2)))+3*(INDEX($B:$B,G62-1))-3*(INDEX($B:$B,G62))+(INDEX($B:$B,MIN(LOOKUP(2,1/((($A$5:$A$120<>"")+($B$5:$B$120<>""))>0),ROW($A$5:$A$120)),G62+1))))*I62^3),INDEX($B:$B,G62-1)+(INDEX($B:$B,G62)-INDEX($B:$B,G62-1))*I62))	=IF(J62="","",IF(AND(J61<>"",J63<>""),(J63-J61)/2,IF(J63<>"",J63-J62,IF(J61<>"",J62-J61,""))))	=IF(K62="","",IF(AND(K61<>"",K63<>""),(K63-K61)/2,IF(K63<>"",K63-K62,IF(K61<>"",K62-K61,""))))	=IF(L62="","",MOD(DEGREES(ATAN2(L62,M62)),360))	=IF(N62="","",N62+$S$2)	=IF(O62="","","G1 X"&TEXT(J62,"0.###")&" Y"&TEXT(K62,"0.###")&" Z"&TEXT(O62,"0.###"))					
			=IF(C63="C",$S$3,IF(C63="S",1,0))	=E62+D63	=ROW()-5	=IF(OR(F63="",F63<=0,F63>LOOKUP(9.99999999999999E+307,$E$5:$E$120)),"",LOOKUP(F63-1,$E$5:$E$120,ROW($E$5:$E$120))+1)	=IF(G63="","",F63-INDEX($E:$E,G63-1))	=IF(G63="","",H63/INDEX($D:$D,G63))	=IF(G63="","",IF(INDEX($C:$C,G63)="C",0.5*(2*(INDEX($A:$A,G63-1))+(-(INDEX($A:$A,MAX(5,G63-2)))+(INDEX($A:$A,G63)))*I63+(2*(INDEX($A:$A,MAX(5,G63-2)))-5*(INDEX($A:$A,G63-1))+4*(INDEX($A:$A,G63))-(INDEX($A:$A,MIN(LOOKUP(2,1/((($A$5:$A$120<>"")+($B$5:$B$120<>""))>0),ROW($A$5:$A$120)),G63+1))))*I63^2+(-(INDEX($A:$A,MAX(5,G63-2)))+3*(INDEX($A:$A,G63-1))-3*(INDEX($A:$A,G63))+(INDEX($A:$A,MIN(LOOKUP(2,1/((($A$5:$A$120<>"")+($B$5:$B$120<>""))>0),ROW($A$5:$A$120)),G63+1))))*I63^3),INDEX($A:$A,G63-1)+(INDEX($A:$A,G63)-INDEX($A:$A,G63-1))*I63))	=IF(G63="","",IF(INDEX($C:$C,G63)="C",0.5*(2*(INDEX($B:$B,G63-1))+(-(INDEX($B:$B,MAX(5,G63-2)))+(INDEX($B:$B,G63)))*I63+(2*(INDEX($B:$B,MAX(5,G63-2)))-5*(INDEX($B:$B,G63-1))+4*(INDEX($B:$B,G63))-(INDEX($B:$B,MIN(LOOKUP(2,1/((($A$5:$A$120<>"")+($B$5:$B$120<>""))>0),ROW($A$5:$A$120)),G63+1))))*I63^2+(-(INDEX($B:$B,MAX(5,G63-2)))+3*(INDEX($B:$B,G63-1))-3*(INDEX($B:$B,G63))+(INDEX($B:$B,MIN(LOOKUP(2,1/((($A$5:$A$120<>"")+($B$5:$B$120<>""))>0),ROW($A$5:$A$120)),G63+1))))*I63^3),INDEX($B:$B,G63-1)+(INDEX($B:$B,G63)-INDEX($B:$B,G63-1))*I63))	=IF(J63="","",IF(AND(J62<>"",J64<>""),(J64-J62)/2,IF(J64<>"",J64-J63,IF(J62<>"",J63-J62,""))))	=IF(K63="","",IF(AND(K62<>"",K64<>""),(K64-K62)/2,IF(K64<>"",K64-K63,IF(K62<>"",K63-K62,""))))	=IF(L63="","",MOD(DEGREES(ATAN2(L63,M63)),360))	=IF(N63="","",N63+$S$2)	=IF(O63="","","G1 X"&TEXT(J63,"0.###")&" Y"&TEXT(K63,"0.###")&" Z"&TEXT(O63,"0.###"))					
			=IF(C64="C",$S$3,IF(C64="S",1,0))	=E63+D64	=ROW()-5	=IF(OR(F64="",F64<=0,F64>LOOKUP(9.99999999999999E+307,$E$5:$E$120)),"",LOOKUP(F64-1,$E$5:$E$120,ROW($E$5:$E$120))+1)	=IF(G64="","",F64-INDEX($E:$E,G64-1))	=IF(G64="","",H64/INDEX($D:$D,G64))	=IF(G64="","",IF(INDEX($C:$C,G64)="C",0.5*(2*(INDEX($A:$A,G64-1))+(-(INDEX($A:$A,MAX(5,G64-2)))+(INDEX($A:$A,G64)))*I64+(2*(INDEX($A:$A,MAX(5,G64-2)))-5*(INDEX($A:$A,G64-1))+4*(INDEX($A:$A,G64))-(INDEX($A:$A,MIN(LOOKUP(2,1/((($A$5:$A$120<>"")+($B$5:$B$120<>""))>0),ROW($A$5:$A$120)),G64+1))))*I64^2+(-(INDEX($A:$A,MAX(5,G64-2)))+3*(INDEX($A:$A,G64-1))-3*(INDEX($A:$A,G64))+(INDEX($A:$A,MIN(LOOKUP(2,1/((($A$5:$A$120<>"")+($B$5:$B$120<>""))>0),ROW($A$5:$A$120)),G64+1))))*I64^3),INDEX($A:$A,G64-1)+(INDEX($A:$A,G64)-INDEX($A:$A,G64-1))*I64))	=IF(G64="","",IF(INDEX($C:$C,G64)="C",0.5*(2*(INDEX($B:$B,G64-1))+(-(INDEX($B:$B,MAX(5,G64-2)))+(INDEX($B:$B,G64)))*I64+(2*(INDEX($B:$B,MAX(5,G64-2)))-5*(INDEX($B:$B,G64-1))+4*(INDEX($B:$B,G64))-(INDEX($B:$B,MIN(LOOKUP(2,1/((($A$5:$A$120<>"")+($B$5:$B$120<>""))>0),ROW($A$5:$A$120)),G64+1))))*I64^2+(-(INDEX($B:$B,MAX(5,G64-2)))+3*(INDEX($B:$B,G64-1))-3*(INDEX($B:$B,G64))+(INDEX($B:$B,MIN(LOOKUP(2,1/((($A$5:$A$120<>"")+($B$5:$B$120<>""))>0),ROW($A$5:$A$120)),G64+1))))*I64^3),INDEX($B:$B,G64-1)+(INDEX($B:$B,G64)-INDEX($B:$B,G64-1))*I64))	=IF(J64="","",IF(AND(J63<>"",J65<>""),(J65-J63)/2,IF(J65<>"",J65-J64,IF(J63<>"",J64-J63,""))))	=IF(K64="","",IF(AND(K63<>"",K65<>""),(K65-K63)/2,IF(K65<>"",K65-K64,IF(K63<>"",K64-K63,""))))	=IF(L64="","",MOD(DEGREES(ATAN2(L64,M64)),360))	=IF(N64="","",N64+$S$2)	=IF(O64="","","G1 X"&TEXT(J64,"0.###")&" Y"&TEXT(K64,"0.###")&" Z"&TEXT(O64,"0.###"))					
			=IF(C65="C",$S$3,IF(C65="S",1,0))	=E64+D65	=ROW()-5	=IF(OR(F65="",F65<=0,F65>LOOKUP(9.99999999999999E+307,$E$5:$E$120)),"",LOOKUP(F65-1,$E$5:$E$120,ROW($E$5:$E$120))+1)	=IF(G65="","",F65-INDEX($E:$E,G65-1))	=IF(G65="","",H65/INDEX($D:$D,G65))	=IF(G65="","",IF(INDEX($C:$C,G65)="C",0.5*(2*(INDEX($A:$A,G65-1))+(-(INDEX($A:$A,MAX(5,G65-2)))+(INDEX($A:$A,G65)))*I65+(2*(INDEX($A:$A,MAX(5,G65-2)))-5*(INDEX($A:$A,G65-1))+4*(INDEX($A:$A,G65))-(INDEX($A:$A,MIN(LOOKUP(2,1/((($A$5:$A$120<>"")+($B$5:$B$120<>""))>0),ROW($A$5:$A$120)),G65+1))))*I65^2+(-(INDEX($A:$A,MAX(5,G65-2)))+3*(INDEX($A:$A,G65-1))-3*(INDEX($A:$A,G65))+(INDEX($A:$A,MIN(LOOKUP(2,1/((($A$5:$A$120<>"")+($B$5:$B$120<>""))>0),ROW($A$5:$A$120)),G65+1))))*I65^3),INDEX($A:$A,G65-1)+(INDEX($A:$A,G65)-INDEX($A:$A,G65-1))*I65))	=IF(G65="","",IF(INDEX($C:$C,G65)="C",0.5*(2*(INDEX($B:$B,G65-1))+(-(INDEX($B:$B,MAX(5,G65-2)))+(INDEX($B:$B,G65)))*I65+(2*(INDEX($B:$B,MAX(5,G65-2)))-5*(INDEX($B:$B,G65-1))+4*(INDEX($B:$B,G65))-(INDEX($B:$B,MIN(LOOKUP(2,1/((($A$5:$A$120<>"")+($B$5:$B$120<>""))>0),ROW($A$5:$A$120)),G65+1))))*I65^2+(-(INDEX($B:$B,MAX(5,G65-2)))+3*(INDEX($B:$B,G65-1))-3*(INDEX($B:$B,G65))+(INDEX($B:$B,MIN(LOOKUP(2,1/((($A$5:$A$120<>"")+($B$5:$B$120<>""))>0),ROW($A$5:$A$120)),G65+1))))*I65^3),INDEX($B:$B,G65-1)+(INDEX($B:$B,G65)-INDEX($B:$B,G65-1))*I65))	=IF(J65="","",IF(AND(J64<>"",J66<>""),(J66-J64)/2,IF(J66<>"",J66-J65,IF(J64<>"",J65-J64,""))))	=IF(K65="","",IF(AND(K64<>"",K66<>""),(K66-K64)/2,IF(K66<>"",K66-K65,IF(K64<>"",K65-K64,""))))	=IF(L65="","",MOD(DEGREES(ATAN2(L65,M65)),360))	=IF(N65="","",N65+$S$2)	=IF(O65="","","G1 X"&TEXT(J65,"0.###")&" Y"&TEXT(K65,"0.###")&" Z"&TEXT(O65,"0.###"))					
			=IF(C66="C",$S$3,IF(C66="S",1,0))	=E65+D66	=ROW()-5	=IF(OR(F66="",F66<=0,F66>LOOKUP(9.99999999999999E+307,$E$5:$E$120)),"",LOOKUP(F66-1,$E$5:$E$120,ROW($E$5:$E$120))+1)	=IF(G66="","",F66-INDEX($E:$E,G66-1))	=IF(G66="","",H66/INDEX($D:$D,G66))	=IF(G66="","",IF(INDEX($C:$C,G66)="C",0.5*(2*(INDEX($A:$A,G66-1))+(-(INDEX($A:$A,MAX(5,G66-2)))+(INDEX($A:$A,G66)))*I66+(2*(INDEX($A:$A,MAX(5,G66-2)))-5*(INDEX($A:$A,G66-1))+4*(INDEX($A:$A,G66))-(INDEX($A:$A,MIN(LOOKUP(2,1/((($A$5:$A$120<>"")+($B$5:$B$120<>""))>0),ROW($A$5:$A$120)),G66+1))))*I66^2+(-(INDEX($A:$A,MAX(5,G66-2)))+3*(INDEX($A:$A,G66-1))-3*(INDEX($A:$A,G66))+(INDEX($A:$A,MIN(LOOKUP(2,1/((($A$5:$A$120<>"")+($B$5:$B$120<>""))>0),ROW($A$5:$A$120)),G66+1))))*I66^3),INDEX($A:$A,G66-1)+(INDEX($A:$A,G66)-INDEX($A:$A,G66-1))*I66))	=IF(G66="","",IF(INDEX($C:$C,G66)="C",0.5*(2*(INDEX($B:$B,G66-1))+(-(INDEX($B:$B,MAX(5,G66-2)))+(INDEX($B:$B,G66)))*I66+(2*(INDEX($B:$B,MAX(5,G66-2)))-5*(INDEX($B:$B,G66-1))+4*(INDEX($B:$B,G66))-(INDEX($B:$B,MIN(LOOKUP(2,1/((($A$5:$A$120<>"")+($B$5:$B$120<>""))>0),ROW($A$5:$A$120)),G66+1))))*I66^2+(-(INDEX($B:$B,MAX(5,G66-2)))+3*(INDEX($B:$B,G66-1))-3*(INDEX($B:$B,G66))+(INDEX($B:$B,MIN(LOOKUP(2,1/((($A$5:$A$120<>"")+($B$5:$B$120<>""))>0),ROW($A$5:$A$120)),G66+1))))*I66^3),INDEX($B:$B,G66-1)+(INDEX($B:$B,G66)-INDEX($B:$B,G66-1))*I66))	=IF(J66="","",IF(AND(J65<>"",J67<>""),(J67-J65)/2,IF(J67<>"",J67-J66,IF(J65<>"",J66-J65,""))))	=IF(K66="","",IF(AND(K65<>"",K67<>""),(K67-K65)/2,IF(K67<>"",K67-K66,IF(K65<>"",K66-K65,""))))	=IF(L66="","",MOD(DEGREES(ATAN2(L66,M66)),360))	=IF(N66="","",N66+$S$2)	=IF(O66="","","G1 X"&TEXT(J66,"0.###")&" Y"&TEXT(K66,"0.###")&" Z"&TEXT(O66,"0.###"))					
			=IF(C67="C",$S$3,IF(C67="S",1,0))	=E66+D67	=ROW()-5	=IF(OR(F67="",F67<=0,F67>LOOKUP(9.99999999999999E+307,$E$5:$E$120)),"",LOOKUP(F67-1,$E$5:$E$120,ROW($E$5:$E$120))+1)	=IF(G67="","",F67-INDEX($E:$E,G67-1))	=IF(G67="","",H67/INDEX($D:$D,G67))	=IF(G67="","",IF(INDEX($C:$C,G67)="C",0.5*(2*(INDEX($A:$A,G67-1))+(-(INDEX($A:$A,MAX(5,G67-2)))+(INDEX($A:$A,G67)))*I67+(2*(INDEX($A:$A,MAX(5,G67-2)))-5*(INDEX($A:$A,G67-1))+4*(INDEX($A:$A,G67))-(INDEX($A:$A,MIN(LOOKUP(2,1/((($A$5:$A$120<>"")+($B$5:$B$120<>""))>0),ROW($A$5:$A$120)),G67+1))))*I67^2+(-(INDEX($A:$A,MAX(5,G67-2)))+3*(INDEX($A:$A,G67-1))-3*(INDEX($A:$A,G67))+(INDEX($A:$A,MIN(LOOKUP(2,1/((($A$5:$A$120<>"")+($B$5:$B$120<>""))>0),ROW($A$5:$A$120)),G67+1))))*I67^3),INDEX($A:$A,G67-1)+(INDEX($A:$A,G67)-INDEX($A:$A,G67-1))*I67))	=IF(G67="","",IF(INDEX($C:$C,G67)="C",0.5*(2*(INDEX($B:$B,G67-1))+(-(INDEX($B:$B,MAX(5,G67-2)))+(INDEX($B:$B,G67)))*I67+(2*(INDEX($B:$B,MAX(5,G67-2)))-5*(INDEX($B:$B,G67-1))+4*(INDEX($B:$B,G67))-(INDEX($B:$B,MIN(LOOKUP(2,1/((($A$5:$A$120<>"")+($B$5:$B$120<>""))>0),ROW($A$5:$A$120)),G67+1))))*I67^2+(-(INDEX($B:$B,MAX(5,G67-2)))+3*(INDEX($B:$B,G67-1))-3*(INDEX($B:$B,G67))+(INDEX($B:$B,MIN(LOOKUP(2,1/((($A$5:$A$120<>"")+($B$5:$B$120<>""))>0),ROW($A$5:$A$120)),G67+1))))*I67^3),INDEX($B:$B,G67-1)+(INDEX($B:$B,G67)-INDEX($B:$B,G67-1))*I67))	=IF(J67="","",IF(AND(J66<>"",J68<>""),(J68-J66)/2,IF(J68<>"",J68-J67,IF(J66<>"",J67-J66,""))))	=IF(K67="","",IF(AND(K66<>"",K68<>""),(K68-K66)/2,IF(K68<>"",K68-K67,IF(K66<>"",K67-K66,""))))	=IF(L67="","",MOD(DEGREES(ATAN2(L67,M67)),360))	=IF(N67="","",N67+$S$2)	=IF(O67="","","G1 X"&TEXT(J67,"0.###")&" Y"&TEXT(K67,"0.###")&" Z"&TEXT(O67,"0.###"))					
			=IF(C68="C",$S$3,IF(C68="S",1,0))	=E67+D68	=ROW()-5	=IF(OR(F68="",F68<=0,F68>LOOKUP(9.99999999999999E+307,$E$5:$E$120)),"",LOOKUP(F68-1,$E$5:$E$120,ROW($E$5:$E$120))+1)	=IF(G68="","",F68-INDEX($E:$E,G68-1))	=IF(G68="","",H68/INDEX($D:$D,G68))	=IF(G68="","",IF(INDEX($C:$C,G68)="C",0.5*(2*(INDEX($A:$A,G68-1))+(-(INDEX($A:$A,MAX(5,G68-2)))+(INDEX($A:$A,G68)))*I68+(2*(INDEX($A:$A,MAX(5,G68-2)))-5*(INDEX($A:$A,G68-1))+4*(INDEX($A:$A,G68))-(INDEX($A:$A,MIN(LOOKUP(2,1/((($A$5:$A$120<>"")+($B$5:$B$120<>""))>0),ROW($A$5:$A$120)),G68+1))))*I68^2+(-(INDEX($A:$A,MAX(5,G68-2)))+3*(INDEX($A:$A,G68-1))-3*(INDEX($A:$A,G68))+(INDEX($A:$A,MIN(LOOKUP(2,1/((($A$5:$A$120<>"")+($B$5:$B$120<>""))>0),ROW($A$5:$A$120)),G68+1))))*I68^3),INDEX($A:$A,G68-1)+(INDEX($A:$A,G68)-INDEX($A:$A,G68-1))*I68))	=IF(G68="","",IF(INDEX($C:$C,G68)="C",0.5*(2*(INDEX($B:$B,G68-1))+(-(INDEX($B:$B,MAX(5,G68-2)))+(INDEX($B:$B,G68)))*I68+(2*(INDEX($B:$B,MAX(5,G68-2)))-5*(INDEX($B:$B,G68-1))+4*(INDEX($B:$B,G68))-(INDEX($B:$B,MIN(LOOKUP(2,1/((($A$5:$A$120<>"")+($B$5:$B$120<>""))>0),ROW($A$5:$A$120)),G68+1))))*I68^2+(-(INDEX($B:$B,MAX(5,G68-2)))+3*(INDEX($B:$B,G68-1))-3*(INDEX($B:$B,G68))+(INDEX($B:$B,MIN(LOOKUP(2,1/((($A$5:$A$120<>"")+($B$5:$B$120<>""))>0),ROW($A$5:$A$120)),G68+1))))*I68^3),INDEX($B:$B,G68-1)+(INDEX($B:$B,G68)-INDEX($B:$B,G68-1))*I68))	=IF(J68="","",IF(AND(J67<>"",J69<>""),(J69-J67)/2,IF(J69<>"",J69-J68,IF(J67<>"",J68-J67,""))))	=IF(K68="","",IF(AND(K67<>"",K69<>""),(K69-K67)/2,IF(K69<>"",K69-K68,IF(K67<>"",K68-K67,""))))	=IF(L68="","",MOD(DEGREES(ATAN2(L68,M68)),360))	=IF(N68="","",N68+$S$2)	=IF(O68="","","G1 X"&TEXT(J68,"0.###")&" Y"&TEXT(K68,"0.###")&" Z"&TEXT(O68,"0.###"))					
			=IF(C69="C",$S$3,IF(C69="S",1,0))	=E68+D69	=ROW()-5	=IF(OR(F69="",F69<=0,F69>LOOKUP(9.99999999999999E+307,$E$5:$E$120)),"",LOOKUP(F69-1,$E$5:$E$120,ROW($E$5:$E$120))+1)	=IF(G69="","",F69-INDEX($E:$E,G69-1))	=IF(G69="","",H69/INDEX($D:$D,G69))	=IF(G69="","",IF(INDEX($C:$C,G69)="C",0.5*(2*(INDEX($A:$A,G69-1))+(-(INDEX($A:$A,MAX(5,G69-2)))+(INDEX($A:$A,G69)))*I69+(2*(INDEX($A:$A,MAX(5,G69-2)))-5*(INDEX($A:$A,G69-1))+4*(INDEX($A:$A,G69))-(INDEX($A:$A,MIN(LOOKUP(2,1/((($A$5:$A$120<>"")+($B$5:$B$120<>""))>0),ROW($A$5:$A$120)),G69+1))))*I69^2+(-(INDEX($A:$A,MAX(5,G69-2)))+3*(INDEX($A:$A,G69-1))-3*(INDEX($A:$A,G69))+(INDEX($A:$A,MIN(LOOKUP(2,1/((($A$5:$A$120<>"")+($B$5:$B$120<>""))>0),ROW($A$5:$A$120)),G69+1))))*I69^3),INDEX($A:$A,G69-1)+(INDEX($A:$A,G69)-INDEX($A:$A,G69-1))*I69))	=IF(G69="","",IF(INDEX($C:$C,G69)="C",0.5*(2*(INDEX($B:$B,G69-1))+(-(INDEX($B:$B,MAX(5,G69-2)))+(INDEX($B:$B,G69)))*I69+(2*(INDEX($B:$B,MAX(5,G69-2)))-5*(INDEX($B:$B,G69-1))+4*(INDEX($B:$B,G69))-(INDEX($B:$B,MIN(LOOKUP(2,1/((($A$5:$A$120<>"")+($B$5:$B$120<>""))>0),ROW($A$5:$A$120)),G69+1))))*I69^2+(-(INDEX($B:$B,MAX(5,G69-2)))+3*(INDEX($B:$B,G69-1))-3*(INDEX($B:$B,G69))+(INDEX($B:$B,MIN(LOOKUP(2,1/((($A$5:$A$120<>"")+($B$5:$B$120<>""))>0),ROW($A$5:$A$120)),G69+1))))*I69^3),INDEX($B:$B,G69-1)+(INDEX($B:$B,G69)-INDEX($B:$B,G69-1))*I69))	=IF(J69="","",IF(AND(J68<>"",J70<>""),(J70-J68)/2,IF(J70<>"",J70-J69,IF(J68<>"",J69-J68,""))))	=IF(K69="","",IF(AND(K68<>"",K70<>""),(K70-K68)/2,IF(K70<>"",K70-K69,IF(K68<>"",K69-K68,""))))	=IF(L69="","",MOD(DEGREES(ATAN2(L69,M69)),360))	=IF(N69="","",N69+$S$2)	=IF(O69="","","G1 X"&TEXT(J69,"0.###")&" Y"&TEXT(K69,"0.###")&" Z"&TEXT(O69,"0.###"))					
			=IF(C70="C",$S$3,IF(C70="S",1,0))	=E69+D70	=ROW()-5	=IF(OR(F70="",F70<=0,F70>LOOKUP(9.99999999999999E+307,$E$5:$E$120)),"",LOOKUP(F70-1,$E$5:$E$120,ROW($E$5:$E$120))+1)	=IF(G70="","",F70-INDEX($E:$E,G70-1))	=IF(G70="","",H70/INDEX($D:$D,G70))	=IF(G70="","",IF(INDEX($C:$C,G70)="C",0.5*(2*(INDEX($A:$A,G70-1))+(-(INDEX($A:$A,MAX(5,G70-2)))+(INDEX($A:$A,G70)))*I70+(2*(INDEX($A:$A,MAX(5,G70-2)))-5*(INDEX($A:$A,G70-1))+4*(INDEX($A:$A,G70))-(INDEX($A:$A,MIN(LOOKUP(2,1/((($A$5:$A$120<>"")+($B$5:$B$120<>""))>0),ROW($A$5:$A$120)),G70+1))))*I70^2+(-(INDEX($A:$A,MAX(5,G70-2)))+3*(INDEX($A:$A,G70-1))-3*(INDEX($A:$A,G70))+(INDEX($A:$A,MIN(LOOKUP(2,1/((($A$5:$A$120<>"")+($B$5:$B$120<>""))>0),ROW($A$5:$A$120)),G70+1))))*I70^3),INDEX($A:$A,G70-1)+(INDEX($A:$A,G70)-INDEX($A:$A,G70-1))*I70))	=IF(G70="","",IF(INDEX($C:$C,G70)="C",0.5*(2*(INDEX($B:$B,G70-1))+(-(INDEX($B:$B,MAX(5,G70-2)))+(INDEX($B:$B,G70)))*I70+(2*(INDEX($B:$B,MAX(5,G70-2)))-5*(INDEX($B:$B,G70-1))+4*(INDEX($B:$B,G70))-(INDEX($B:$B,MIN(LOOKUP(2,1/((($A$5:$A$120<>"")+($B$5:$B$120<>""))>0),ROW($A$5:$A$120)),G70+1))))*I70^2+(-(INDEX($B:$B,MAX(5,G70-2)))+3*(INDEX($B:$B,G70-1))-3*(INDEX($B:$B,G70))+(INDEX($B:$B,MIN(LOOKUP(2,1/((($A$5:$A$120<>"")+($B$5:$B$120<>""))>0),ROW($A$5:$A$120)),G70+1))))*I70^3),INDEX($B:$B,G70-1)+(INDEX($B:$B,G70)-INDEX($B:$B,G70-1))*I70))	=IF(J70="","",IF(AND(J69<>"",J71<>""),(J71-J69)/2,IF(J71<>"",J71-J70,IF(J69<>"",J70-J69,""))))	=IF(K70="","",IF(AND(K69<>"",K71<>""),(K71-K69)/2,IF(K71<>"",K71-K70,IF(K69<>"",K70-K69,""))))	=IF(L70="","",MOD(DEGREES(ATAN2(L70,M70)),360))	=IF(N70="","",N70+$S$2)	=IF(O70="","","G1 X"&TEXT(J70,"0.###")&" Y"&TEXT(K70,"0.###")&" Z"&TEXT(O70,"0.###"))					
			=IF(C71="C",$S$3,IF(C71="S",1,0))	=E70+D71	=ROW()-5	=IF(OR(F71="",F71<=0,F71>LOOKUP(9.99999999999999E+307,$E$5:$E$120)),"",LOOKUP(F71-1,$E$5:$E$120,ROW($E$5:$E$120))+1)	=IF(G71="","",F71-INDEX($E:$E,G71-1))	=IF(G71="","",H71/INDEX($D:$D,G71))	=IF(G71="","",IF(INDEX($C:$C,G71)="C",0.5*(2*(INDEX($A:$A,G71-1))+(-(INDEX($A:$A,MAX(5,G71-2)))+(INDEX($A:$A,G71)))*I71+(2*(INDEX($A:$A,MAX(5,G71-2)))-5*(INDEX($A:$A,G71-1))+4*(INDEX($A:$A,G71))-(INDEX($A:$A,MIN(LOOKUP(2,1/((($A$5:$A$120<>"")+($B$5:$B$120<>""))>0),ROW($A$5:$A$120)),G71+1))))*I71^2+(-(INDEX($A:$A,MAX(5,G71-2)))+3*(INDEX($A:$A,G71-1))-3*(INDEX($A:$A,G71))+(INDEX($A:$A,MIN(LOOKUP(2,1/((($A$5:$A$120<>"")+($B$5:$B$120<>""))>0),ROW($A$5:$A$120)),G71+1))))*I71^3),INDEX($A:$A,G71-1)+(INDEX($A:$A,G71)-INDEX($A:$A,G71-1))*I71))	=IF(G71="","",IF(INDEX($C:$C,G71)="C",0.5*(2*(INDEX($B:$B,G71-1))+(-(INDEX($B:$B,MAX(5,G71-2)))+(INDEX($B:$B,G71)))*I71+(2*(INDEX($B:$B,MAX(5,G71-2)))-5*(INDEX($B:$B,G71-1))+4*(INDEX($B:$B,G71))-(INDEX($B:$B,MIN(LOOKUP(2,1/((($A$5:$A$120<>"")+($B$5:$B$120<>""))>0),ROW($A$5:$A$120)),G71+1))))*I71^2+(-(INDEX($B:$B,MAX(5,G71-2)))+3*(INDEX($B:$B,G71-1))-3*(INDEX($B:$B,G71))+(INDEX($B:$B,MIN(LOOKUP(2,1/((($A$5:$A$120<>"")+($B$5:$B$120<>""))>0),ROW($A$5:$A$120)),G71+1))))*I71^3),INDEX($B:$B,G71-1)+(INDEX($B:$B,G71)-INDEX($B:$B,G71-1))*I71))	=IF(J71="","",IF(AND(J70<>"",J72<>""),(J72-J70)/2,IF(J72<>"",J72-J71,IF(J70<>"",J71-J70,""))))	=IF(K71="","",IF(AND(K70<>"",K72<>""),(K72-K70)/2,IF(K72<>"",K72-K71,IF(K70<>"",K71-K70,""))))	=IF(L71="","",MOD(DEGREES(ATAN2(L71,M71)),360))	=IF(N71="","",N71+$S$2)	=IF(O71="","","G1 X"&TEXT(J71,"0.###")&" Y"&TEXT(K71,"0.###")&" Z"&TEXT(O71,"0.###"))					
			=IF(C72="C",$S$3,IF(C72="S",1,0))	=E71+D72	=ROW()-5	=IF(OR(F72="",F72<=0,F72>LOOKUP(9.99999999999999E+307,$E$5:$E$120)),"",LOOKUP(F72-1,$E$5:$E$120,ROW($E$5:$E$120))+1)	=IF(G72="","",F72-INDEX($E:$E,G72-1))	=IF(G72="","",H72/INDEX($D:$D,G72))	=IF(G72="","",IF(INDEX($C:$C,G72)="C",0.5*(2*(INDEX($A:$A,G72-1))+(-(INDEX($A:$A,MAX(5,G72-2)))+(INDEX($A:$A,G72)))*I72+(2*(INDEX($A:$A,MAX(5,G72-2)))-5*(INDEX($A:$A,G72-1))+4*(INDEX($A:$A,G72))-(INDEX($A:$A,MIN(LOOKUP(2,1/((($A$5:$A$120<>"")+($B$5:$B$120<>""))>0),ROW($A$5:$A$120)),G72+1))))*I72^2+(-(INDEX($A:$A,MAX(5,G72-2)))+3*(INDEX($A:$A,G72-1))-3*(INDEX($A:$A,G72))+(INDEX($A:$A,MIN(LOOKUP(2,1/((($A$5:$A$120<>"")+($B$5:$B$120<>""))>0),ROW($A$5:$A$120)),G72+1))))*I72^3),INDEX($A:$A,G72-1)+(INDEX($A:$A,G72)-INDEX($A:$A,G72-1))*I72))	=IF(G72="","",IF(INDEX($C:$C,G72)="C",0.5*(2*(INDEX($B:$B,G72-1))+(-(INDEX($B:$B,MAX(5,G72-2)))+(INDEX($B:$B,G72)))*I72+(2*(INDEX($B:$B,MAX(5,G72-2)))-5*(INDEX($B:$B,G72-1))+4*(INDEX($B:$B,G72))-(INDEX($B:$B,MIN(LOOKUP(2,1/((($A$5:$A$120<>"")+($B$5:$B$120<>""))>0),ROW($A$5:$A$120)),G72+1))))*I72^2+(-(INDEX($B:$B,MAX(5,G72-2)))+3*(INDEX($B:$B,G72-1))-3*(INDEX($B:$B,G72))+(INDEX($B:$B,MIN(LOOKUP(2,1/((($A$5:$A$120<>"")+($B$5:$B$120<>""))>0),ROW($A$5:$A$120)),G72+1))))*I72^3),INDEX($B:$B,G72-1)+(INDEX($B:$B,G72)-INDEX($B:$B,G72-1))*I72))	=IF(J72="","",IF(AND(J71<>"",J73<>""),(J73-J71)/2,IF(J73<>"",J73-J72,IF(J71<>"",J72-J71,""))))	=IF(K72="","",IF(AND(K71<>"",K73<>""),(K73-K71)/2,IF(K73<>"",K73-K72,IF(K71<>"",K72-K71,""))))	=IF(L72="","",MOD(DEGREES(ATAN2(L72,M72)),360))	=IF(N72="","",N72+$S$2)	=IF(O72="","","G1 X"&TEXT(J72,"0.###")&" Y"&TEXT(K72,"0.###")&" Z"&TEXT(O72,"0.###"))					
			=IF(C73="C",$S$3,IF(C73="S",1,0))	=E72+D73	=ROW()-5	=IF(OR(F73="",F73<=0,F73>LOOKUP(9.99999999999999E+307,$E$5:$E$120)),"",LOOKUP(F73-1,$E$5:$E$120,ROW($E$5:$E$120))+1)	=IF(G73="","",F73-INDEX($E:$E,G73-1))	=IF(G73="","",H73/INDEX($D:$D,G73))	=IF(G73="","",IF(INDEX($C:$C,G73)="C",0.5*(2*(INDEX($A:$A,G73-1))+(-(INDEX($A:$A,MAX(5,G73-2)))+(INDEX($A:$A,G73)))*I73+(2*(INDEX($A:$A,MAX(5,G73-2)))-5*(INDEX($A:$A,G73-1))+4*(INDEX($A:$A,G73))-(INDEX($A:$A,MIN(LOOKUP(2,1/((($A$5:$A$120<>"")+($B$5:$B$120<>""))>0),ROW($A$5:$A$120)),G73+1))))*I73^2+(-(INDEX($A:$A,MAX(5,G73-2)))+3*(INDEX($A:$A,G73-1))-3*(INDEX($A:$A,G73))+(INDEX($A:$A,MIN(LOOKUP(2,1/((($A$5:$A$120<>"")+($B$5:$B$120<>""))>0),ROW($A$5:$A$120)),G73+1))))*I73^3),INDEX($A:$A,G73-1)+(INDEX($A:$A,G73)-INDEX($A:$A,G73-1))*I73))	=IF(G73="","",IF(INDEX($C:$C,G73)="C",0.5*(2*(INDEX($B:$B,G73-1))+(-(INDEX($B:$B,MAX(5,G73-2)))+(INDEX($B:$B,G73)))*I73+(2*(INDEX($B:$B,MAX(5,G73-2)))-5*(INDEX($B:$B,G73-1))+4*(INDEX($B:$B,G73))-(INDEX($B:$B,MIN(LOOKUP(2,1/((($A$5:$A$120<>"")+($B$5:$B$120<>""))>0),ROW($A$5:$A$120)),G73+1))))*I73^2+(-(INDEX($B:$B,MAX(5,G73-2)))+3*(INDEX($B:$B,G73-1))-3*(INDEX($B:$B,G73))+(INDEX($B:$B,MIN(LOOKUP(2,1/((($A$5:$A$120<>"")+($B$5:$B$120<>""))>0),ROW($A$5:$A$120)),G73+1))))*I73^3),INDEX($B:$B,G73-1)+(INDEX($B:$B,G73)-INDEX($B:$B,G73-1))*I73))	=IF(J73="","",IF(AND(J72<>"",J74<>""),(J74-J72)/2,IF(J74<>"",J74-J73,IF(J72<>"",J73-J72,""))))	=IF(K73="","",IF(AND(K72<>"",K74<>""),(K74-K72)/2,IF(K74<>"",K74-K73,IF(K72<>"",K73-K72,""))))	=IF(L73="","",MOD(DEGREES(ATAN2(L73,M73)),360))	=IF(N73="","",N73+$S$2)	=IF(O73="","","G1 X"&TEXT(J73,"0.###")&" Y"&TEXT(K73,"0.###")&" Z"&TEXT(O73,"0.###"))					
			=IF(C74="C",$S$3,IF(C74="S",1,0))	=E73+D74	=ROW()-5	=IF(OR(F74="",F74<=0,F74>LOOKUP(9.99999999999999E+307,$E$5:$E$120)),"",LOOKUP(F74-1,$E$5:$E$120,ROW($E$5:$E$120))+1)	=IF(G74="","",F74-INDEX($E:$E,G74-1))	=IF(G74="","",H74/INDEX($D:$D,G74))	=IF(G74="","",IF(INDEX($C:$C,G74)="C",0.5*(2*(INDEX($A:$A,G74-1))+(-(INDEX($A:$A,MAX(5,G74-2)))+(INDEX($A:$A,G74)))*I74+(2*(INDEX($A:$A,MAX(5,G74-2)))-5*(INDEX($A:$A,G74-1))+4*(INDEX($A:$A,G74))-(INDEX($A:$A,MIN(LOOKUP(2,1/((($A$5:$A$120<>"")+($B$5:$B$120<>""))>0),ROW($A$5:$A$120)),G74+1))))*I74^2+(-(INDEX($A:$A,MAX(5,G74-2)))+3*(INDEX($A:$A,G74-1))-3*(INDEX($A:$A,G74))+(INDEX($A:$A,MIN(LOOKUP(2,1/((($A$5:$A$120<>"")+($B$5:$B$120<>""))>0),ROW($A$5:$A$120)),G74+1))))*I74^3),INDEX($A:$A,G74-1)+(INDEX($A:$A,G74)-INDEX($A:$A,G74-1))*I74))	=IF(G74="","",IF(INDEX($C:$C,G74)="C",0.5*(2*(INDEX($B:$B,G74-1))+(-(INDEX($B:$B,MAX(5,G74-2)))+(INDEX($B:$B,G74)))*I74+(2*(INDEX($B:$B,MAX(5,G74-2)))-5*(INDEX($B:$B,G74-1))+4*(INDEX($B:$B,G74))-(INDEX($B:$B,MIN(LOOKUP(2,1/((($A$5:$A$120<>"")+($B$5:$B$120<>""))>0),ROW($A$5:$A$120)),G74+1))))*I74^2+(-(INDEX($B:$B,MAX(5,G74-2)))+3*(INDEX($B:$B,G74-1))-3*(INDEX($B:$B,G74))+(INDEX($B:$B,MIN(LOOKUP(2,1/((($A$5:$A$120<>"")+($B$5:$B$120<>""))>0),ROW($A$5:$A$120)),G74+1))))*I74^3),INDEX($B:$B,G74-1)+(INDEX($B:$B,G74)-INDEX($B:$B,G74-1))*I74))	=IF(J74="","",IF(AND(J73<>"",J75<>""),(J75-J73)/2,IF(J75<>"",J75-J74,IF(J73<>"",J74-J73,""))))	=IF(K74="","",IF(AND(K73<>"",K75<>""),(K75-K73)/2,IF(K75<>"",K75-K74,IF(K73<>"",K74-K73,""))))	=IF(L74="","",MOD(DEGREES(ATAN2(L74,M74)),360))	=IF(N74="","",N74+$S$2)	=IF(O74="","","G1 X"&TEXT(J74,"0.###")&" Y"&TEXT(K74,"0.###")&" Z"&TEXT(O74,"0.###"))					
			=IF(C75="C",$S$3,IF(C75="S",1,0))	=E74+D75	=ROW()-5	=IF(OR(F75="",F75<=0,F75>LOOKUP(9.99999999999999E+307,$E$5:$E$120)),"",LOOKUP(F75-1,$E$5:$E$120,ROW($E$5:$E$120))+1)	=IF(G75="","",F75-INDEX($E:$E,G75-1))	=IF(G75="","",H75/INDEX($D:$D,G75))	=IF(G75="","",IF(INDEX($C:$C,G75)="C",0.5*(2*(INDEX($A:$A,G75-1))+(-(INDEX($A:$A,MAX(5,G75-2)))+(INDEX($A:$A,G75)))*I75+(2*(INDEX($A:$A,MAX(5,G75-2)))-5*(INDEX($A:$A,G75-1))+4*(INDEX($A:$A,G75))-(INDEX($A:$A,MIN(LOOKUP(2,1/((($A$5:$A$120<>"")+($B$5:$B$120<>""))>0),ROW($A$5:$A$120)),G75+1))))*I75^2+(-(INDEX($A:$A,MAX(5,G75-2)))+3*(INDEX($A:$A,G75-1))-3*(INDEX($A:$A,G75))+(INDEX($A:$A,MIN(LOOKUP(2,1/((($A$5:$A$120<>"")+($B$5:$B$120<>""))>0),ROW($A$5:$A$120)),G75+1))))*I75^3),INDEX($A:$A,G75-1)+(INDEX($A:$A,G75)-INDEX($A:$A,G75-1))*I75))	=IF(G75="","",IF(INDEX($C:$C,G75)="C",0.5*(2*(INDEX($B:$B,G75-1))+(-(INDEX($B:$B,MAX(5,G75-2)))+(INDEX($B:$B,G75)))*I75+(2*(INDEX($B:$B,MAX(5,G75-2)))-5*(INDEX($B:$B,G75-1))+4*(INDEX($B:$B,G75))-(INDEX($B:$B,MIN(LOOKUP(2,1/((($A$5:$A$120<>"")+($B$5:$B$120<>""))>0),ROW($A$5:$A$120)),G75+1))))*I75^2+(-(INDEX($B:$B,MAX(5,G75-2)))+3*(INDEX($B:$B,G75-1))-3*(INDEX($B:$B,G75))+(INDEX($B:$B,MIN(LOOKUP(2,1/((($A$5:$A$120<>"")+($B$5:$B$120<>""))>0),ROW($A$5:$A$120)),G75+1))))*I75^3),INDEX($B:$B,G75-1)+(INDEX($B:$B,G75)-INDEX($B:$B,G75-1))*I75))	=IF(J75="","",IF(AND(J74<>"",J76<>""),(J76-J74)/2,IF(J76<>"",J76-J75,IF(J74<>"",J75-J74,""))))	=IF(K75="","",IF(AND(K74<>"",K76<>""),(K76-K74)/2,IF(K76<>"",K76-K75,IF(K74<>"",K75-K74,""))))	=IF(L75="","",MOD(DEGREES(ATAN2(L75,M75)),360))	=IF(N75="","",N75+$S$2)	=IF(O75="","","G1 X"&TEXT(J75,"0.###")&" Y"&TEXT(K75,"0.###")&" Z"&TEXT(O75,"0.###"))					
			=IF(C76="C",$S$3,IF(C76="S",1,0))	=E75+D76	=ROW()-5	=IF(OR(F76="",F76<=0,F76>LOOKUP(9.99999999999999E+307,$E$5:$E$120)),"",LOOKUP(F76-1,$E$5:$E$120,ROW($E$5:$E$120))+1)	=IF(G76="","",F76-INDEX($E:$E,G76-1))	=IF(G76="","",H76/INDEX($D:$D,G76))	=IF(G76="","",IF(INDEX($C:$C,G76)="C",0.5*(2*(INDEX($A:$A,G76-1))+(-(INDEX($A:$A,MAX(5,G76-2)))+(INDEX($A:$A,G76)))*I76+(2*(INDEX($A:$A,MAX(5,G76-2)))-5*(INDEX($A:$A,G76-1))+4*(INDEX($A:$A,G76))-(INDEX($A:$A,MIN(LOOKUP(2,1/((($A$5:$A$120<>"")+($B$5:$B$120<>""))>0),ROW($A$5:$A$120)),G76+1))))*I76^2+(-(INDEX($A:$A,MAX(5,G76-2)))+3*(INDEX($A:$A,G76-1))-3*(INDEX($A:$A,G76))+(INDEX($A:$A,MIN(LOOKUP(2,1/((($A$5:$A$120<>"")+($B$5:$B$120<>""))>0),ROW($A$5:$A$120)),G76+1))))*I76^3),INDEX($A:$A,G76-1)+(INDEX($A:$A,G76)-INDEX($A:$A,G76-1))*I76))	=IF(G76="","",IF(INDEX($C:$C,G76)="C",0.5*(2*(INDEX($B:$B,G76-1))+(-(INDEX($B:$B,MAX(5,G76-2)))+(INDEX($B:$B,G76)))*I76+(2*(INDEX($B:$B,MAX(5,G76-2)))-5*(INDEX($B:$B,G76-1))+4*(INDEX($B:$B,G76))-(INDEX($B:$B,MIN(LOOKUP(2,1/((($A$5:$A$120<>"")+($B$5:$B$120<>""))>0),ROW($A$5:$A$120)),G76+1))))*I76^2+(-(INDEX($B:$B,MAX(5,G76-2)))+3*(INDEX($B:$B,G76-1))-3*(INDEX($B:$B,G76))+(INDEX($B:$B,MIN(LOOKUP(2,1/((($A$5:$A$120<>"")+($B$5:$B$120<>""))>0),ROW($A$5:$A$120)),G76+1))))*I76^3),INDEX($B:$B,G76-1)+(INDEX($B:$B,G76)-INDEX($B:$B,G76-1))*I76))	=IF(J76="","",IF(AND(J75<>"",J77<>""),(J77-J75)/2,IF(J77<>"",J77-J76,IF(J75<>"",J76-J75,""))))	=IF(K76="","",IF(AND(K75<>"",K77<>""),(K77-K75)/2,IF(K77<>"",K77-K76,IF(K75<>"",K76-K75,""))))	=IF(L76="","",MOD(DEGREES(ATAN2(L76,M76)),360))	=IF(N76="","",N76+$S$2)	=IF(O76="","","G1 X"&TEXT(J76,"0.###")&" Y"&TEXT(K76,"0.###")&" Z"&TEXT(O76,"0.###"))					
			=IF(C77="C",$S$3,IF(C77="S",1,0))	=E76+D77	=ROW()-5	=IF(OR(F77="",F77<=0,F77>LOOKUP(9.99999999999999E+307,$E$5:$E$120)),"",LOOKUP(F77-1,$E$5:$E$120,ROW($E$5:$E$120))+1)	=IF(G77="","",F77-INDEX($E:$E,G77-1))	=IF(G77="","",H77/INDEX($D:$D,G77))	=IF(G77="","",IF(INDEX($C:$C,G77)="C",0.5*(2*(INDEX($A:$A,G77-1))+(-(INDEX($A:$A,MAX(5,G77-2)))+(INDEX($A:$A,G77)))*I77+(2*(INDEX($A:$A,MAX(5,G77-2)))-5*(INDEX($A:$A,G77-1))+4*(INDEX($A:$A,G77))-(INDEX($A:$A,MIN(LOOKUP(2,1/((($A$5:$A$120<>"")+($B$5:$B$120<>""))>0),ROW($A$5:$A$120)),G77+1))))*I77^2+(-(INDEX($A:$A,MAX(5,G77-2)))+3*(INDEX($A:$A,G77-1))-3*(INDEX($A:$A,G77))+(INDEX($A:$A,MIN(LOOKUP(2,1/((($A$5:$A$120<>"")+($B$5:$B$120<>""))>0),ROW($A$5:$A$120)),G77+1))))*I77^3),INDEX($A:$A,G77-1)+(INDEX($A:$A,G77)-INDEX($A:$A,G77-1))*I77))	=IF(G77="","",IF(INDEX($C:$C,G77)="C",0.5*(2*(INDEX($B:$B,G77-1))+(-(INDEX($B:$B,MAX(5,G77-2)))+(INDEX($B:$B,G77)))*I77+(2*(INDEX($B:$B,MAX(5,G77-2)))-5*(INDEX($B:$B,G77-1))+4*(INDEX($B:$B,G77))-(INDEX($B:$B,MIN(LOOKUP(2,1/((($A$5:$A$120<>"")+($B$5:$B$120<>""))>0),ROW($A$5:$A$120)),G77+1))))*I77^2+(-(INDEX($B:$B,MAX(5,G77-2)))+3*(INDEX($B:$B,G77-1))-3*(INDEX($B:$B,G77))+(INDEX($B:$B,MIN(LOOKUP(2,1/((($A$5:$A$120<>"")+($B$5:$B$120<>""))>0),ROW($A$5:$A$120)),G77+1))))*I77^3),INDEX($B:$B,G77-1)+(INDEX($B:$B,G77)-INDEX($B:$B,G77-1))*I77))	=IF(J77="","",IF(AND(J76<>"",J78<>""),(J78-J76)/2,IF(J78<>"",J78-J77,IF(J76<>"",J77-J76,""))))	=IF(K77="","",IF(AND(K76<>"",K78<>""),(K78-K76)/2,IF(K78<>"",K78-K77,IF(K76<>"",K77-K76,""))))	=IF(L77="","",MOD(DEGREES(ATAN2(L77,M77)),360))	=IF(N77="","",N77+$S$2)	=IF(O77="","","G1 X"&TEXT(J77,"0.###")&" Y"&TEXT(K77,"0.###")&" Z"&TEXT(O77,"0.###"))					
			=IF(C78="C",$S$3,IF(C78="S",1,0))	=E77+D78	=ROW()-5	=IF(OR(F78="",F78<=0,F78>LOOKUP(9.99999999999999E+307,$E$5:$E$120)),"",LOOKUP(F78-1,$E$5:$E$120,ROW($E$5:$E$120))+1)	=IF(G78="","",F78-INDEX($E:$E,G78-1))	=IF(G78="","",H78/INDEX($D:$D,G78))	=IF(G78="","",IF(INDEX($C:$C,G78)="C",0.5*(2*(INDEX($A:$A,G78-1))+(-(INDEX($A:$A,MAX(5,G78-2)))+(INDEX($A:$A,G78)))*I78+(2*(INDEX($A:$A,MAX(5,G78-2)))-5*(INDEX($A:$A,G78-1))+4*(INDEX($A:$A,G78))-(INDEX($A:$A,MIN(LOOKUP(2,1/((($A$5:$A$120<>"")+($B$5:$B$120<>""))>0),ROW($A$5:$A$120)),G78+1))))*I78^2+(-(INDEX($A:$A,MAX(5,G78-2)))+3*(INDEX($A:$A,G78-1))-3*(INDEX($A:$A,G78))+(INDEX($A:$A,MIN(LOOKUP(2,1/((($A$5:$A$120<>"")+($B$5:$B$120<>""))>0),ROW($A$5:$A$120)),G78+1))))*I78^3),INDEX($A:$A,G78-1)+(INDEX($A:$A,G78)-INDEX($A:$A,G78-1))*I78))	=IF(G78="","",IF(INDEX($C:$C,G78)="C",0.5*(2*(INDEX($B:$B,G78-1))+(-(INDEX($B:$B,MAX(5,G78-2)))+(INDEX($B:$B,G78)))*I78+(2*(INDEX($B:$B,MAX(5,G78-2)))-5*(INDEX($B:$B,G78-1))+4*(INDEX($B:$B,G78))-(INDEX($B:$B,MIN(LOOKUP(2,1/((($A$5:$A$120<>"")+($B$5:$B$120<>""))>0),ROW($A$5:$A$120)),G78+1))))*I78^2+(-(INDEX($B:$B,MAX(5,G78-2)))+3*(INDEX($B:$B,G78-1))-3*(INDEX($B:$B,G78))+(INDEX($B:$B,MIN(LOOKUP(2,1/((($A$5:$A$120<>"")+($B$5:$B$120<>""))>0),ROW($A$5:$A$120)),G78+1))))*I78^3),INDEX($B:$B,G78-1)+(INDEX($B:$B,G78)-INDEX($B:$B,G78-1))*I78))	=IF(J78="","",IF(AND(J77<>"",J79<>""),(J79-J77)/2,IF(J79<>"",J79-J78,IF(J77<>"",J78-J77,""))))	=IF(K78="","",IF(AND(K77<>"",K79<>""),(K79-K77)/2,IF(K79<>"",K79-K78,IF(K77<>"",K78-K77,""))))	=IF(L78="","",MOD(DEGREES(ATAN2(L78,M78)),360))	=IF(N78="","",N78+$S$2)	=IF(O78="","","G1 X"&TEXT(J78,"0.###")&" Y"&TEXT(K78,"0.###")&" Z"&TEXT(O78,"0.###"))					
			=IF(C79="C",$S$3,IF(C79="S",1,0))	=E78+D79	=ROW()-5	=IF(OR(F79="",F79<=0,F79>LOOKUP(9.99999999999999E+307,$E$5:$E$120)),"",LOOKUP(F79-1,$E$5:$E$120,ROW($E$5:$E$120))+1)	=IF(G79="","",F79-INDEX($E:$E,G79-1))	=IF(G79="","",H79/INDEX($D:$D,G79))	=IF(G79="","",IF(INDEX($C:$C,G79)="C",0.5*(2*(INDEX($A:$A,G79-1))+(-(INDEX($A:$A,MAX(5,G79-2)))+(INDEX($A:$A,G79)))*I79+(2*(INDEX($A:$A,MAX(5,G79-2)))-5*(INDEX($A:$A,G79-1))+4*(INDEX($A:$A,G79))-(INDEX($A:$A,MIN(LOOKUP(2,1/((($A$5:$A$120<>"")+($B$5:$B$120<>""))>0),ROW($A$5:$A$120)),G79+1))))*I79^2+(-(INDEX($A:$A,MAX(5,G79-2)))+3*(INDEX($A:$A,G79-1))-3*(INDEX($A:$A,G79))+(INDEX($A:$A,MIN(LOOKUP(2,1/((($A$5:$A$120<>"")+($B$5:$B$120<>""))>0),ROW($A$5:$A$120)),G79+1))))*I79^3),INDEX($A:$A,G79-1)+(INDEX($A:$A,G79)-INDEX($A:$A,G79-1))*I79))	=IF(G79="","",IF(INDEX($C:$C,G79)="C",0.5*(2*(INDEX($B:$B,G79-1))+(-(INDEX($B:$B,MAX(5,G79-2)))+(INDEX($B:$B,G79)))*I79+(2*(INDEX($B:$B,MAX(5,G79-2)))-5*(INDEX($B:$B,G79-1))+4*(INDEX($B:$B,G79))-(INDEX($B:$B,MIN(LOOKUP(2,1/((($A$5:$A$120<>"")+($B$5:$B$120<>""))>0),ROW($A$5:$A$120)),G79+1))))*I79^2+(-(INDEX($B:$B,MAX(5,G79-2)))+3*(INDEX($B:$B,G79-1))-3*(INDEX($B:$B,G79))+(INDEX($B:$B,MIN(LOOKUP(2,1/((($A$5:$A$120<>"")+($B$5:$B$120<>""))>0),ROW($A$5:$A$120)),G79+1))))*I79^3),INDEX($B:$B,G79-1)+(INDEX($B:$B,G79)-INDEX($B:$B,G79-1))*I79))	=IF(J79="","",IF(AND(J78<>"",J80<>""),(J80-J78)/2,IF(J80<>"",J80-J79,IF(J78<>"",J79-J78,""))))	=IF(K79="","",IF(AND(K78<>"",K80<>""),(K80-K78)/2,IF(K80<>"",K80-K79,IF(K78<>"",K79-K78,""))))	=IF(L79="","",MOD(DEGREES(ATAN2(L79,M79)),360))	=IF(N79="","",N79+$S$2)	=IF(O79="","","G1 X"&TEXT(J79,"0.###")&" Y"&TEXT(K79,"0.###")&" Z"&TEXT(O79,"0.###"))					
			=IF(C80="C",$S$3,IF(C80="S",1,0))	=E79+D80	=ROW()-5	=IF(OR(F80="",F80<=0,F80>LOOKUP(9.99999999999999E+307,$E$5:$E$120)),"",LOOKUP(F80-1,$E$5:$E$120,ROW($E$5:$E$120))+1)	=IF(G80="","",F80-INDEX($E:$E,G80-1))	=IF(G80="","",H80/INDEX($D:$D,G80))	=IF(G80="","",IF(INDEX($C:$C,G80)="C",0.5*(2*(INDEX($A:$A,G80-1))+(-(INDEX($A:$A,MAX(5,G80-2)))+(INDEX($A:$A,G80)))*I80+(2*(INDEX($A:$A,MAX(5,G80-2)))-5*(INDEX($A:$A,G80-1))+4*(INDEX($A:$A,G80))-(INDEX($A:$A,MIN(LOOKUP(2,1/((($A$5:$A$120<>"")+($B$5:$B$120<>""))>0),ROW($A$5:$A$120)),G80+1))))*I80^2+(-(INDEX($A:$A,MAX(5,G80-2)))+3*(INDEX($A:$A,G80-1))-3*(INDEX($A:$A,G80))+(INDEX($A:$A,MIN(LOOKUP(2,1/((($A$5:$A$120<>"")+($B$5:$B$120<>""))>0),ROW($A$5:$A$120)),G80+1))))*I80^3),INDEX($A:$A,G80-1)+(INDEX($A:$A,G80)-INDEX($A:$A,G80-1))*I80))	=IF(G80="","",IF(INDEX($C:$C,G80)="C",0.5*(2*(INDEX($B:$B,G80-1))+(-(INDEX($B:$B,MAX(5,G80-2)))+(INDEX($B:$B,G80)))*I80+(2*(INDEX($B:$B,MAX(5,G80-2)))-5*(INDEX($B:$B,G80-1))+4*(INDEX($B:$B,G80))-(INDEX($B:$B,MIN(LOOKUP(2,1/((($A$5:$A$120<>"")+($B$5:$B$120<>""))>0),ROW($A$5:$A$120)),G80+1))))*I80^2+(-(INDEX($B:$B,MAX(5,G80-2)))+3*(INDEX($B:$B,G80-1))-3*(INDEX($B:$B,G80))+(INDEX($B:$B,MIN(LOOKUP(2,1/((($A$5:$A$120<>"")+($B$5:$B$120<>""))>0),ROW($A$5:$A$120)),G80+1))))*I80^3),INDEX($B:$B,G80-1)+(INDEX($B:$B,G80)-INDEX($B:$B,G80-1))*I80))	=IF(J80="","",IF(AND(J79<>"",J81<>""),(J81-J79)/2,IF(J81<>"",J81-J80,IF(J79<>"",J80-J79,""))))	=IF(K80="","",IF(AND(K79<>"",K81<>""),(K81-K79)/2,IF(K81<>"",K81-K80,IF(K79<>"",K80-K79,""))))	=IF(L80="","",MOD(DEGREES(ATAN2(L80,M80)),360))	=IF(N80="","",N80+$S$2)	=IF(O80="","","G1 X"&TEXT(J80,"0.###")&" Y"&TEXT(K80,"0.###")&" Z"&TEXT(O80,"0.###"))					
			=IF(C81="C",$S$3,IF(C81="S",1,0))	=E80+D81	=ROW()-5	=IF(OR(F81="",F81<=0,F81>LOOKUP(9.99999999999999E+307,$E$5:$E$120)),"",LOOKUP(F81-1,$E$5:$E$120,ROW($E$5:$E$120))+1)	=IF(G81="","",F81-INDEX($E:$E,G81-1))	=IF(G81="","",H81/INDEX($D:$D,G81))	=IF(G81="","",IF(INDEX($C:$C,G81)="C",0.5*(2*(INDEX($A:$A,G81-1))+(-(INDEX($A:$A,MAX(5,G81-2)))+(INDEX($A:$A,G81)))*I81+(2*(INDEX($A:$A,MAX(5,G81-2)))-5*(INDEX($A:$A,G81-1))+4*(INDEX($A:$A,G81))-(INDEX($A:$A,MIN(LOOKUP(2,1/((($A$5:$A$120<>"")+($B$5:$B$120<>""))>0),ROW($A$5:$A$120)),G81+1))))*I81^2+(-(INDEX($A:$A,MAX(5,G81-2)))+3*(INDEX($A:$A,G81-1))-3*(INDEX($A:$A,G81))+(INDEX($A:$A,MIN(LOOKUP(2,1/((($A$5:$A$120<>"")+($B$5:$B$120<>""))>0),ROW($A$5:$A$120)),G81+1))))*I81^3),INDEX($A:$A,G81-1)+(INDEX($A:$A,G81)-INDEX($A:$A,G81-1))*I81))	=IF(G81="","",IF(INDEX($C:$C,G81)="C",0.5*(2*(INDEX($B:$B,G81-1))+(-(INDEX($B:$B,MAX(5,G81-2)))+(INDEX($B:$B,G81)))*I81+(2*(INDEX($B:$B,MAX(5,G81-2)))-5*(INDEX($B:$B,G81-1))+4*(INDEX($B:$B,G81))-(INDEX($B:$B,MIN(LOOKUP(2,1/((($A$5:$A$120<>"")+($B$5:$B$120<>""))>0),ROW($A$5:$A$120)),G81+1))))*I81^2+(-(INDEX($B:$B,MAX(5,G81-2)))+3*(INDEX($B:$B,G81-1))-3*(INDEX($B:$B,G81))+(INDEX($B:$B,MIN(LOOKUP(2,1/((($A$5:$A$120<>"")+($B$5:$B$120<>""))>0),ROW($A$5:$A$120)),G81+1))))*I81^3),INDEX($B:$B,G81-1)+(INDEX($B:$B,G81)-INDEX($B:$B,G81-1))*I81))	=IF(J81="","",IF(AND(J80<>"",J82<>""),(J82-J80)/2,IF(J82<>"",J82-J81,IF(J80<>"",J81-J80,""))))	=IF(K81="","",IF(AND(K80<>"",K82<>""),(K82-K80)/2,IF(K82<>"",K82-K81,IF(K80<>"",K81-K80,""))))	=IF(L81="","",MOD(DEGREES(ATAN2(L81,M81)),360))	=IF(N81="","",N81+$S$2)	=IF(O81="","","G1 X"&TEXT(J81,"0.###")&" Y"&TEXT(K81,"0.###")&" Z"&TEXT(O81,"0.###"))					
			=IF(C82="C",$S$3,IF(C82="S",1,0))	=E81+D82	=ROW()-5	=IF(OR(F82="",F82<=0,F82>LOOKUP(9.99999999999999E+307,$E$5:$E$120)),"",LOOKUP(F82-1,$E$5:$E$120,ROW($E$5:$E$120))+1)	=IF(G82="","",F82-INDEX($E:$E,G82-1))	=IF(G82="","",H82/INDEX($D:$D,G82))	=IF(G82="","",IF(INDEX($C:$C,G82)="C",0.5*(2*(INDEX($A:$A,G82-1))+(-(INDEX($A:$A,MAX(5,G82-2)))+(INDEX($A:$A,G82)))*I82+(2*(INDEX($A:$A,MAX(5,G82-2)))-5*(INDEX($A:$A,G82-1))+4*(INDEX($A:$A,G82))-(INDEX($A:$A,MIN(LOOKUP(2,1/((($A$5:$A$120<>"")+($B$5:$B$120<>""))>0),ROW($A$5:$A$120)),G82+1))))*I82^2+(-(INDEX($A:$A,MAX(5,G82-2)))+3*(INDEX($A:$A,G82-1))-3*(INDEX($A:$A,G82))+(INDEX($A:$A,MIN(LOOKUP(2,1/((($A$5:$A$120<>"")+($B$5:$B$120<>""))>0),ROW($A$5:$A$120)),G82+1))))*I82^3),INDEX($A:$A,G82-1)+(INDEX($A:$A,G82)-INDEX($A:$A,G82-1))*I82))	=IF(G82="","",IF(INDEX($C:$C,G82)="C",0.5*(2*(INDEX($B:$B,G82-1))+(-(INDEX($B:$B,MAX(5,G82-2)))+(INDEX($B:$B,G82)))*I82+(2*(INDEX($B:$B,MAX(5,G82-2)))-5*(INDEX($B:$B,G82-1))+4*(INDEX($B:$B,G82))-(INDEX($B:$B,MIN(LOOKUP(2,1/((($A$5:$A$120<>"")+($B$5:$B$120<>""))>0),ROW($A$5:$A$120)),G82+1))))*I82^2+(-(INDEX($B:$B,MAX(5,G82-2)))+3*(INDEX($B:$B,G82-1))-3*(INDEX($B:$B,G82))+(INDEX($B:$B,MIN(LOOKUP(2,1/((($A$5:$A$120<>"")+($B$5:$B$120<>""))>0),ROW($A$5:$A$120)),G82+1))))*I82^3),INDEX($B:$B,G82-1)+(INDEX($B:$B,G82)-INDEX($B:$B,G82-1))*I82))	=IF(J82="","",IF(AND(J81<>"",J83<>""),(J83-J81)/2,IF(J83<>"",J83-J82,IF(J81<>"",J82-J81,""))))	=IF(K82="","",IF(AND(K81<>"",K83<>""),(K83-K81)/2,IF(K83<>"",K83-K82,IF(K81<>"",K82-K81,""))))	=IF(L82="","",MOD(DEGREES(ATAN2(L82,M82)),360))	=IF(N82="","",N82+$S$2)	=IF(O82="","","G1 X"&TEXT(J82,"0.###")&" Y"&TEXT(K82,"0.###")&" Z"&TEXT(O82,"0.###"))					
			=IF(C83="C",$S$3,IF(C83="S",1,0))	=E82+D83	=ROW()-5	=IF(OR(F83="",F83<=0,F83>LOOKUP(9.99999999999999E+307,$E$5:$E$120)),"",LOOKUP(F83-1,$E$5:$E$120,ROW($E$5:$E$120))+1)	=IF(G83="","",F83-INDEX($E:$E,G83-1))	=IF(G83="","",H83/INDEX($D:$D,G83))	=IF(G83="","",IF(INDEX($C:$C,G83)="C",0.5*(2*(INDEX($A:$A,G83-1))+(-(INDEX($A:$A,MAX(5,G83-2)))+(INDEX($A:$A,G83)))*I83+(2*(INDEX($A:$A,MAX(5,G83-2)))-5*(INDEX($A:$A,G83-1))+4*(INDEX($A:$A,G83))-(INDEX($A:$A,MIN(LOOKUP(2,1/((($A$5:$A$120<>"")+($B$5:$B$120<>""))>0),ROW($A$5:$A$120)),G83+1))))*I83^2+(-(INDEX($A:$A,MAX(5,G83-2)))+3*(INDEX($A:$A,G83-1))-3*(INDEX($A:$A,G83))+(INDEX($A:$A,MIN(LOOKUP(2,1/((($A$5:$A$120<>"")+($B$5:$B$120<>""))>0),ROW($A$5:$A$120)),G83+1))))*I83^3),INDEX($A:$A,G83-1)+(INDEX($A:$A,G83)-INDEX($A:$A,G83-1))*I83))	=IF(G83="","",IF(INDEX($C:$C,G83)="C",0.5*(2*(INDEX($B:$B,G83-1))+(-(INDEX($B:$B,MAX(5,G83-2)))+(INDEX($B:$B,G83)))*I83+(2*(INDEX($B:$B,MAX(5,G83-2)))-5*(INDEX($B:$B,G83-1))+4*(INDEX($B:$B,G83))-(INDEX($B:$B,MIN(LOOKUP(2,1/((($A$5:$A$120<>"")+($B$5:$B$120<>""))>0),ROW($A$5:$A$120)),G83+1))))*I83^2+(-(INDEX($B:$B,MAX(5,G83-2)))+3*(INDEX($B:$B,G83-1))-3*(INDEX($B:$B,G83))+(INDEX($B:$B,MIN(LOOKUP(2,1/((($A$5:$A$120<>"")+($B$5:$B$120<>""))>0),ROW($A$5:$A$120)),G83+1))))*I83^3),INDEX($B:$B,G83-1)+(INDEX($B:$B,G83)-INDEX($B:$B,G83-1))*I83))	=IF(J83="","",IF(AND(J82<>"",J84<>""),(J84-J82)/2,IF(J84<>"",J84-J83,IF(J82<>"",J83-J82,""))))	=IF(K83="","",IF(AND(K82<>"",K84<>""),(K84-K82)/2,IF(K84<>"",K84-K83,IF(K82<>"",K83-K82,""))))	=IF(L83="","",MOD(DEGREES(ATAN2(L83,M83)),360))	=IF(N83="","",N83+$S$2)	=IF(O83="","","G1 X"&TEXT(J83,"0.###")&" Y"&TEXT(K83,"0.###")&" Z"&TEXT(O83,"0.###"))					
			=IF(C84="C",$S$3,IF(C84="S",1,0))	=E83+D84	=ROW()-5	=IF(OR(F84="",F84<=0,F84>LOOKUP(9.99999999999999E+307,$E$5:$E$120)),"",LOOKUP(F84-1,$E$5:$E$120,ROW($E$5:$E$120))+1)	=IF(G84="","",F84-INDEX($E:$E,G84-1))	=IF(G84="","",H84/INDEX($D:$D,G84))	=IF(G84="","",IF(INDEX($C:$C,G84)="C",0.5*(2*(INDEX($A:$A,G84-1))+(-(INDEX($A:$A,MAX(5,G84-2)))+(INDEX($A:$A,G84)))*I84+(2*(INDEX($A:$A,MAX(5,G84-2)))-5*(INDEX($A:$A,G84-1))+4*(INDEX($A:$A,G84))-(INDEX($A:$A,MIN(LOOKUP(2,1/((($A$5:$A$120<>"")+($B$5:$B$120<>""))>0),ROW($A$5:$A$120)),G84+1))))*I84^2+(-(INDEX($A:$A,MAX(5,G84-2)))+3*(INDEX($A:$A,G84-1))-3*(INDEX($A:$A,G84))+(INDEX($A:$A,MIN(LOOKUP(2,1/((($A$5:$A$120<>"")+($B$5:$B$120<>""))>0),ROW($A$5:$A$120)),G84+1))))*I84^3),INDEX($A:$A,G84-1)+(INDEX($A:$A,G84)-INDEX($A:$A,G84-1))*I84))	=IF(G84="","",IF(INDEX($C:$C,G84)="C",0.5*(2*(INDEX($B:$B,G84-1))+(-(INDEX($B:$B,MAX(5,G84-2)))+(INDEX($B:$B,G84)))*I84+(2*(INDEX($B:$B,MAX(5,G84-2)))-5*(INDEX($B:$B,G84-1))+4*(INDEX($B:$B,G84))-(INDEX($B:$B,MIN(LOOKUP(2,1/((($A$5:$A$120<>"")+($B$5:$B$120<>""))>0),ROW($A$5:$A$120)),G84+1))))*I84^2+(-(INDEX($B:$B,MAX(5,G84-2)))+3*(INDEX($B:$B,G84-1))-3*(INDEX($B:$B,G84))+(INDEX($B:$B,MIN(LOOKUP(2,1/((($A$5:$A$120<>"")+($B$5:$B$120<>""))>0),ROW($A$5:$A$120)),G84+1))))*I84^3),INDEX($B:$B,G84-1)+(INDEX($B:$B,G84)-INDEX($B:$B,G84-1))*I84))	=IF(J84="","",IF(AND(J83<>"",J85<>""),(J85-J83)/2,IF(J85<>"",J85-J84,IF(J83<>"",J84-J83,""))))	=IF(K84="","",IF(AND(K83<>"",K85<>""),(K85-K83)/2,IF(K85<>"",K85-K84,IF(K83<>"",K84-K83,""))))	=IF(L84="","",MOD(DEGREES(ATAN2(L84,M84)),360))	=IF(N84="","",N84+$S$2)	=IF(O84="","","G1 X"&TEXT(J84,"0.###")&" Y"&TEXT(K84,"0.###")&" Z"&TEXT(O84,"0.###"))					
			=IF(C85="C",$S$3,IF(C85="S",1,0))	=E84+D85	=ROW()-5	=IF(OR(F85="",F85<=0,F85>LOOKUP(9.99999999999999E+307,$E$5:$E$120)),"",LOOKUP(F85-1,$E$5:$E$120,ROW($E$5:$E$120))+1)	=IF(G85="","",F85-INDEX($E:$E,G85-1))	=IF(G85="","",H85/INDEX($D:$D,G85))	=IF(G85="","",IF(INDEX($C:$C,G85)="C",0.5*(2*(INDEX($A:$A,G85-1))+(-(INDEX($A:$A,MAX(5,G85-2)))+(INDEX($A:$A,G85)))*I85+(2*(INDEX($A:$A,MAX(5,G85-2)))-5*(INDEX($A:$A,G85-1))+4*(INDEX($A:$A,G85))-(INDEX($A:$A,MIN(LOOKUP(2,1/((($A$5:$A$120<>"")+($B$5:$B$120<>""))>0),ROW($A$5:$A$120)),G85+1))))*I85^2+(-(INDEX($A:$A,MAX(5,G85-2)))+3*(INDEX($A:$A,G85-1))-3*(INDEX($A:$A,G85))+(INDEX($A:$A,MIN(LOOKUP(2,1/((($A$5:$A$120<>"")+($B$5:$B$120<>""))>0),ROW($A$5:$A$120)),G85+1))))*I85^3),INDEX($A:$A,G85-1)+(INDEX($A:$A,G85)-INDEX($A:$A,G85-1))*I85))	=IF(G85="","",IF(INDEX($C:$C,G85)="C",0.5*(2*(INDEX($B:$B,G85-1))+(-(INDEX($B:$B,MAX(5,G85-2)))+(INDEX($B:$B,G85)))*I85+(2*(INDEX($B:$B,MAX(5,G85-2)))-5*(INDEX($B:$B,G85-1))+4*(INDEX($B:$B,G85))-(INDEX($B:$B,MIN(LOOKUP(2,1/((($A$5:$A$120<>"")+($B$5:$B$120<>""))>0),ROW($A$5:$A$120)),G85+1))))*I85^2+(-(INDEX($B:$B,MAX(5,G85-2)))+3*(INDEX($B:$B,G85-1))-3*(INDEX($B:$B,G85))+(INDEX($B:$B,MIN(LOOKUP(2,1/((($A$5:$A$120<>"")+($B$5:$B$120<>""))>0),ROW($A$5:$A$120)),G85+1))))*I85^3),INDEX($B:$B,G85-1)+(INDEX($B:$B,G85)-INDEX($B:$B,G85-1))*I85))	=IF(J85="","",IF(AND(J84<>"",J86<>""),(J86-J84)/2,IF(J86<>"",J86-J85,IF(J84<>"",J85-J84,""))))	=IF(K85="","",IF(AND(K84<>"",K86<>""),(K86-K84)/2,IF(K86<>"",K86-K85,IF(K84<>"",K85-K84,""))))	=IF(L85="","",MOD(DEGREES(ATAN2(L85,M85)),360))	=IF(N85="","",N85+$S$2)	=IF(O85="","","G1 X"&TEXT(J85,"0.###")&" Y"&TEXT(K85,"0.###")&" Z"&TEXT(O85,"0.###"))					
			=IF(C86="C",$S$3,IF(C86="S",1,0))	=E85+D86	=ROW()-5	=IF(OR(F86="",F86<=0,F86>LOOKUP(9.99999999999999E+307,$E$5:$E$120)),"",LOOKUP(F86-1,$E$5:$E$120,ROW($E$5:$E$120))+1)	=IF(G86="","",F86-INDEX($E:$E,G86-1))	=IF(G86="","",H86/INDEX($D:$D,G86))	=IF(G86="","",IF(INDEX($C:$C,G86)="C",0.5*(2*(INDEX($A:$A,G86-1))+(-(INDEX($A:$A,MAX(5,G86-2)))+(INDEX($A:$A,G86)))*I86+(2*(INDEX($A:$A,MAX(5,G86-2)))-5*(INDEX($A:$A,G86-1))+4*(INDEX($A:$A,G86))-(INDEX($A:$A,MIN(LOOKUP(2,1/((($A$5:$A$120<>"")+($B$5:$B$120<>""))>0),ROW($A$5:$A$120)),G86+1))))*I86^2+(-(INDEX($A:$A,MAX(5,G86-2)))+3*(INDEX($A:$A,G86-1))-3*(INDEX($A:$A,G86))+(INDEX($A:$A,MIN(LOOKUP(2,1/((($A$5:$A$120<>"")+($B$5:$B$120<>""))>0),ROW($A$5:$A$120)),G86+1))))*I86^3),INDEX($A:$A,G86-1)+(INDEX($A:$A,G86)-INDEX($A:$A,G86-1))*I86))	=IF(G86="","",IF(INDEX($C:$C,G86)="C",0.5*(2*(INDEX($B:$B,G86-1))+(-(INDEX($B:$B,MAX(5,G86-2)))+(INDEX($B:$B,G86)))*I86+(2*(INDEX($B:$B,MAX(5,G86-2)))-5*(INDEX($B:$B,G86-1))+4*(INDEX($B:$B,G86))-(INDEX($B:$B,MIN(LOOKUP(2,1/((($A$5:$A$120<>"")+($B$5:$B$120<>""))>0),ROW($A$5:$A$120)),G86+1))))*I86^2+(-(INDEX($B:$B,MAX(5,G86-2)))+3*(INDEX($B:$B,G86-1))-3*(INDEX($B:$B,G86))+(INDEX($B:$B,MIN(LOOKUP(2,1/((($A$5:$A$120<>"")+($B$5:$B$120<>""))>0),ROW($A$5:$A$120)),G86+1))))*I86^3),INDEX($B:$B,G86-1)+(INDEX($B:$B,G86)-INDEX($B:$B,G86-1))*I86))	=IF(J86="","",IF(AND(J85<>"",J87<>""),(J87-J85)/2,IF(J87<>"",J87-J86,IF(J85<>"",J86-J85,""))))	=IF(K86="","",IF(AND(K85<>"",K87<>""),(K87-K85)/2,IF(K87<>"",K87-K86,IF(K85<>"",K86-K85,""))))	=IF(L86="","",MOD(DEGREES(ATAN2(L86,M86)),360))	=IF(N86="","",N86+$S$2)	=IF(O86="","","G1 X"&TEXT(J86,"0.###")&" Y"&TEXT(K86,"0.###")&" Z"&TEXT(O86,"0.###"))					
			=IF(C87="C",$S$3,IF(C87="S",1,0))	=E86+D87	=ROW()-5	=IF(OR(F87="",F87<=0,F87>LOOKUP(9.99999999999999E+307,$E$5:$E$120)),"",LOOKUP(F87-1,$E$5:$E$120,ROW($E$5:$E$120))+1)	=IF(G87="","",F87-INDEX($E:$E,G87-1))	=IF(G87="","",H87/INDEX($D:$D,G87))	=IF(G87="","",IF(INDEX($C:$C,G87)="C",0.5*(2*(INDEX($A:$A,G87-1))+(-(INDEX($A:$A,MAX(5,G87-2)))+(INDEX($A:$A,G87)))*I87+(2*(INDEX($A:$A,MAX(5,G87-2)))-5*(INDEX($A:$A,G87-1))+4*(INDEX($A:$A,G87))-(INDEX($A:$A,MIN(LOOKUP(2,1/((($A$5:$A$120<>"")+($B$5:$B$120<>""))>0),ROW($A$5:$A$120)),G87+1))))*I87^2+(-(INDEX($A:$A,MAX(5,G87-2)))+3*(INDEX($A:$A,G87-1))-3*(INDEX($A:$A,G87))+(INDEX($A:$A,MIN(LOOKUP(2,1/((($A$5:$A$120<>"")+($B$5:$B$120<>""))>0),ROW($A$5:$A$120)),G87+1))))*I87^3),INDEX($A:$A,G87-1)+(INDEX($A:$A,G87)-INDEX($A:$A,G87-1))*I87))	=IF(G87="","",IF(INDEX($C:$C,G87)="C",0.5*(2*(INDEX($B:$B,G87-1))+(-(INDEX($B:$B,MAX(5,G87-2)))+(INDEX($B:$B,G87)))*I87+(2*(INDEX($B:$B,MAX(5,G87-2)))-5*(INDEX($B:$B,G87-1))+4*(INDEX($B:$B,G87))-(INDEX($B:$B,MIN(LOOKUP(2,1/((($A$5:$A$120<>"")+($B$5:$B$120<>""))>0),ROW($A$5:$A$120)),G87+1))))*I87^2+(-(INDEX($B:$B,MAX(5,G87-2)))+3*(INDEX($B:$B,G87-1))-3*(INDEX($B:$B,G87))+(INDEX($B:$B,MIN(LOOKUP(2,1/((($A$5:$A$120<>"")+($B$5:$B$120<>""))>0),ROW($A$5:$A$120)),G87+1))))*I87^3),INDEX($B:$B,G87-1)+(INDEX($B:$B,G87)-INDEX($B:$B,G87-1))*I87))	=IF(J87="","",IF(AND(J86<>"",J88<>""),(J88-J86)/2,IF(J88<>"",J88-J87,IF(J86<>"",J87-J86,""))))	=IF(K87="","",IF(AND(K86<>"",K88<>""),(K88-K86)/2,IF(K88<>"",K88-K87,IF(K86<>"",K87-K86,""))))	=IF(L87="","",MOD(DEGREES(ATAN2(L87,M87)),360))	=IF(N87="","",N87+$S$2)	=IF(O87="","","G1 X"&TEXT(J87,"0.###")&" Y"&TEXT(K87,"0.###")&" Z"&TEXT(O87,"0.###"))					
			=IF(C88="C",$S$3,IF(C88="S",1,0))	=E87+D88	=ROW()-5	=IF(OR(F88="",F88<=0,F88>LOOKUP(9.99999999999999E+307,$E$5:$E$120)),"",LOOKUP(F88-1,$E$5:$E$120,ROW($E$5:$E$120))+1)	=IF(G88="","",F88-INDEX($E:$E,G88-1))	=IF(G88="","",H88/INDEX($D:$D,G88))	=IF(G88="","",IF(INDEX($C:$C,G88)="C",0.5*(2*(INDEX($A:$A,G88-1))+(-(INDEX($A:$A,MAX(5,G88-2)))+(INDEX($A:$A,G88)))*I88+(2*(INDEX($A:$A,MAX(5,G88-2)))-5*(INDEX($A:$A,G88-1))+4*(INDEX($A:$A,G88))-(INDEX($A:$A,MIN(LOOKUP(2,1/((($A$5:$A$120<>"")+($B$5:$B$120<>""))>0),ROW($A$5:$A$120)),G88+1))))*I88^2+(-(INDEX($A:$A,MAX(5,G88-2)))+3*(INDEX($A:$A,G88-1))-3*(INDEX($A:$A,G88))+(INDEX($A:$A,MIN(LOOKUP(2,1/((($A$5:$A$120<>"")+($B$5:$B$120<>""))>0),ROW($A$5:$A$120)),G88+1))))*I88^3),INDEX($A:$A,G88-1)+(INDEX($A:$A,G88)-INDEX($A:$A,G88-1))*I88))	=IF(G88="","",IF(INDEX($C:$C,G88)="C",0.5*(2*(INDEX($B:$B,G88-1))+(-(INDEX($B:$B,MAX(5,G88-2)))+(INDEX($B:$B,G88)))*I88+(2*(INDEX($B:$B,MAX(5,G88-2)))-5*(INDEX($B:$B,G88-1))+4*(INDEX($B:$B,G88))-(INDEX($B:$B,MIN(LOOKUP(2,1/((($A$5:$A$120<>"")+($B$5:$B$120<>""))>0),ROW($A$5:$A$120)),G88+1))))*I88^2+(-(INDEX($B:$B,MAX(5,G88-2)))+3*(INDEX($B:$B,G88-1))-3*(INDEX($B:$B,G88))+(INDEX($B:$B,MIN(LOOKUP(2,1/((($A$5:$A$120<>"")+($B$5:$B$120<>""))>0),ROW($A$5:$A$120)),G88+1))))*I88^3),INDEX($B:$B,G88-1)+(INDEX($B:$B,G88)-INDEX($B:$B,G88-1))*I88))	=IF(J88="","",IF(AND(J87<>"",J89<>""),(J89-J87)/2,IF(J89<>"",J89-J88,IF(J87<>"",J88-J87,""))))	=IF(K88="","",IF(AND(K87<>"",K89<>""),(K89-K87)/2,IF(K89<>"",K89-K88,IF(K87<>"",K88-K87,""))))	=IF(L88="","",MOD(DEGREES(ATAN2(L88,M88)),360))	=IF(N88="","",N88+$S$2)	=IF(O88="","","G1 X"&TEXT(J88,"0.###")&" Y"&TEXT(K88,"0.###")&" Z"&TEXT(O88,"0.###"))					
			=IF(C89="C",$S$3,IF(C89="S",1,0))	=E88+D89	=ROW()-5	=IF(OR(F89="",F89<=0,F89>LOOKUP(9.99999999999999E+307,$E$5:$E$120)),"",LOOKUP(F89-1,$E$5:$E$120,ROW($E$5:$E$120))+1)	=IF(G89="","",F89-INDEX($E:$E,G89-1))	=IF(G89="","",H89/INDEX($D:$D,G89))	=IF(G89="","",IF(INDEX($C:$C,G89)="C",0.5*(2*(INDEX($A:$A,G89-1))+(-(INDEX($A:$A,MAX(5,G89-2)))+(INDEX($A:$A,G89)))*I89+(2*(INDEX($A:$A,MAX(5,G89-2)))-5*(INDEX($A:$A,G89-1))+4*(INDEX($A:$A,G89))-(INDEX($A:$A,MIN(LOOKUP(2,1/((($A$5:$A$120<>"")+($B$5:$B$120<>""))>0),ROW($A$5:$A$120)),G89+1))))*I89^2+(-(INDEX($A:$A,MAX(5,G89-2)))+3*(INDEX($A:$A,G89-1))-3*(INDEX($A:$A,G89))+(INDEX($A:$A,MIN(LOOKUP(2,1/((($A$5:$A$120<>"")+($B$5:$B$120<>""))>0),ROW($A$5:$A$120)),G89+1))))*I89^3),INDEX($A:$A,G89-1)+(INDEX($A:$A,G89)-INDEX($A:$A,G89-1))*I89))	=IF(G89="","",IF(INDEX($C:$C,G89)="C",0.5*(2*(INDEX($B:$B,G89-1))+(-(INDEX($B:$B,MAX(5,G89-2)))+(INDEX($B:$B,G89)))*I89+(2*(INDEX($B:$B,MAX(5,G89-2)))-5*(INDEX($B:$B,G89-1))+4*(INDEX($B:$B,G89))-(INDEX($B:$B,MIN(LOOKUP(2,1/((($A$5:$A$120<>"")+($B$5:$B$120<>""))>0),ROW($A$5:$A$120)),G89+1))))*I89^2+(-(INDEX($B:$B,MAX(5,G89-2)))+3*(INDEX($B:$B,G89-1))-3*(INDEX($B:$B,G89))+(INDEX($B:$B,MIN(LOOKUP(2,1/((($A$5:$A$120<>"")+($B$5:$B$120<>""))>0),ROW($A$5:$A$120)),G89+1))))*I89^3),INDEX($B:$B,G89-1)+(INDEX($B:$B,G89)-INDEX($B:$B,G89-1))*I89))	=IF(J89="","",IF(AND(J88<>"",J90<>""),(J90-J88)/2,IF(J90<>"",J90-J89,IF(J88<>"",J89-J88,""))))	=IF(K89="","",IF(AND(K88<>"",K90<>""),(K90-K88)/2,IF(K90<>"",K90-K89,IF(K88<>"",K89-K88,""))))	=IF(L89="","",MOD(DEGREES(ATAN2(L89,M89)),360))	=IF(N89="","",N89+$S$2)	=IF(O89="","","G1 X"&TEXT(J89,"0.###")&" Y"&TEXT(K89,"0.###")&" Z"&TEXT(O89,"0.###"))					
			=IF(C90="C",$S$3,IF(C90="S",1,0))	=E89+D90	=ROW()-5	=IF(OR(F90="",F90<=0,F90>LOOKUP(9.99999999999999E+307,$E$5:$E$120)),"",LOOKUP(F90-1,$E$5:$E$120,ROW($E$5:$E$120))+1)	=IF(G90="","",F90-INDEX($E:$E,G90-1))	=IF(G90="","",H90/INDEX($D:$D,G90))	=IF(G90="","",IF(INDEX($C:$C,G90)="C",0.5*(2*(INDEX($A:$A,G90-1))+(-(INDEX($A:$A,MAX(5,G90-2)))+(INDEX($A:$A,G90)))*I90+(2*(INDEX($A:$A,MAX(5,G90-2)))-5*(INDEX($A:$A,G90-1))+4*(INDEX($A:$A,G90))-(INDEX($A:$A,MIN(LOOKUP(2,1/((($A$5:$A$120<>"")+($B$5:$B$120<>""))>0),ROW($A$5:$A$120)),G90+1))))*I90^2+(-(INDEX($A:$A,MAX(5,G90-2)))+3*(INDEX($A:$A,G90-1))-3*(INDEX($A:$A,G90))+(INDEX($A:$A,MIN(LOOKUP(2,1/((($A$5:$A$120<>"")+($B$5:$B$120<>""))>0),ROW($A$5:$A$120)),G90+1))))*I90^3),INDEX($A:$A,G90-1)+(INDEX($A:$A,G90)-INDEX($A:$A,G90-1))*I90))	=IF(G90="","",IF(INDEX($C:$C,G90)="C",0.5*(2*(INDEX($B:$B,G90-1))+(-(INDEX($B:$B,MAX(5,G90-2)))+(INDEX($B:$B,G90)))*I90+(2*(INDEX($B:$B,MAX(5,G90-2)))-5*(INDEX($B:$B,G90-1))+4*(INDEX($B:$B,G90))-(INDEX($B:$B,MIN(LOOKUP(2,1/((($A$5:$A$120<>"")+($B$5:$B$120<>""))>0),ROW($A$5:$A$120)),G90+1))))*I90^2+(-(INDEX($B:$B,MAX(5,G90-2)))+3*(INDEX($B:$B,G90-1))-3*(INDEX($B:$B,G90))+(INDEX($B:$B,MIN(LOOKUP(2,1/((($A$5:$A$120<>"")+($B$5:$B$120<>""))>0),ROW($A$5:$A$120)),G90+1))))*I90^3),INDEX($B:$B,G90-1)+(INDEX($B:$B,G90)-INDEX($B:$B,G90-1))*I90))	=IF(J90="","",IF(AND(J89<>"",J91<>""),(J91-J89)/2,IF(J91<>"",J91-J90,IF(J89<>"",J90-J89,""))))	=IF(K90="","",IF(AND(K89<>"",K91<>""),(K91-K89)/2,IF(K91<>"",K91-K90,IF(K89<>"",K90-K89,""))))	=IF(L90="","",MOD(DEGREES(ATAN2(L90,M90)),360))	=IF(N90="","",N90+$S$2)	=IF(O90="","","G1 X"&TEXT(J90,"0.###")&" Y"&TEXT(K90,"0.###")&" Z"&TEXT(O90,"0.###"))					
			=IF(C91="C",$S$3,IF(C91="S",1,0))	=E90+D91	=ROW()-5	=IF(OR(F91="",F91<=0,F91>LOOKUP(9.99999999999999E+307,$E$5:$E$120)),"",LOOKUP(F91-1,$E$5:$E$120,ROW($E$5:$E$120))+1)	=IF(G91="","",F91-INDEX($E:$E,G91-1))	=IF(G91="","",H91/INDEX($D:$D,G91))	=IF(G91="","",IF(INDEX($C:$C,G91)="C",0.5*(2*(INDEX($A:$A,G91-1))+(-(INDEX($A:$A,MAX(5,G91-2)))+(INDEX($A:$A,G91)))*I91+(2*(INDEX($A:$A,MAX(5,G91-2)))-5*(INDEX($A:$A,G91-1))+4*(INDEX($A:$A,G91))-(INDEX($A:$A,MIN(LOOKUP(2,1/((($A$5:$A$120<>"")+($B$5:$B$120<>""))>0),ROW($A$5:$A$120)),G91+1))))*I91^2+(-(INDEX($A:$A,MAX(5,G91-2)))+3*(INDEX($A:$A,G91-1))-3*(INDEX($A:$A,G91))+(INDEX($A:$A,MIN(LOOKUP(2,1/((($A$5:$A$120<>"")+($B$5:$B$120<>""))>0),ROW($A$5:$A$120)),G91+1))))*I91^3),INDEX($A:$A,G91-1)+(INDEX($A:$A,G91)-INDEX($A:$A,G91-1))*I91))	=IF(G91="","",IF(INDEX($C:$C,G91)="C",0.5*(2*(INDEX($B:$B,G91-1))+(-(INDEX($B:$B,MAX(5,G91-2)))+(INDEX($B:$B,G91)))*I91+(2*(INDEX($B:$B,MAX(5,G91-2)))-5*(INDEX($B:$B,G91-1))+4*(INDEX($B:$B,G91))-(INDEX($B:$B,MIN(LOOKUP(2,1/((($A$5:$A$120<>"")+($B$5:$B$120<>""))>0),ROW($A$5:$A$120)),G91+1))))*I91^2+(-(INDEX($B:$B,MAX(5,G91-2)))+3*(INDEX($B:$B,G91-1))-3*(INDEX($B:$B,G91))+(INDEX($B:$B,MIN(LOOKUP(2,1/((($A$5:$A$120<>"")+($B$5:$B$120<>""))>0),ROW($A$5:$A$120)),G91+1))))*I91^3),INDEX($B:$B,G91-1)+(INDEX($B:$B,G91)-INDEX($B:$B,G91-1))*I91))	=IF(J91="","",IF(AND(J90<>"",J92<>""),(J92-J90)/2,IF(J92<>"",J92-J91,IF(J90<>"",J91-J90,""))))	=IF(K91="","",IF(AND(K90<>"",K92<>""),(K92-K90)/2,IF(K92<>"",K92-K91,IF(K90<>"",K91-K90,""))))	=IF(L91="","",MOD(DEGREES(ATAN2(L91,M91)),360))	=IF(N91="","",N91+$S$2)	=IF(O91="","","G1 X"&TEXT(J91,"0.###")&" Y"&TEXT(K91,"0.###")&" Z"&TEXT(O91,"0.###"))					
			=IF(C92="C",$S$3,IF(C92="S",1,0))	=E91+D92	=ROW()-5	=IF(OR(F92="",F92<=0,F92>LOOKUP(9.99999999999999E+307,$E$5:$E$120)),"",LOOKUP(F92-1,$E$5:$E$120,ROW($E$5:$E$120))+1)	=IF(G92="","",F92-INDEX($E:$E,G92-1))	=IF(G92="","",H92/INDEX($D:$D,G92))	=IF(G92="","",IF(INDEX($C:$C,G92)="C",0.5*(2*(INDEX($A:$A,G92-1))+(-(INDEX($A:$A,MAX(5,G92-2)))+(INDEX($A:$A,G92)))*I92+(2*(INDEX($A:$A,MAX(5,G92-2)))-5*(INDEX($A:$A,G92-1))+4*(INDEX($A:$A,G92))-(INDEX($A:$A,MIN(LOOKUP(2,1/((($A$5:$A$120<>"")+($B$5:$B$120<>""))>0),ROW($A$5:$A$120)),G92+1))))*I92^2+(-(INDEX($A:$A,MAX(5,G92-2)))+3*(INDEX($A:$A,G92-1))-3*(INDEX($A:$A,G92))+(INDEX($A:$A,MIN(LOOKUP(2,1/((($A$5:$A$120<>"")+($B$5:$B$120<>""))>0),ROW($A$5:$A$120)),G92+1))))*I92^3),INDEX($A:$A,G92-1)+(INDEX($A:$A,G92)-INDEX($A:$A,G92-1))*I92))	=IF(G92="","",IF(INDEX($C:$C,G92)="C",0.5*(2*(INDEX($B:$B,G92-1))+(-(INDEX($B:$B,MAX(5,G92-2)))+(INDEX($B:$B,G92)))*I92+(2*(INDEX($B:$B,MAX(5,G92-2)))-5*(INDEX($B:$B,G92-1))+4*(INDEX($B:$B,G92))-(INDEX($B:$B,MIN(LOOKUP(2,1/((($A$5:$A$120<>"")+($B$5:$B$120<>""))>0),ROW($A$5:$A$120)),G92+1))))*I92^2+(-(INDEX($B:$B,MAX(5,G92-2)))+3*(INDEX($B:$B,G92-1))-3*(INDEX($B:$B,G92))+(INDEX($B:$B,MIN(LOOKUP(2,1/((($A$5:$A$120<>"")+($B$5:$B$120<>""))>0),ROW($A$5:$A$120)),G92+1))))*I92^3),INDEX($B:$B,G92-1)+(INDEX($B:$B,G92)-INDEX($B:$B,G92-1))*I92))	=IF(J92="","",IF(AND(J91<>"",J93<>""),(J93-J91)/2,IF(J93<>"",J93-J92,IF(J91<>"",J92-J91,""))))	=IF(K92="","",IF(AND(K91<>"",K93<>""),(K93-K91)/2,IF(K93<>"",K93-K92,IF(K91<>"",K92-K91,""))))	=IF(L92="","",MOD(DEGREES(ATAN2(L92,M92)),360))	=IF(N92="","",N92+$S$2)	=IF(O92="","","G1 X"&TEXT(J92,"0.###")&" Y"&TEXT(K92,"0.###")&" Z"&TEXT(O92,"0.###"))					
			=IF(C93="C",$S$3,IF(C93="S",1,0))	=E92+D93	=ROW()-5	=IF(OR(F93="",F93<=0,F93>LOOKUP(9.99999999999999E+307,$E$5:$E$120)),"",LOOKUP(F93-1,$E$5:$E$120,ROW($E$5:$E$120))+1)	=IF(G93="","",F93-INDEX($E:$E,G93-1))	=IF(G93="","",H93/INDEX($D:$D,G93))	=IF(G93="","",IF(INDEX($C:$C,G93)="C",0.5*(2*(INDEX($A:$A,G93-1))+(-(INDEX($A:$A,MAX(5,G93-2)))+(INDEX($A:$A,G93)))*I93+(2*(INDEX($A:$A,MAX(5,G93-2)))-5*(INDEX($A:$A,G93-1))+4*(INDEX($A:$A,G93))-(INDEX($A:$A,MIN(LOOKUP(2,1/((($A$5:$A$120<>"")+($B$5:$B$120<>""))>0),ROW($A$5:$A$120)),G93+1))))*I93^2+(-(INDEX($A:$A,MAX(5,G93-2)))+3*(INDEX($A:$A,G93-1))-3*(INDEX($A:$A,G93))+(INDEX($A:$A,MIN(LOOKUP(2,1/((($A$5:$A$120<>"")+($B$5:$B$120<>""))>0),ROW($A$5:$A$120)),G93+1))))*I93^3),INDEX($A:$A,G93-1)+(INDEX($A:$A,G93)-INDEX($A:$A,G93-1))*I93))	=IF(G93="","",IF(INDEX($C:$C,G93)="C",0.5*(2*(INDEX($B:$B,G93-1))+(-(INDEX($B:$B,MAX(5,G93-2)))+(INDEX($B:$B,G93)))*I93+(2*(INDEX($B:$B,MAX(5,G93-2)))-5*(INDEX($B:$B,G93-1))+4*(INDEX($B:$B,G93))-(INDEX($B:$B,MIN(LOOKUP(2,1/((($A$5:$A$120<>"")+($B$5:$B$120<>""))>0),ROW($A$5:$A$120)),G93+1))))*I93^2+(-(INDEX($B:$B,MAX(5,G93-2)))+3*(INDEX($B:$B,G93-1))-3*(INDEX($B:$B,G93))+(INDEX($B:$B,MIN(LOOKUP(2,1/((($A$5:$A$120<>"")+($B$5:$B$120<>""))>0),ROW($A$5:$A$120)),G93+1))))*I93^3),INDEX($B:$B,G93-1)+(INDEX($B:$B,G93)-INDEX($B:$B,G93-1))*I93))	=IF(J93="","",IF(AND(J92<>"",J94<>""),(J94-J92)/2,IF(J94<>"",J94-J93,IF(J92<>"",J93-J92,""))))	=IF(K93="","",IF(AND(K92<>"",K94<>""),(K94-K92)/2,IF(K94<>"",K94-K93,IF(K92<>"",K93-K92,""))))	=IF(L93="","",MOD(DEGREES(ATAN2(L93,M93)),360))	=IF(N93="","",N93+$S$2)	=IF(O93="","","G1 X"&TEXT(J93,"0.###")&" Y"&TEXT(K93,"0.###")&" Z"&TEXT(O93,"0.###"))					
			=IF(C94="C",$S$3,IF(C94="S",1,0))	=E93+D94	=ROW()-5	=IF(OR(F94="",F94<=0,F94>LOOKUP(9.99999999999999E+307,$E$5:$E$120)),"",LOOKUP(F94-1,$E$5:$E$120,ROW($E$5:$E$120))+1)	=IF(G94="","",F94-INDEX($E:$E,G94-1))	=IF(G94="","",H94/INDEX($D:$D,G94))	=IF(G94="","",IF(INDEX($C:$C,G94)="C",0.5*(2*(INDEX($A:$A,G94-1))+(-(INDEX($A:$A,MAX(5,G94-2)))+(INDEX($A:$A,G94)))*I94+(2*(INDEX($A:$A,MAX(5,G94-2)))-5*(INDEX($A:$A,G94-1))+4*(INDEX($A:$A,G94))-(INDEX($A:$A,MIN(LOOKUP(2,1/((($A$5:$A$120<>"")+($B$5:$B$120<>""))>0),ROW($A$5:$A$120)),G94+1))))*I94^2+(-(INDEX($A:$A,MAX(5,G94-2)))+3*(INDEX($A:$A,G94-1))-3*(INDEX($A:$A,G94))+(INDEX($A:$A,MIN(LOOKUP(2,1/((($A$5:$A$120<>"")+($B$5:$B$120<>""))>0),ROW($A$5:$A$120)),G94+1))))*I94^3),INDEX($A:$A,G94-1)+(INDEX($A:$A,G94)-INDEX($A:$A,G94-1))*I94))	=IF(G94="","",IF(INDEX($C:$C,G94)="C",0.5*(2*(INDEX($B:$B,G94-1))+(-(INDEX($B:$B,MAX(5,G94-2)))+(INDEX($B:$B,G94)))*I94+(2*(INDEX($B:$B,MAX(5,G94-2)))-5*(INDEX($B:$B,G94-1))+4*(INDEX($B:$B,G94))-(INDEX($B:$B,MIN(LOOKUP(2,1/((($A$5:$A$120<>"")+($B$5:$B$120<>""))>0),ROW($A$5:$A$120)),G94+1))))*I94^2+(-(INDEX($B:$B,MAX(5,G94-2)))+3*(INDEX($B:$B,G94-1))-3*(INDEX($B:$B,G94))+(INDEX($B:$B,MIN(LOOKUP(2,1/((($A$5:$A$120<>"")+($B$5:$B$120<>""))>0),ROW($A$5:$A$120)),G94+1))))*I94^3),INDEX($B:$B,G94-1)+(INDEX($B:$B,G94)-INDEX($B:$B,G94-1))*I94))	=IF(J94="","",IF(AND(J93<>"",J95<>""),(J95-J93)/2,IF(J95<>"",J95-J94,IF(J93<>"",J94-J93,""))))	=IF(K94="","",IF(AND(K93<>"",K95<>""),(K95-K93)/2,IF(K95<>"",K95-K94,IF(K93<>"",K94-K93,""))))	=IF(L94="","",MOD(DEGREES(ATAN2(L94,M94)),360))	=IF(N94="","",N94+$S$2)	=IF(O94="","","G1 X"&TEXT(J94,"0.###")&" Y"&TEXT(K94,"0.###")&" Z"&TEXT(O94,"0.###"))					
			=IF(C95="C",$S$3,IF(C95="S",1,0))	=E94+D95	=ROW()-5	=IF(OR(F95="",F95<=0,F95>LOOKUP(9.99999999999999E+307,$E$5:$E$120)),"",LOOKUP(F95-1,$E$5:$E$120,ROW($E$5:$E$120))+1)	=IF(G95="","",F95-INDEX($E:$E,G95-1))	=IF(G95="","",H95/INDEX($D:$D,G95))	=IF(G95="","",IF(INDEX($C:$C,G95)="C",0.5*(2*(INDEX($A:$A,G95-1))+(-(INDEX($A:$A,MAX(5,G95-2)))+(INDEX($A:$A,G95)))*I95+(2*(INDEX($A:$A,MAX(5,G95-2)))-5*(INDEX($A:$A,G95-1))+4*(INDEX($A:$A,G95))-(INDEX($A:$A,MIN(LOOKUP(2,1/((($A$5:$A$120<>"")+($B$5:$B$120<>""))>0),ROW($A$5:$A$120)),G95+1))))*I95^2+(-(INDEX($A:$A,MAX(5,G95-2)))+3*(INDEX($A:$A,G95-1))-3*(INDEX($A:$A,G95))+(INDEX($A:$A,MIN(LOOKUP(2,1/((($A$5:$A$120<>"")+($B$5:$B$120<>""))>0),ROW($A$5:$A$120)),G95+1))))*I95^3),INDEX($A:$A,G95-1)+(INDEX($A:$A,G95)-INDEX($A:$A,G95-1))*I95))	=IF(G95="","",IF(INDEX($C:$C,G95)="C",0.5*(2*(INDEX($B:$B,G95-1))+(-(INDEX($B:$B,MAX(5,G95-2)))+(INDEX($B:$B,G95)))*I95+(2*(INDEX($B:$B,MAX(5,G95-2)))-5*(INDEX($B:$B,G95-1))+4*(INDEX($B:$B,G95))-(INDEX($B:$B,MIN(LOOKUP(2,1/((($A$5:$A$120<>"")+($B$5:$B$120<>""))>0),ROW($A$5:$A$120)),G95+1))))*I95^2+(-(INDEX($B:$B,MAX(5,G95-2)))+3*(INDEX($B:$B,G95-1))-3*(INDEX($B:$B,G95))+(INDEX($B:$B,MIN(LOOKUP(2,1/((($A$5:$A$120<>"")+($B$5:$B$120<>""))>0),ROW($A$5:$A$120)),G95+1))))*I95^3),INDEX($B:$B,G95-1)+(INDEX($B:$B,G95)-INDEX($B:$B,G95-1))*I95))	=IF(J95="","",IF(AND(J94<>"",J96<>""),(J96-J94)/2,IF(J96<>"",J96-J95,IF(J94<>"",J95-J94,""))))	=IF(K95="","",IF(AND(K94<>"",K96<>""),(K96-K94)/2,IF(K96<>"",K96-K95,IF(K94<>"",K95-K94,""))))	=IF(L95="","",MOD(DEGREES(ATAN2(L95,M95)),360))	=IF(N95="","",N95+$S$2)	=IF(O95="","","G1 X"&TEXT(J95,"0.###")&" Y"&TEXT(K95,"0.###")&" Z"&TEXT(O95,"0.###"))					
			=IF(C96="C",$S$3,IF(C96="S",1,0))	=E95+D96	=ROW()-5	=IF(OR(F96="",F96<=0,F96>LOOKUP(9.99999999999999E+307,$E$5:$E$120)),"",LOOKUP(F96-1,$E$5:$E$120,ROW($E$5:$E$120))+1)	=IF(G96="","",F96-INDEX($E:$E,G96-1))	=IF(G96="","",H96/INDEX($D:$D,G96))	=IF(G96="","",IF(INDEX($C:$C,G96)="C",0.5*(2*(INDEX($A:$A,G96-1))+(-(INDEX($A:$A,MAX(5,G96-2)))+(INDEX($A:$A,G96)))*I96+(2*(INDEX($A:$A,MAX(5,G96-2)))-5*(INDEX($A:$A,G96-1))+4*(INDEX($A:$A,G96))-(INDEX($A:$A,MIN(LOOKUP(2,1/((($A$5:$A$120<>"")+($B$5:$B$120<>""))>0),ROW($A$5:$A$120)),G96+1))))*I96^2+(-(INDEX($A:$A,MAX(5,G96-2)))+3*(INDEX($A:$A,G96-1))-3*(INDEX($A:$A,G96))+(INDEX($A:$A,MIN(LOOKUP(2,1/((($A$5:$A$120<>"")+($B$5:$B$120<>""))>0),ROW($A$5:$A$120)),G96+1))))*I96^3),INDEX($A:$A,G96-1)+(INDEX($A:$A,G96)-INDEX($A:$A,G96-1))*I96))	=IF(G96="","",IF(INDEX($C:$C,G96)="C",0.5*(2*(INDEX($B:$B,G96-1))+(-(INDEX($B:$B,MAX(5,G96-2)))+(INDEX($B:$B,G96)))*I96+(2*(INDEX($B:$B,MAX(5,G96-2)))-5*(INDEX($B:$B,G96-1))+4*(INDEX($B:$B,G96))-(INDEX($B:$B,MIN(LOOKUP(2,1/((($A$5:$A$120<>"")+($B$5:$B$120<>""))>0),ROW($A$5:$A$120)),G96+1))))*I96^2+(-(INDEX($B:$B,MAX(5,G96-2)))+3*(INDEX($B:$B,G96-1))-3*(INDEX($B:$B,G96))+(INDEX($B:$B,MIN(LOOKUP(2,1/((($A$5:$A$120<>"")+($B$5:$B$120<>""))>0),ROW($A$5:$A$120)),G96+1))))*I96^3),INDEX($B:$B,G96-1)+(INDEX($B:$B,G96)-INDEX($B:$B,G96-1))*I96))	=IF(J96="","",IF(AND(J95<>"",J97<>""),(J97-J95)/2,IF(J97<>"",J97-J96,IF(J95<>"",J96-J95,""))))	=IF(K96="","",IF(AND(K95<>"",K97<>""),(K97-K95)/2,IF(K97<>"",K97-K96,IF(K95<>"",K96-K95,""))))	=IF(L96="","",MOD(DEGREES(ATAN2(L96,M96)),360))	=IF(N96="","",N96+$S$2)	=IF(O96="","","G1 X"&TEXT(J96,"0.###")&" Y"&TEXT(K96,"0.###")&" Z"&TEXT(O96,"0.###"))					
			=IF(C97="C",$S$3,IF(C97="S",1,0))	=E96+D97	=ROW()-5	=IF(OR(F97="",F97<=0,F97>LOOKUP(9.99999999999999E+307,$E$5:$E$120)),"",LOOKUP(F97-1,$E$5:$E$120,ROW($E$5:$E$120))+1)	=IF(G97="","",F97-INDEX($E:$E,G97-1))	=IF(G97="","",H97/INDEX($D:$D,G97))	=IF(G97="","",IF(INDEX($C:$C,G97)="C",0.5*(2*(INDEX($A:$A,G97-1))+(-(INDEX($A:$A,MAX(5,G97-2)))+(INDEX($A:$A,G97)))*I97+(2*(INDEX($A:$A,MAX(5,G97-2)))-5*(INDEX($A:$A,G97-1))+4*(INDEX($A:$A,G97))-(INDEX($A:$A,MIN(LOOKUP(2,1/((($A$5:$A$120<>"")+($B$5:$B$120<>""))>0),ROW($A$5:$A$120)),G97+1))))*I97^2+(-(INDEX($A:$A,MAX(5,G97-2)))+3*(INDEX($A:$A,G97-1))-3*(INDEX($A:$A,G97))+(INDEX($A:$A,MIN(LOOKUP(2,1/((($A$5:$A$120<>"")+($B$5:$B$120<>""))>0),ROW($A$5:$A$120)),G97+1))))*I97^3),INDEX($A:$A,G97-1)+(INDEX($A:$A,G97)-INDEX($A:$A,G97-1))*I97))	=IF(G97="","",IF(INDEX($C:$C,G97)="C",0.5*(2*(INDEX($B:$B,G97-1))+(-(INDEX($B:$B,MAX(5,G97-2)))+(INDEX($B:$B,G97)))*I97+(2*(INDEX($B:$B,MAX(5,G97-2)))-5*(INDEX($B:$B,G97-1))+4*(INDEX($B:$B,G97))-(INDEX($B:$B,MIN(LOOKUP(2,1/((($A$5:$A$120<>"")+($B$5:$B$120<>""))>0),ROW($A$5:$A$120)),G97+1))))*I97^2+(-(INDEX($B:$B,MAX(5,G97-2)))+3*(INDEX($B:$B,G97-1))-3*(INDEX($B:$B,G97))+(INDEX($B:$B,MIN(LOOKUP(2,1/((($A$5:$A$120<>"")+($B$5:$B$120<>""))>0),ROW($A$5:$A$120)),G97+1))))*I97^3),INDEX($B:$B,G97-1)+(INDEX($B:$B,G97)-INDEX($B:$B,G97-1))*I97))	=IF(J97="","",IF(AND(J96<>"",J98<>""),(J98-J96)/2,IF(J98<>"",J98-J97,IF(J96<>"",J97-J96,""))))	=IF(K97="","",IF(AND(K96<>"",K98<>""),(K98-K96)/2,IF(K98<>"",K98-K97,IF(K96<>"",K97-K96,""))))	=IF(L97="","",MOD(DEGREES(ATAN2(L97,M97)),360))	=IF(N97="","",N97+$S$2)	=IF(O97="","","G1 X"&TEXT(J97,"0.###")&" Y"&TEXT(K97,"0.###")&" Z"&TEXT(O97,"0.###"))					
			=IF(C98="C",$S$3,IF(C98="S",1,0))	=E97+D98	=ROW()-5	=IF(OR(F98="",F98<=0,F98>LOOKUP(9.99999999999999E+307,$E$5:$E$120)),"",LOOKUP(F98-1,$E$5:$E$120,ROW($E$5:$E$120))+1)	=IF(G98="","",F98-INDEX($E:$E,G98-1))	=IF(G98="","",H98/INDEX($D:$D,G98))	=IF(G98="","",IF(INDEX($C:$C,G98)="C",0.5*(2*(INDEX($A:$A,G98-1))+(-(INDEX($A:$A,MAX(5,G98-2)))+(INDEX($A:$A,G98)))*I98+(2*(INDEX($A:$A,MAX(5,G98-2)))-5*(INDEX($A:$A,G98-1))+4*(INDEX($A:$A,G98))-(INDEX($A:$A,MIN(LOOKUP(2,1/((($A$5:$A$120<>"")+($B$5:$B$120<>""))>0),ROW($A$5:$A$120)),G98+1))))*I98^2+(-(INDEX($A:$A,MAX(5,G98-2)))+3*(INDEX($A:$A,G98-1))-3*(INDEX($A:$A,G98))+(INDEX($A:$A,MIN(LOOKUP(2,1/((($A$5:$A$120<>"")+($B$5:$B$120<>""))>0),ROW($A$5:$A$120)),G98+1))))*I98^3),INDEX($A:$A,G98-1)+(INDEX($A:$A,G98)-INDEX($A:$A,G98-1))*I98))	=IF(G98="","",IF(INDEX($C:$C,G98)="C",0.5*(2*(INDEX($B:$B,G98-1))+(-(INDEX($B:$B,MAX(5,G98-2)))+(INDEX($B:$B,G98)))*I98+(2*(INDEX($B:$B,MAX(5,G98-2)))-5*(INDEX($B:$B,G98-1))+4*(INDEX($B:$B,G98))-(INDEX($B:$B,MIN(LOOKUP(2,1/((($A$5:$A$120<>"")+($B$5:$B$120<>""))>0),ROW($A$5:$A$120)),G98+1))))*I98^2+(-(INDEX($B:$B,MAX(5,G98-2)))+3*(INDEX($B:$B,G98-1))-3*(INDEX($B:$B,G98))+(INDEX($B:$B,MIN(LOOKUP(2,1/((($A$5:$A$120<>"")+($B$5:$B$120<>""))>0),ROW($A$5:$A$120)),G98+1))))*I98^3),INDEX($B:$B,G98-1)+(INDEX($B:$B,G98)-INDEX($B:$B,G98-1))*I98))	=IF(J98="","",IF(AND(J97<>"",J99<>""),(J99-J97)/2,IF(J99<>"",J99-J98,IF(J97<>"",J98-J97,""))))	=IF(K98="","",IF(AND(K97<>"",K99<>""),(K99-K97)/2,IF(K99<>"",K99-K98,IF(K97<>"",K98-K97,""))))	=IF(L98="","",MOD(DEGREES(ATAN2(L98,M98)),360))	=IF(N98="","",N98+$S$2)	=IF(O98="","","G1 X"&TEXT(J98,"0.###")&" Y"&TEXT(K98,"0.###")&" Z"&TEXT(O98,"0.###"))					
			=IF(C99="C",$S$3,IF(C99="S",1,0))	=E98+D99	=ROW()-5	=IF(OR(F99="",F99<=0,F99>LOOKUP(9.99999999999999E+307,$E$5:$E$120)),"",LOOKUP(F99-1,$E$5:$E$120,ROW($E$5:$E$120))+1)	=IF(G99="","",F99-INDEX($E:$E,G99-1))	=IF(G99="","",H99/INDEX($D:$D,G99))	=IF(G99="","",IF(INDEX($C:$C,G99)="C",0.5*(2*(INDEX($A:$A,G99-1))+(-(INDEX($A:$A,MAX(5,G99-2)))+(INDEX($A:$A,G99)))*I99+(2*(INDEX($A:$A,MAX(5,G99-2)))-5*(INDEX($A:$A,G99-1))+4*(INDEX($A:$A,G99))-(INDEX($A:$A,MIN(LOOKUP(2,1/((($A$5:$A$120<>"")+($B$5:$B$120<>""))>0),ROW($A$5:$A$120)),G99+1))))*I99^2+(-(INDEX($A:$A,MAX(5,G99-2)))+3*(INDEX($A:$A,G99-1))-3*(INDEX($A:$A,G99))+(INDEX($A:$A,MIN(LOOKUP(2,1/((($A$5:$A$120<>"")+($B$5:$B$120<>""))>0),ROW($A$5:$A$120)),G99+1))))*I99^3),INDEX($A:$A,G99-1)+(INDEX($A:$A,G99)-INDEX($A:$A,G99-1))*I99))	=IF(G99="","",IF(INDEX($C:$C,G99)="C",0.5*(2*(INDEX($B:$B,G99-1))+(-(INDEX($B:$B,MAX(5,G99-2)))+(INDEX($B:$B,G99)))*I99+(2*(INDEX($B:$B,MAX(5,G99-2)))-5*(INDEX($B:$B,G99-1))+4*(INDEX($B:$B,G99))-(INDEX($B:$B,MIN(LOOKUP(2,1/((($A$5:$A$120<>"")+($B$5:$B$120<>""))>0),ROW($A$5:$A$120)),G99+1))))*I99^2+(-(INDEX($B:$B,MAX(5,G99-2)))+3*(INDEX($B:$B,G99-1))-3*(INDEX($B:$B,G99))+(INDEX($B:$B,MIN(LOOKUP(2,1/((($A$5:$A$120<>"")+($B$5:$B$120<>""))>0),ROW($A$5:$A$120)),G99+1))))*I99^3),INDEX($B:$B,G99-1)+(INDEX($B:$B,G99)-INDEX($B:$B,G99-1))*I99))	=IF(J99="","",IF(AND(J98<>"",J100<>""),(J100-J98)/2,IF(J100<>"",J100-J99,IF(J98<>"",J99-J98,""))))	=IF(K99="","",IF(AND(K98<>"",K100<>""),(K100-K98)/2,IF(K100<>"",K100-K99,IF(K98<>"",K99-K98,""))))	=IF(L99="","",MOD(DEGREES(ATAN2(L99,M99)),360))	=IF(N99="","",N99+$S$2)	=IF(O99="","","G1 X"&TEXT(J99,"0.###")&" Y"&TEXT(K99,"0.###")&" Z"&TEXT(O99,"0.###"))					
			=IF(C100="C",$S$3,IF(C100="S",1,0))	=E99+D100	=ROW()-5	=IF(OR(F100="",F100<=0,F100>LOOKUP(9.99999999999999E+307,$E$5:$E$120)),"",LOOKUP(F100-1,$E$5:$E$120,ROW($E$5:$E$120))+1)	=IF(G100="","",F100-INDEX($E:$E,G100-1))	=IF(G100="","",H100/INDEX($D:$D,G100))	=IF(G100="","",IF(INDEX($C:$C,G100)="C",0.5*(2*(INDEX($A:$A,G100-1))+(-(INDEX($A:$A,MAX(5,G100-2)))+(INDEX($A:$A,G100)))*I100+(2*(INDEX($A:$A,MAX(5,G100-2)))-5*(INDEX($A:$A,G100-1))+4*(INDEX($A:$A,G100))-(INDEX($A:$A,MIN(LOOKUP(2,1/((($A$5:$A$120<>"")+($B$5:$B$120<>""))>0),ROW($A$5:$A$120)),G100+1))))*I100^2+(-(INDEX($A:$A,MAX(5,G100-2)))+3*(INDEX($A:$A,G100-1))-3*(INDEX($A:$A,G100))+(INDEX($A:$A,MIN(LOOKUP(2,1/((($A$5:$A$120<>"")+($B$5:$B$120<>""))>0),ROW($A$5:$A$120)),G100+1))))*I100^3),INDEX($A:$A,G100-1)+(INDEX($A:$A,G100)-INDEX($A:$A,G100-1))*I100))	=IF(G100="","",IF(INDEX($C:$C,G100)="C",0.5*(2*(INDEX($B:$B,G100-1))+(-(INDEX($B:$B,MAX(5,G100-2)))+(INDEX($B:$B,G100)))*I100+(2*(INDEX($B:$B,MAX(5,G100-2)))-5*(INDEX($B:$B,G100-1))+4*(INDEX($B:$B,G100))-(INDEX($B:$B,MIN(LOOKUP(2,1/((($A$5:$A$120<>"")+($B$5:$B$120<>""))>0),ROW($A$5:$A$120)),G100+1))))*I100^2+(-(INDEX($B:$B,MAX(5,G100-2)))+3*(INDEX($B:$B,G100-1))-3*(INDEX($B:$B,G100))+(INDEX($B:$B,MIN(LOOKUP(2,1/((($A$5:$A$120<>"")+($B$5:$B$120<>""))>0),ROW($A$5:$A$120)),G100+1))))*I100^3),INDEX($B:$B,G100-1)+(INDEX($B:$B,G100)-INDEX($B:$B,G100-1))*I100))	=IF(J100="","",IF(AND(J99<>"",J101<>""),(J101-J99)/2,IF(J101<>"",J101-J100,IF(J99<>"",J100-J99,""))))	=IF(K100="","",IF(AND(K99<>"",K101<>""),(K101-K99)/2,IF(K101<>"",K101-K100,IF(K99<>"",K100-K99,""))))	=IF(L100="","",MOD(DEGREES(ATAN2(L100,M100)),360))	=IF(N100="","",N100+$S$2)	=IF(O100="","","G1 X"&TEXT(J100,"0.###")&" Y"&TEXT(K100,"0.###")&" Z"&TEXT(O100,"0.###"))					
			=IF(C101="C",$S$3,IF(C101="S",1,0))	=E100+D101	=ROW()-5	=IF(OR(F101="",F101<=0,F101>LOOKUP(9.99999999999999E+307,$E$5:$E$120)),"",LOOKUP(F101-1,$E$5:$E$120,ROW($E$5:$E$120))+1)	=IF(G101="","",F101-INDEX($E:$E,G101-1))	=IF(G101="","",H101/INDEX($D:$D,G101))	=IF(G101="","",IF(INDEX($C:$C,G101)="C",0.5*(2*(INDEX($A:$A,G101-1))+(-(INDEX($A:$A,MAX(5,G101-2)))+(INDEX($A:$A,G101)))*I101+(2*(INDEX($A:$A,MAX(5,G101-2)))-5*(INDEX($A:$A,G101-1))+4*(INDEX($A:$A,G101))-(INDEX($A:$A,MIN(LOOKUP(2,1/((($A$5:$A$120<>"")+($B$5:$B$120<>""))>0),ROW($A$5:$A$120)),G101+1))))*I101^2+(-(INDEX($A:$A,MAX(5,G101-2)))+3*(INDEX($A:$A,G101-1))-3*(INDEX($A:$A,G101))+(INDEX($A:$A,MIN(LOOKUP(2,1/((($A$5:$A$120<>"")+($B$5:$B$120<>""))>0),ROW($A$5:$A$120)),G101+1))))*I101^3),INDEX($A:$A,G101-1)+(INDEX($A:$A,G101)-INDEX($A:$A,G101-1))*I101))	=IF(G101="","",IF(INDEX($C:$C,G101)="C",0.5*(2*(INDEX($B:$B,G101-1))+(-(INDEX($B:$B,MAX(5,G101-2)))+(INDEX($B:$B,G101)))*I101+(2*(INDEX($B:$B,MAX(5,G101-2)))-5*(INDEX($B:$B,G101-1))+4*(INDEX($B:$B,G101))-(INDEX($B:$B,MIN(LOOKUP(2,1/((($A$5:$A$120<>"")+($B$5:$B$120<>""))>0),ROW($A$5:$A$120)),G101+1))))*I101^2+(-(INDEX($B:$B,MAX(5,G101-2)))+3*(INDEX($B:$B,G101-1))-3*(INDEX($B:$B,G101))+(INDEX($B:$B,MIN(LOOKUP(2,1/((($A$5:$A$120<>"")+($B$5:$B$120<>""))>0),ROW($A$5:$A$120)),G101+1))))*I101^3),INDEX($B:$B,G101-1)+(INDEX($B:$B,G101)-INDEX($B:$B,G101-1))*I101))	=IF(J101="","",IF(AND(J100<>"",J102<>""),(J102-J100)/2,IF(J102<>"",J102-J101,IF(J100<>"",J101-J100,""))))	=IF(K101="","",IF(AND(K100<>"",K102<>""),(K102-K100)/2,IF(K102<>"",K102-K101,IF(K100<>"",K101-K100,""))))	=IF(L101="","",MOD(DEGREES(ATAN2(L101,M101)),360))	=IF(N101="","",N101+$S$2)	=IF(O101="","","G1 X"&TEXT(J101,"0.###")&" Y"&TEXT(K101,"0.###")&" Z"&TEXT(O101,"0.###"))					
			=IF(C102="C",$S$3,IF(C102="S",1,0))	=E101+D102	=ROW()-5	=IF(OR(F102="",F102<=0,F102>LOOKUP(9.99999999999999E+307,$E$5:$E$120)),"",LOOKUP(F102-1,$E$5:$E$120,ROW($E$5:$E$120))+1)	=IF(G102="","",F102-INDEX($E:$E,G102-1))	=IF(G102="","",H102/INDEX($D:$D,G102))	=IF(G102="","",IF(INDEX($C:$C,G102)="C",0.5*(2*(INDEX($A:$A,G102-1))+(-(INDEX($A:$A,MAX(5,G102-2)))+(INDEX($A:$A,G102)))*I102+(2*(INDEX($A:$A,MAX(5,G102-2)))-5*(INDEX($A:$A,G102-1))+4*(INDEX($A:$A,G102))-(INDEX($A:$A,MIN(LOOKUP(2,1/((($A$5:$A$120<>"")+($B$5:$B$120<>""))>0),ROW($A$5:$A$120)),G102+1))))*I102^2+(-(INDEX($A:$A,MAX(5,G102-2)))+3*(INDEX($A:$A,G102-1))-3*(INDEX($A:$A,G102))+(INDEX($A:$A,MIN(LOOKUP(2,1/((($A$5:$A$120<>"")+($B$5:$B$120<>""))>0),ROW($A$5:$A$120)),G102+1))))*I102^3),INDEX($A:$A,G102-1)+(INDEX($A:$A,G102)-INDEX($A:$A,G102-1))*I102))	=IF(G102="","",IF(INDEX($C:$C,G102)="C",0.5*(2*(INDEX($B:$B,G102-1))+(-(INDEX($B:$B,MAX(5,G102-2)))+(INDEX($B:$B,G102)))*I102+(2*(INDEX($B:$B,MAX(5,G102-2)))-5*(INDEX($B:$B,G102-1))+4*(INDEX($B:$B,G102))-(INDEX($B:$B,MIN(LOOKUP(2,1/((($A$5:$A$120<>"")+($B$5:$B$120<>""))>0),ROW($A$5:$A$120)),G102+1))))*I102^2+(-(INDEX($B:$B,MAX(5,G102-2)))+3*(INDEX($B:$B,G102-1))-3*(INDEX($B:$B,G102))+(INDEX($B:$B,MIN(LOOKUP(2,1/((($A$5:$A$120<>"")+($B$5:$B$120<>""))>0),ROW($A$5:$A$120)),G102+1))))*I102^3),INDEX($B:$B,G102-1)+(INDEX($B:$B,G102)-INDEX($B:$B,G102-1))*I102))	=IF(J102="","",IF(AND(J101<>"",J103<>""),(J103-J101)/2,IF(J103<>"",J103-J102,IF(J101<>"",J102-J101,""))))	=IF(K102="","",IF(AND(K101<>"",K103<>""),(K103-K101)/2,IF(K103<>"",K103-K102,IF(K101<>"",K102-K101,""))))	=IF(L102="","",MOD(DEGREES(ATAN2(L102,M102)),360))	=IF(N102="","",N102+$S$2)	=IF(O102="","","G1 X"&TEXT(J102,"0.###")&" Y"&TEXT(K102,"0.###")&" Z"&TEXT(O102,"0.###"))					
			=IF(C103="C",$S$3,IF(C103="S",1,0))	=E102+D103	=ROW()-5	=IF(OR(F103="",F103<=0,F103>LOOKUP(9.99999999999999E+307,$E$5:$E$120)),"",LOOKUP(F103-1,$E$5:$E$120,ROW($E$5:$E$120))+1)	=IF(G103="","",F103-INDEX($E:$E,G103-1))	=IF(G103="","",H103/INDEX($D:$D,G103))	=IF(G103="","",IF(INDEX($C:$C,G103)="C",0.5*(2*(INDEX($A:$A,G103-1))+(-(INDEX($A:$A,MAX(5,G103-2)))+(INDEX($A:$A,G103)))*I103+(2*(INDEX($A:$A,MAX(5,G103-2)))-5*(INDEX($A:$A,G103-1))+4*(INDEX($A:$A,G103))-(INDEX($A:$A,MIN(LOOKUP(2,1/((($A$5:$A$120<>"")+($B$5:$B$120<>""))>0),ROW($A$5:$A$120)),G103+1))))*I103^2+(-(INDEX($A:$A,MAX(5,G103-2)))+3*(INDEX($A:$A,G103-1))-3*(INDEX($A:$A,G103))+(INDEX($A:$A,MIN(LOOKUP(2,1/((($A$5:$A$120<>"")+($B$5:$B$120<>""))>0),ROW($A$5:$A$120)),G103+1))))*I103^3),INDEX($A:$A,G103-1)+(INDEX($A:$A,G103)-INDEX($A:$A,G103-1))*I103))	=IF(G103="","",IF(INDEX($C:$C,G103)="C",0.5*(2*(INDEX($B:$B,G103-1))+(-(INDEX($B:$B,MAX(5,G103-2)))+(INDEX($B:$B,G103)))*I103+(2*(INDEX($B:$B,MAX(5,G103-2)))-5*(INDEX($B:$B,G103-1))+4*(INDEX($B:$B,G103))-(INDEX($B:$B,MIN(LOOKUP(2,1/((($A$5:$A$120<>"")+($B$5:$B$120<>""))>0),ROW($A$5:$A$120)),G103+1))))*I103^2+(-(INDEX($B:$B,MAX(5,G103-2)))+3*(INDEX($B:$B,G103-1))-3*(INDEX($B:$B,G103))+(INDEX($B:$B,MIN(LOOKUP(2,1/((($A$5:$A$120<>"")+($B$5:$B$120<>""))>0),ROW($A$5:$A$120)),G103+1))))*I103^3),INDEX($B:$B,G103-1)+(INDEX($B:$B,G103)-INDEX($B:$B,G103-1))*I103))	=IF(J103="","",IF(AND(J102<>"",J104<>""),(J104-J102)/2,IF(J104<>"",J104-J103,IF(J102<>"",J103-J102,""))))	=IF(K103="","",IF(AND(K102<>"",K104<>""),(K104-K102)/2,IF(K104<>"",K104-K103,IF(K102<>"",K103-K102,""))))	=IF(L103="","",MOD(DEGREES(ATAN2(L103,M103)),360))	=IF(N103="","",N103+$S$2)	=IF(O103="","","G1 X"&TEXT(J103,"0.###")&" Y"&TEXT(K103,"0.###")&" Z"&TEXT(O103,"0.###"))					
			=IF(C104="C",$S$3,IF(C104="S",1,0))	=E103+D104	=ROW()-5	=IF(OR(F104="",F104<=0,F104>LOOKUP(9.99999999999999E+307,$E$5:$E$120)),"",LOOKUP(F104-1,$E$5:$E$120,ROW($E$5:$E$120))+1)	=IF(G104="","",F104-INDEX($E:$E,G104-1))	=IF(G104="","",H104/INDEX($D:$D,G104))	=IF(G104="","",IF(INDEX($C:$C,G104)="C",0.5*(2*(INDEX($A:$A,G104-1))+(-(INDEX($A:$A,MAX(5,G104-2)))+(INDEX($A:$A,G104)))*I104+(2*(INDEX($A:$A,MAX(5,G104-2)))-5*(INDEX($A:$A,G104-1))+4*(INDEX($A:$A,G104))-(INDEX($A:$A,MIN(LOOKUP(2,1/((($A$5:$A$120<>"")+($B$5:$B$120<>""))>0),ROW($A$5:$A$120)),G104+1))))*I104^2+(-(INDEX($A:$A,MAX(5,G104-2)))+3*(INDEX($A:$A,G104-1))-3*(INDEX($A:$A,G104))+(INDEX($A:$A,MIN(LOOKUP(2,1/((($A$5:$A$120<>"")+($B$5:$B$120<>""))>0),ROW($A$5:$A$120)),G104+1))))*I104^3),INDEX($A:$A,G104-1)+(INDEX($A:$A,G104)-INDEX($A:$A,G104-1))*I104))	=IF(G104="","",IF(INDEX($C:$C,G104)="C",0.5*(2*(INDEX($B:$B,G104-1))+(-(INDEX($B:$B,MAX(5,G104-2)))+(INDEX($B:$B,G104)))*I104+(2*(INDEX($B:$B,MAX(5,G104-2)))-5*(INDEX($B:$B,G104-1))+4*(INDEX($B:$B,G104))-(INDEX($B:$B,MIN(LOOKUP(2,1/((($A$5:$A$120<>"")+($B$5:$B$120<>""))>0),ROW($A$5:$A$120)),G104+1))))*I104^2+(-(INDEX($B:$B,MAX(5,G104-2)))+3*(INDEX($B:$B,G104-1))-3*(INDEX($B:$B,G104))+(INDEX($B:$B,MIN(LOOKUP(2,1/((($A$5:$A$120<>"")+($B$5:$B$120<>""))>0),ROW($A$5:$A$120)),G104+1))))*I104^3),INDEX($B:$B,G104-1)+(INDEX($B:$B,G104)-INDEX($B:$B,G104-1))*I104))	=IF(J104="","",IF(AND(J103<>"",J105<>""),(J105-J103)/2,IF(J105<>"",J105-J104,IF(J103<>"",J104-J103,""))))	=IF(K104="","",IF(AND(K103<>"",K105<>""),(K105-K103)/2,IF(K105<>"",K105-K104,IF(K103<>"",K104-K103,""))))	=IF(L104="","",MOD(DEGREES(ATAN2(L104,M104)),360))	=IF(N104="","",N104+$S$2)	=IF(O104="","","G1 X"&TEXT(J104,"0.###")&" Y"&TEXT(K104,"0.###")&" Z"&TEXT(O104,"0.###"))					
			=IF(C105="C",$S$3,IF(C105="S",1,0))	=E104+D105	=ROW()-5	=IF(OR(F105="",F105<=0,F105>LOOKUP(9.99999999999999E+307,$E$5:$E$120)),"",LOOKUP(F105-1,$E$5:$E$120,ROW($E$5:$E$120))+1)	=IF(G105="","",F105-INDEX($E:$E,G105-1))	=IF(G105="","",H105/INDEX($D:$D,G105))	=IF(G105="","",IF(INDEX($C:$C,G105)="C",0.5*(2*(INDEX($A:$A,G105-1))+(-(INDEX($A:$A,MAX(5,G105-2)))+(INDEX($A:$A,G105)))*I105+(2*(INDEX($A:$A,MAX(5,G105-2)))-5*(INDEX($A:$A,G105-1))+4*(INDEX($A:$A,G105))-(INDEX($A:$A,MIN(LOOKUP(2,1/((($A$5:$A$120<>"")+($B$5:$B$120<>""))>0),ROW($A$5:$A$120)),G105+1))))*I105^2+(-(INDEX($A:$A,MAX(5,G105-2)))+3*(INDEX($A:$A,G105-1))-3*(INDEX($A:$A,G105))+(INDEX($A:$A,MIN(LOOKUP(2,1/((($A$5:$A$120<>"")+($B$5:$B$120<>""))>0),ROW($A$5:$A$120)),G105+1))))*I105^3),INDEX($A:$A,G105-1)+(INDEX($A:$A,G105)-INDEX($A:$A,G105-1))*I105))	=IF(G105="","",IF(INDEX($C:$C,G105)="C",0.5*(2*(INDEX($B:$B,G105-1))+(-(INDEX($B:$B,MAX(5,G105-2)))+(INDEX($B:$B,G105)))*I105+(2*(INDEX($B:$B,MAX(5,G105-2)))-5*(INDEX($B:$B,G105-1))+4*(INDEX($B:$B,G105))-(INDEX($B:$B,MIN(LOOKUP(2,1/((($A$5:$A$120<>"")+($B$5:$B$120<>""))>0),ROW($A$5:$A$120)),G105+1))))*I105^2+(-(INDEX($B:$B,MAX(5,G105-2)))+3*(INDEX($B:$B,G105-1))-3*(INDEX($B:$B,G105))+(INDEX($B:$B,MIN(LOOKUP(2,1/((($A$5:$A$120<>"")+($B$5:$B$120<>""))>0),ROW($A$5:$A$120)),G105+1))))*I105^3),INDEX($B:$B,G105-1)+(INDEX($B:$B,G105)-INDEX($B:$B,G105-1))*I105))	=IF(J105="","",IF(AND(J104<>"",J106<>""),(J106-J104)/2,IF(J106<>"",J106-J105,IF(J104<>"",J105-J104,""))))	=IF(K105="","",IF(AND(K104<>"",K106<>""),(K106-K104)/2,IF(K106<>"",K106-K105,IF(K104<>"",K105-K104,""))))	=IF(L105="","",MOD(DEGREES(ATAN2(L105,M105)),360))	=IF(N105="","",N105+$S$2)	=IF(O105="","","G1 X"&TEXT(J105,"0.###")&" Y"&TEXT(K105,"0.###")&" Z"&TEXT(O105,"0.###"))					
			=IF(C106="C",$S$3,IF(C106="S",1,0))	=E105+D106	=ROW()-5	=IF(OR(F106="",F106<=0,F106>LOOKUP(9.99999999999999E+307,$E$5:$E$120)),"",LOOKUP(F106-1,$E$5:$E$120,ROW($E$5:$E$120))+1)	=IF(G106="","",F106-INDEX($E:$E,G106-1))	=IF(G106="","",H106/INDEX($D:$D,G106))	=IF(G106="","",IF(INDEX($C:$C,G106)="C",0.5*(2*(INDEX($A:$A,G106-1))+(-(INDEX($A:$A,MAX(5,G106-2)))+(INDEX($A:$A,G106)))*I106+(2*(INDEX($A:$A,MAX(5,G106-2)))-5*(INDEX($A:$A,G106-1))+4*(INDEX($A:$A,G106))-(INDEX($A:$A,MIN(LOOKUP(2,1/((($A$5:$A$120<>"")+($B$5:$B$120<>""))>0),ROW($A$5:$A$120)),G106+1))))*I106^2+(-(INDEX($A:$A,MAX(5,G106-2)))+3*(INDEX($A:$A,G106-1))-3*(INDEX($A:$A,G106))+(INDEX($A:$A,MIN(LOOKUP(2,1/((($A$5:$A$120<>"")+($B$5:$B$120<>""))>0),ROW($A$5:$A$120)),G106+1))))*I106^3),INDEX($A:$A,G106-1)+(INDEX($A:$A,G106)-INDEX($A:$A,G106-1))*I106))	=IF(G106="","",IF(INDEX($C:$C,G106)="C",0.5*(2*(INDEX($B:$B,G106-1))+(-(INDEX($B:$B,MAX(5,G106-2)))+(INDEX($B:$B,G106)))*I106+(2*(INDEX($B:$B,MAX(5,G106-2)))-5*(INDEX($B:$B,G106-1))+4*(INDEX($B:$B,G106))-(INDEX($B:$B,MIN(LOOKUP(2,1/((($A$5:$A$120<>"")+($B$5:$B$120<>""))>0),ROW($A$5:$A$120)),G106+1))))*I106^2+(-(INDEX($B:$B,MAX(5,G106-2)))+3*(INDEX($B:$B,G106-1))-3*(INDEX($B:$B,G106))+(INDEX($B:$B,MIN(LOOKUP(2,1/((($A$5:$A$120<>"")+($B$5:$B$120<>""))>0),ROW($A$5:$A$120)),G106+1))))*I106^3),INDEX($B:$B,G106-1)+(INDEX($B:$B,G106)-INDEX($B:$B,G106-1))*I106))	=IF(J106="","",IF(AND(J105<>"",J107<>""),(J107-J105)/2,IF(J107<>"",J107-J106,IF(J105<>"",J106-J105,""))))	=IF(K106="","",IF(AND(K105<>"",K107<>""),(K107-K105)/2,IF(K107<>"",K107-K106,IF(K105<>"",K106-K105,""))))	=IF(L106="","",MOD(DEGREES(ATAN2(L106,M106)),360))	=IF(N106="","",N106+$S$2)	=IF(O106="","","G1 X"&TEXT(J106,"0.###")&" Y"&TEXT(K106,"0.###")&" Z"&TEXT(O106,"0.###"))					
			=IF(C107="C",$S$3,IF(C107="S",1,0))	=E106+D107	=ROW()-5	=IF(OR(F107="",F107<=0,F107>LOOKUP(9.99999999999999E+307,$E$5:$E$120)),"",LOOKUP(F107-1,$E$5:$E$120,ROW($E$5:$E$120))+1)	=IF(G107="","",F107-INDEX($E:$E,G107-1))	=IF(G107="","",H107/INDEX($D:$D,G107))	=IF(G107="","",IF(INDEX($C:$C,G107)="C",0.5*(2*(INDEX($A:$A,G107-1))+(-(INDEX($A:$A,MAX(5,G107-2)))+(INDEX($A:$A,G107)))*I107+(2*(INDEX($A:$A,MAX(5,G107-2)))-5*(INDEX($A:$A,G107-1))+4*(INDEX($A:$A,G107))-(INDEX($A:$A,MIN(LOOKUP(2,1/((($A$5:$A$120<>"")+($B$5:$B$120<>""))>0),ROW($A$5:$A$120)),G107+1))))*I107^2+(-(INDEX($A:$A,MAX(5,G107-2)))+3*(INDEX($A:$A,G107-1))-3*(INDEX($A:$A,G107))+(INDEX($A:$A,MIN(LOOKUP(2,1/((($A$5:$A$120<>"")+($B$5:$B$120<>""))>0),ROW($A$5:$A$120)),G107+1))))*I107^3),INDEX($A:$A,G107-1)+(INDEX($A:$A,G107)-INDEX($A:$A,G107-1))*I107))	=IF(G107="","",IF(INDEX($C:$C,G107)="C",0.5*(2*(INDEX($B:$B,G107-1))+(-(INDEX($B:$B,MAX(5,G107-2)))+(INDEX($B:$B,G107)))*I107+(2*(INDEX($B:$B,MAX(5,G107-2)))-5*(INDEX($B:$B,G107-1))+4*(INDEX($B:$B,G107))-(INDEX($B:$B,MIN(LOOKUP(2,1/((($A$5:$A$120<>"")+($B$5:$B$120<>""))>0),ROW($A$5:$A$120)),G107+1))))*I107^2+(-(INDEX($B:$B,MAX(5,G107-2)))+3*(INDEX($B:$B,G107-1))-3*(INDEX($B:$B,G107))+(INDEX($B:$B,MIN(LOOKUP(2,1/((($A$5:$A$120<>"")+($B$5:$B$120<>""))>0),ROW($A$5:$A$120)),G107+1))))*I107^3),INDEX($B:$B,G107-1)+(INDEX($B:$B,G107)-INDEX($B:$B,G107-1))*I107))	=IF(J107="","",IF(AND(J106<>"",J108<>""),(J108-J106)/2,IF(J108<>"",J108-J107,IF(J106<>"",J107-J106,""))))	=IF(K107="","",IF(AND(K106<>"",K108<>""),(K108-K106)/2,IF(K108<>"",K108-K107,IF(K106<>"",K107-K106,""))))	=IF(L107="","",MOD(DEGREES(ATAN2(L107,M107)),360))	=IF(N107="","",N107+$S$2)	=IF(O107="","","G1 X"&TEXT(J107,"0.###")&" Y"&TEXT(K107,"0.###")&" Z"&TEXT(O107,"0.###"))					
			=IF(C108="C",$S$3,IF(C108="S",1,0))	=E107+D108	=ROW()-5	=IF(OR(F108="",F108<=0,F108>LOOKUP(9.99999999999999E+307,$E$5:$E$120)),"",LOOKUP(F108-1,$E$5:$E$120,ROW($E$5:$E$120))+1)	=IF(G108="","",F108-INDEX($E:$E,G108-1))	=IF(G108="","",H108/INDEX($D:$D,G108))	=IF(G108="","",IF(INDEX($C:$C,G108)="C",0.5*(2*(INDEX($A:$A,G108-1))+(-(INDEX($A:$A,MAX(5,G108-2)))+(INDEX($A:$A,G108)))*I108+(2*(INDEX($A:$A,MAX(5,G108-2)))-5*(INDEX($A:$A,G108-1))+4*(INDEX($A:$A,G108))-(INDEX($A:$A,MIN(LOOKUP(2,1/((($A$5:$A$120<>"")+($B$5:$B$120<>""))>0),ROW($A$5:$A$120)),G108+1))))*I108^2+(-(INDEX($A:$A,MAX(5,G108-2)))+3*(INDEX($A:$A,G108-1))-3*(INDEX($A:$A,G108))+(INDEX($A:$A,MIN(LOOKUP(2,1/((($A$5:$A$120<>"")+($B$5:$B$120<>""))>0),ROW($A$5:$A$120)),G108+1))))*I108^3),INDEX($A:$A,G108-1)+(INDEX($A:$A,G108)-INDEX($A:$A,G108-1))*I108))	=IF(G108="","",IF(INDEX($C:$C,G108)="C",0.5*(2*(INDEX($B:$B,G108-1))+(-(INDEX($B:$B,MAX(5,G108-2)))+(INDEX($B:$B,G108)))*I108+(2*(INDEX($B:$B,MAX(5,G108-2)))-5*(INDEX($B:$B,G108-1))+4*(INDEX($B:$B,G108))-(INDEX($B:$B,MIN(LOOKUP(2,1/((($A$5:$A$120<>"")+($B$5:$B$120<>""))>0),ROW($A$5:$A$120)),G108+1))))*I108^2+(-(INDEX($B:$B,MAX(5,G108-2)))+3*(INDEX($B:$B,G108-1))-3*(INDEX($B:$B,G108))+(INDEX($B:$B,MIN(LOOKUP(2,1/((($A$5:$A$120<>"")+($B$5:$B$120<>""))>0),ROW($A$5:$A$120)),G108+1))))*I108^3),INDEX($B:$B,G108-1)+(INDEX($B:$B,G108)-INDEX($B:$B,G108-1))*I108))	=IF(J108="","",IF(AND(J107<>"",J109<>""),(J109-J107)/2,IF(J109<>"",J109-J108,IF(J107<>"",J108-J107,""))))	=IF(K108="","",IF(AND(K107<>"",K109<>""),(K109-K107)/2,IF(K109<>"",K109-K108,IF(K107<>"",K108-K107,""))))	=IF(L108="","",MOD(DEGREES(ATAN2(L108,M108)),360))	=IF(N108="","",N108+$S$2)	=IF(O108="","","G1 X"&TEXT(J108,"0.###")&" Y"&TEXT(K108,"0.###")&" Z"&TEXT(O108,"0.###"))					
			=IF(C109="C",$S$3,IF(C109="S",1,0))	=E108+D109	=ROW()-5	=IF(OR(F109="",F109<=0,F109>LOOKUP(9.99999999999999E+307,$E$5:$E$120)),"",LOOKUP(F109-1,$E$5:$E$120,ROW($E$5:$E$120))+1)	=IF(G109="","",F109-INDEX($E:$E,G109-1))	=IF(G109="","",H109/INDEX($D:$D,G109))	=IF(G109="","",IF(INDEX($C:$C,G109)="C",0.5*(2*(INDEX($A:$A,G109-1))+(-(INDEX($A:$A,MAX(5,G109-2)))+(INDEX($A:$A,G109)))*I109+(2*(INDEX($A:$A,MAX(5,G109-2)))-5*(INDEX($A:$A,G109-1))+4*(INDEX($A:$A,G109))-(INDEX($A:$A,MIN(LOOKUP(2,1/((($A$5:$A$120<>"")+($B$5:$B$120<>""))>0),ROW($A$5:$A$120)),G109+1))))*I109^2+(-(INDEX($A:$A,MAX(5,G109-2)))+3*(INDEX($A:$A,G109-1))-3*(INDEX($A:$A,G109))+(INDEX($A:$A,MIN(LOOKUP(2,1/((($A$5:$A$120<>"")+($B$5:$B$120<>""))>0),ROW($A$5:$A$120)),G109+1))))*I109^3),INDEX($A:$A,G109-1)+(INDEX($A:$A,G109)-INDEX($A:$A,G109-1))*I109))	=IF(G109="","",IF(INDEX($C:$C,G109)="C",0.5*(2*(INDEX($B:$B,G109-1))+(-(INDEX($B:$B,MAX(5,G109-2)))+(INDEX($B:$B,G109)))*I109+(2*(INDEX($B:$B,MAX(5,G109-2)))-5*(INDEX($B:$B,G109-1))+4*(INDEX($B:$B,G109))-(INDEX($B:$B,MIN(LOOKUP(2,1/((($A$5:$A$120<>"")+($B$5:$B$120<>""))>0),ROW($A$5:$A$120)),G109+1))))*I109^2+(-(INDEX($B:$B,MAX(5,G109-2)))+3*(INDEX($B:$B,G109-1))-3*(INDEX($B:$B,G109))+(INDEX($B:$B,MIN(LOOKUP(2,1/((($A$5:$A$120<>"")+($B$5:$B$120<>""))>0),ROW($A$5:$A$120)),G109+1))))*I109^3),INDEX($B:$B,G109-1)+(INDEX($B:$B,G109)-INDEX($B:$B,G109-1))*I109))	=IF(J109="","",IF(AND(J108<>"",J110<>""),(J110-J108)/2,IF(J110<>"",J110-J109,IF(J108<>"",J109-J108,""))))	=IF(K109="","",IF(AND(K108<>"",K110<>""),(K110-K108)/2,IF(K110<>"",K110-K109,IF(K108<>"",K109-K108,""))))	=IF(L109="","",MOD(DEGREES(ATAN2(L109,M109)),360))	=IF(N109="","",N109+$S$2)	=IF(O109="","","G1 X"&TEXT(J109,"0.###")&" Y"&TEXT(K109,"0.###")&" Z"&TEXT(O109,"0.###"))					
			=IF(C110="C",$S$3,IF(C110="S",1,0))	=E109+D110	=ROW()-5	=IF(OR(F110="",F110<=0,F110>LOOKUP(9.99999999999999E+307,$E$5:$E$120)),"",LOOKUP(F110-1,$E$5:$E$120,ROW($E$5:$E$120))+1)	=IF(G110="","",F110-INDEX($E:$E,G110-1))	=IF(G110="","",H110/INDEX($D:$D,G110))	=IF(G110="","",IF(INDEX($C:$C,G110)="C",0.5*(2*(INDEX($A:$A,G110-1))+(-(INDEX($A:$A,MAX(5,G110-2)))+(INDEX($A:$A,G110)))*I110+(2*(INDEX($A:$A,MAX(5,G110-2)))-5*(INDEX($A:$A,G110-1))+4*(INDEX($A:$A,G110))-(INDEX($A:$A,MIN(LOOKUP(2,1/((($A$5:$A$120<>"")+($B$5:$B$120<>""))>0),ROW($A$5:$A$120)),G110+1))))*I110^2+(-(INDEX($A:$A,MAX(5,G110-2)))+3*(INDEX($A:$A,G110-1))-3*(INDEX($A:$A,G110))+(INDEX($A:$A,MIN(LOOKUP(2,1/((($A$5:$A$120<>"")+($B$5:$B$120<>""))>0),ROW($A$5:$A$120)),G110+1))))*I110^3),INDEX($A:$A,G110-1)+(INDEX($A:$A,G110)-INDEX($A:$A,G110-1))*I110))	=IF(G110="","",IF(INDEX($C:$C,G110)="C",0.5*(2*(INDEX($B:$B,G110-1))+(-(INDEX($B:$B,MAX(5,G110-2)))+(INDEX($B:$B,G110)))*I110+(2*(INDEX($B:$B,MAX(5,G110-2)))-5*(INDEX($B:$B,G110-1))+4*(INDEX($B:$B,G110))-(INDEX($B:$B,MIN(LOOKUP(2,1/((($A$5:$A$120<>"")+($B$5:$B$120<>""))>0),ROW($A$5:$A$120)),G110+1))))*I110^2+(-(INDEX($B:$B,MAX(5,G110-2)))+3*(INDEX($B:$B,G110-1))-3*(INDEX($B:$B,G110))+(INDEX($B:$B,MIN(LOOKUP(2,1/((($A$5:$A$120<>"")+($B$5:$B$120<>""))>0),ROW($A$5:$A$120)),G110+1))))*I110^3),INDEX($B:$B,G110-1)+(INDEX($B:$B,G110)-INDEX($B:$B,G110-1))*I110))	=IF(J110="","",IF(AND(J109<>"",J111<>""),(J111-J109)/2,IF(J111<>"",J111-J110,IF(J109<>"",J110-J109,""))))	=IF(K110="","",IF(AND(K109<>"",K111<>""),(K111-K109)/2,IF(K111<>"",K111-K110,IF(K109<>"",K110-K109,""))))	=IF(L110="","",MOD(DEGREES(ATAN2(L110,M110)),360))	=IF(N110="","",N110+$S$2)	=IF(O110="","","G1 X"&TEXT(J110,"0.###")&" Y"&TEXT(K110,"0.###")&" Z"&TEXT(O110,"0.###"))					
			=IF(C111="C",$S$3,IF(C111="S",1,0))	=E110+D111	=ROW()-5	=IF(OR(F111="",F111<=0,F111>LOOKUP(9.99999999999999E+307,$E$5:$E$120)),"",LOOKUP(F111-1,$E$5:$E$120,ROW($E$5:$E$120))+1)	=IF(G111="","",F111-INDEX($E:$E,G111-1))	=IF(G111="","",H111/INDEX($D:$D,G111))	=IF(G111="","",IF(INDEX($C:$C,G111)="C",0.5*(2*(INDEX($A:$A,G111-1))+(-(INDEX($A:$A,MAX(5,G111-2)))+(INDEX($A:$A,G111)))*I111+(2*(INDEX($A:$A,MAX(5,G111-2)))-5*(INDEX($A:$A,G111-1))+4*(INDEX($A:$A,G111))-(INDEX($A:$A,MIN(LOOKUP(2,1/((($A$5:$A$120<>"")+($B$5:$B$120<>""))>0),ROW($A$5:$A$120)),G111+1))))*I111^2+(-(INDEX($A:$A,MAX(5,G111-2)))+3*(INDEX($A:$A,G111-1))-3*(INDEX($A:$A,G111))+(INDEX($A:$A,MIN(LOOKUP(2,1/((($A$5:$A$120<>"")+($B$5:$B$120<>""))>0),ROW($A$5:$A$120)),G111+1))))*I111^3),INDEX($A:$A,G111-1)+(INDEX($A:$A,G111)-INDEX($A:$A,G111-1))*I111))	=IF(G111="","",IF(INDEX($C:$C,G111)="C",0.5*(2*(INDEX($B:$B,G111-1))+(-(INDEX($B:$B,MAX(5,G111-2)))+(INDEX($B:$B,G111)))*I111+(2*(INDEX($B:$B,MAX(5,G111-2)))-5*(INDEX($B:$B,G111-1))+4*(INDEX($B:$B,G111))-(INDEX($B:$B,MIN(LOOKUP(2,1/((($A$5:$A$120<>"")+($B$5:$B$120<>""))>0),ROW($A$5:$A$120)),G111+1))))*I111^2+(-(INDEX($B:$B,MAX(5,G111-2)))+3*(INDEX($B:$B,G111-1))-3*(INDEX($B:$B,G111))+(INDEX($B:$B,MIN(LOOKUP(2,1/((($A$5:$A$120<>"")+($B$5:$B$120<>""))>0),ROW($A$5:$A$120)),G111+1))))*I111^3),INDEX($B:$B,G111-1)+(INDEX($B:$B,G111)-INDEX($B:$B,G111-1))*I111))	=IF(J111="","",IF(AND(J110<>"",J112<>""),(J112-J110)/2,IF(J112<>"",J112-J111,IF(J110<>"",J111-J110,""))))	=IF(K111="","",IF(AND(K110<>"",K112<>""),(K112-K110)/2,IF(K112<>"",K112-K111,IF(K110<>"",K111-K110,""))))	=IF(L111="","",MOD(DEGREES(ATAN2(L111,M111)),360))	=IF(N111="","",N111+$S$2)	=IF(O111="","","G1 X"&TEXT(J111,"0.###")&" Y"&TEXT(K111,"0.###")&" Z"&TEXT(O111,"0.###"))					
			=IF(C112="C",$S$3,IF(C112="S",1,0))	=E111+D112	=ROW()-5	=IF(OR(F112="",F112<=0,F112>LOOKUP(9.99999999999999E+307,$E$5:$E$120)),"",LOOKUP(F112-1,$E$5:$E$120,ROW($E$5:$E$120))+1)	=IF(G112="","",F112-INDEX($E:$E,G112-1))	=IF(G112="","",H112/INDEX($D:$D,G112))	=IF(G112="","",IF(INDEX($C:$C,G112)="C",0.5*(2*(INDEX($A:$A,G112-1))+(-(INDEX($A:$A,MAX(5,G112-2)))+(INDEX($A:$A,G112)))*I112+(2*(INDEX($A:$A,MAX(5,G112-2)))-5*(INDEX($A:$A,G112-1))+4*(INDEX($A:$A,G112))-(INDEX($A:$A,MIN(LOOKUP(2,1/((($A$5:$A$120<>"")+($B$5:$B$120<>""))>0),ROW($A$5:$A$120)),G112+1))))*I112^2+(-(INDEX($A:$A,MAX(5,G112-2)))+3*(INDEX($A:$A,G112-1))-3*(INDEX($A:$A,G112))+(INDEX($A:$A,MIN(LOOKUP(2,1/((($A$5:$A$120<>"")+($B$5:$B$120<>""))>0),ROW($A$5:$A$120)),G112+1))))*I112^3),INDEX($A:$A,G112-1)+(INDEX($A:$A,G112)-INDEX($A:$A,G112-1))*I112))	=IF(G112="","",IF(INDEX($C:$C,G112)="C",0.5*(2*(INDEX($B:$B,G112-1))+(-(INDEX($B:$B,MAX(5,G112-2)))+(INDEX($B:$B,G112)))*I112+(2*(INDEX($B:$B,MAX(5,G112-2)))-5*(INDEX($B:$B,G112-1))+4*(INDEX($B:$B,G112))-(INDEX($B:$B,MIN(LOOKUP(2,1/((($A$5:$A$120<>"")+($B$5:$B$120<>""))>0),ROW($A$5:$A$120)),G112+1))))*I112^2+(-(INDEX($B:$B,MAX(5,G112-2)))+3*(INDEX($B:$B,G112-1))-3*(INDEX($B:$B,G112))+(INDEX($B:$B,MIN(LOOKUP(2,1/((($A$5:$A$120<>"")+($B$5:$B$120<>""))>0),ROW($A$5:$A$120)),G112+1))))*I112^3),INDEX($B:$B,G112-1)+(INDEX($B:$B,G112)-INDEX($B:$B,G112-1))*I112))	=IF(J112="","",IF(AND(J111<>"",J113<>""),(J113-J111)/2,IF(J113<>"",J113-J112,IF(J111<>"",J112-J111,""))))	=IF(K112="","",IF(AND(K111<>"",K113<>""),(K113-K111)/2,IF(K113<>"",K113-K112,IF(K111<>"",K112-K111,""))))	=IF(L112="","",MOD(DEGREES(ATAN2(L112,M112)),360))	=IF(N112="","",N112+$S$2)	=IF(O112="","","G1 X"&TEXT(J112,"0.###")&" Y"&TEXT(K112,"0.###")&" Z"&TEXT(O112,"0.###"))					
			=IF(C113="C",$S$3,IF(C113="S",1,0))	=E112+D113	=ROW()-5	=IF(OR(F113="",F113<=0,F113>LOOKUP(9.99999999999999E+307,$E$5:$E$120)),"",LOOKUP(F113-1,$E$5:$E$120,ROW($E$5:$E$120))+1)	=IF(G113="","",F113-INDEX($E:$E,G113-1))	=IF(G113="","",H113/INDEX($D:$D,G113))	=IF(G113="","",IF(INDEX($C:$C,G113)="C",0.5*(2*(INDEX($A:$A,G113-1))+(-(INDEX($A:$A,MAX(5,G113-2)))+(INDEX($A:$A,G113)))*I113+(2*(INDEX($A:$A,MAX(5,G113-2)))-5*(INDEX($A:$A,G113-1))+4*(INDEX($A:$A,G113))-(INDEX($A:$A,MIN(LOOKUP(2,1/((($A$5:$A$120<>"")+($B$5:$B$120<>""))>0),ROW($A$5:$A$120)),G113+1))))*I113^2+(-(INDEX($A:$A,MAX(5,G113-2)))+3*(INDEX($A:$A,G113-1))-3*(INDEX($A:$A,G113))+(INDEX($A:$A,MIN(LOOKUP(2,1/((($A$5:$A$120<>"")+($B$5:$B$120<>""))>0),ROW($A$5:$A$120)),G113+1))))*I113^3),INDEX($A:$A,G113-1)+(INDEX($A:$A,G113)-INDEX($A:$A,G113-1))*I113))	=IF(G113="","",IF(INDEX($C:$C,G113)="C",0.5*(2*(INDEX($B:$B,G113-1))+(-(INDEX($B:$B,MAX(5,G113-2)))+(INDEX($B:$B,G113)))*I113+(2*(INDEX($B:$B,MAX(5,G113-2)))-5*(INDEX($B:$B,G113-1))+4*(INDEX($B:$B,G113))-(INDEX($B:$B,MIN(LOOKUP(2,1/((($A$5:$A$120<>"")+($B$5:$B$120<>""))>0),ROW($A$5:$A$120)),G113+1))))*I113^2+(-(INDEX($B:$B,MAX(5,G113-2)))+3*(INDEX($B:$B,G113-1))-3*(INDEX($B:$B,G113))+(INDEX($B:$B,MIN(LOOKUP(2,1/((($A$5:$A$120<>"")+($B$5:$B$120<>""))>0),ROW($A$5:$A$120)),G113+1))))*I113^3),INDEX($B:$B,G113-1)+(INDEX($B:$B,G113)-INDEX($B:$B,G113-1))*I113))	=IF(J113="","",IF(AND(J112<>"",J114<>""),(J114-J112)/2,IF(J114<>"",J114-J113,IF(J112<>"",J113-J112,""))))	=IF(K113="","",IF(AND(K112<>"",K114<>""),(K114-K112)/2,IF(K114<>"",K114-K113,IF(K112<>"",K113-K112,""))))	=IF(L113="","",MOD(DEGREES(ATAN2(L113,M113)),360))	=IF(N113="","",N113+$S$2)	=IF(O113="","","G1 X"&TEXT(J113,"0.###")&" Y"&TEXT(K113,"0.###")&" Z"&TEXT(O113,"0.###"))					
			=IF(C114="C",$S$3,IF(C114="S",1,0))	=E113+D114	=ROW()-5	=IF(OR(F114="",F114<=0,F114>LOOKUP(9.99999999999999E+307,$E$5:$E$120)),"",LOOKUP(F114-1,$E$5:$E$120,ROW($E$5:$E$120))+1)	=IF(G114="","",F114-INDEX($E:$E,G114-1))	=IF(G114="","",H114/INDEX($D:$D,G114))	=IF(G114="","",IF(INDEX($C:$C,G114)="C",0.5*(2*(INDEX($A:$A,G114-1))+(-(INDEX($A:$A,MAX(5,G114-2)))+(INDEX($A:$A,G114)))*I114+(2*(INDEX($A:$A,MAX(5,G114-2)))-5*(INDEX($A:$A,G114-1))+4*(INDEX($A:$A,G114))-(INDEX($A:$A,MIN(LOOKUP(2,1/((($A$5:$A$120<>"")+($B$5:$B$120<>""))>0),ROW($A$5:$A$120)),G114+1))))*I114^2+(-(INDEX($A:$A,MAX(5,G114-2)))+3*(INDEX($A:$A,G114-1))-3*(INDEX($A:$A,G114))+(INDEX($A:$A,MIN(LOOKUP(2,1/((($A$5:$A$120<>"")+($B$5:$B$120<>""))>0),ROW($A$5:$A$120)),G114+1))))*I114^3),INDEX($A:$A,G114-1)+(INDEX($A:$A,G114)-INDEX($A:$A,G114-1))*I114))	=IF(G114="","",IF(INDEX($C:$C,G114)="C",0.5*(2*(INDEX($B:$B,G114-1))+(-(INDEX($B:$B,MAX(5,G114-2)))+(INDEX($B:$B,G114)))*I114+(2*(INDEX($B:$B,MAX(5,G114-2)))-5*(INDEX($B:$B,G114-1))+4*(INDEX($B:$B,G114))-(INDEX($B:$B,MIN(LOOKUP(2,1/((($A$5:$A$120<>"")+($B$5:$B$120<>""))>0),ROW($A$5:$A$120)),G114+1))))*I114^2+(-(INDEX($B:$B,MAX(5,G114-2)))+3*(INDEX($B:$B,G114-1))-3*(INDEX($B:$B,G114))+(INDEX($B:$B,MIN(LOOKUP(2,1/((($A$5:$A$120<>"")+($B$5:$B$120<>""))>0),ROW($A$5:$A$120)),G114+1))))*I114^3),INDEX($B:$B,G114-1)+(INDEX($B:$B,G114)-INDEX($B:$B,G114-1))*I114))	=IF(J114="","",IF(AND(J113<>"",J115<>""),(J115-J113)/2,IF(J115<>"",J115-J114,IF(J113<>"",J114-J113,""))))	=IF(K114="","",IF(AND(K113<>"",K115<>""),(K115-K113)/2,IF(K115<>"",K115-K114,IF(K113<>"",K114-K113,""))))	=IF(L114="","",MOD(DEGREES(ATAN2(L114,M114)),360))	=IF(N114="","",N114+$S$2)	=IF(O114="","","G1 X"&TEXT(J114,"0.###")&" Y"&TEXT(K114,"0.###")&" Z"&TEXT(O114,"0.###"))					
			=IF(C115="C",$S$3,IF(C115="S",1,0))	=E114+D115	=ROW()-5	=IF(OR(F115="",F115<=0,F115>LOOKUP(9.99999999999999E+307,$E$5:$E$120)),"",LOOKUP(F115-1,$E$5:$E$120,ROW($E$5:$E$120))+1)	=IF(G115="","",F115-INDEX($E:$E,G115-1))	=IF(G115="","",H115/INDEX($D:$D,G115))	=IF(G115="","",IF(INDEX($C:$C,G115)="C",0.5*(2*(INDEX($A:$A,G115-1))+(-(INDEX($A:$A,MAX(5,G115-2)))+(INDEX($A:$A,G115)))*I115+(2*(INDEX($A:$A,MAX(5,G115-2)))-5*(INDEX($A:$A,G115-1))+4*(INDEX($A:$A,G115))-(INDEX($A:$A,MIN(LOOKUP(2,1/((($A$5:$A$120<>"")+($B$5:$B$120<>""))>0),ROW($A$5:$A$120)),G115+1))))*I115^2+(-(INDEX($A:$A,MAX(5,G115-2)))+3*(INDEX($A:$A,G115-1))-3*(INDEX($A:$A,G115))+(INDEX($A:$A,MIN(LOOKUP(2,1/((($A$5:$A$120<>"")+($B$5:$B$120<>""))>0),ROW($A$5:$A$120)),G115+1))))*I115^3),INDEX($A:$A,G115-1)+(INDEX($A:$A,G115)-INDEX($A:$A,G115-1))*I115))	=IF(G115="","",IF(INDEX($C:$C,G115)="C",0.5*(2*(INDEX($B:$B,G115-1))+(-(INDEX($B:$B,MAX(5,G115-2)))+(INDEX($B:$B,G115)))*I115+(2*(INDEX($B:$B,MAX(5,G115-2)))-5*(INDEX($B:$B,G115-1))+4*(INDEX($B:$B,G115))-(INDEX($B:$B,MIN(LOOKUP(2,1/((($A$5:$A$120<>"")+($B$5:$B$120<>""))>0),ROW($A$5:$A$120)),G115+1))))*I115^2+(-(INDEX($B:$B,MAX(5,G115-2)))+3*(INDEX($B:$B,G115-1))-3*(INDEX($B:$B,G115))+(INDEX($B:$B,MIN(LOOKUP(2,1/((($A$5:$A$120<>"")+($B$5:$B$120<>""))>0),ROW($A$5:$A$120)),G115+1))))*I115^3),INDEX($B:$B,G115-1)+(INDEX($B:$B,G115)-INDEX($B:$B,G115-1))*I115))	=IF(J115="","",IF(AND(J114<>"",J116<>""),(J116-J114)/2,IF(J116<>"",J116-J115,IF(J114<>"",J115-J114,""))))	=IF(K115="","",IF(AND(K114<>"",K116<>""),(K116-K114)/2,IF(K116<>"",K116-K115,IF(K114<>"",K115-K114,""))))	=IF(L115="","",MOD(DEGREES(ATAN2(L115,M115)),360))	=IF(N115="","",N115+$S$2)	=IF(O115="","","G1 X"&TEXT(J115,"0.###")&" Y"&TEXT(K115,"0.###")&" Z"&TEXT(O115,"0.###"))					
			=IF(C116="C",$S$3,IF(C116="S",1,0))	=E115+D116	=ROW()-5	=IF(OR(F116="",F116<=0,F116>LOOKUP(9.99999999999999E+307,$E$5:$E$120)),"",LOOKUP(F116-1,$E$5:$E$120,ROW($E$5:$E$120))+1)	=IF(G116="","",F116-INDEX($E:$E,G116-1))	=IF(G116="","",H116/INDEX($D:$D,G116))	=IF(G116="","",IF(INDEX($C:$C,G116)="C",0.5*(2*(INDEX($A:$A,G116-1))+(-(INDEX($A:$A,MAX(5,G116-2)))+(INDEX($A:$A,G116)))*I116+(2*(INDEX($A:$A,MAX(5,G116-2)))-5*(INDEX($A:$A,G116-1))+4*(INDEX($A:$A,G116))-(INDEX($A:$A,MIN(LOOKUP(2,1/((($A$5:$A$120<>"")+($B$5:$B$120<>""))>0),ROW($A$5:$A$120)),G116+1))))*I116^2+(-(INDEX($A:$A,MAX(5,G116-2)))+3*(INDEX($A:$A,G116-1))-3*(INDEX($A:$A,G116))+(INDEX($A:$A,MIN(LOOKUP(2,1/((($A$5:$A$120<>"")+($B$5:$B$120<>""))>0),ROW($A$5:$A$120)),G116+1))))*I116^3),INDEX($A:$A,G116-1)+(INDEX($A:$A,G116)-INDEX($A:$A,G116-1))*I116))	=IF(G116="","",IF(INDEX($C:$C,G116)="C",0.5*(2*(INDEX($B:$B,G116-1))+(-(INDEX($B:$B,MAX(5,G116-2)))+(INDEX($B:$B,G116)))*I116+(2*(INDEX($B:$B,MAX(5,G116-2)))-5*(INDEX($B:$B,G116-1))+4*(INDEX($B:$B,G116))-(INDEX($B:$B,MIN(LOOKUP(2,1/((($A$5:$A$120<>"")+($B$5:$B$120<>""))>0),ROW($A$5:$A$120)),G116+1))))*I116^2+(-(INDEX($B:$B,MAX(5,G116-2)))+3*(INDEX($B:$B,G116-1))-3*(INDEX($B:$B,G116))+(INDEX($B:$B,MIN(LOOKUP(2,1/((($A$5:$A$120<>"")+($B$5:$B$120<>""))>0),ROW($A$5:$A$120)),G116+1))))*I116^3),INDEX($B:$B,G116-1)+(INDEX($B:$B,G116)-INDEX($B:$B,G116-1))*I116))	=IF(J116="","",IF(AND(J115<>"",J117<>""),(J117-J115)/2,IF(J117<>"",J117-J116,IF(J115<>"",J116-J115,""))))	=IF(K116="","",IF(AND(K115<>"",K117<>""),(K117-K115)/2,IF(K117<>"",K117-K116,IF(K115<>"",K116-K115,""))))	=IF(L116="","",MOD(DEGREES(ATAN2(L116,M116)),360))	=IF(N116="","",N116+$S$2)	=IF(O116="","","G1 X"&TEXT(J116,"0.###")&" Y"&TEXT(K116,"0.###")&" Z"&TEXT(O116,"0.###"))					
			=IF(C117="C",$S$3,IF(C117="S",1,0))	=E116+D117	=ROW()-5	=IF(OR(F117="",F117<=0,F117>LOOKUP(9.99999999999999E+307,$E$5:$E$120)),"",LOOKUP(F117-1,$E$5:$E$120,ROW($E$5:$E$120))+1)	=IF(G117="","",F117-INDEX($E:$E,G117-1))	=IF(G117="","",H117/INDEX($D:$D,G117))	=IF(G117="","",IF(INDEX($C:$C,G117)="C",0.5*(2*(INDEX($A:$A,G117-1))+(-(INDEX($A:$A,MAX(5,G117-2)))+(INDEX($A:$A,G117)))*I117+(2*(INDEX($A:$A,MAX(5,G117-2)))-5*(INDEX($A:$A,G117-1))+4*(INDEX($A:$A,G117))-(INDEX($A:$A,MIN(LOOKUP(2,1/((($A$5:$A$120<>"")+($B$5:$B$120<>""))>0),ROW($A$5:$A$120)),G117+1))))*I117^2+(-(INDEX($A:$A,MAX(5,G117-2)))+3*(INDEX($A:$A,G117-1))-3*(INDEX($A:$A,G117))+(INDEX($A:$A,MIN(LOOKUP(2,1/((($A$5:$A$120<>"")+($B$5:$B$120<>""))>0),ROW($A$5:$A$120)),G117+1))))*I117^3),INDEX($A:$A,G117-1)+(INDEX($A:$A,G117)-INDEX($A:$A,G117-1))*I117))	=IF(G117="","",IF(INDEX($C:$C,G117)="C",0.5*(2*(INDEX($B:$B,G117-1))+(-(INDEX($B:$B,MAX(5,G117-2)))+(INDEX($B:$B,G117)))*I117+(2*(INDEX($B:$B,MAX(5,G117-2)))-5*(INDEX($B:$B,G117-1))+4*(INDEX($B:$B,G117))-(INDEX($B:$B,MIN(LOOKUP(2,1/((($A$5:$A$120<>"")+($B$5:$B$120<>""))>0),ROW($A$5:$A$120)),G117+1))))*I117^2+(-(INDEX($B:$B,MAX(5,G117-2)))+3*(INDEX($B:$B,G117-1))-3*(INDEX($B:$B,G117))+(INDEX($B:$B,MIN(LOOKUP(2,1/((($A$5:$A$120<>"")+($B$5:$B$120<>""))>0),ROW($A$5:$A$120)),G117+1))))*I117^3),INDEX($B:$B,G117-1)+(INDEX($B:$B,G117)-INDEX($B:$B,G117-1))*I117))	=IF(J117="","",IF(AND(J116<>"",J118<>""),(J118-J116)/2,IF(J118<>"",J118-J117,IF(J116<>"",J117-J116,""))))	=IF(K117="","",IF(AND(K116<>"",K118<>""),(K118-K116)/2,IF(K118<>"",K118-K117,IF(K116<>"",K117-K116,""))))	=IF(L117="","",MOD(DEGREES(ATAN2(L117,M117)),360))	=IF(N117="","",N117+$S$2)	=IF(O117="","","G1 X"&TEXT(J117,"0.###")&" Y"&TEXT(K117,"0.###")&" Z"&TEXT(O117,"0.###"))					
			=IF(C118="C",$S$3,IF(C118="S",1,0))	=E117+D118	=ROW()-5	=IF(OR(F118="",F118<=0,F118>LOOKUP(9.99999999999999E+307,$E$5:$E$120)),"",LOOKUP(F118-1,$E$5:$E$120,ROW($E$5:$E$120))+1)	=IF(G118="","",F118-INDEX($E:$E,G118-1))	=IF(G118="","",H118/INDEX($D:$D,G118))	=IF(G118="","",IF(INDEX($C:$C,G118)="C",0.5*(2*(INDEX($A:$A,G118-1))+(-(INDEX($A:$A,MAX(5,G118-2)))+(INDEX($A:$A,G118)))*I118+(2*(INDEX($A:$A,MAX(5,G118-2)))-5*(INDEX($A:$A,G118-1))+4*(INDEX($A:$A,G118))-(INDEX($A:$A,MIN(LOOKUP(2,1/((($A$5:$A$120<>"")+($B$5:$B$120<>""))>0),ROW($A$5:$A$120)),G118+1))))*I118^2+(-(INDEX($A:$A,MAX(5,G118-2)))+3*(INDEX($A:$A,G118-1))-3*(INDEX($A:$A,G118))+(INDEX($A:$A,MIN(LOOKUP(2,1/((($A$5:$A$120<>"")+($B$5:$B$120<>""))>0),ROW($A$5:$A$120)),G118+1))))*I118^3),INDEX($A:$A,G118-1)+(INDEX($A:$A,G118)-INDEX($A:$A,G118-1))*I118))	=IF(G118="","",IF(INDEX($C:$C,G118)="C",0.5*(2*(INDEX($B:$B,G118-1))+(-(INDEX($B:$B,MAX(5,G118-2)))+(INDEX($B:$B,G118)))*I118+(2*(INDEX($B:$B,MAX(5,G118-2)))-5*(INDEX($B:$B,G118-1))+4*(INDEX($B:$B,G118))-(INDEX($B:$B,MIN(LOOKUP(2,1/((($A$5:$A$120<>"")+($B$5:$B$120<>""))>0),ROW($A$5:$A$120)),G118+1))))*I118^2+(-(INDEX($B:$B,MAX(5,G118-2)))+3*(INDEX($B:$B,G118-1))-3*(INDEX($B:$B,G118))+(INDEX($B:$B,MIN(LOOKUP(2,1/((($A$5:$A$120<>"")+($B$5:$B$120<>""))>0),ROW($A$5:$A$120)),G118+1))))*I118^3),INDEX($B:$B,G118-1)+(INDEX($B:$B,G118)-INDEX($B:$B,G118-1))*I118))	=IF(J118="","",IF(AND(J117<>"",J119<>""),(J119-J117)/2,IF(J119<>"",J119-J118,IF(J117<>"",J118-J117,""))))	=IF(K118="","",IF(AND(K117<>"",K119<>""),(K119-K117)/2,IF(K119<>"",K119-K118,IF(K117<>"",K118-K117,""))))	=IF(L118="","",MOD(DEGREES(ATAN2(L118,M118)),360))	=IF(N118="","",N118+$S$2)	=IF(O118="","","G1 X"&TEXT(J118,"0.###")&" Y"&TEXT(K118,"0.###")&" Z"&TEXT(O118,"0.###"))					
			=IF(C119="C",$S$3,IF(C119="S",1,0))	=E118+D119	=ROW()-5	=IF(OR(F119="",F119<=0,F119>LOOKUP(9.99999999999999E+307,$E$5:$E$120)),"",LOOKUP(F119-1,$E$5:$E$120,ROW($E$5:$E$120))+1)	=IF(G119="","",F119-INDEX($E:$E,G119-1))	=IF(G119="","",H119/INDEX($D:$D,G119))	=IF(G119="","",IF(INDEX($C:$C,G119)="C",0.5*(2*(INDEX($A:$A,G119-1))+(-(INDEX($A:$A,MAX(5,G119-2)))+(INDEX($A:$A,G119)))*I119+(2*(INDEX($A:$A,MAX(5,G119-2)))-5*(INDEX($A:$A,G119-1))+4*(INDEX($A:$A,G119))-(INDEX($A:$A,MIN(LOOKUP(2,1/((($A$5:$A$120<>"")+($B$5:$B$120<>""))>0),ROW($A$5:$A$120)),G119+1))))*I119^2+(-(INDEX($A:$A,MAX(5,G119-2)))+3*(INDEX($A:$A,G119-1))-3*(INDEX($A:$A,G119))+(INDEX($A:$A,MIN(LOOKUP(2,1/((($A$5:$A$120<>"")+($B$5:$B$120<>""))>0),ROW($A$5:$A$120)),G119+1))))*I119^3),INDEX($A:$A,G119-1)+(INDEX($A:$A,G119)-INDEX($A:$A,G119-1))*I119))	=IF(G119="","",IF(INDEX($C:$C,G119)="C",0.5*(2*(INDEX($B:$B,G119-1))+(-(INDEX($B:$B,MAX(5,G119-2)))+(INDEX($B:$B,G119)))*I119+(2*(INDEX($B:$B,MAX(5,G119-2)))-5*(INDEX($B:$B,G119-1))+4*(INDEX($B:$B,G119))-(INDEX($B:$B,MIN(LOOKUP(2,1/((($A$5:$A$120<>"")+($B$5:$B$120<>""))>0),ROW($A$5:$A$120)),G119+1))))*I119^2+(-(INDEX($B:$B,MAX(5,G119-2)))+3*(INDEX($B:$B,G119-1))-3*(INDEX($B:$B,G119))+(INDEX($B:$B,MIN(LOOKUP(2,1/((($A$5:$A$120<>"")+($B$5:$B$120<>""))>0),ROW($A$5:$A$120)),G119+1))))*I119^3),INDEX($B:$B,G119-1)+(INDEX($B:$B,G119)-INDEX($B:$B,G119-1))*I119))	=IF(J119="","",IF(AND(J118<>"",J120<>""),(J120-J118)/2,IF(J120<>"",J120-J119,IF(J118<>"",J119-J118,""))))	=IF(K119="","",IF(AND(K118<>"",K120<>""),(K120-K118)/2,IF(K120<>"",K120-K119,IF(K118<>"",K119-K118,""))))	=IF(L119="","",MOD(DEGREES(ATAN2(L119,M119)),360))	=IF(N119="","",N119+$S$2)	=IF(O119="","","G1 X"&TEXT(J119,"0.###")&" Y"&TEXT(K119,"0.###")&" Z"&TEXT(O119,"0.###"))					
			=IF(C120="C",$S$3,IF(C120="S",1,0))	=E119+D120	=ROW()-5	=IF(OR(F120="",F120<=0,F120>LOOKUP(9.99999999999999E+307,$E$5:$E$120)),"",LOOKUP(F120-1,$E$5:$E$120,ROW($E$5:$E$120))+1)	=IF(G120="","",F120-INDEX($E:$E,G120-1))	=IF(G120="","",H120/INDEX($D:$D,G120))	=IF(G120="","",IF(INDEX($C:$C,G120)="C",0.5*(2*(INDEX($A:$A,G120-1))+(-(INDEX($A:$A,MAX(5,G120-2)))+(INDEX($A:$A,G120)))*I120+(2*(INDEX($A:$A,MAX(5,G120-2)))-5*(INDEX($A:$A,G120-1))+4*(INDEX($A:$A,G120))-(INDEX($A:$A,MIN(LOOKUP(2,1/((($A$5:$A$120<>"")+($B$5:$B$120<>""))>0),ROW($A$5:$A$120)),G120+1))))*I120^2+(-(INDEX($A:$A,MAX(5,G120-2)))+3*(INDEX($A:$A,G120-1))-3*(INDEX($A:$A,G120))+(INDEX($A:$A,MIN(LOOKUP(2,1/((($A$5:$A$120<>"")+($B$5:$B$120<>""))>0),ROW($A$5:$A$120)),G120+1))))*I120^3),INDEX($A:$A,G120-1)+(INDEX($A:$A,G120)-INDEX($A:$A,G120-1))*I120))	=IF(G120="","",IF(INDEX($C:$C,G120)="C",0.5*(2*(INDEX($B:$B,G120-1))+(-(INDEX($B:$B,MAX(5,G120-2)))+(INDEX($B:$B,G120)))*I120+(2*(INDEX($B:$B,MAX(5,G120-2)))-5*(INDEX($B:$B,G120-1))+4*(INDEX($B:$B,G120))-(INDEX($B:$B,MIN(LOOKUP(2,1/((($A$5:$A$120<>"")+($B$5:$B$120<>""))>0),ROW($A$5:$A$120)),G120+1))))*I120^2+(-(INDEX($B:$B,MAX(5,G120-2)))+3*(INDEX($B:$B,G120-1))-3*(INDEX($B:$B,G120))+(INDEX($B:$B,MIN(LOOKUP(2,1/((($A$5:$A$120<>"")+($B$5:$B$120<>""))>0),ROW($A$5:$A$120)),G120+1))))*I120^3),INDEX($B:$B,G120-1)+(INDEX($B:$B,G120)-INDEX($B:$B,G120-1))*I120))	=IF(J120="","",IF(AND(J119<>"",J121<>""),(J121-J119)/2,IF(J121<>"",J121-J120,IF(J119<>"",J120-J119,""))))	=IF(K120="","",IF(AND(K119<>"",K121<>""),(K121-K119)/2,IF(K121<>"",K121-K120,IF(K119<>"",K120-K119,""))))	=IF(L120="","",MOD(DEGREES(ATAN2(L120,M120)),360))	=IF(N120="","",N120+$S$2)	=IF(O120="","","G1 X"&TEXT(J120,"0.###")&" Y"&TEXT(K120,"0.###")&" Z"&TEXT(O120,"0.###"))					
					=ROW()-5	=IF(OR(F121="",F121<=0,F121>LOOKUP(9.99999999999999E+307,$E$5:$E$120)),"",LOOKUP(F121-1,$E$5:$E$120,ROW($E$5:$E$120))+1)	=IF(G121="","",F121-INDEX($E:$E,G121-1))	=IF(G121="","",H121/INDEX($D:$D,G121))	=IF(G121="","",IF(INDEX($C:$C,G121)="C",0.5*(2*(INDEX($A:$A,G121-1))+(-(INDEX($A:$A,MAX(5,G121-2)))+(INDEX($A:$A,G121)))*I121+(2*(INDEX($A:$A,MAX(5,G121-2)))-5*(INDEX($A:$A,G121-1))+4*(INDEX($A:$A,G121))-(INDEX($A:$A,MIN(LOOKUP(2,1/((($A$5:$A$120<>"")+($B$5:$B$120<>""))>0),ROW($A$5:$A$120)),G121+1))))*I121^2+(-(INDEX($A:$A,MAX(5,G121-2)))+3*(INDEX($A:$A,G121-1))-3*(INDEX($A:$A,G121))+(INDEX($A:$A,MIN(LOOKUP(2,1/((($A$5:$A$120<>"")+($B$5:$B$120<>""))>0),ROW($A$5:$A$120)),G121+1))))*I121^3),INDEX($A:$A,G121-1)+(INDEX($A:$A,G121)-INDEX($A:$A,G121-1))*I121))	=IF(G121="","",IF(INDEX($C:$C,G121)="C",0.5*(2*(INDEX($B:$B,G121-1))+(-(INDEX($B:$B,MAX(5,G121-2)))+(INDEX($B:$B,G121)))*I121+(2*(INDEX($B:$B,MAX(5,G121-2)))-5*(INDEX($B:$B,G121-1))+4*(INDEX($B:$B,G121))-(INDEX($B:$B,MIN(LOOKUP(2,1/((($A$5:$A$120<>"")+($B$5:$B$120<>""))>0),ROW($A$5:$A$120)),G121+1))))*I121^2+(-(INDEX($B:$B,MAX(5,G121-2)))+3*(INDEX($B:$B,G121-1))-3*(INDEX($B:$B,G121))+(INDEX($B:$B,MIN(LOOKUP(2,1/((($A$5:$A$120<>"")+($B$5:$B$120<>""))>0),ROW($A$5:$A$120)),G121+1))))*I121^3),INDEX($B:$B,G121-1)+(INDEX($B:$B,G121)-INDEX($B:$B,G121-1))*I121))	=IF(J121="","",IF(AND(J120<>"",J122<>""),(J122-J120)/2,IF(J122<>"",J122-J121,IF(J120<>"",J121-J120,""))))	=IF(K121="","",IF(AND(K120<>"",K122<>""),(K122-K120)/2,IF(K122<>"",K122-K121,IF(K120<>"",K121-K120,""))))	=IF(L121="","",MOD(DEGREES(ATAN2(L121,M121)),360))	=IF(N121="","",N121+$S$2)	=IF(O121="","","G1 X"&TEXT(J121,"0.###")&" Y"&TEXT(K121,"0.###")&" Z"&TEXT(O121,"0.###"))					
					=ROW()-5	=IF(OR(F122="",F122<=0,F122>LOOKUP(9.99999999999999E+307,$E$5:$E$120)),"",LOOKUP(F122-1,$E$5:$E$120,ROW($E$5:$E$120))+1)	=IF(G122="","",F122-INDEX($E:$E,G122-1))	=IF(G122="","",H122/INDEX($D:$D,G122))	=IF(G122="","",IF(INDEX($C:$C,G122)="C",0.5*(2*(INDEX($A:$A,G122-1))+(-(INDEX($A:$A,MAX(5,G122-2)))+(INDEX($A:$A,G122)))*I122+(2*(INDEX($A:$A,MAX(5,G122-2)))-5*(INDEX($A:$A,G122-1))+4*(INDEX($A:$A,G122))-(INDEX($A:$A,MIN(LOOKUP(2,1/((($A$5:$A$120<>"")+($B$5:$B$120<>""))>0),ROW($A$5:$A$120)),G122+1))))*I122^2+(-(INDEX($A:$A,MAX(5,G122-2)))+3*(INDEX($A:$A,G122-1))-3*(INDEX($A:$A,G122))+(INDEX($A:$A,MIN(LOOKUP(2,1/((($A$5:$A$120<>"")+($B$5:$B$120<>""))>0),ROW($A$5:$A$120)),G122+1))))*I122^3),INDEX($A:$A,G122-1)+(INDEX($A:$A,G122)-INDEX($A:$A,G122-1))*I122))	=IF(G122="","",IF(INDEX($C:$C,G122)="C",0.5*(2*(INDEX($B:$B,G122-1))+(-(INDEX($B:$B,MAX(5,G122-2)))+(INDEX($B:$B,G122)))*I122+(2*(INDEX($B:$B,MAX(5,G122-2)))-5*(INDEX($B:$B,G122-1))+4*(INDEX($B:$B,G122))-(INDEX($B:$B,MIN(LOOKUP(2,1/((($A$5:$A$120<>"")+($B$5:$B$120<>""))>0),ROW($A$5:$A$120)),G122+1))))*I122^2+(-(INDEX($B:$B,MAX(5,G122-2)))+3*(INDEX($B:$B,G122-1))-3*(INDEX($B:$B,G122))+(INDEX($B:$B,MIN(LOOKUP(2,1/((($A$5:$A$120<>"")+($B$5:$B$120<>""))>0),ROW($A$5:$A$120)),G122+1))))*I122^3),INDEX($B:$B,G122-1)+(INDEX($B:$B,G122)-INDEX($B:$B,G122-1))*I122))	=IF(J122="","",IF(AND(J121<>"",J123<>""),(J123-J121)/2,IF(J123<>"",J123-J122,IF(J121<>"",J122-J121,""))))	=IF(K122="","",IF(AND(K121<>"",K123<>""),(K123-K121)/2,IF(K123<>"",K123-K122,IF(K121<>"",K122-K121,""))))	=IF(L122="","",MOD(DEGREES(ATAN2(L122,M122)),360))	=IF(N122="","",N122+$S$2)	=IF(O122="","","G1 X"&TEXT(J122,"0.###")&" Y"&TEXT(K122,"0.###")&" Z"&TEXT(O122,"0.###"))					
					=ROW()-5	=IF(OR(F123="",F123<=0,F123>LOOKUP(9.99999999999999E+307,$E$5:$E$120)),"",LOOKUP(F123-1,$E$5:$E$120,ROW($E$5:$E$120))+1)	=IF(G123="","",F123-INDEX($E:$E,G123-1))	=IF(G123="","",H123/INDEX($D:$D,G123))	=IF(G123="","",IF(INDEX($C:$C,G123)="C",0.5*(2*(INDEX($A:$A,G123-1))+(-(INDEX($A:$A,MAX(5,G123-2)))+(INDEX($A:$A,G123)))*I123+(2*(INDEX($A:$A,MAX(5,G123-2)))-5*(INDEX($A:$A,G123-1))+4*(INDEX($A:$A,G123))-(INDEX($A:$A,MIN(LOOKUP(2,1/((($A$5:$A$120<>"")+($B$5:$B$120<>""))>0),ROW($A$5:$A$120)),G123+1))))*I123^2+(-(INDEX($A:$A,MAX(5,G123-2)))+3*(INDEX($A:$A,G123-1))-3*(INDEX($A:$A,G123))+(INDEX($A:$A,MIN(LOOKUP(2,1/((($A$5:$A$120<>"")+($B$5:$B$120<>""))>0),ROW($A$5:$A$120)),G123+1))))*I123^3),INDEX($A:$A,G123-1)+(INDEX($A:$A,G123)-INDEX($A:$A,G123-1))*I123))	=IF(G123="","",IF(INDEX($C:$C,G123)="C",0.5*(2*(INDEX($B:$B,G123-1))+(-(INDEX($B:$B,MAX(5,G123-2)))+(INDEX($B:$B,G123)))*I123+(2*(INDEX($B:$B,MAX(5,G123-2)))-5*(INDEX($B:$B,G123-1))+4*(INDEX($B:$B,G123))-(INDEX($B:$B,MIN(LOOKUP(2,1/((($A$5:$A$120<>"")+($B$5:$B$120<>""))>0),ROW($A$5:$A$120)),G123+1))))*I123^2+(-(INDEX($B:$B,MAX(5,G123-2)))+3*(INDEX($B:$B,G123-1))-3*(INDEX($B:$B,G123))+(INDEX($B:$B,MIN(LOOKUP(2,1/((($A$5:$A$120<>"")+($B$5:$B$120<>""))>0),ROW($A$5:$A$120)),G123+1))))*I123^3),INDEX($B:$B,G123-1)+(INDEX($B:$B,G123)-INDEX($B:$B,G123-1))*I123))	=IF(J123="","",IF(AND(J122<>"",J124<>""),(J124-J122)/2,IF(J124<>"",J124-J123,IF(J122<>"",J123-J122,""))))	=IF(K123="","",IF(AND(K122<>"",K124<>""),(K124-K122)/2,IF(K124<>"",K124-K123,IF(K122<>"",K123-K122,""))))	=IF(L123="","",MOD(DEGREES(ATAN2(L123,M123)),360))	=IF(N123="","",N123+$S$2)	=IF(O123="","","G1 X"&TEXT(J123,"0.###")&" Y"&TEXT(K123,"0.###")&" Z"&TEXT(O123,"0.###"))					
					=ROW()-5	=IF(OR(F124="",F124<=0,F124>LOOKUP(9.99999999999999E+307,$E$5:$E$120)),"",LOOKUP(F124-1,$E$5:$E$120,ROW($E$5:$E$120))+1)	=IF(G124="","",F124-INDEX($E:$E,G124-1))	=IF(G124="","",H124/INDEX($D:$D,G124))	=IF(G124="","",IF(INDEX($C:$C,G124)="C",0.5*(2*(INDEX($A:$A,G124-1))+(-(INDEX($A:$A,MAX(5,G124-2)))+(INDEX($A:$A,G124)))*I124+(2*(INDEX($A:$A,MAX(5,G124-2)))-5*(INDEX($A:$A,G124-1))+4*(INDEX($A:$A,G124))-(INDEX($A:$A,MIN(LOOKUP(2,1/((($A$5:$A$120<>"")+($B$5:$B$120<>""))>0),ROW($A$5:$A$120)),G124+1))))*I124^2+(-(INDEX($A:$A,MAX(5,G124-2)))+3*(INDEX($A:$A,G124-1))-3*(INDEX($A:$A,G124))+(INDEX($A:$A,MIN(LOOKUP(2,1/((($A$5:$A$120<>"")+($B$5:$B$120<>""))>0),ROW($A$5:$A$120)),G124+1))))*I124^3),INDEX($A:$A,G124-1)+(INDEX($A:$A,G124)-INDEX($A:$A,G124-1))*I124))	=IF(G124="","",IF(INDEX($C:$C,G124)="C",0.5*(2*(INDEX($B:$B,G124-1))+(-(INDEX($B:$B,MAX(5,G124-2)))+(INDEX($B:$B,G124)))*I124+(2*(INDEX($B:$B,MAX(5,G124-2)))-5*(INDEX($B:$B,G124-1))+4*(INDEX($B:$B,G124))-(INDEX($B:$B,MIN(LOOKUP(2,1/((($A$5:$A$120<>"")+($B$5:$B$120<>""))>0),ROW($A$5:$A$120)),G124+1))))*I124^2+(-(INDEX($B:$B,MAX(5,G124-2)))+3*(INDEX($B:$B,G124-1))-3*(INDEX($B:$B,G124))+(INDEX($B:$B,MIN(LOOKUP(2,1/((($A$5:$A$120<>"")+($B$5:$B$120<>""))>0),ROW($A$5:$A$120)),G124+1))))*I124^3),INDEX($B:$B,G124-1)+(INDEX($B:$B,G124)-INDEX($B:$B,G124-1))*I124))	=IF(J124="","",IF(AND(J123<>"",J125<>""),(J125-J123)/2,IF(J125<>"",J125-J124,IF(J123<>"",J124-J123,""))))	=IF(K124="","",IF(AND(K123<>"",K125<>""),(K125-K123)/2,IF(K125<>"",K125-K124,IF(K123<>"",K124-K123,""))))	=IF(L124="","",MOD(DEGREES(ATAN2(L124,M124)),360))	=IF(N124="","",N124+$S$2)	=IF(O124="","","G1 X"&TEXT(J124,"0.###")&" Y"&TEXT(K124,"0.###")&" Z"&TEXT(O124,"0.###"))					
					=ROW()-5	=IF(OR(F125="",F125<=0,F125>LOOKUP(9.99999999999999E+307,$E$5:$E$120)),"",LOOKUP(F125-1,$E$5:$E$120,ROW($E$5:$E$120))+1)	=IF(G125="","",F125-INDEX($E:$E,G125-1))	=IF(G125="","",H125/INDEX($D:$D,G125))	=IF(G125="","",IF(INDEX($C:$C,G125)="C",0.5*(2*(INDEX($A:$A,G125-1))+(-(INDEX($A:$A,MAX(5,G125-2)))+(INDEX($A:$A,G125)))*I125+(2*(INDEX($A:$A,MAX(5,G125-2)))-5*(INDEX($A:$A,G125-1))+4*(INDEX($A:$A,G125))-(INDEX($A:$A,MIN(LOOKUP(2,1/((($A$5:$A$120<>"")+($B$5:$B$120<>""))>0),ROW($A$5:$A$120)),G125+1))))*I125^2+(-(INDEX($A:$A,MAX(5,G125-2)))+3*(INDEX($A:$A,G125-1))-3*(INDEX($A:$A,G125))+(INDEX($A:$A,MIN(LOOKUP(2,1/((($A$5:$A$120<>"")+($B$5:$B$120<>""))>0),ROW($A$5:$A$120)),G125+1))))*I125^3),INDEX($A:$A,G125-1)+(INDEX($A:$A,G125)-INDEX($A:$A,G125-1))*I125))	=IF(G125="","",IF(INDEX($C:$C,G125)="C",0.5*(2*(INDEX($B:$B,G125-1))+(-(INDEX($B:$B,MAX(5,G125-2)))+(INDEX($B:$B,G125)))*I125+(2*(INDEX($B:$B,MAX(5,G125-2)))-5*(INDEX($B:$B,G125-1))+4*(INDEX($B:$B,G125))-(INDEX($B:$B,MIN(LOOKUP(2,1/((($A$5:$A$120<>"")+($B$5:$B$120<>""))>0),ROW($A$5:$A$120)),G125+1))))*I125^2+(-(INDEX($B:$B,MAX(5,G125-2)))+3*(INDEX($B:$B,G125-1))-3*(INDEX($B:$B,G125))+(INDEX($B:$B,MIN(LOOKUP(2,1/((($A$5:$A$120<>"")+($B$5:$B$120<>""))>0),ROW($A$5:$A$120)),G125+1))))*I125^3),INDEX($B:$B,G125-1)+(INDEX($B:$B,G125)-INDEX($B:$B,G125-1))*I125))	=IF(J125="","",IF(AND(J124<>"",J126<>""),(J126-J124)/2,IF(J126<>"",J126-J125,IF(J124<>"",J125-J124,""))))	=IF(K125="","",IF(AND(K124<>"",K126<>""),(K126-K124)/2,IF(K126<>"",K126-K125,IF(K124<>"",K125-K124,""))))	=IF(L125="","",MOD(DEGREES(ATAN2(L125,M125)),360))	=IF(N125="","",N125+$S$2)	=IF(O125="","","G1 X"&TEXT(J125,"0.###")&" Y"&TEXT(K125,"0.###")&" Z"&TEXT(O125,"0.###"))					
					=ROW()-5	=IF(OR(F126="",F126<=0,F126>LOOKUP(9.99999999999999E+307,$E$5:$E$120)),"",LOOKUP(F126-1,$E$5:$E$120,ROW($E$5:$E$120))+1)	=IF(G126="","",F126-INDEX($E:$E,G126-1))	=IF(G126="","",H126/INDEX($D:$D,G126))	=IF(G126="","",IF(INDEX($C:$C,G126)="C",0.5*(2*(INDEX($A:$A,G126-1))+(-(INDEX($A:$A,MAX(5,G126-2)))+(INDEX($A:$A,G126)))*I126+(2*(INDEX($A:$A,MAX(5,G126-2)))-5*(INDEX($A:$A,G126-1))+4*(INDEX($A:$A,G126))-(INDEX($A:$A,MIN(LOOKUP(2,1/((($A$5:$A$120<>"")+($B$5:$B$120<>""))>0),ROW($A$5:$A$120)),G126+1))))*I126^2+(-(INDEX($A:$A,MAX(5,G126-2)))+3*(INDEX($A:$A,G126-1))-3*(INDEX($A:$A,G126))+(INDEX($A:$A,MIN(LOOKUP(2,1/((($A$5:$A$120<>"")+($B$5:$B$120<>""))>0),ROW($A$5:$A$120)),G126+1))))*I126^3),INDEX($A:$A,G126-1)+(INDEX($A:$A,G126)-INDEX($A:$A,G126-1))*I126))	=IF(G126="","",IF(INDEX($C:$C,G126)="C",0.5*(2*(INDEX($B:$B,G126-1))+(-(INDEX($B:$B,MAX(5,G126-2)))+(INDEX($B:$B,G126)))*I126+(2*(INDEX($B:$B,MAX(5,G126-2)))-5*(INDEX($B:$B,G126-1))+4*(INDEX($B:$B,G126))-(INDEX($B:$B,MIN(LOOKUP(2,1/((($A$5:$A$120<>"")+($B$5:$B$120<>""))>0),ROW($A$5:$A$120)),G126+1))))*I126^2+(-(INDEX($B:$B,MAX(5,G126-2)))+3*(INDEX($B:$B,G126-1))-3*(INDEX($B:$B,G126))+(INDEX($B:$B,MIN(LOOKUP(2,1/((($A$5:$A$120<>"")+($B$5:$B$120<>""))>0),ROW($A$5:$A$120)),G126+1))))*I126^3),INDEX($B:$B,G126-1)+(INDEX($B:$B,G126)-INDEX($B:$B,G126-1))*I126))	=IF(J126="","",IF(AND(J125<>"",J127<>""),(J127-J125)/2,IF(J127<>"",J127-J126,IF(J125<>"",J126-J125,""))))	=IF(K126="","",IF(AND(K125<>"",K127<>""),(K127-K125)/2,IF(K127<>"",K127-K126,IF(K125<>"",K126-K125,""))))	=IF(L126="","",MOD(DEGREES(ATAN2(L126,M126)),360))	=IF(N126="","",N126+$S$2)	=IF(O126="","","G1 X"&TEXT(J126,"0.###")&" Y"&TEXT(K126,"0.###")&" Z"&TEXT(O126,"0.###"))					
					=ROW()-5	=IF(OR(F127="",F127<=0,F127>LOOKUP(9.99999999999999E+307,$E$5:$E$120)),"",LOOKUP(F127-1,$E$5:$E$120,ROW($E$5:$E$120))+1)	=IF(G127="","",F127-INDEX($E:$E,G127-1))	=IF(G127="","",H127/INDEX($D:$D,G127))	=IF(G127="","",IF(INDEX($C:$C,G127)="C",0.5*(2*(INDEX($A:$A,G127-1))+(-(INDEX($A:$A,MAX(5,G127-2)))+(INDEX($A:$A,G127)))*I127+(2*(INDEX($A:$A,MAX(5,G127-2)))-5*(INDEX($A:$A,G127-1))+4*(INDEX($A:$A,G127))-(INDEX($A:$A,MIN(LOOKUP(2,1/((($A$5:$A$120<>"")+($B$5:$B$120<>""))>0),ROW($A$5:$A$120)),G127+1))))*I127^2+(-(INDEX($A:$A,MAX(5,G127-2)))+3*(INDEX($A:$A,G127-1))-3*(INDEX($A:$A,G127))+(INDEX($A:$A,MIN(LOOKUP(2,1/((($A$5:$A$120<>"")+($B$5:$B$120<>""))>0),ROW($A$5:$A$120)),G127+1))))*I127^3),INDEX($A:$A,G127-1)+(INDEX($A:$A,G127)-INDEX($A:$A,G127-1))*I127))	=IF(G127="","",IF(INDEX($C:$C,G127)="C",0.5*(2*(INDEX($B:$B,G127-1))+(-(INDEX($B:$B,MAX(5,G127-2)))+(INDEX($B:$B,G127)))*I127+(2*(INDEX($B:$B,MAX(5,G127-2)))-5*(INDEX($B:$B,G127-1))+4*(INDEX($B:$B,G127))-(INDEX($B:$B,MIN(LOOKUP(2,1/((($A$5:$A$120<>"")+($B$5:$B$120<>""))>0),ROW($A$5:$A$120)),G127+1))))*I127^2+(-(INDEX($B:$B,MAX(5,G127-2)))+3*(INDEX($B:$B,G127-1))-3*(INDEX($B:$B,G127))+(INDEX($B:$B,MIN(LOOKUP(2,1/((($A$5:$A$120<>"")+($B$5:$B$120<>""))>0),ROW($A$5:$A$120)),G127+1))))*I127^3),INDEX($B:$B,G127-1)+(INDEX($B:$B,G127)-INDEX($B:$B,G127-1))*I127))	=IF(J127="","",IF(AND(J126<>"",J128<>""),(J128-J126)/2,IF(J128<>"",J128-J127,IF(J126<>"",J127-J126,""))))	=IF(K127="","",IF(AND(K126<>"",K128<>""),(K128-K126)/2,IF(K128<>"",K128-K127,IF(K126<>"",K127-K126,""))))	=IF(L127="","",MOD(DEGREES(ATAN2(L127,M127)),360))	=IF(N127="","",N127+$S$2)	=IF(O127="","","G1 X"&TEXT(J127,"0.###")&" Y"&TEXT(K127,"0.###")&" Z"&TEXT(O127,"0.###"))					
					=ROW()-5	=IF(OR(F128="",F128<=0,F128>LOOKUP(9.99999999999999E+307,$E$5:$E$120)),"",LOOKUP(F128-1,$E$5:$E$120,ROW($E$5:$E$120))+1)	=IF(G128="","",F128-INDEX($E:$E,G128-1))	=IF(G128="","",H128/INDEX($D:$D,G128))	=IF(G128="","",IF(INDEX($C:$C,G128)="C",0.5*(2*(INDEX($A:$A,G128-1))+(-(INDEX($A:$A,MAX(5,G128-2)))+(INDEX($A:$A,G128)))*I128+(2*(INDEX($A:$A,MAX(5,G128-2)))-5*(INDEX($A:$A,G128-1))+4*(INDEX($A:$A,G128))-(INDEX($A:$A,MIN(LOOKUP(2,1/((($A$5:$A$120<>"")+($B$5:$B$120<>""))>0),ROW($A$5:$A$120)),G128+1))))*I128^2+(-(INDEX($A:$A,MAX(5,G128-2)))+3*(INDEX($A:$A,G128-1))-3*(INDEX($A:$A,G128))+(INDEX($A:$A,MIN(LOOKUP(2,1/((($A$5:$A$120<>"")+($B$5:$B$120<>""))>0),ROW($A$5:$A$120)),G128+1))))*I128^3),INDEX($A:$A,G128-1)+(INDEX($A:$A,G128)-INDEX($A:$A,G128-1))*I128))	=IF(G128="","",IF(INDEX($C:$C,G128)="C",0.5*(2*(INDEX($B:$B,G128-1))+(-(INDEX($B:$B,MAX(5,G128-2)))+(INDEX($B:$B,G128)))*I128+(2*(INDEX($B:$B,MAX(5,G128-2)))-5*(INDEX($B:$B,G128-1))+4*(INDEX($B:$B,G128))-(INDEX($B:$B,MIN(LOOKUP(2,1/((($A$5:$A$120<>"")+($B$5:$B$120<>""))>0),ROW($A$5:$A$120)),G128+1))))*I128^2+(-(INDEX($B:$B,MAX(5,G128-2)))+3*(INDEX($B:$B,G128-1))-3*(INDEX($B:$B,G128))+(INDEX($B:$B,MIN(LOOKUP(2,1/((($A$5:$A$120<>"")+($B$5:$B$120<>""))>0),ROW($A$5:$A$120)),G128+1))))*I128^3),INDEX($B:$B,G128-1)+(INDEX($B:$B,G128)-INDEX($B:$B,G128-1))*I128))	=IF(J128="","",IF(AND(J127<>"",J129<>""),(J129-J127)/2,IF(J129<>"",J129-J128,IF(J127<>"",J128-J127,""))))	=IF(K128="","",IF(AND(K127<>"",K129<>""),(K129-K127)/2,IF(K129<>"",K129-K128,IF(K127<>"",K128-K127,""))))	=IF(L128="","",MOD(DEGREES(ATAN2(L128,M128)),360))	=IF(N128="","",N128+$S$2)	=IF(O128="","","G1 X"&TEXT(J128,"0.###")&" Y"&TEXT(K128,"0.###")&" Z"&TEXT(O128,"0.###"))					
					=ROW()-5	=IF(OR(F129="",F129<=0,F129>LOOKUP(9.99999999999999E+307,$E$5:$E$120)),"",LOOKUP(F129-1,$E$5:$E$120,ROW($E$5:$E$120))+1)	=IF(G129="","",F129-INDEX($E:$E,G129-1))	=IF(G129="","",H129/INDEX($D:$D,G129))	=IF(G129="","",IF(INDEX($C:$C,G129)="C",0.5*(2*(INDEX($A:$A,G129-1))+(-(INDEX($A:$A,MAX(5,G129-2)))+(INDEX($A:$A,G129)))*I129+(2*(INDEX($A:$A,MAX(5,G129-2)))-5*(INDEX($A:$A,G129-1))+4*(INDEX($A:$A,G129))-(INDEX($A:$A,MIN(LOOKUP(2,1/((($A$5:$A$120<>"")+($B$5:$B$120<>""))>0),ROW($A$5:$A$120)),G129+1))))*I129^2+(-(INDEX($A:$A,MAX(5,G129-2)))+3*(INDEX($A:$A,G129-1))-3*(INDEX($A:$A,G129))+(INDEX($A:$A,MIN(LOOKUP(2,1/((($A$5:$A$120<>"")+($B$5:$B$120<>""))>0),ROW($A$5:$A$120)),G129+1))))*I129^3),INDEX($A:$A,G129-1)+(INDEX($A:$A,G129)-INDEX($A:$A,G129-1))*I129))	=IF(G129="","",IF(INDEX($C:$C,G129)="C",0.5*(2*(INDEX($B:$B,G129-1))+(-(INDEX($B:$B,MAX(5,G129-2)))+(INDEX($B:$B,G129)))*I129+(2*(INDEX($B:$B,MAX(5,G129-2)))-5*(INDEX($B:$B,G129-1))+4*(INDEX($B:$B,G129))-(INDEX($B:$B,MIN(LOOKUP(2,1/((($A$5:$A$120<>"")+($B$5:$B$120<>""))>0),ROW($A$5:$A$120)),G129+1))))*I129^2+(-(INDEX($B:$B,MAX(5,G129-2)))+3*(INDEX($B:$B,G129-1))-3*(INDEX($B:$B,G129))+(INDEX($B:$B,MIN(LOOKUP(2,1/((($A$5:$A$120<>"")+($B$5:$B$120<>""))>0),ROW($A$5:$A$120)),G129+1))))*I129^3),INDEX($B:$B,G129-1)+(INDEX($B:$B,G129)-INDEX($B:$B,G129-1))*I129))	=IF(J129="","",IF(AND(J128<>"",J130<>""),(J130-J128)/2,IF(J130<>"",J130-J129,IF(J128<>"",J129-J128,""))))	=IF(K129="","",IF(AND(K128<>"",K130<>""),(K130-K128)/2,IF(K130<>"",K130-K129,IF(K128<>"",K129-K128,""))))	=IF(L129="","",MOD(DEGREES(ATAN2(L129,M129)),360))	=IF(N129="","",N129+$S$2)	=IF(O129="","","G1 X"&TEXT(J129,"0.###")&" Y"&TEXT(K129,"0.###")&" Z"&TEXT(O129,"0.###"))					
					=ROW()-5	=IF(OR(F130="",F130<=0,F130>LOOKUP(9.99999999999999E+307,$E$5:$E$120)),"",LOOKUP(F130-1,$E$5:$E$120,ROW($E$5:$E$120))+1)	=IF(G130="","",F130-INDEX($E:$E,G130-1))	=IF(G130="","",H130/INDEX($D:$D,G130))	=IF(G130="","",IF(INDEX($C:$C,G130)="C",0.5*(2*(INDEX($A:$A,G130-1))+(-(INDEX($A:$A,MAX(5,G130-2)))+(INDEX($A:$A,G130)))*I130+(2*(INDEX($A:$A,MAX(5,G130-2)))-5*(INDEX($A:$A,G130-1))+4*(INDEX($A:$A,G130))-(INDEX($A:$A,MIN(LOOKUP(2,1/((($A$5:$A$120<>"")+($B$5:$B$120<>""))>0),ROW($A$5:$A$120)),G130+1))))*I130^2+(-(INDEX($A:$A,MAX(5,G130-2)))+3*(INDEX($A:$A,G130-1))-3*(INDEX($A:$A,G130))+(INDEX($A:$A,MIN(LOOKUP(2,1/((($A$5:$A$120<>"")+($B$5:$B$120<>""))>0),ROW($A$5:$A$120)),G130+1))))*I130^3),INDEX($A:$A,G130-1)+(INDEX($A:$A,G130)-INDEX($A:$A,G130-1))*I130))	=IF(G130="","",IF(INDEX($C:$C,G130)="C",0.5*(2*(INDEX($B:$B,G130-1))+(-(INDEX($B:$B,MAX(5,G130-2)))+(INDEX($B:$B,G130)))*I130+(2*(INDEX($B:$B,MAX(5,G130-2)))-5*(INDEX($B:$B,G130-1))+4*(INDEX($B:$B,G130))-(INDEX($B:$B,MIN(LOOKUP(2,1/((($A$5:$A$120<>"")+($B$5:$B$120<>""))>0),ROW($A$5:$A$120)),G130+1))))*I130^2+(-(INDEX($B:$B,MAX(5,G130-2)))+3*(INDEX($B:$B,G130-1))-3*(INDEX($B:$B,G130))+(INDEX($B:$B,MIN(LOOKUP(2,1/((($A$5:$A$120<>"")+($B$5:$B$120<>""))>0),ROW($A$5:$A$120)),G130+1))))*I130^3),INDEX($B:$B,G130-1)+(INDEX($B:$B,G130)-INDEX($B:$B,G130-1))*I130))	=IF(J130="","",IF(AND(J129<>"",J131<>""),(J131-J129)/2,IF(J131<>"",J131-J130,IF(J129<>"",J130-J129,""))))	=IF(K130="","",IF(AND(K129<>"",K131<>""),(K131-K129)/2,IF(K131<>"",K131-K130,IF(K129<>"",K130-K129,""))))	=IF(L130="","",MOD(DEGREES(ATAN2(L130,M130)),360))	=IF(N130="","",N130+$S$2)	=IF(O130="","","G1 X"&TEXT(J130,"0.###")&" Y"&TEXT(K130,"0.###")&" Z"&TEXT(O130,"0.###"))					
					=ROW()-5	=IF(OR(F131="",F131<=0,F131>LOOKUP(9.99999999999999E+307,$E$5:$E$120)),"",LOOKUP(F131-1,$E$5:$E$120,ROW($E$5:$E$120))+1)	=IF(G131="","",F131-INDEX($E:$E,G131-1))	=IF(G131="","",H131/INDEX($D:$D,G131))	=IF(G131="","",IF(INDEX($C:$C,G131)="C",0.5*(2*(INDEX($A:$A,G131-1))+(-(INDEX($A:$A,MAX(5,G131-2)))+(INDEX($A:$A,G131)))*I131+(2*(INDEX($A:$A,MAX(5,G131-2)))-5*(INDEX($A:$A,G131-1))+4*(INDEX($A:$A,G131))-(INDEX($A:$A,MIN(LOOKUP(2,1/((($A$5:$A$120<>"")+($B$5:$B$120<>""))>0),ROW($A$5:$A$120)),G131+1))))*I131^2+(-(INDEX($A:$A,MAX(5,G131-2)))+3*(INDEX($A:$A,G131-1))-3*(INDEX($A:$A,G131))+(INDEX($A:$A,MIN(LOOKUP(2,1/((($A$5:$A$120<>"")+($B$5:$B$120<>""))>0),ROW($A$5:$A$120)),G131+1))))*I131^3),INDEX($A:$A,G131-1)+(INDEX($A:$A,G131)-INDEX($A:$A,G131-1))*I131))	=IF(G131="","",IF(INDEX($C:$C,G131)="C",0.5*(2*(INDEX($B:$B,G131-1))+(-(INDEX($B:$B,MAX(5,G131-2)))+(INDEX($B:$B,G131)))*I131+(2*(INDEX($B:$B,MAX(5,G131-2)))-5*(INDEX($B:$B,G131-1))+4*(INDEX($B:$B,G131))-(INDEX($B:$B,MIN(LOOKUP(2,1/((($A$5:$A$120<>"")+($B$5:$B$120<>""))>0),ROW($A$5:$A$120)),G131+1))))*I131^2+(-(INDEX($B:$B,MAX(5,G131-2)))+3*(INDEX($B:$B,G131-1))-3*(INDEX($B:$B,G131))+(INDEX($B:$B,MIN(LOOKUP(2,1/((($A$5:$A$120<>"")+($B$5:$B$120<>""))>0),ROW($A$5:$A$120)),G131+1))))*I131^3),INDEX($B:$B,G131-1)+(INDEX($B:$B,G131)-INDEX($B:$B,G131-1))*I131))	=IF(J131="","",IF(AND(J130<>"",J132<>""),(J132-J130)/2,IF(J132<>"",J132-J131,IF(J130<>"",J131-J130,""))))	=IF(K131="","",IF(AND(K130<>"",K132<>""),(K132-K130)/2,IF(K132<>"",K132-K131,IF(K130<>"",K131-K130,""))))	=IF(L131="","",MOD(DEGREES(ATAN2(L131,M131)),360))	=IF(N131="","",N131+$S$2)	=IF(O131="","","G1 X"&TEXT(J131,"0.###")&" Y"&TEXT(K131,"0.###")&" Z"&TEXT(O131,"0.###"))					
					=ROW()-5	=IF(OR(F132="",F132<=0,F132>LOOKUP(9.99999999999999E+307,$E$5:$E$120)),"",LOOKUP(F132-1,$E$5:$E$120,ROW($E$5:$E$120))+1)	=IF(G132="","",F132-INDEX($E:$E,G132-1))	=IF(G132="","",H132/INDEX($D:$D,G132))	=IF(G132="","",IF(INDEX($C:$C,G132)="C",0.5*(2*(INDEX($A:$A,G132-1))+(-(INDEX($A:$A,MAX(5,G132-2)))+(INDEX($A:$A,G132)))*I132+(2*(INDEX($A:$A,MAX(5,G132-2)))-5*(INDEX($A:$A,G132-1))+4*(INDEX($A:$A,G132))-(INDEX($A:$A,MIN(LOOKUP(2,1/((($A$5:$A$120<>"")+($B$5:$B$120<>""))>0),ROW($A$5:$A$120)),G132+1))))*I132^2+(-(INDEX($A:$A,MAX(5,G132-2)))+3*(INDEX($A:$A,G132-1))-3*(INDEX($A:$A,G132))+(INDEX($A:$A,MIN(LOOKUP(2,1/((($A$5:$A$120<>"")+($B$5:$B$120<>""))>0),ROW($A$5:$A$120)),G132+1))))*I132^3),INDEX($A:$A,G132-1)+(INDEX($A:$A,G132)-INDEX($A:$A,G132-1))*I132))	=IF(G132="","",IF(INDEX($C:$C,G132)="C",0.5*(2*(INDEX($B:$B,G132-1))+(-(INDEX($B:$B,MAX(5,G132-2)))+(INDEX($B:$B,G132)))*I132+(2*(INDEX($B:$B,MAX(5,G132-2)))-5*(INDEX($B:$B,G132-1))+4*(INDEX($B:$B,G132))-(INDEX($B:$B,MIN(LOOKUP(2,1/((($A$5:$A$120<>"")+($B$5:$B$120<>""))>0),ROW($A$5:$A$120)),G132+1))))*I132^2+(-(INDEX($B:$B,MAX(5,G132-2)))+3*(INDEX($B:$B,G132-1))-3*(INDEX($B:$B,G132))+(INDEX($B:$B,MIN(LOOKUP(2,1/((($A$5:$A$120<>"")+($B$5:$B$120<>""))>0),ROW($A$5:$A$120)),G132+1))))*I132^3),INDEX($B:$B,G132-1)+(INDEX($B:$B,G132)-INDEX($B:$B,G132-1))*I132))	=IF(J132="","",IF(AND(J131<>"",J133<>""),(J133-J131)/2,IF(J133<>"",J133-J132,IF(J131<>"",J132-J131,""))))	=IF(K132="","",IF(AND(K131<>"",K133<>""),(K133-K131)/2,IF(K133<>"",K133-K132,IF(K131<>"",K132-K131,""))))	=IF(L132="","",MOD(DEGREES(ATAN2(L132,M132)),360))	=IF(N132="","",N132+$S$2)	=IF(O132="","","G1 X"&TEXT(J132,"0.###")&" Y"&TEXT(K132,"0.###")&" Z"&TEXT(O132,"0.###"))					
					=ROW()-5	=IF(OR(F133="",F133<=0,F133>LOOKUP(9.99999999999999E+307,$E$5:$E$120)),"",LOOKUP(F133-1,$E$5:$E$120,ROW($E$5:$E$120))+1)	=IF(G133="","",F133-INDEX($E:$E,G133-1))	=IF(G133="","",H133/INDEX($D:$D,G133))	=IF(G133="","",IF(INDEX($C:$C,G133)="C",0.5*(2*(INDEX($A:$A,G133-1))+(-(INDEX($A:$A,MAX(5,G133-2)))+(INDEX($A:$A,G133)))*I133+(2*(INDEX($A:$A,MAX(5,G133-2)))-5*(INDEX($A:$A,G133-1))+4*(INDEX($A:$A,G133))-(INDEX($A:$A,MIN(LOOKUP(2,1/((($A$5:$A$120<>"")+($B$5:$B$120<>""))>0),ROW($A$5:$A$120)),G133+1))))*I133^2+(-(INDEX($A:$A,MAX(5,G133-2)))+3*(INDEX($A:$A,G133-1))-3*(INDEX($A:$A,G133))+(INDEX($A:$A,MIN(LOOKUP(2,1/((($A$5:$A$120<>"")+($B$5:$B$120<>""))>0),ROW($A$5:$A$120)),G133+1))))*I133^3),INDEX($A:$A,G133-1)+(INDEX($A:$A,G133)-INDEX($A:$A,G133-1))*I133))	=IF(G133="","",IF(INDEX($C:$C,G133)="C",0.5*(2*(INDEX($B:$B,G133-1))+(-(INDEX($B:$B,MAX(5,G133-2)))+(INDEX($B:$B,G133)))*I133+(2*(INDEX($B:$B,MAX(5,G133-2)))-5*(INDEX($B:$B,G133-1))+4*(INDEX($B:$B,G133))-(INDEX($B:$B,MIN(LOOKUP(2,1/((($A$5:$A$120<>"")+($B$5:$B$120<>""))>0),ROW($A$5:$A$120)),G133+1))))*I133^2+(-(INDEX($B:$B,MAX(5,G133-2)))+3*(INDEX($B:$B,G133-1))-3*(INDEX($B:$B,G133))+(INDEX($B:$B,MIN(LOOKUP(2,1/((($A$5:$A$120<>"")+($B$5:$B$120<>""))>0),ROW($A$5:$A$120)),G133+1))))*I133^3),INDEX($B:$B,G133-1)+(INDEX($B:$B,G133)-INDEX($B:$B,G133-1))*I133))	=IF(J133="","",IF(AND(J132<>"",J134<>""),(J134-J132)/2,IF(J134<>"",J134-J133,IF(J132<>"",J133-J132,""))))	=IF(K133="","",IF(AND(K132<>"",K134<>""),(K134-K132)/2,IF(K134<>"",K134-K133,IF(K132<>"",K133-K132,""))))	=IF(L133="","",MOD(DEGREES(ATAN2(L133,M133)),360))	=IF(N133="","",N133+$S$2)	=IF(O133="","","G1 X"&TEXT(J133,"0.###")&" Y"&TEXT(K133,"0.###")&" Z"&TEXT(O133,"0.###"))					
					=ROW()-5	=IF(OR(F134="",F134<=0,F134>LOOKUP(9.99999999999999E+307,$E$5:$E$120)),"",LOOKUP(F134-1,$E$5:$E$120,ROW($E$5:$E$120))+1)	=IF(G134="","",F134-INDEX($E:$E,G134-1))	=IF(G134="","",H134/INDEX($D:$D,G134))	=IF(G134="","",IF(INDEX($C:$C,G134)="C",0.5*(2*(INDEX($A:$A,G134-1))+(-(INDEX($A:$A,MAX(5,G134-2)))+(INDEX($A:$A,G134)))*I134+(2*(INDEX($A:$A,MAX(5,G134-2)))-5*(INDEX($A:$A,G134-1))+4*(INDEX($A:$A,G134))-(INDEX($A:$A,MIN(LOOKUP(2,1/((($A$5:$A$120<>"")+($B$5:$B$120<>""))>0),ROW($A$5:$A$120)),G134+1))))*I134^2+(-(INDEX($A:$A,MAX(5,G134-2)))+3*(INDEX($A:$A,G134-1))-3*(INDEX($A:$A,G134))+(INDEX($A:$A,MIN(LOOKUP(2,1/((($A$5:$A$120<>"")+($B$5:$B$120<>""))>0),ROW($A$5:$A$120)),G134+1))))*I134^3),INDEX($A:$A,G134-1)+(INDEX($A:$A,G134)-INDEX($A:$A,G134-1))*I134))	=IF(G134="","",IF(INDEX($C:$C,G134)="C",0.5*(2*(INDEX($B:$B,G134-1))+(-(INDEX($B:$B,MAX(5,G134-2)))+(INDEX($B:$B,G134)))*I134+(2*(INDEX($B:$B,MAX(5,G134-2)))-5*(INDEX($B:$B,G134-1))+4*(INDEX($B:$B,G134))-(INDEX($B:$B,MIN(LOOKUP(2,1/((($A$5:$A$120<>"")+($B$5:$B$120<>""))>0),ROW($A$5:$A$120)),G134+1))))*I134^2+(-(INDEX($B:$B,MAX(5,G134-2)))+3*(INDEX($B:$B,G134-1))-3*(INDEX($B:$B,G134))+(INDEX($B:$B,MIN(LOOKUP(2,1/((($A$5:$A$120<>"")+($B$5:$B$120<>""))>0),ROW($A$5:$A$120)),G134+1))))*I134^3),INDEX($B:$B,G134-1)+(INDEX($B:$B,G134)-INDEX($B:$B,G134-1))*I134))	=IF(J134="","",IF(AND(J133<>"",J135<>""),(J135-J133)/2,IF(J135<>"",J135-J134,IF(J133<>"",J134-J133,""))))	=IF(K134="","",IF(AND(K133<>"",K135<>""),(K135-K133)/2,IF(K135<>"",K135-K134,IF(K133<>"",K134-K133,""))))	=IF(L134="","",MOD(DEGREES(ATAN2(L134,M134)),360))	=IF(N134="","",N134+$S$2)	=IF(O134="","","G1 X"&TEXT(J134,"0.###")&" Y"&TEXT(K134,"0.###")&" Z"&TEXT(O134,"0.###"))					
					=ROW()-5	=IF(OR(F135="",F135<=0,F135>LOOKUP(9.99999999999999E+307,$E$5:$E$120)),"",LOOKUP(F135-1,$E$5:$E$120,ROW($E$5:$E$120))+1)	=IF(G135="","",F135-INDEX($E:$E,G135-1))	=IF(G135="","",H135/INDEX($D:$D,G135))	=IF(G135="","",IF(INDEX($C:$C,G135)="C",0.5*(2*(INDEX($A:$A,G135-1))+(-(INDEX($A:$A,MAX(5,G135-2)))+(INDEX($A:$A,G135)))*I135+(2*(INDEX($A:$A,MAX(5,G135-2)))-5*(INDEX($A:$A,G135-1))+4*(INDEX($A:$A,G135))-(INDEX($A:$A,MIN(LOOKUP(2,1/((($A$5:$A$120<>"")+($B$5:$B$120<>""))>0),ROW($A$5:$A$120)),G135+1))))*I135^2+(-(INDEX($A:$A,MAX(5,G135-2)))+3*(INDEX($A:$A,G135-1))-3*(INDEX($A:$A,G135))+(INDEX($A:$A,MIN(LOOKUP(2,1/((($A$5:$A$120<>"")+($B$5:$B$120<>""))>0),ROW($A$5:$A$120)),G135+1))))*I135^3),INDEX($A:$A,G135-1)+(INDEX($A:$A,G135)-INDEX($A:$A,G135-1))*I135))	=IF(G135="","",IF(INDEX($C:$C,G135)="C",0.5*(2*(INDEX($B:$B,G135-1))+(-(INDEX($B:$B,MAX(5,G135-2)))+(INDEX($B:$B,G135)))*I135+(2*(INDEX($B:$B,MAX(5,G135-2)))-5*(INDEX($B:$B,G135-1))+4*(INDEX($B:$B,G135))-(INDEX($B:$B,MIN(LOOKUP(2,1/((($A$5:$A$120<>"")+($B$5:$B$120<>""))>0),ROW($A$5:$A$120)),G135+1))))*I135^2+(-(INDEX($B:$B,MAX(5,G135-2)))+3*(INDEX($B:$B,G135-1))-3*(INDEX($B:$B,G135))+(INDEX($B:$B,MIN(LOOKUP(2,1/((($A$5:$A$120<>"")+($B$5:$B$120<>""))>0),ROW($A$5:$A$120)),G135+1))))*I135^3),INDEX($B:$B,G135-1)+(INDEX($B:$B,G135)-INDEX($B:$B,G135-1))*I135))	=IF(J135="","",IF(AND(J134<>"",J136<>""),(J136-J134)/2,IF(J136<>"",J136-J135,IF(J134<>"",J135-J134,""))))	=IF(K135="","",IF(AND(K134<>"",K136<>""),(K136-K134)/2,IF(K136<>"",K136-K135,IF(K134<>"",K135-K134,""))))	=IF(L135="","",MOD(DEGREES(ATAN2(L135,M135)),360))	=IF(N135="","",N135+$S$2)	=IF(O135="","","G1 X"&TEXT(J135,"0.###")&" Y"&TEXT(K135,"0.###")&" Z"&TEXT(O135,"0.###"))					
					=ROW()-5	=IF(OR(F136="",F136<=0,F136>LOOKUP(9.99999999999999E+307,$E$5:$E$120)),"",LOOKUP(F136-1,$E$5:$E$120,ROW($E$5:$E$120))+1)	=IF(G136="","",F136-INDEX($E:$E,G136-1))	=IF(G136="","",H136/INDEX($D:$D,G136))	=IF(G136="","",IF(INDEX($C:$C,G136)="C",0.5*(2*(INDEX($A:$A,G136-1))+(-(INDEX($A:$A,MAX(5,G136-2)))+(INDEX($A:$A,G136)))*I136+(2*(INDEX($A:$A,MAX(5,G136-2)))-5*(INDEX($A:$A,G136-1))+4*(INDEX($A:$A,G136))-(INDEX($A:$A,MIN(LOOKUP(2,1/((($A$5:$A$120<>"")+($B$5:$B$120<>""))>0),ROW($A$5:$A$120)),G136+1))))*I136^2+(-(INDEX($A:$A,MAX(5,G136-2)))+3*(INDEX($A:$A,G136-1))-3*(INDEX($A:$A,G136))+(INDEX($A:$A,MIN(LOOKUP(2,1/((($A$5:$A$120<>"")+($B$5:$B$120<>""))>0),ROW($A$5:$A$120)),G136+1))))*I136^3),INDEX($A:$A,G136-1)+(INDEX($A:$A,G136)-INDEX($A:$A,G136-1))*I136))	=IF(G136="","",IF(INDEX($C:$C,G136)="C",0.5*(2*(INDEX($B:$B,G136-1))+(-(INDEX($B:$B,MAX(5,G136-2)))+(INDEX($B:$B,G136)))*I136+(2*(INDEX($B:$B,MAX(5,G136-2)))-5*(INDEX($B:$B,G136-1))+4*(INDEX($B:$B,G136))-(INDEX($B:$B,MIN(LOOKUP(2,1/((($A$5:$A$120<>"")+($B$5:$B$120<>""))>0),ROW($A$5:$A$120)),G136+1))))*I136^2+(-(INDEX($B:$B,MAX(5,G136-2)))+3*(INDEX($B:$B,G136-1))-3*(INDEX($B:$B,G136))+(INDEX($B:$B,MIN(LOOKUP(2,1/((($A$5:$A$120<>"")+($B$5:$B$120<>""))>0),ROW($A$5:$A$120)),G136+1))))*I136^3),INDEX($B:$B,G136-1)+(INDEX($B:$B,G136)-INDEX($B:$B,G136-1))*I136))	=IF(J136="","",IF(AND(J135<>"",J137<>""),(J137-J135)/2,IF(J137<>"",J137-J136,IF(J135<>"",J136-J135,""))))	=IF(K136="","",IF(AND(K135<>"",K137<>""),(K137-K135)/2,IF(K137<>"",K137-K136,IF(K135<>"",K136-K135,""))))	=IF(L136="","",MOD(DEGREES(ATAN2(L136,M136)),360))	=IF(N136="","",N136+$S$2)	=IF(O136="","","G1 X"&TEXT(J136,"0.###")&" Y"&TEXT(K136,"0.###")&" Z"&TEXT(O136,"0.###"))					
					=ROW()-5	=IF(OR(F137="",F137<=0,F137>LOOKUP(9.99999999999999E+307,$E$5:$E$120)),"",LOOKUP(F137-1,$E$5:$E$120,ROW($E$5:$E$120))+1)	=IF(G137="","",F137-INDEX($E:$E,G137-1))	=IF(G137="","",H137/INDEX($D:$D,G137))	=IF(G137="","",IF(INDEX($C:$C,G137)="C",0.5*(2*(INDEX($A:$A,G137-1))+(-(INDEX($A:$A,MAX(5,G137-2)))+(INDEX($A:$A,G137)))*I137+(2*(INDEX($A:$A,MAX(5,G137-2)))-5*(INDEX($A:$A,G137-1))+4*(INDEX($A:$A,G137))-(INDEX($A:$A,MIN(LOOKUP(2,1/((($A$5:$A$120<>"")+($B$5:$B$120<>""))>0),ROW($A$5:$A$120)),G137+1))))*I137^2+(-(INDEX($A:$A,MAX(5,G137-2)))+3*(INDEX($A:$A,G137-1))-3*(INDEX($A:$A,G137))+(INDEX($A:$A,MIN(LOOKUP(2,1/((($A$5:$A$120<>"")+($B$5:$B$120<>""))>0),ROW($A$5:$A$120)),G137+1))))*I137^3),INDEX($A:$A,G137-1)+(INDEX($A:$A,G137)-INDEX($A:$A,G137-1))*I137))	=IF(G137="","",IF(INDEX($C:$C,G137)="C",0.5*(2*(INDEX($B:$B,G137-1))+(-(INDEX($B:$B,MAX(5,G137-2)))+(INDEX($B:$B,G137)))*I137+(2*(INDEX($B:$B,MAX(5,G137-2)))-5*(INDEX($B:$B,G137-1))+4*(INDEX($B:$B,G137))-(INDEX($B:$B,MIN(LOOKUP(2,1/((($A$5:$A$120<>"")+($B$5:$B$120<>""))>0),ROW($A$5:$A$120)),G137+1))))*I137^2+(-(INDEX($B:$B,MAX(5,G137-2)))+3*(INDEX($B:$B,G137-1))-3*(INDEX($B:$B,G137))+(INDEX($B:$B,MIN(LOOKUP(2,1/((($A$5:$A$120<>"")+($B$5:$B$120<>""))>0),ROW($A$5:$A$120)),G137+1))))*I137^3),INDEX($B:$B,G137-1)+(INDEX($B:$B,G137)-INDEX($B:$B,G137-1))*I137))	=IF(J137="","",IF(AND(J136<>"",J138<>""),(J138-J136)/2,IF(J138<>"",J138-J137,IF(J136<>"",J137-J136,""))))	=IF(K137="","",IF(AND(K136<>"",K138<>""),(K138-K136)/2,IF(K138<>"",K138-K137,IF(K136<>"",K137-K136,""))))	=IF(L137="","",MOD(DEGREES(ATAN2(L137,M137)),360))	=IF(N137="","",N137+$S$2)	=IF(O137="","","G1 X"&TEXT(J137,"0.###")&" Y"&TEXT(K137,"0.###")&" Z"&TEXT(O137,"0.###"))					
					=ROW()-5	=IF(OR(F138="",F138<=0,F138>LOOKUP(9.99999999999999E+307,$E$5:$E$120)),"",LOOKUP(F138-1,$E$5:$E$120,ROW($E$5:$E$120))+1)	=IF(G138="","",F138-INDEX($E:$E,G138-1))	=IF(G138="","",H138/INDEX($D:$D,G138))	=IF(G138="","",IF(INDEX($C:$C,G138)="C",0.5*(2*(INDEX($A:$A,G138-1))+(-(INDEX($A:$A,MAX(5,G138-2)))+(INDEX($A:$A,G138)))*I138+(2*(INDEX($A:$A,MAX(5,G138-2)))-5*(INDEX($A:$A,G138-1))+4*(INDEX($A:$A,G138))-(INDEX($A:$A,MIN(LOOKUP(2,1/((($A$5:$A$120<>"")+($B$5:$B$120<>""))>0),ROW($A$5:$A$120)),G138+1))))*I138^2+(-(INDEX($A:$A,MAX(5,G138-2)))+3*(INDEX($A:$A,G138-1))-3*(INDEX($A:$A,G138))+(INDEX($A:$A,MIN(LOOKUP(2,1/((($A$5:$A$120<>"")+($B$5:$B$120<>""))>0),ROW($A$5:$A$120)),G138+1))))*I138^3),INDEX($A:$A,G138-1)+(INDEX($A:$A,G138)-INDEX($A:$A,G138-1))*I138))	=IF(G138="","",IF(INDEX($C:$C,G138)="C",0.5*(2*(INDEX($B:$B,G138-1))+(-(INDEX($B:$B,MAX(5,G138-2)))+(INDEX($B:$B,G138)))*I138+(2*(INDEX($B:$B,MAX(5,G138-2)))-5*(INDEX($B:$B,G138-1))+4*(INDEX($B:$B,G138))-(INDEX($B:$B,MIN(LOOKUP(2,1/((($A$5:$A$120<>"")+($B$5:$B$120<>""))>0),ROW($A$5:$A$120)),G138+1))))*I138^2+(-(INDEX($B:$B,MAX(5,G138-2)))+3*(INDEX($B:$B,G138-1))-3*(INDEX($B:$B,G138))+(INDEX($B:$B,MIN(LOOKUP(2,1/((($A$5:$A$120<>"")+($B$5:$B$120<>""))>0),ROW($A$5:$A$120)),G138+1))))*I138^3),INDEX($B:$B,G138-1)+(INDEX($B:$B,G138)-INDEX($B:$B,G138-1))*I138))	=IF(J138="","",IF(AND(J137<>"",J139<>""),(J139-J137)/2,IF(J139<>"",J139-J138,IF(J137<>"",J138-J137,""))))	=IF(K138="","",IF(AND(K137<>"",K139<>""),(K139-K137)/2,IF(K139<>"",K139-K138,IF(K137<>"",K138-K137,""))))	=IF(L138="","",MOD(DEGREES(ATAN2(L138,M138)),360))	=IF(N138="","",N138+$S$2)	=IF(O138="","","G1 X"&TEXT(J138,"0.###")&" Y"&TEXT(K138,"0.###")&" Z"&TEXT(O138,"0.###"))					
					=ROW()-5	=IF(OR(F139="",F139<=0,F139>LOOKUP(9.99999999999999E+307,$E$5:$E$120)),"",LOOKUP(F139-1,$E$5:$E$120,ROW($E$5:$E$120))+1)	=IF(G139="","",F139-INDEX($E:$E,G139-1))	=IF(G139="","",H139/INDEX($D:$D,G139))	=IF(G139="","",IF(INDEX($C:$C,G139)="C",0.5*(2*(INDEX($A:$A,G139-1))+(-(INDEX($A:$A,MAX(5,G139-2)))+(INDEX($A:$A,G139)))*I139+(2*(INDEX($A:$A,MAX(5,G139-2)))-5*(INDEX($A:$A,G139-1))+4*(INDEX($A:$A,G139))-(INDEX($A:$A,MIN(LOOKUP(2,1/((($A$5:$A$120<>"")+($B$5:$B$120<>""))>0),ROW($A$5:$A$120)),G139+1))))*I139^2+(-(INDEX($A:$A,MAX(5,G139-2)))+3*(INDEX($A:$A,G139-1))-3*(INDEX($A:$A,G139))+(INDEX($A:$A,MIN(LOOKUP(2,1/((($A$5:$A$120<>"")+($B$5:$B$120<>""))>0),ROW($A$5:$A$120)),G139+1))))*I139^3),INDEX($A:$A,G139-1)+(INDEX($A:$A,G139)-INDEX($A:$A,G139-1))*I139))	=IF(G139="","",IF(INDEX($C:$C,G139)="C",0.5*(2*(INDEX($B:$B,G139-1))+(-(INDEX($B:$B,MAX(5,G139-2)))+(INDEX($B:$B,G139)))*I139+(2*(INDEX($B:$B,MAX(5,G139-2)))-5*(INDEX($B:$B,G139-1))+4*(INDEX($B:$B,G139))-(INDEX($B:$B,MIN(LOOKUP(2,1/((($A$5:$A$120<>"")+($B$5:$B$120<>""))>0),ROW($A$5:$A$120)),G139+1))))*I139^2+(-(INDEX($B:$B,MAX(5,G139-2)))+3*(INDEX($B:$B,G139-1))-3*(INDEX($B:$B,G139))+(INDEX($B:$B,MIN(LOOKUP(2,1/((($A$5:$A$120<>"")+($B$5:$B$120<>""))>0),ROW($A$5:$A$120)),G139+1))))*I139^3),INDEX($B:$B,G139-1)+(INDEX($B:$B,G139)-INDEX($B:$B,G139-1))*I139))	=IF(J139="","",IF(AND(J138<>"",J140<>""),(J140-J138)/2,IF(J140<>"",J140-J139,IF(J138<>"",J139-J138,""))))	=IF(K139="","",IF(AND(K138<>"",K140<>""),(K140-K138)/2,IF(K140<>"",K140-K139,IF(K138<>"",K139-K138,""))))	=IF(L139="","",MOD(DEGREES(ATAN2(L139,M139)),360))	=IF(N139="","",N139+$S$2)	=IF(O139="","","G1 X"&TEXT(J139,"0.###")&" Y"&TEXT(K139,"0.###")&" Z"&TEXT(O139,"0.###"))					
					=ROW()-5	=IF(OR(F140="",F140<=0,F140>LOOKUP(9.99999999999999E+307,$E$5:$E$120)),"",LOOKUP(F140-1,$E$5:$E$120,ROW($E$5:$E$120))+1)	=IF(G140="","",F140-INDEX($E:$E,G140-1))	=IF(G140="","",H140/INDEX($D:$D,G140))	=IF(G140="","",IF(INDEX($C:$C,G140)="C",0.5*(2*(INDEX($A:$A,G140-1))+(-(INDEX($A:$A,MAX(5,G140-2)))+(INDEX($A:$A,G140)))*I140+(2*(INDEX($A:$A,MAX(5,G140-2)))-5*(INDEX($A:$A,G140-1))+4*(INDEX($A:$A,G140))-(INDEX($A:$A,MIN(LOOKUP(2,1/((($A$5:$A$120<>"")+($B$5:$B$120<>""))>0),ROW($A$5:$A$120)),G140+1))))*I140^2+(-(INDEX($A:$A,MAX(5,G140-2)))+3*(INDEX($A:$A,G140-1))-3*(INDEX($A:$A,G140))+(INDEX($A:$A,MIN(LOOKUP(2,1/((($A$5:$A$120<>"")+($B$5:$B$120<>""))>0),ROW($A$5:$A$120)),G140+1))))*I140^3),INDEX($A:$A,G140-1)+(INDEX($A:$A,G140)-INDEX($A:$A,G140-1))*I140))	=IF(G140="","",IF(INDEX($C:$C,G140)="C",0.5*(2*(INDEX($B:$B,G140-1))+(-(INDEX($B:$B,MAX(5,G140-2)))+(INDEX($B:$B,G140)))*I140+(2*(INDEX($B:$B,MAX(5,G140-2)))-5*(INDEX($B:$B,G140-1))+4*(INDEX($B:$B,G140))-(INDEX($B:$B,MIN(LOOKUP(2,1/((($A$5:$A$120<>"")+($B$5:$B$120<>""))>0),ROW($A$5:$A$120)),G140+1))))*I140^2+(-(INDEX($B:$B,MAX(5,G140-2)))+3*(INDEX($B:$B,G140-1))-3*(INDEX($B:$B,G140))+(INDEX($B:$B,MIN(LOOKUP(2,1/((($A$5:$A$120<>"")+($B$5:$B$120<>""))>0),ROW($A$5:$A$120)),G140+1))))*I140^3),INDEX($B:$B,G140-1)+(INDEX($B:$B,G140)-INDEX($B:$B,G140-1))*I140))	=IF(J140="","",IF(AND(J139<>"",J141<>""),(J141-J139)/2,IF(J141<>"",J141-J140,IF(J139<>"",J140-J139,""))))	=IF(K140="","",IF(AND(K139<>"",K141<>""),(K141-K139)/2,IF(K141<>"",K141-K140,IF(K139<>"",K140-K139,""))))	=IF(L140="","",MOD(DEGREES(ATAN2(L140,M140)),360))	=IF(N140="","",N140+$S$2)	=IF(O140="","","G1 X"&TEXT(J140,"0.###")&" Y"&TEXT(K140,"0.###")&" Z"&TEXT(O140,"0.###"))					
					=ROW()-5	=IF(OR(F141="",F141<=0,F141>LOOKUP(9.99999999999999E+307,$E$5:$E$120)),"",LOOKUP(F141-1,$E$5:$E$120,ROW($E$5:$E$120))+1)	=IF(G141="","",F141-INDEX($E:$E,G141-1))	=IF(G141="","",H141/INDEX($D:$D,G141))	=IF(G141="","",IF(INDEX($C:$C,G141)="C",0.5*(2*(INDEX($A:$A,G141-1))+(-(INDEX($A:$A,MAX(5,G141-2)))+(INDEX($A:$A,G141)))*I141+(2*(INDEX($A:$A,MAX(5,G141-2)))-5*(INDEX($A:$A,G141-1))+4*(INDEX($A:$A,G141))-(INDEX($A:$A,MIN(LOOKUP(2,1/((($A$5:$A$120<>"")+($B$5:$B$120<>""))>0),ROW($A$5:$A$120)),G141+1))))*I141^2+(-(INDEX($A:$A,MAX(5,G141-2)))+3*(INDEX($A:$A,G141-1))-3*(INDEX($A:$A,G141))+(INDEX($A:$A,MIN(LOOKUP(2,1/((($A$5:$A$120<>"")+($B$5:$B$120<>""))>0),ROW($A$5:$A$120)),G141+1))))*I141^3),INDEX($A:$A,G141-1)+(INDEX($A:$A,G141)-INDEX($A:$A,G141-1))*I141))	=IF(G141="","",IF(INDEX($C:$C,G141)="C",0.5*(2*(INDEX($B:$B,G141-1))+(-(INDEX($B:$B,MAX(5,G141-2)))+(INDEX($B:$B,G141)))*I141+(2*(INDEX($B:$B,MAX(5,G141-2)))-5*(INDEX($B:$B,G141-1))+4*(INDEX($B:$B,G141))-(INDEX($B:$B,MIN(LOOKUP(2,1/((($A$5:$A$120<>"")+($B$5:$B$120<>""))>0),ROW($A$5:$A$120)),G141+1))))*I141^2+(-(INDEX($B:$B,MAX(5,G141-2)))+3*(INDEX($B:$B,G141-1))-3*(INDEX($B:$B,G141))+(INDEX($B:$B,MIN(LOOKUP(2,1/((($A$5:$A$120<>"")+($B$5:$B$120<>""))>0),ROW($A$5:$A$120)),G141+1))))*I141^3),INDEX($B:$B,G141-1)+(INDEX($B:$B,G141)-INDEX($B:$B,G141-1))*I141))	=IF(J141="","",IF(AND(J140<>"",J142<>""),(J142-J140)/2,IF(J142<>"",J142-J141,IF(J140<>"",J141-J140,""))))	=IF(K141="","",IF(AND(K140<>"",K142<>""),(K142-K140)/2,IF(K142<>"",K142-K141,IF(K140<>"",K141-K140,""))))	=IF(L141="","",MOD(DEGREES(ATAN2(L141,M141)),360))	=IF(N141="","",N141+$S$2)	=IF(O141="","","G1 X"&TEXT(J141,"0.###")&" Y"&TEXT(K141,"0.###")&" Z"&TEXT(O141,"0.###"))					
					=ROW()-5	=IF(OR(F142="",F142<=0,F142>LOOKUP(9.99999999999999E+307,$E$5:$E$120)),"",LOOKUP(F142-1,$E$5:$E$120,ROW($E$5:$E$120))+1)	=IF(G142="","",F142-INDEX($E:$E,G142-1))	=IF(G142="","",H142/INDEX($D:$D,G142))	=IF(G142="","",IF(INDEX($C:$C,G142)="C",0.5*(2*(INDEX($A:$A,G142-1))+(-(INDEX($A:$A,MAX(5,G142-2)))+(INDEX($A:$A,G142)))*I142+(2*(INDEX($A:$A,MAX(5,G142-2)))-5*(INDEX($A:$A,G142-1))+4*(INDEX($A:$A,G142))-(INDEX($A:$A,MIN(LOOKUP(2,1/((($A$5:$A$120<>"")+($B$5:$B$120<>""))>0),ROW($A$5:$A$120)),G142+1))))*I142^2+(-(INDEX($A:$A,MAX(5,G142-2)))+3*(INDEX($A:$A,G142-1))-3*(INDEX($A:$A,G142))+(INDEX($A:$A,MIN(LOOKUP(2,1/((($A$5:$A$120<>"")+($B$5:$B$120<>""))>0),ROW($A$5:$A$120)),G142+1))))*I142^3),INDEX($A:$A,G142-1)+(INDEX($A:$A,G142)-INDEX($A:$A,G142-1))*I142))	=IF(G142="","",IF(INDEX($C:$C,G142)="C",0.5*(2*(INDEX($B:$B,G142-1))+(-(INDEX($B:$B,MAX(5,G142-2)))+(INDEX($B:$B,G142)))*I142+(2*(INDEX($B:$B,MAX(5,G142-2)))-5*(INDEX($B:$B,G142-1))+4*(INDEX($B:$B,G142))-(INDEX($B:$B,MIN(LOOKUP(2,1/((($A$5:$A$120<>"")+($B$5:$B$120<>""))>0),ROW($A$5:$A$120)),G142+1))))*I142^2+(-(INDEX($B:$B,MAX(5,G142-2)))+3*(INDEX($B:$B,G142-1))-3*(INDEX($B:$B,G142))+(INDEX($B:$B,MIN(LOOKUP(2,1/((($A$5:$A$120<>"")+($B$5:$B$120<>""))>0),ROW($A$5:$A$120)),G142+1))))*I142^3),INDEX($B:$B,G142-1)+(INDEX($B:$B,G142)-INDEX($B:$B,G142-1))*I142))	=IF(J142="","",IF(AND(J141<>"",J143<>""),(J143-J141)/2,IF(J143<>"",J143-J142,IF(J141<>"",J142-J141,""))))	=IF(K142="","",IF(AND(K141<>"",K143<>""),(K143-K141)/2,IF(K143<>"",K143-K142,IF(K141<>"",K142-K141,""))))	=IF(L142="","",MOD(DEGREES(ATAN2(L142,M142)),360))	=IF(N142="","",N142+$S$2)	=IF(O142="","","G1 X"&TEXT(J142,"0.###")&" Y"&TEXT(K142,"0.###")&" Z"&TEXT(O142,"0.###"))					
					=ROW()-5	=IF(OR(F143="",F143<=0,F143>LOOKUP(9.99999999999999E+307,$E$5:$E$120)),"",LOOKUP(F143-1,$E$5:$E$120,ROW($E$5:$E$120))+1)	=IF(G143="","",F143-INDEX($E:$E,G143-1))	=IF(G143="","",H143/INDEX($D:$D,G143))	=IF(G143="","",IF(INDEX($C:$C,G143)="C",0.5*(2*(INDEX($A:$A,G143-1))+(-(INDEX($A:$A,MAX(5,G143-2)))+(INDEX($A:$A,G143)))*I143+(2*(INDEX($A:$A,MAX(5,G143-2)))-5*(INDEX($A:$A,G143-1))+4*(INDEX($A:$A,G143))-(INDEX($A:$A,MIN(LOOKUP(2,1/((($A$5:$A$120<>"")+($B$5:$B$120<>""))>0),ROW($A$5:$A$120)),G143+1))))*I143^2+(-(INDEX($A:$A,MAX(5,G143-2)))+3*(INDEX($A:$A,G143-1))-3*(INDEX($A:$A,G143))+(INDEX($A:$A,MIN(LOOKUP(2,1/((($A$5:$A$120<>"")+($B$5:$B$120<>""))>0),ROW($A$5:$A$120)),G143+1))))*I143^3),INDEX($A:$A,G143-1)+(INDEX($A:$A,G143)-INDEX($A:$A,G143-1))*I143))	=IF(G143="","",IF(INDEX($C:$C,G143)="C",0.5*(2*(INDEX($B:$B,G143-1))+(-(INDEX($B:$B,MAX(5,G143-2)))+(INDEX($B:$B,G143)))*I143+(2*(INDEX($B:$B,MAX(5,G143-2)))-5*(INDEX($B:$B,G143-1))+4*(INDEX($B:$B,G143))-(INDEX($B:$B,MIN(LOOKUP(2,1/((($A$5:$A$120<>"")+($B$5:$B$120<>""))>0),ROW($A$5:$A$120)),G143+1))))*I143^2+(-(INDEX($B:$B,MAX(5,G143-2)))+3*(INDEX($B:$B,G143-1))-3*(INDEX($B:$B,G143))+(INDEX($B:$B,MIN(LOOKUP(2,1/((($A$5:$A$120<>"")+($B$5:$B$120<>""))>0),ROW($A$5:$A$120)),G143+1))))*I143^3),INDEX($B:$B,G143-1)+(INDEX($B:$B,G143)-INDEX($B:$B,G143-1))*I143))	=IF(J143="","",IF(AND(J142<>"",J144<>""),(J144-J142)/2,IF(J144<>"",J144-J143,IF(J142<>"",J143-J142,""))))	=IF(K143="","",IF(AND(K142<>"",K144<>""),(K144-K142)/2,IF(K144<>"",K144-K143,IF(K142<>"",K143-K142,""))))	=IF(L143="","",MOD(DEGREES(ATAN2(L143,M143)),360))	=IF(N143="","",N143+$S$2)	=IF(O143="","","G1 X"&TEXT(J143,"0.###")&" Y"&TEXT(K143,"0.###")&" Z"&TEXT(O143,"0.###"))					
					=ROW()-5	=IF(OR(F144="",F144<=0,F144>LOOKUP(9.99999999999999E+307,$E$5:$E$120)),"",LOOKUP(F144-1,$E$5:$E$120,ROW($E$5:$E$120))+1)	=IF(G144="","",F144-INDEX($E:$E,G144-1))	=IF(G144="","",H144/INDEX($D:$D,G144))	=IF(G144="","",IF(INDEX($C:$C,G144)="C",0.5*(2*(INDEX($A:$A,G144-1))+(-(INDEX($A:$A,MAX(5,G144-2)))+(INDEX($A:$A,G144)))*I144+(2*(INDEX($A:$A,MAX(5,G144-2)))-5*(INDEX($A:$A,G144-1))+4*(INDEX($A:$A,G144))-(INDEX($A:$A,MIN(LOOKUP(2,1/((($A$5:$A$120<>"")+($B$5:$B$120<>""))>0),ROW($A$5:$A$120)),G144+1))))*I144^2+(-(INDEX($A:$A,MAX(5,G144-2)))+3*(INDEX($A:$A,G144-1))-3*(INDEX($A:$A,G144))+(INDEX($A:$A,MIN(LOOKUP(2,1/((($A$5:$A$120<>"")+($B$5:$B$120<>""))>0),ROW($A$5:$A$120)),G144+1))))*I144^3),INDEX($A:$A,G144-1)+(INDEX($A:$A,G144)-INDEX($A:$A,G144-1))*I144))	=IF(G144="","",IF(INDEX($C:$C,G144)="C",0.5*(2*(INDEX($B:$B,G144-1))+(-(INDEX($B:$B,MAX(5,G144-2)))+(INDEX($B:$B,G144)))*I144+(2*(INDEX($B:$B,MAX(5,G144-2)))-5*(INDEX($B:$B,G144-1))+4*(INDEX($B:$B,G144))-(INDEX($B:$B,MIN(LOOKUP(2,1/((($A$5:$A$120<>"")+($B$5:$B$120<>""))>0),ROW($A$5:$A$120)),G144+1))))*I144^2+(-(INDEX($B:$B,MAX(5,G144-2)))+3*(INDEX($B:$B,G144-1))-3*(INDEX($B:$B,G144))+(INDEX($B:$B,MIN(LOOKUP(2,1/((($A$5:$A$120<>"")+($B$5:$B$120<>""))>0),ROW($A$5:$A$120)),G144+1))))*I144^3),INDEX($B:$B,G144-1)+(INDEX($B:$B,G144)-INDEX($B:$B,G144-1))*I144))	=IF(J144="","",IF(AND(J143<>"",J145<>""),(J145-J143)/2,IF(J145<>"",J145-J144,IF(J143<>"",J144-J143,""))))	=IF(K144="","",IF(AND(K143<>"",K145<>""),(K145-K143)/2,IF(K145<>"",K145-K144,IF(K143<>"",K144-K143,""))))	=IF(L144="","",MOD(DEGREES(ATAN2(L144,M144)),360))	=IF(N144="","",N144+$S$2)	=IF(O144="","","G1 X"&TEXT(J144,"0.###")&" Y"&TEXT(K144,"0.###")&" Z"&TEXT(O144,"0.###"))					
					=ROW()-5	=IF(OR(F145="",F145<=0,F145>LOOKUP(9.99999999999999E+307,$E$5:$E$120)),"",LOOKUP(F145-1,$E$5:$E$120,ROW($E$5:$E$120))+1)	=IF(G145="","",F145-INDEX($E:$E,G145-1))	=IF(G145="","",H145/INDEX($D:$D,G145))	=IF(G145="","",IF(INDEX($C:$C,G145)="C",0.5*(2*(INDEX($A:$A,G145-1))+(-(INDEX($A:$A,MAX(5,G145-2)))+(INDEX($A:$A,G145)))*I145+(2*(INDEX($A:$A,MAX(5,G145-2)))-5*(INDEX($A:$A,G145-1))+4*(INDEX($A:$A,G145))-(INDEX($A:$A,MIN(LOOKUP(2,1/((($A$5:$A$120<>"")+($B$5:$B$120<>""))>0),ROW($A$5:$A$120)),G145+1))))*I145^2+(-(INDEX($A:$A,MAX(5,G145-2)))+3*(INDEX($A:$A,G145-1))-3*(INDEX($A:$A,G145))+(INDEX($A:$A,MIN(LOOKUP(2,1/((($A$5:$A$120<>"")+($B$5:$B$120<>""))>0),ROW($A$5:$A$120)),G145+1))))*I145^3),INDEX($A:$A,G145-1)+(INDEX($A:$A,G145)-INDEX($A:$A,G145-1))*I145))	=IF(G145="","",IF(INDEX($C:$C,G145)="C",0.5*(2*(INDEX($B:$B,G145-1))+(-(INDEX($B:$B,MAX(5,G145-2)))+(INDEX($B:$B,G145)))*I145+(2*(INDEX($B:$B,MAX(5,G145-2)))-5*(INDEX($B:$B,G145-1))+4*(INDEX($B:$B,G145))-(INDEX($B:$B,MIN(LOOKUP(2,1/((($A$5:$A$120<>"")+($B$5:$B$120<>""))>0),ROW($A$5:$A$120)),G145+1))))*I145^2+(-(INDEX($B:$B,MAX(5,G145-2)))+3*(INDEX($B:$B,G145-1))-3*(INDEX($B:$B,G145))+(INDEX($B:$B,MIN(LOOKUP(2,1/((($A$5:$A$120<>"")+($B$5:$B$120<>""))>0),ROW($A$5:$A$120)),G145+1))))*I145^3),INDEX($B:$B,G145-1)+(INDEX($B:$B,G145)-INDEX($B:$B,G145-1))*I145))	=IF(J145="","",IF(AND(J144<>"",J146<>""),(J146-J144)/2,IF(J146<>"",J146-J145,IF(J144<>"",J145-J144,""))))	=IF(K145="","",IF(AND(K144<>"",K146<>""),(K146-K144)/2,IF(K146<>"",K146-K145,IF(K144<>"",K145-K144,""))))	=IF(L145="","",MOD(DEGREES(ATAN2(L145,M145)),360))	=IF(N145="","",N145+$S$2)	=IF(O145="","","G1 X"&TEXT(J145,"0.###")&" Y"&TEXT(K145,"0.###")&" Z"&TEXT(O145,"0.###"))					
					=ROW()-5	=IF(OR(F146="",F146<=0,F146>LOOKUP(9.99999999999999E+307,$E$5:$E$120)),"",LOOKUP(F146-1,$E$5:$E$120,ROW($E$5:$E$120))+1)	=IF(G146="","",F146-INDEX($E:$E,G146-1))	=IF(G146="","",H146/INDEX($D:$D,G146))	=IF(G146="","",IF(INDEX($C:$C,G146)="C",0.5*(2*(INDEX($A:$A,G146-1))+(-(INDEX($A:$A,MAX(5,G146-2)))+(INDEX($A:$A,G146)))*I146+(2*(INDEX($A:$A,MAX(5,G146-2)))-5*(INDEX($A:$A,G146-1))+4*(INDEX($A:$A,G146))-(INDEX($A:$A,MIN(LOOKUP(2,1/((($A$5:$A$120<>"")+($B$5:$B$120<>""))>0),ROW($A$5:$A$120)),G146+1))))*I146^2+(-(INDEX($A:$A,MAX(5,G146-2)))+3*(INDEX($A:$A,G146-1))-3*(INDEX($A:$A,G146))+(INDEX($A:$A,MIN(LOOKUP(2,1/((($A$5:$A$120<>"")+($B$5:$B$120<>""))>0),ROW($A$5:$A$120)),G146+1))))*I146^3),INDEX($A:$A,G146-1)+(INDEX($A:$A,G146)-INDEX($A:$A,G146-1))*I146))	=IF(G146="","",IF(INDEX($C:$C,G146)="C",0.5*(2*(INDEX($B:$B,G146-1))+(-(INDEX($B:$B,MAX(5,G146-2)))+(INDEX($B:$B,G146)))*I146+(2*(INDEX($B:$B,MAX(5,G146-2)))-5*(INDEX($B:$B,G146-1))+4*(INDEX($B:$B,G146))-(INDEX($B:$B,MIN(LOOKUP(2,1/((($A$5:$A$120<>"")+($B$5:$B$120<>""))>0),ROW($A$5:$A$120)),G146+1))))*I146^2+(-(INDEX($B:$B,MAX(5,G146-2)))+3*(INDEX($B:$B,G146-1))-3*(INDEX($B:$B,G146))+(INDEX($B:$B,MIN(LOOKUP(2,1/((($A$5:$A$120<>"")+($B$5:$B$120<>""))>0),ROW($A$5:$A$120)),G146+1))))*I146^3),INDEX($B:$B,G146-1)+(INDEX($B:$B,G146)-INDEX($B:$B,G146-1))*I146))	=IF(J146="","",IF(AND(J145<>"",J147<>""),(J147-J145)/2,IF(J147<>"",J147-J146,IF(J145<>"",J146-J145,""))))	=IF(K146="","",IF(AND(K145<>"",K147<>""),(K147-K145)/2,IF(K147<>"",K147-K146,IF(K145<>"",K146-K145,""))))	=IF(L146="","",MOD(DEGREES(ATAN2(L146,M146)),360))	=IF(N146="","",N146+$S$2)	=IF(O146="","","G1 X"&TEXT(J146,"0.###")&" Y"&TEXT(K146,"0.###")&" Z"&TEXT(O146,"0.###"))					
					=ROW()-5	=IF(OR(F147="",F147<=0,F147>LOOKUP(9.99999999999999E+307,$E$5:$E$120)),"",LOOKUP(F147-1,$E$5:$E$120,ROW($E$5:$E$120))+1)	=IF(G147="","",F147-INDEX($E:$E,G147-1))	=IF(G147="","",H147/INDEX($D:$D,G147))	=IF(G147="","",IF(INDEX($C:$C,G147)="C",0.5*(2*(INDEX($A:$A,G147-1))+(-(INDEX($A:$A,MAX(5,G147-2)))+(INDEX($A:$A,G147)))*I147+(2*(INDEX($A:$A,MAX(5,G147-2)))-5*(INDEX($A:$A,G147-1))+4*(INDEX($A:$A,G147))-(INDEX($A:$A,MIN(LOOKUP(2,1/((($A$5:$A$120<>"")+($B$5:$B$120<>""))>0),ROW($A$5:$A$120)),G147+1))))*I147^2+(-(INDEX($A:$A,MAX(5,G147-2)))+3*(INDEX($A:$A,G147-1))-3*(INDEX($A:$A,G147))+(INDEX($A:$A,MIN(LOOKUP(2,1/((($A$5:$A$120<>"")+($B$5:$B$120<>""))>0),ROW($A$5:$A$120)),G147+1))))*I147^3),INDEX($A:$A,G147-1)+(INDEX($A:$A,G147)-INDEX($A:$A,G147-1))*I147))	=IF(G147="","",IF(INDEX($C:$C,G147)="C",0.5*(2*(INDEX($B:$B,G147-1))+(-(INDEX($B:$B,MAX(5,G147-2)))+(INDEX($B:$B,G147)))*I147+(2*(INDEX($B:$B,MAX(5,G147-2)))-5*(INDEX($B:$B,G147-1))+4*(INDEX($B:$B,G147))-(INDEX($B:$B,MIN(LOOKUP(2,1/((($A$5:$A$120<>"")+($B$5:$B$120<>""))>0),ROW($A$5:$A$120)),G147+1))))*I147^2+(-(INDEX($B:$B,MAX(5,G147-2)))+3*(INDEX($B:$B,G147-1))-3*(INDEX($B:$B,G147))+(INDEX($B:$B,MIN(LOOKUP(2,1/((($A$5:$A$120<>"")+($B$5:$B$120<>""))>0),ROW($A$5:$A$120)),G147+1))))*I147^3),INDEX($B:$B,G147-1)+(INDEX($B:$B,G147)-INDEX($B:$B,G147-1))*I147))	=IF(J147="","",IF(AND(J146<>"",J148<>""),(J148-J146)/2,IF(J148<>"",J148-J147,IF(J146<>"",J147-J146,""))))	=IF(K147="","",IF(AND(K146<>"",K148<>""),(K148-K146)/2,IF(K148<>"",K148-K147,IF(K146<>"",K147-K146,""))))	=IF(L147="","",MOD(DEGREES(ATAN2(L147,M147)),360))	=IF(N147="","",N147+$S$2)	=IF(O147="","","G1 X"&TEXT(J147,"0.###")&" Y"&TEXT(K147,"0.###")&" Z"&TEXT(O147,"0.###"))					
					=ROW()-5	=IF(OR(F148="",F148<=0,F148>LOOKUP(9.99999999999999E+307,$E$5:$E$120)),"",LOOKUP(F148-1,$E$5:$E$120,ROW($E$5:$E$120))+1)	=IF(G148="","",F148-INDEX($E:$E,G148-1))	=IF(G148="","",H148/INDEX($D:$D,G148))	=IF(G148="","",IF(INDEX($C:$C,G148)="C",0.5*(2*(INDEX($A:$A,G148-1))+(-(INDEX($A:$A,MAX(5,G148-2)))+(INDEX($A:$A,G148)))*I148+(2*(INDEX($A:$A,MAX(5,G148-2)))-5*(INDEX($A:$A,G148-1))+4*(INDEX($A:$A,G148))-(INDEX($A:$A,MIN(LOOKUP(2,1/((($A$5:$A$120<>"")+($B$5:$B$120<>""))>0),ROW($A$5:$A$120)),G148+1))))*I148^2+(-(INDEX($A:$A,MAX(5,G148-2)))+3*(INDEX($A:$A,G148-1))-3*(INDEX($A:$A,G148))+(INDEX($A:$A,MIN(LOOKUP(2,1/((($A$5:$A$120<>"")+($B$5:$B$120<>""))>0),ROW($A$5:$A$120)),G148+1))))*I148^3),INDEX($A:$A,G148-1)+(INDEX($A:$A,G148)-INDEX($A:$A,G148-1))*I148))	=IF(G148="","",IF(INDEX($C:$C,G148)="C",0.5*(2*(INDEX($B:$B,G148-1))+(-(INDEX($B:$B,MAX(5,G148-2)))+(INDEX($B:$B,G148)))*I148+(2*(INDEX($B:$B,MAX(5,G148-2)))-5*(INDEX($B:$B,G148-1))+4*(INDEX($B:$B,G148))-(INDEX($B:$B,MIN(LOOKUP(2,1/((($A$5:$A$120<>"")+($B$5:$B$120<>""))>0),ROW($A$5:$A$120)),G148+1))))*I148^2+(-(INDEX($B:$B,MAX(5,G148-2)))+3*(INDEX($B:$B,G148-1))-3*(INDEX($B:$B,G148))+(INDEX($B:$B,MIN(LOOKUP(2,1/((($A$5:$A$120<>"")+($B$5:$B$120<>""))>0),ROW($A$5:$A$120)),G148+1))))*I148^3),INDEX($B:$B,G148-1)+(INDEX($B:$B,G148)-INDEX($B:$B,G148-1))*I148))	=IF(J148="","",IF(AND(J147<>"",J149<>""),(J149-J147)/2,IF(J149<>"",J149-J148,IF(J147<>"",J148-J147,""))))	=IF(K148="","",IF(AND(K147<>"",K149<>""),(K149-K147)/2,IF(K149<>"",K149-K148,IF(K147<>"",K148-K147,""))))	=IF(L148="","",MOD(DEGREES(ATAN2(L148,M148)),360))	=IF(N148="","",N148+$S$2)	=IF(O148="","","G1 X"&TEXT(J148,"0.###")&" Y"&TEXT(K148,"0.###")&" Z"&TEXT(O148,"0.###"))					
					=ROW()-5	=IF(OR(F149="",F149<=0,F149>LOOKUP(9.99999999999999E+307,$E$5:$E$120)),"",LOOKUP(F149-1,$E$5:$E$120,ROW($E$5:$E$120))+1)	=IF(G149="","",F149-INDEX($E:$E,G149-1))	=IF(G149="","",H149/INDEX($D:$D,G149))	=IF(G149="","",IF(INDEX($C:$C,G149)="C",0.5*(2*(INDEX($A:$A,G149-1))+(-(INDEX($A:$A,MAX(5,G149-2)))+(INDEX($A:$A,G149)))*I149+(2*(INDEX($A:$A,MAX(5,G149-2)))-5*(INDEX($A:$A,G149-1))+4*(INDEX($A:$A,G149))-(INDEX($A:$A,MIN(LOOKUP(2,1/((($A$5:$A$120<>"")+($B$5:$B$120<>""))>0),ROW($A$5:$A$120)),G149+1))))*I149^2+(-(INDEX($A:$A,MAX(5,G149-2)))+3*(INDEX($A:$A,G149-1))-3*(INDEX($A:$A,G149))+(INDEX($A:$A,MIN(LOOKUP(2,1/((($A$5:$A$120<>"")+($B$5:$B$120<>""))>0),ROW($A$5:$A$120)),G149+1))))*I149^3),INDEX($A:$A,G149-1)+(INDEX($A:$A,G149)-INDEX($A:$A,G149-1))*I149))	=IF(G149="","",IF(INDEX($C:$C,G149)="C",0.5*(2*(INDEX($B:$B,G149-1))+(-(INDEX($B:$B,MAX(5,G149-2)))+(INDEX($B:$B,G149)))*I149+(2*(INDEX($B:$B,MAX(5,G149-2)))-5*(INDEX($B:$B,G149-1))+4*(INDEX($B:$B,G149))-(INDEX($B:$B,MIN(LOOKUP(2,1/((($A$5:$A$120<>"")+($B$5:$B$120<>""))>0),ROW($A$5:$A$120)),G149+1))))*I149^2+(-(INDEX($B:$B,MAX(5,G149-2)))+3*(INDEX($B:$B,G149-1))-3*(INDEX($B:$B,G149))+(INDEX($B:$B,MIN(LOOKUP(2,1/((($A$5:$A$120<>"")+($B$5:$B$120<>""))>0),ROW($A$5:$A$120)),G149+1))))*I149^3),INDEX($B:$B,G149-1)+(INDEX($B:$B,G149)-INDEX($B:$B,G149-1))*I149))	=IF(J149="","",IF(AND(J148<>"",J150<>""),(J150-J148)/2,IF(J150<>"",J150-J149,IF(J148<>"",J149-J148,""))))	=IF(K149="","",IF(AND(K148<>"",K150<>""),(K150-K148)/2,IF(K150<>"",K150-K149,IF(K148<>"",K149-K148,""))))	=IF(L149="","",MOD(DEGREES(ATAN2(L149,M149)),360))	=IF(N149="","",N149+$S$2)	=IF(O149="","","G1 X"&TEXT(J149,"0.###")&" Y"&TEXT(K149,"0.###")&" Z"&TEXT(O149,"0.###"))					
					=ROW()-5	=IF(OR(F150="",F150<=0,F150>LOOKUP(9.99999999999999E+307,$E$5:$E$120)),"",LOOKUP(F150-1,$E$5:$E$120,ROW($E$5:$E$120))+1)	=IF(G150="","",F150-INDEX($E:$E,G150-1))	=IF(G150="","",H150/INDEX($D:$D,G150))	=IF(G150="","",IF(INDEX($C:$C,G150)="C",0.5*(2*(INDEX($A:$A,G150-1))+(-(INDEX($A:$A,MAX(5,G150-2)))+(INDEX($A:$A,G150)))*I150+(2*(INDEX($A:$A,MAX(5,G150-2)))-5*(INDEX($A:$A,G150-1))+4*(INDEX($A:$A,G150))-(INDEX($A:$A,MIN(LOOKUP(2,1/((($A$5:$A$120<>"")+($B$5:$B$120<>""))>0),ROW($A$5:$A$120)),G150+1))))*I150^2+(-(INDEX($A:$A,MAX(5,G150-2)))+3*(INDEX($A:$A,G150-1))-3*(INDEX($A:$A,G150))+(INDEX($A:$A,MIN(LOOKUP(2,1/((($A$5:$A$120<>"")+($B$5:$B$120<>""))>0),ROW($A$5:$A$120)),G150+1))))*I150^3),INDEX($A:$A,G150-1)+(INDEX($A:$A,G150)-INDEX($A:$A,G150-1))*I150))	=IF(G150="","",IF(INDEX($C:$C,G150)="C",0.5*(2*(INDEX($B:$B,G150-1))+(-(INDEX($B:$B,MAX(5,G150-2)))+(INDEX($B:$B,G150)))*I150+(2*(INDEX($B:$B,MAX(5,G150-2)))-5*(INDEX($B:$B,G150-1))+4*(INDEX($B:$B,G150))-(INDEX($B:$B,MIN(LOOKUP(2,1/((($A$5:$A$120<>"")+($B$5:$B$120<>""))>0),ROW($A$5:$A$120)),G150+1))))*I150^2+(-(INDEX($B:$B,MAX(5,G150-2)))+3*(INDEX($B:$B,G150-1))-3*(INDEX($B:$B,G150))+(INDEX($B:$B,MIN(LOOKUP(2,1/((($A$5:$A$120<>"")+($B$5:$B$120<>""))>0),ROW($A$5:$A$120)),G150+1))))*I150^3),INDEX($B:$B,G150-1)+(INDEX($B:$B,G150)-INDEX($B:$B,G150-1))*I150))	=IF(J150="","",IF(AND(J149<>"",J151<>""),(J151-J149)/2,IF(J151<>"",J151-J150,IF(J149<>"",J150-J149,""))))	=IF(K150="","",IF(AND(K149<>"",K151<>""),(K151-K149)/2,IF(K151<>"",K151-K150,IF(K149<>"",K150-K149,""))))	=IF(L150="","",MOD(DEGREES(ATAN2(L150,M150)),360))	=IF(N150="","",N150+$S$2)	=IF(O150="","","G1 X"&TEXT(J150,"0.###")&" Y"&TEXT(K150,"0.###")&" Z"&TEXT(O150,"0.###"))					
					=ROW()-5	=IF(OR(F151="",F151<=0,F151>LOOKUP(9.99999999999999E+307,$E$5:$E$120)),"",LOOKUP(F151-1,$E$5:$E$120,ROW($E$5:$E$120))+1)	=IF(G151="","",F151-INDEX($E:$E,G151-1))	=IF(G151="","",H151/INDEX($D:$D,G151))	=IF(G151="","",IF(INDEX($C:$C,G151)="C",0.5*(2*(INDEX($A:$A,G151-1))+(-(INDEX($A:$A,MAX(5,G151-2)))+(INDEX($A:$A,G151)))*I151+(2*(INDEX($A:$A,MAX(5,G151-2)))-5*(INDEX($A:$A,G151-1))+4*(INDEX($A:$A,G151))-(INDEX($A:$A,MIN(LOOKUP(2,1/((($A$5:$A$120<>"")+($B$5:$B$120<>""))>0),ROW($A$5:$A$120)),G151+1))))*I151^2+(-(INDEX($A:$A,MAX(5,G151-2)))+3*(INDEX($A:$A,G151-1))-3*(INDEX($A:$A,G151))+(INDEX($A:$A,MIN(LOOKUP(2,1/((($A$5:$A$120<>"")+($B$5:$B$120<>""))>0),ROW($A$5:$A$120)),G151+1))))*I151^3),INDEX($A:$A,G151-1)+(INDEX($A:$A,G151)-INDEX($A:$A,G151-1))*I151))	=IF(G151="","",IF(INDEX($C:$C,G151)="C",0.5*(2*(INDEX($B:$B,G151-1))+(-(INDEX($B:$B,MAX(5,G151-2)))+(INDEX($B:$B,G151)))*I151+(2*(INDEX($B:$B,MAX(5,G151-2)))-5*(INDEX($B:$B,G151-1))+4*(INDEX($B:$B,G151))-(INDEX($B:$B,MIN(LOOKUP(2,1/((($A$5:$A$120<>"")+($B$5:$B$120<>""))>0),ROW($A$5:$A$120)),G151+1))))*I151^2+(-(INDEX($B:$B,MAX(5,G151-2)))+3*(INDEX($B:$B,G151-1))-3*(INDEX($B:$B,G151))+(INDEX($B:$B,MIN(LOOKUP(2,1/((($A$5:$A$120<>"")+($B$5:$B$120<>""))>0),ROW($A$5:$A$120)),G151+1))))*I151^3),INDEX($B:$B,G151-1)+(INDEX($B:$B,G151)-INDEX($B:$B,G151-1))*I151))	=IF(J151="","",IF(AND(J150<>"",J152<>""),(J152-J150)/2,IF(J152<>"",J152-J151,IF(J150<>"",J151-J150,""))))	=IF(K151="","",IF(AND(K150<>"",K152<>""),(K152-K150)/2,IF(K152<>"",K152-K151,IF(K150<>"",K151-K150,""))))	=IF(L151="","",MOD(DEGREES(ATAN2(L151,M151)),360))	=IF(N151="","",N151+$S$2)	=IF(O151="","","G1 X"&TEXT(J151,"0.###")&" Y"&TEXT(K151,"0.###")&" Z"&TEXT(O151,"0.###"))					
					=ROW()-5	=IF(OR(F152="",F152<=0,F152>LOOKUP(9.99999999999999E+307,$E$5:$E$120)),"",LOOKUP(F152-1,$E$5:$E$120,ROW($E$5:$E$120))+1)	=IF(G152="","",F152-INDEX($E:$E,G152-1))	=IF(G152="","",H152/INDEX($D:$D,G152))	=IF(G152="","",IF(INDEX($C:$C,G152)="C",0.5*(2*(INDEX($A:$A,G152-1))+(-(INDEX($A:$A,MAX(5,G152-2)))+(INDEX($A:$A,G152)))*I152+(2*(INDEX($A:$A,MAX(5,G152-2)))-5*(INDEX($A:$A,G152-1))+4*(INDEX($A:$A,G152))-(INDEX($A:$A,MIN(LOOKUP(2,1/((($A$5:$A$120<>"")+($B$5:$B$120<>""))>0),ROW($A$5:$A$120)),G152+1))))*I152^2+(-(INDEX($A:$A,MAX(5,G152-2)))+3*(INDEX($A:$A,G152-1))-3*(INDEX($A:$A,G152))+(INDEX($A:$A,MIN(LOOKUP(2,1/((($A$5:$A$120<>"")+($B$5:$B$120<>""))>0),ROW($A$5:$A$120)),G152+1))))*I152^3),INDEX($A:$A,G152-1)+(INDEX($A:$A,G152)-INDEX($A:$A,G152-1))*I152))	=IF(G152="","",IF(INDEX($C:$C,G152)="C",0.5*(2*(INDEX($B:$B,G152-1))+(-(INDEX($B:$B,MAX(5,G152-2)))+(INDEX($B:$B,G152)))*I152+(2*(INDEX($B:$B,MAX(5,G152-2)))-5*(INDEX($B:$B,G152-1))+4*(INDEX($B:$B,G152))-(INDEX($B:$B,MIN(LOOKUP(2,1/((($A$5:$A$120<>"")+($B$5:$B$120<>""))>0),ROW($A$5:$A$120)),G152+1))))*I152^2+(-(INDEX($B:$B,MAX(5,G152-2)))+3*(INDEX($B:$B,G152-1))-3*(INDEX($B:$B,G152))+(INDEX($B:$B,MIN(LOOKUP(2,1/((($A$5:$A$120<>"")+($B$5:$B$120<>""))>0),ROW($A$5:$A$120)),G152+1))))*I152^3),INDEX($B:$B,G152-1)+(INDEX($B:$B,G152)-INDEX($B:$B,G152-1))*I152))	=IF(J152="","",IF(AND(J151<>"",J153<>""),(J153-J151)/2,IF(J153<>"",J153-J152,IF(J151<>"",J152-J151,""))))	=IF(K152="","",IF(AND(K151<>"",K153<>""),(K153-K151)/2,IF(K153<>"",K153-K152,IF(K151<>"",K152-K151,""))))	=IF(L152="","",MOD(DEGREES(ATAN2(L152,M152)),360))	=IF(N152="","",N152+$S$2)	=IF(O152="","","G1 X"&TEXT(J152,"0.###")&" Y"&TEXT(K152,"0.###")&" Z"&TEXT(O152,"0.###"))					
					=ROW()-5	=IF(OR(F153="",F153<=0,F153>LOOKUP(9.99999999999999E+307,$E$5:$E$120)),"",LOOKUP(F153-1,$E$5:$E$120,ROW($E$5:$E$120))+1)	=IF(G153="","",F153-INDEX($E:$E,G153-1))	=IF(G153="","",H153/INDEX($D:$D,G153))	=IF(G153="","",IF(INDEX($C:$C,G153)="C",0.5*(2*(INDEX($A:$A,G153-1))+(-(INDEX($A:$A,MAX(5,G153-2)))+(INDEX($A:$A,G153)))*I153+(2*(INDEX($A:$A,MAX(5,G153-2)))-5*(INDEX($A:$A,G153-1))+4*(INDEX($A:$A,G153))-(INDEX($A:$A,MIN(LOOKUP(2,1/((($A$5:$A$120<>"")+($B$5:$B$120<>""))>0),ROW($A$5:$A$120)),G153+1))))*I153^2+(-(INDEX($A:$A,MAX(5,G153-2)))+3*(INDEX($A:$A,G153-1))-3*(INDEX($A:$A,G153))+(INDEX($A:$A,MIN(LOOKUP(2,1/((($A$5:$A$120<>"")+($B$5:$B$120<>""))>0),ROW($A$5:$A$120)),G153+1))))*I153^3),INDEX($A:$A,G153-1)+(INDEX($A:$A,G153)-INDEX($A:$A,G153-1))*I153))	=IF(G153="","",IF(INDEX($C:$C,G153)="C",0.5*(2*(INDEX($B:$B,G153-1))+(-(INDEX($B:$B,MAX(5,G153-2)))+(INDEX($B:$B,G153)))*I153+(2*(INDEX($B:$B,MAX(5,G153-2)))-5*(INDEX($B:$B,G153-1))+4*(INDEX($B:$B,G153))-(INDEX($B:$B,MIN(LOOKUP(2,1/((($A$5:$A$120<>"")+($B$5:$B$120<>""))>0),ROW($A$5:$A$120)),G153+1))))*I153^2+(-(INDEX($B:$B,MAX(5,G153-2)))+3*(INDEX($B:$B,G153-1))-3*(INDEX($B:$B,G153))+(INDEX($B:$B,MIN(LOOKUP(2,1/((($A$5:$A$120<>"")+($B$5:$B$120<>""))>0),ROW($A$5:$A$120)),G153+1))))*I153^3),INDEX($B:$B,G153-1)+(INDEX($B:$B,G153)-INDEX($B:$B,G153-1))*I153))	=IF(J153="","",IF(AND(J152<>"",J154<>""),(J154-J152)/2,IF(J154<>"",J154-J153,IF(J152<>"",J153-J152,""))))	=IF(K153="","",IF(AND(K152<>"",K154<>""),(K154-K152)/2,IF(K154<>"",K154-K153,IF(K152<>"",K153-K152,""))))	=IF(L153="","",MOD(DEGREES(ATAN2(L153,M153)),360))	=IF(N153="","",N153+$S$2)	=IF(O153="","","G1 X"&TEXT(J153,"0.###")&" Y"&TEXT(K153,"0.###")&" Z"&TEXT(O153,"0.###"))					
					=ROW()-5	=IF(OR(F154="",F154<=0,F154>LOOKUP(9.99999999999999E+307,$E$5:$E$120)),"",LOOKUP(F154-1,$E$5:$E$120,ROW($E$5:$E$120))+1)	=IF(G154="","",F154-INDEX($E:$E,G154-1))	=IF(G154="","",H154/INDEX($D:$D,G154))	=IF(G154="","",IF(INDEX($C:$C,G154)="C",0.5*(2*(INDEX($A:$A,G154-1))+(-(INDEX($A:$A,MAX(5,G154-2)))+(INDEX($A:$A,G154)))*I154+(2*(INDEX($A:$A,MAX(5,G154-2)))-5*(INDEX($A:$A,G154-1))+4*(INDEX($A:$A,G154))-(INDEX($A:$A,MIN(LOOKUP(2,1/((($A$5:$A$120<>"")+($B$5:$B$120<>""))>0),ROW($A$5:$A$120)),G154+1))))*I154^2+(-(INDEX($A:$A,MAX(5,G154-2)))+3*(INDEX($A:$A,G154-1))-3*(INDEX($A:$A,G154))+(INDEX($A:$A,MIN(LOOKUP(2,1/((($A$5:$A$120<>"")+($B$5:$B$120<>""))>0),ROW($A$5:$A$120)),G154+1))))*I154^3),INDEX($A:$A,G154-1)+(INDEX($A:$A,G154)-INDEX($A:$A,G154-1))*I154))	=IF(G154="","",IF(INDEX($C:$C,G154)="C",0.5*(2*(INDEX($B:$B,G154-1))+(-(INDEX($B:$B,MAX(5,G154-2)))+(INDEX($B:$B,G154)))*I154+(2*(INDEX($B:$B,MAX(5,G154-2)))-5*(INDEX($B:$B,G154-1))+4*(INDEX($B:$B,G154))-(INDEX($B:$B,MIN(LOOKUP(2,1/((($A$5:$A$120<>"")+($B$5:$B$120<>""))>0),ROW($A$5:$A$120)),G154+1))))*I154^2+(-(INDEX($B:$B,MAX(5,G154-2)))+3*(INDEX($B:$B,G154-1))-3*(INDEX($B:$B,G154))+(INDEX($B:$B,MIN(LOOKUP(2,1/((($A$5:$A$120<>"")+($B$5:$B$120<>""))>0),ROW($A$5:$A$120)),G154+1))))*I154^3),INDEX($B:$B,G154-1)+(INDEX($B:$B,G154)-INDEX($B:$B,G154-1))*I154))	=IF(J154="","",IF(AND(J153<>"",J155<>""),(J155-J153)/2,IF(J155<>"",J155-J154,IF(J153<>"",J154-J153,""))))	=IF(K154="","",IF(AND(K153<>"",K155<>""),(K155-K153)/2,IF(K155<>"",K155-K154,IF(K153<>"",K154-K153,""))))	=IF(L154="","",MOD(DEGREES(ATAN2(L154,M154)),360))	=IF(N154="","",N154+$S$2)	=IF(O154="","","G1 X"&TEXT(J154,"0.###")&" Y"&TEXT(K154,"0.###")&" Z"&TEXT(O154,"0.###"))					
					=ROW()-5	=IF(OR(F155="",F155<=0,F155>LOOKUP(9.99999999999999E+307,$E$5:$E$120)),"",LOOKUP(F155-1,$E$5:$E$120,ROW($E$5:$E$120))+1)	=IF(G155="","",F155-INDEX($E:$E,G155-1))	=IF(G155="","",H155/INDEX($D:$D,G155))	=IF(G155="","",IF(INDEX($C:$C,G155)="C",0.5*(2*(INDEX($A:$A,G155-1))+(-(INDEX($A:$A,MAX(5,G155-2)))+(INDEX($A:$A,G155)))*I155+(2*(INDEX($A:$A,MAX(5,G155-2)))-5*(INDEX($A:$A,G155-1))+4*(INDEX($A:$A,G155))-(INDEX($A:$A,MIN(LOOKUP(2,1/((($A$5:$A$120<>"")+($B$5:$B$120<>""))>0),ROW($A$5:$A$120)),G155+1))))*I155^2+(-(INDEX($A:$A,MAX(5,G155-2)))+3*(INDEX($A:$A,G155-1))-3*(INDEX($A:$A,G155))+(INDEX($A:$A,MIN(LOOKUP(2,1/((($A$5:$A$120<>"")+($B$5:$B$120<>""))>0),ROW($A$5:$A$120)),G155+1))))*I155^3),INDEX($A:$A,G155-1)+(INDEX($A:$A,G155)-INDEX($A:$A,G155-1))*I155))	=IF(G155="","",IF(INDEX($C:$C,G155)="C",0.5*(2*(INDEX($B:$B,G155-1))+(-(INDEX($B:$B,MAX(5,G155-2)))+(INDEX($B:$B,G155)))*I155+(2*(INDEX($B:$B,MAX(5,G155-2)))-5*(INDEX($B:$B,G155-1))+4*(INDEX($B:$B,G155))-(INDEX($B:$B,MIN(LOOKUP(2,1/((($A$5:$A$120<>"")+($B$5:$B$120<>""))>0),ROW($A$5:$A$120)),G155+1))))*I155^2+(-(INDEX($B:$B,MAX(5,G155-2)))+3*(INDEX($B:$B,G155-1))-3*(INDEX($B:$B,G155))+(INDEX($B:$B,MIN(LOOKUP(2,1/((($A$5:$A$120<>"")+($B$5:$B$120<>""))>0),ROW($A$5:$A$120)),G155+1))))*I155^3),INDEX($B:$B,G155-1)+(INDEX($B:$B,G155)-INDEX($B:$B,G155-1))*I155))	=IF(J155="","",IF(AND(J154<>"",J156<>""),(J156-J154)/2,IF(J156<>"",J156-J155,IF(J154<>"",J155-J154,""))))	=IF(K155="","",IF(AND(K154<>"",K156<>""),(K156-K154)/2,IF(K156<>"",K156-K155,IF(K154<>"",K155-K154,""))))	=IF(L155="","",MOD(DEGREES(ATAN2(L155,M155)),360))	=IF(N155="","",N155+$S$2)	=IF(O155="","","G1 X"&TEXT(J155,"0.###")&" Y"&TEXT(K155,"0.###")&" Z"&TEXT(O155,"0.###"))					
					=ROW()-5	=IF(OR(F156="",F156<=0,F156>LOOKUP(9.99999999999999E+307,$E$5:$E$120)),"",LOOKUP(F156-1,$E$5:$E$120,ROW($E$5:$E$120))+1)	=IF(G156="","",F156-INDEX($E:$E,G156-1))	=IF(G156="","",H156/INDEX($D:$D,G156))	=IF(G156="","",IF(INDEX($C:$C,G156)="C",0.5*(2*(INDEX($A:$A,G156-1))+(-(INDEX($A:$A,MAX(5,G156-2)))+(INDEX($A:$A,G156)))*I156+(2*(INDEX($A:$A,MAX(5,G156-2)))-5*(INDEX($A:$A,G156-1))+4*(INDEX($A:$A,G156))-(INDEX($A:$A,MIN(LOOKUP(2,1/((($A$5:$A$120<>"")+($B$5:$B$120<>""))>0),ROW($A$5:$A$120)),G156+1))))*I156^2+(-(INDEX($A:$A,MAX(5,G156-2)))+3*(INDEX($A:$A,G156-1))-3*(INDEX($A:$A,G156))+(INDEX($A:$A,MIN(LOOKUP(2,1/((($A$5:$A$120<>"")+($B$5:$B$120<>""))>0),ROW($A$5:$A$120)),G156+1))))*I156^3),INDEX($A:$A,G156-1)+(INDEX($A:$A,G156)-INDEX($A:$A,G156-1))*I156))	=IF(G156="","",IF(INDEX($C:$C,G156)="C",0.5*(2*(INDEX($B:$B,G156-1))+(-(INDEX($B:$B,MAX(5,G156-2)))+(INDEX($B:$B,G156)))*I156+(2*(INDEX($B:$B,MAX(5,G156-2)))-5*(INDEX($B:$B,G156-1))+4*(INDEX($B:$B,G156))-(INDEX($B:$B,MIN(LOOKUP(2,1/((($A$5:$A$120<>"")+($B$5:$B$120<>""))>0),ROW($A$5:$A$120)),G156+1))))*I156^2+(-(INDEX($B:$B,MAX(5,G156-2)))+3*(INDEX($B:$B,G156-1))-3*(INDEX($B:$B,G156))+(INDEX($B:$B,MIN(LOOKUP(2,1/((($A$5:$A$120<>"")+($B$5:$B$120<>""))>0),ROW($A$5:$A$120)),G156+1))))*I156^3),INDEX($B:$B,G156-1)+(INDEX($B:$B,G156)-INDEX($B:$B,G156-1))*I156))	=IF(J156="","",IF(AND(J155<>"",J157<>""),(J157-J155)/2,IF(J157<>"",J157-J156,IF(J155<>"",J156-J155,""))))	=IF(K156="","",IF(AND(K155<>"",K157<>""),(K157-K155)/2,IF(K157<>"",K157-K156,IF(K155<>"",K156-K155,""))))	=IF(L156="","",MOD(DEGREES(ATAN2(L156,M156)),360))	=IF(N156="","",N156+$S$2)	=IF(O156="","","G1 X"&TEXT(J156,"0.###")&" Y"&TEXT(K156,"0.###")&" Z"&TEXT(O156,"0.###"))					
					=ROW()-5	=IF(OR(F157="",F157<=0,F157>LOOKUP(9.99999999999999E+307,$E$5:$E$120)),"",LOOKUP(F157-1,$E$5:$E$120,ROW($E$5:$E$120))+1)	=IF(G157="","",F157-INDEX($E:$E,G157-1))	=IF(G157="","",H157/INDEX($D:$D,G157))	=IF(G157="","",IF(INDEX($C:$C,G157)="C",0.5*(2*(INDEX($A:$A,G157-1))+(-(INDEX($A:$A,MAX(5,G157-2)))+(INDEX($A:$A,G157)))*I157+(2*(INDEX($A:$A,MAX(5,G157-2)))-5*(INDEX($A:$A,G157-1))+4*(INDEX($A:$A,G157))-(INDEX($A:$A,MIN(LOOKUP(2,1/((($A$5:$A$120<>"")+($B$5:$B$120<>""))>0),ROW($A$5:$A$120)),G157+1))))*I157^2+(-(INDEX($A:$A,MAX(5,G157-2)))+3*(INDEX($A:$A,G157-1))-3*(INDEX($A:$A,G157))+(INDEX($A:$A,MIN(LOOKUP(2,1/((($A$5:$A$120<>"")+($B$5:$B$120<>""))>0),ROW($A$5:$A$120)),G157+1))))*I157^3),INDEX($A:$A,G157-1)+(INDEX($A:$A,G157)-INDEX($A:$A,G157-1))*I157))	=IF(G157="","",IF(INDEX($C:$C,G157)="C",0.5*(2*(INDEX($B:$B,G157-1))+(-(INDEX($B:$B,MAX(5,G157-2)))+(INDEX($B:$B,G157)))*I157+(2*(INDEX($B:$B,MAX(5,G157-2)))-5*(INDEX($B:$B,G157-1))+4*(INDEX($B:$B,G157))-(INDEX($B:$B,MIN(LOOKUP(2,1/((($A$5:$A$120<>"")+($B$5:$B$120<>""))>0),ROW($A$5:$A$120)),G157+1))))*I157^2+(-(INDEX($B:$B,MAX(5,G157-2)))+3*(INDEX($B:$B,G157-1))-3*(INDEX($B:$B,G157))+(INDEX($B:$B,MIN(LOOKUP(2,1/((($A$5:$A$120<>"")+($B$5:$B$120<>""))>0),ROW($A$5:$A$120)),G157+1))))*I157^3),INDEX($B:$B,G157-1)+(INDEX($B:$B,G157)-INDEX($B:$B,G157-1))*I157))	=IF(J157="","",IF(AND(J156<>"",J158<>""),(J158-J156)/2,IF(J158<>"",J158-J157,IF(J156<>"",J157-J156,""))))	=IF(K157="","",IF(AND(K156<>"",K158<>""),(K158-K156)/2,IF(K158<>"",K158-K157,IF(K156<>"",K157-K156,""))))	=IF(L157="","",MOD(DEGREES(ATAN2(L157,M157)),360))	=IF(N157="","",N157+$S$2)	=IF(O157="","","G1 X"&TEXT(J157,"0.###")&" Y"&TEXT(K157,"0.###")&" Z"&TEXT(O157,"0.###"))					
					=ROW()-5	=IF(OR(F158="",F158<=0,F158>LOOKUP(9.99999999999999E+307,$E$5:$E$120)),"",LOOKUP(F158-1,$E$5:$E$120,ROW($E$5:$E$120))+1)	=IF(G158="","",F158-INDEX($E:$E,G158-1))	=IF(G158="","",H158/INDEX($D:$D,G158))	=IF(G158="","",IF(INDEX($C:$C,G158)="C",0.5*(2*(INDEX($A:$A,G158-1))+(-(INDEX($A:$A,MAX(5,G158-2)))+(INDEX($A:$A,G158)))*I158+(2*(INDEX($A:$A,MAX(5,G158-2)))-5*(INDEX($A:$A,G158-1))+4*(INDEX($A:$A,G158))-(INDEX($A:$A,MIN(LOOKUP(2,1/((($A$5:$A$120<>"")+($B$5:$B$120<>""))>0),ROW($A$5:$A$120)),G158+1))))*I158^2+(-(INDEX($A:$A,MAX(5,G158-2)))+3*(INDEX($A:$A,G158-1))-3*(INDEX($A:$A,G158))+(INDEX($A:$A,MIN(LOOKUP(2,1/((($A$5:$A$120<>"")+($B$5:$B$120<>""))>0),ROW($A$5:$A$120)),G158+1))))*I158^3),INDEX($A:$A,G158-1)+(INDEX($A:$A,G158)-INDEX($A:$A,G158-1))*I158))	=IF(G158="","",IF(INDEX($C:$C,G158)="C",0.5*(2*(INDEX($B:$B,G158-1))+(-(INDEX($B:$B,MAX(5,G158-2)))+(INDEX($B:$B,G158)))*I158+(2*(INDEX($B:$B,MAX(5,G158-2)))-5*(INDEX($B:$B,G158-1))+4*(INDEX($B:$B,G158))-(INDEX($B:$B,MIN(LOOKUP(2,1/((($A$5:$A$120<>"")+($B$5:$B$120<>""))>0),ROW($A$5:$A$120)),G158+1))))*I158^2+(-(INDEX($B:$B,MAX(5,G158-2)))+3*(INDEX($B:$B,G158-1))-3*(INDEX($B:$B,G158))+(INDEX($B:$B,MIN(LOOKUP(2,1/((($A$5:$A$120<>"")+($B$5:$B$120<>""))>0),ROW($A$5:$A$120)),G158+1))))*I158^3),INDEX($B:$B,G158-1)+(INDEX($B:$B,G158)-INDEX($B:$B,G158-1))*I158))	=IF(J158="","",IF(AND(J157<>"",J159<>""),(J159-J157)/2,IF(J159<>"",J159-J158,IF(J157<>"",J158-J157,""))))	=IF(K158="","",IF(AND(K157<>"",K159<>""),(K159-K157)/2,IF(K159<>"",K159-K158,IF(K157<>"",K158-K157,""))))	=IF(L158="","",MOD(DEGREES(ATAN2(L158,M158)),360))	=IF(N158="","",N158+$S$2)	=IF(O158="","","G1 X"&TEXT(J158,"0.###")&" Y"&TEXT(K158,"0.###")&" Z"&TEXT(O158,"0.###"))					
					=ROW()-5	=IF(OR(F159="",F159<=0,F159>LOOKUP(9.99999999999999E+307,$E$5:$E$120)),"",LOOKUP(F159-1,$E$5:$E$120,ROW($E$5:$E$120))+1)	=IF(G159="","",F159-INDEX($E:$E,G159-1))	=IF(G159="","",H159/INDEX($D:$D,G159))	=IF(G159="","",IF(INDEX($C:$C,G159)="C",0.5*(2*(INDEX($A:$A,G159-1))+(-(INDEX($A:$A,MAX(5,G159-2)))+(INDEX($A:$A,G159)))*I159+(2*(INDEX($A:$A,MAX(5,G159-2)))-5*(INDEX($A:$A,G159-1))+4*(INDEX($A:$A,G159))-(INDEX($A:$A,MIN(LOOKUP(2,1/((($A$5:$A$120<>"")+($B$5:$B$120<>""))>0),ROW($A$5:$A$120)),G159+1))))*I159^2+(-(INDEX($A:$A,MAX(5,G159-2)))+3*(INDEX($A:$A,G159-1))-3*(INDEX($A:$A,G159))+(INDEX($A:$A,MIN(LOOKUP(2,1/((($A$5:$A$120<>"")+($B$5:$B$120<>""))>0),ROW($A$5:$A$120)),G159+1))))*I159^3),INDEX($A:$A,G159-1)+(INDEX($A:$A,G159)-INDEX($A:$A,G159-1))*I159))	=IF(G159="","",IF(INDEX($C:$C,G159)="C",0.5*(2*(INDEX($B:$B,G159-1))+(-(INDEX($B:$B,MAX(5,G159-2)))+(INDEX($B:$B,G159)))*I159+(2*(INDEX($B:$B,MAX(5,G159-2)))-5*(INDEX($B:$B,G159-1))+4*(INDEX($B:$B,G159))-(INDEX($B:$B,MIN(LOOKUP(2,1/((($A$5:$A$120<>"")+($B$5:$B$120<>""))>0),ROW($A$5:$A$120)),G159+1))))*I159^2+(-(INDEX($B:$B,MAX(5,G159-2)))+3*(INDEX($B:$B,G159-1))-3*(INDEX($B:$B,G159))+(INDEX($B:$B,MIN(LOOKUP(2,1/((($A$5:$A$120<>"")+($B$5:$B$120<>""))>0),ROW($A$5:$A$120)),G159+1))))*I159^3),INDEX($B:$B,G159-1)+(INDEX($B:$B,G159)-INDEX($B:$B,G159-1))*I159))	=IF(J159="","",IF(AND(J158<>"",J160<>""),(J160-J158)/2,IF(J160<>"",J160-J159,IF(J158<>"",J159-J158,""))))	=IF(K159="","",IF(AND(K158<>"",K160<>""),(K160-K158)/2,IF(K160<>"",K160-K159,IF(K158<>"",K159-K158,""))))	=IF(L159="","",MOD(DEGREES(ATAN2(L159,M159)),360))	=IF(N159="","",N159+$S$2)	=IF(O159="","","G1 X"&TEXT(J159,"0.###")&" Y"&TEXT(K159,"0.###")&" Z"&TEXT(O159,"0.###"))					
					=ROW()-5	=IF(OR(F160="",F160<=0,F160>LOOKUP(9.99999999999999E+307,$E$5:$E$120)),"",LOOKUP(F160-1,$E$5:$E$120,ROW($E$5:$E$120))+1)	=IF(G160="","",F160-INDEX($E:$E,G160-1))	=IF(G160="","",H160/INDEX($D:$D,G160))	=IF(G160="","",IF(INDEX($C:$C,G160)="C",0.5*(2*(INDEX($A:$A,G160-1))+(-(INDEX($A:$A,MAX(5,G160-2)))+(INDEX($A:$A,G160)))*I160+(2*(INDEX($A:$A,MAX(5,G160-2)))-5*(INDEX($A:$A,G160-1))+4*(INDEX($A:$A,G160))-(INDEX($A:$A,MIN(LOOKUP(2,1/((($A$5:$A$120<>"")+($B$5:$B$120<>""))>0),ROW($A$5:$A$120)),G160+1))))*I160^2+(-(INDEX($A:$A,MAX(5,G160-2)))+3*(INDEX($A:$A,G160-1))-3*(INDEX($A:$A,G160))+(INDEX($A:$A,MIN(LOOKUP(2,1/((($A$5:$A$120<>"")+($B$5:$B$120<>""))>0),ROW($A$5:$A$120)),G160+1))))*I160^3),INDEX($A:$A,G160-1)+(INDEX($A:$A,G160)-INDEX($A:$A,G160-1))*I160))	=IF(G160="","",IF(INDEX($C:$C,G160)="C",0.5*(2*(INDEX($B:$B,G160-1))+(-(INDEX($B:$B,MAX(5,G160-2)))+(INDEX($B:$B,G160)))*I160+(2*(INDEX($B:$B,MAX(5,G160-2)))-5*(INDEX($B:$B,G160-1))+4*(INDEX($B:$B,G160))-(INDEX($B:$B,MIN(LOOKUP(2,1/((($A$5:$A$120<>"")+($B$5:$B$120<>""))>0),ROW($A$5:$A$120)),G160+1))))*I160^2+(-(INDEX($B:$B,MAX(5,G160-2)))+3*(INDEX($B:$B,G160-1))-3*(INDEX($B:$B,G160))+(INDEX($B:$B,MIN(LOOKUP(2,1/((($A$5:$A$120<>"")+($B$5:$B$120<>""))>0),ROW($A$5:$A$120)),G160+1))))*I160^3),INDEX($B:$B,G160-1)+(INDEX($B:$B,G160)-INDEX($B:$B,G160-1))*I160))	=IF(J160="","",IF(AND(J159<>"",J161<>""),(J161-J159)/2,IF(J161<>"",J161-J160,IF(J159<>"",J160-J159,""))))	=IF(K160="","",IF(AND(K159<>"",K161<>""),(K161-K159)/2,IF(K161<>"",K161-K160,IF(K159<>"",K160-K159,""))))	=IF(L160="","",MOD(DEGREES(ATAN2(L160,M160)),360))	=IF(N160="","",N160+$S$2)	=IF(O160="","","G1 X"&TEXT(J160,"0.###")&" Y"&TEXT(K160,"0.###")&" Z"&TEXT(O160,"0.###"))					
					=ROW()-5	=IF(OR(F161="",F161<=0,F161>LOOKUP(9.99999999999999E+307,$E$5:$E$120)),"",LOOKUP(F161-1,$E$5:$E$120,ROW($E$5:$E$120))+1)	=IF(G161="","",F161-INDEX($E:$E,G161-1))	=IF(G161="","",H161/INDEX($D:$D,G161))	=IF(G161="","",IF(INDEX($C:$C,G161)="C",0.5*(2*(INDEX($A:$A,G161-1))+(-(INDEX($A:$A,MAX(5,G161-2)))+(INDEX($A:$A,G161)))*I161+(2*(INDEX($A:$A,MAX(5,G161-2)))-5*(INDEX($A:$A,G161-1))+4*(INDEX($A:$A,G161))-(INDEX($A:$A,MIN(LOOKUP(2,1/((($A$5:$A$120<>"")+($B$5:$B$120<>""))>0),ROW($A$5:$A$120)),G161+1))))*I161^2+(-(INDEX($A:$A,MAX(5,G161-2)))+3*(INDEX($A:$A,G161-1))-3*(INDEX($A:$A,G161))+(INDEX($A:$A,MIN(LOOKUP(2,1/((($A$5:$A$120<>"")+($B$5:$B$120<>""))>0),ROW($A$5:$A$120)),G161+1))))*I161^3),INDEX($A:$A,G161-1)+(INDEX($A:$A,G161)-INDEX($A:$A,G161-1))*I161))	=IF(G161="","",IF(INDEX($C:$C,G161)="C",0.5*(2*(INDEX($B:$B,G161-1))+(-(INDEX($B:$B,MAX(5,G161-2)))+(INDEX($B:$B,G161)))*I161+(2*(INDEX($B:$B,MAX(5,G161-2)))-5*(INDEX($B:$B,G161-1))+4*(INDEX($B:$B,G161))-(INDEX($B:$B,MIN(LOOKUP(2,1/((($A$5:$A$120<>"")+($B$5:$B$120<>""))>0),ROW($A$5:$A$120)),G161+1))))*I161^2+(-(INDEX($B:$B,MAX(5,G161-2)))+3*(INDEX($B:$B,G161-1))-3*(INDEX($B:$B,G161))+(INDEX($B:$B,MIN(LOOKUP(2,1/((($A$5:$A$120<>"")+($B$5:$B$120<>""))>0),ROW($A$5:$A$120)),G161+1))))*I161^3),INDEX($B:$B,G161-1)+(INDEX($B:$B,G161)-INDEX($B:$B,G161-1))*I161))	=IF(J161="","",IF(AND(J160<>"",J162<>""),(J162-J160)/2,IF(J162<>"",J162-J161,IF(J160<>"",J161-J160,""))))	=IF(K161="","",IF(AND(K160<>"",K162<>""),(K162-K160)/2,IF(K162<>"",K162-K161,IF(K160<>"",K161-K160,""))))	=IF(L161="","",MOD(DEGREES(ATAN2(L161,M161)),360))	=IF(N161="","",N161+$S$2)	=IF(O161="","","G1 X"&TEXT(J161,"0.###")&" Y"&TEXT(K161,"0.###")&" Z"&TEXT(O161,"0.###"))					
					=ROW()-5	=IF(OR(F162="",F162<=0,F162>LOOKUP(9.99999999999999E+307,$E$5:$E$120)),"",LOOKUP(F162-1,$E$5:$E$120,ROW($E$5:$E$120))+1)	=IF(G162="","",F162-INDEX($E:$E,G162-1))	=IF(G162="","",H162/INDEX($D:$D,G162))	=IF(G162="","",IF(INDEX($C:$C,G162)="C",0.5*(2*(INDEX($A:$A,G162-1))+(-(INDEX($A:$A,MAX(5,G162-2)))+(INDEX($A:$A,G162)))*I162+(2*(INDEX($A:$A,MAX(5,G162-2)))-5*(INDEX($A:$A,G162-1))+4*(INDEX($A:$A,G162))-(INDEX($A:$A,MIN(LOOKUP(2,1/((($A$5:$A$120<>"")+($B$5:$B$120<>""))>0),ROW($A$5:$A$120)),G162+1))))*I162^2+(-(INDEX($A:$A,MAX(5,G162-2)))+3*(INDEX($A:$A,G162-1))-3*(INDEX($A:$A,G162))+(INDEX($A:$A,MIN(LOOKUP(2,1/((($A$5:$A$120<>"")+($B$5:$B$120<>""))>0),ROW($A$5:$A$120)),G162+1))))*I162^3),INDEX($A:$A,G162-1)+(INDEX($A:$A,G162)-INDEX($A:$A,G162-1))*I162))	=IF(G162="","",IF(INDEX($C:$C,G162)="C",0.5*(2*(INDEX($B:$B,G162-1))+(-(INDEX($B:$B,MAX(5,G162-2)))+(INDEX($B:$B,G162)))*I162+(2*(INDEX($B:$B,MAX(5,G162-2)))-5*(INDEX($B:$B,G162-1))+4*(INDEX($B:$B,G162))-(INDEX($B:$B,MIN(LOOKUP(2,1/((($A$5:$A$120<>"")+($B$5:$B$120<>""))>0),ROW($A$5:$A$120)),G162+1))))*I162^2+(-(INDEX($B:$B,MAX(5,G162-2)))+3*(INDEX($B:$B,G162-1))-3*(INDEX($B:$B,G162))+(INDEX($B:$B,MIN(LOOKUP(2,1/((($A$5:$A$120<>"")+($B$5:$B$120<>""))>0),ROW($A$5:$A$120)),G162+1))))*I162^3),INDEX($B:$B,G162-1)+(INDEX($B:$B,G162)-INDEX($B:$B,G162-1))*I162))	=IF(J162="","",IF(AND(J161<>"",J163<>""),(J163-J161)/2,IF(J163<>"",J163-J162,IF(J161<>"",J162-J161,""))))	=IF(K162="","",IF(AND(K161<>"",K163<>""),(K163-K161)/2,IF(K163<>"",K163-K162,IF(K161<>"",K162-K161,""))))	=IF(L162="","",MOD(DEGREES(ATAN2(L162,M162)),360))	=IF(N162="","",N162+$S$2)	=IF(O162="","","G1 X"&TEXT(J162,"0.###")&" Y"&TEXT(K162,"0.###")&" Z"&TEXT(O162,"0.###"))					
					=ROW()-5	=IF(OR(F163="",F163<=0,F163>LOOKUP(9.99999999999999E+307,$E$5:$E$120)),"",LOOKUP(F163-1,$E$5:$E$120,ROW($E$5:$E$120))+1)	=IF(G163="","",F163-INDEX($E:$E,G163-1))	=IF(G163="","",H163/INDEX($D:$D,G163))	=IF(G163="","",IF(INDEX($C:$C,G163)="C",0.5*(2*(INDEX($A:$A,G163-1))+(-(INDEX($A:$A,MAX(5,G163-2)))+(INDEX($A:$A,G163)))*I163+(2*(INDEX($A:$A,MAX(5,G163-2)))-5*(INDEX($A:$A,G163-1))+4*(INDEX($A:$A,G163))-(INDEX($A:$A,MIN(LOOKUP(2,1/((($A$5:$A$120<>"")+($B$5:$B$120<>""))>0),ROW($A$5:$A$120)),G163+1))))*I163^2+(-(INDEX($A:$A,MAX(5,G163-2)))+3*(INDEX($A:$A,G163-1))-3*(INDEX($A:$A,G163))+(INDEX($A:$A,MIN(LOOKUP(2,1/((($A$5:$A$120<>"")+($B$5:$B$120<>""))>0),ROW($A$5:$A$120)),G163+1))))*I163^3),INDEX($A:$A,G163-1)+(INDEX($A:$A,G163)-INDEX($A:$A,G163-1))*I163))	=IF(G163="","",IF(INDEX($C:$C,G163)="C",0.5*(2*(INDEX($B:$B,G163-1))+(-(INDEX($B:$B,MAX(5,G163-2)))+(INDEX($B:$B,G163)))*I163+(2*(INDEX($B:$B,MAX(5,G163-2)))-5*(INDEX($B:$B,G163-1))+4*(INDEX($B:$B,G163))-(INDEX($B:$B,MIN(LOOKUP(2,1/((($A$5:$A$120<>"")+($B$5:$B$120<>""))>0),ROW($A$5:$A$120)),G163+1))))*I163^2+(-(INDEX($B:$B,MAX(5,G163-2)))+3*(INDEX($B:$B,G163-1))-3*(INDEX($B:$B,G163))+(INDEX($B:$B,MIN(LOOKUP(2,1/((($A$5:$A$120<>"")+($B$5:$B$120<>""))>0),ROW($A$5:$A$120)),G163+1))))*I163^3),INDEX($B:$B,G163-1)+(INDEX($B:$B,G163)-INDEX($B:$B,G163-1))*I163))	=IF(J163="","",IF(AND(J162<>"",J164<>""),(J164-J162)/2,IF(J164<>"",J164-J163,IF(J162<>"",J163-J162,""))))	=IF(K163="","",IF(AND(K162<>"",K164<>""),(K164-K162)/2,IF(K164<>"",K164-K163,IF(K162<>"",K163-K162,""))))	=IF(L163="","",MOD(DEGREES(ATAN2(L163,M163)),360))	=IF(N163="","",N163+$S$2)	=IF(O163="","","G1 X"&TEXT(J163,"0.###")&" Y"&TEXT(K163,"0.###")&" Z"&TEXT(O163,"0.###"))					
					=ROW()-5	=IF(OR(F164="",F164<=0,F164>LOOKUP(9.99999999999999E+307,$E$5:$E$120)),"",LOOKUP(F164-1,$E$5:$E$120,ROW($E$5:$E$120))+1)	=IF(G164="","",F164-INDEX($E:$E,G164-1))	=IF(G164="","",H164/INDEX($D:$D,G164))	=IF(G164="","",IF(INDEX($C:$C,G164)="C",0.5*(2*(INDEX($A:$A,G164-1))+(-(INDEX($A:$A,MAX(5,G164-2)))+(INDEX($A:$A,G164)))*I164+(2*(INDEX($A:$A,MAX(5,G164-2)))-5*(INDEX($A:$A,G164-1))+4*(INDEX($A:$A,G164))-(INDEX($A:$A,MIN(LOOKUP(2,1/((($A$5:$A$120<>"")+($B$5:$B$120<>""))>0),ROW($A$5:$A$120)),G164+1))))*I164^2+(-(INDEX($A:$A,MAX(5,G164-2)))+3*(INDEX($A:$A,G164-1))-3*(INDEX($A:$A,G164))+(INDEX($A:$A,MIN(LOOKUP(2,1/((($A$5:$A$120<>"")+($B$5:$B$120<>""))>0),ROW($A$5:$A$120)),G164+1))))*I164^3),INDEX($A:$A,G164-1)+(INDEX($A:$A,G164)-INDEX($A:$A,G164-1))*I164))	=IF(G164="","",IF(INDEX($C:$C,G164)="C",0.5*(2*(INDEX($B:$B,G164-1))+(-(INDEX($B:$B,MAX(5,G164-2)))+(INDEX($B:$B,G164)))*I164+(2*(INDEX($B:$B,MAX(5,G164-2)))-5*(INDEX($B:$B,G164-1))+4*(INDEX($B:$B,G164))-(INDEX($B:$B,MIN(LOOKUP(2,1/((($A$5:$A$120<>"")+($B$5:$B$120<>""))>0),ROW($A$5:$A$120)),G164+1))))*I164^2+(-(INDEX($B:$B,MAX(5,G164-2)))+3*(INDEX($B:$B,G164-1))-3*(INDEX($B:$B,G164))+(INDEX($B:$B,MIN(LOOKUP(2,1/((($A$5:$A$120<>"")+($B$5:$B$120<>""))>0),ROW($A$5:$A$120)),G164+1))))*I164^3),INDEX($B:$B,G164-1)+(INDEX($B:$B,G164)-INDEX($B:$B,G164-1))*I164))	=IF(J164="","",IF(AND(J163<>"",J165<>""),(J165-J163)/2,IF(J165<>"",J165-J164,IF(J163<>"",J164-J163,""))))	=IF(K164="","",IF(AND(K163<>"",K165<>""),(K165-K163)/2,IF(K165<>"",K165-K164,IF(K163<>"",K164-K163,""))))	=IF(L164="","",MOD(DEGREES(ATAN2(L164,M164)),360))	=IF(N164="","",N164+$S$2)	=IF(O164="","","G1 X"&TEXT(J164,"0.###")&" Y"&TEXT(K164,"0.###")&" Z"&TEXT(O164,"0.###"))					
					=ROW()-5	=IF(OR(F165="",F165<=0,F165>LOOKUP(9.99999999999999E+307,$E$5:$E$120)),"",LOOKUP(F165-1,$E$5:$E$120,ROW($E$5:$E$120))+1)	=IF(G165="","",F165-INDEX($E:$E,G165-1))	=IF(G165="","",H165/INDEX($D:$D,G165))	=IF(G165="","",IF(INDEX($C:$C,G165)="C",0.5*(2*(INDEX($A:$A,G165-1))+(-(INDEX($A:$A,MAX(5,G165-2)))+(INDEX($A:$A,G165)))*I165+(2*(INDEX($A:$A,MAX(5,G165-2)))-5*(INDEX($A:$A,G165-1))+4*(INDEX($A:$A,G165))-(INDEX($A:$A,MIN(LOOKUP(2,1/((($A$5:$A$120<>"")+($B$5:$B$120<>""))>0),ROW($A$5:$A$120)),G165+1))))*I165^2+(-(INDEX($A:$A,MAX(5,G165-2)))+3*(INDEX($A:$A,G165-1))-3*(INDEX($A:$A,G165))+(INDEX($A:$A,MIN(LOOKUP(2,1/((($A$5:$A$120<>"")+($B$5:$B$120<>""))>0),ROW($A$5:$A$120)),G165+1))))*I165^3),INDEX($A:$A,G165-1)+(INDEX($A:$A,G165)-INDEX($A:$A,G165-1))*I165))	=IF(G165="","",IF(INDEX($C:$C,G165)="C",0.5*(2*(INDEX($B:$B,G165-1))+(-(INDEX($B:$B,MAX(5,G165-2)))+(INDEX($B:$B,G165)))*I165+(2*(INDEX($B:$B,MAX(5,G165-2)))-5*(INDEX($B:$B,G165-1))+4*(INDEX($B:$B,G165))-(INDEX($B:$B,MIN(LOOKUP(2,1/((($A$5:$A$120<>"")+($B$5:$B$120<>""))>0),ROW($A$5:$A$120)),G165+1))))*I165^2+(-(INDEX($B:$B,MAX(5,G165-2)))+3*(INDEX($B:$B,G165-1))-3*(INDEX($B:$B,G165))+(INDEX($B:$B,MIN(LOOKUP(2,1/((($A$5:$A$120<>"")+($B$5:$B$120<>""))>0),ROW($A$5:$A$120)),G165+1))))*I165^3),INDEX($B:$B,G165-1)+(INDEX($B:$B,G165)-INDEX($B:$B,G165-1))*I165))	=IF(J165="","",IF(AND(J164<>"",J166<>""),(J166-J164)/2,IF(J166<>"",J166-J165,IF(J164<>"",J165-J164,""))))	=IF(K165="","",IF(AND(K164<>"",K166<>""),(K166-K164)/2,IF(K166<>"",K166-K165,IF(K164<>"",K165-K164,""))))	=IF(L165="","",MOD(DEGREES(ATAN2(L165,M165)),360))	=IF(N165="","",N165+$S$2)	=IF(O165="","","G1 X"&TEXT(J165,"0.###")&" Y"&TEXT(K165,"0.###")&" Z"&TEXT(O165,"0.###"))					
					=ROW()-5	=IF(OR(F166="",F166<=0,F166>LOOKUP(9.99999999999999E+307,$E$5:$E$120)),"",LOOKUP(F166-1,$E$5:$E$120,ROW($E$5:$E$120))+1)	=IF(G166="","",F166-INDEX($E:$E,G166-1))	=IF(G166="","",H166/INDEX($D:$D,G166))	=IF(G166="","",IF(INDEX($C:$C,G166)="C",0.5*(2*(INDEX($A:$A,G166-1))+(-(INDEX($A:$A,MAX(5,G166-2)))+(INDEX($A:$A,G166)))*I166+(2*(INDEX($A:$A,MAX(5,G166-2)))-5*(INDEX($A:$A,G166-1))+4*(INDEX($A:$A,G166))-(INDEX($A:$A,MIN(LOOKUP(2,1/((($A$5:$A$120<>"")+($B$5:$B$120<>""))>0),ROW($A$5:$A$120)),G166+1))))*I166^2+(-(INDEX($A:$A,MAX(5,G166-2)))+3*(INDEX($A:$A,G166-1))-3*(INDEX($A:$A,G166))+(INDEX($A:$A,MIN(LOOKUP(2,1/((($A$5:$A$120<>"")+($B$5:$B$120<>""))>0),ROW($A$5:$A$120)),G166+1))))*I166^3),INDEX($A:$A,G166-1)+(INDEX($A:$A,G166)-INDEX($A:$A,G166-1))*I166))	=IF(G166="","",IF(INDEX($C:$C,G166)="C",0.5*(2*(INDEX($B:$B,G166-1))+(-(INDEX($B:$B,MAX(5,G166-2)))+(INDEX($B:$B,G166)))*I166+(2*(INDEX($B:$B,MAX(5,G166-2)))-5*(INDEX($B:$B,G166-1))+4*(INDEX($B:$B,G166))-(INDEX($B:$B,MIN(LOOKUP(2,1/((($A$5:$A$120<>"")+($B$5:$B$120<>""))>0),ROW($A$5:$A$120)),G166+1))))*I166^2+(-(INDEX($B:$B,MAX(5,G166-2)))+3*(INDEX($B:$B,G166-1))-3*(INDEX($B:$B,G166))+(INDEX($B:$B,MIN(LOOKUP(2,1/((($A$5:$A$120<>"")+($B$5:$B$120<>""))>0),ROW($A$5:$A$120)),G166+1))))*I166^3),INDEX($B:$B,G166-1)+(INDEX($B:$B,G166)-INDEX($B:$B,G166-1))*I166))	=IF(J166="","",IF(AND(J165<>"",J167<>""),(J167-J165)/2,IF(J167<>"",J167-J166,IF(J165<>"",J166-J165,""))))	=IF(K166="","",IF(AND(K165<>"",K167<>""),(K167-K165)/2,IF(K167<>"",K167-K166,IF(K165<>"",K166-K165,""))))	=IF(L166="","",MOD(DEGREES(ATAN2(L166,M166)),360))	=IF(N166="","",N166+$S$2)	=IF(O166="","","G1 X"&TEXT(J166,"0.###")&" Y"&TEXT(K166,"0.###")&" Z"&TEXT(O166,"0.###"))					
					=ROW()-5	=IF(OR(F167="",F167<=0,F167>LOOKUP(9.99999999999999E+307,$E$5:$E$120)),"",LOOKUP(F167-1,$E$5:$E$120,ROW($E$5:$E$120))+1)	=IF(G167="","",F167-INDEX($E:$E,G167-1))	=IF(G167="","",H167/INDEX($D:$D,G167))	=IF(G167="","",IF(INDEX($C:$C,G167)="C",0.5*(2*(INDEX($A:$A,G167-1))+(-(INDEX($A:$A,MAX(5,G167-2)))+(INDEX($A:$A,G167)))*I167+(2*(INDEX($A:$A,MAX(5,G167-2)))-5*(INDEX($A:$A,G167-1))+4*(INDEX($A:$A,G167))-(INDEX($A:$A,MIN(LOOKUP(2,1/((($A$5:$A$120<>"")+($B$5:$B$120<>""))>0),ROW($A$5:$A$120)),G167+1))))*I167^2+(-(INDEX($A:$A,MAX(5,G167-2)))+3*(INDEX($A:$A,G167-1))-3*(INDEX($A:$A,G167))+(INDEX($A:$A,MIN(LOOKUP(2,1/((($A$5:$A$120<>"")+($B$5:$B$120<>""))>0),ROW($A$5:$A$120)),G167+1))))*I167^3),INDEX($A:$A,G167-1)+(INDEX($A:$A,G167)-INDEX($A:$A,G167-1))*I167))	=IF(G167="","",IF(INDEX($C:$C,G167)="C",0.5*(2*(INDEX($B:$B,G167-1))+(-(INDEX($B:$B,MAX(5,G167-2)))+(INDEX($B:$B,G167)))*I167+(2*(INDEX($B:$B,MAX(5,G167-2)))-5*(INDEX($B:$B,G167-1))+4*(INDEX($B:$B,G167))-(INDEX($B:$B,MIN(LOOKUP(2,1/((($A$5:$A$120<>"")+($B$5:$B$120<>""))>0),ROW($A$5:$A$120)),G167+1))))*I167^2+(-(INDEX($B:$B,MAX(5,G167-2)))+3*(INDEX($B:$B,G167-1))-3*(INDEX($B:$B,G167))+(INDEX($B:$B,MIN(LOOKUP(2,1/((($A$5:$A$120<>"")+($B$5:$B$120<>""))>0),ROW($A$5:$A$120)),G167+1))))*I167^3),INDEX($B:$B,G167-1)+(INDEX($B:$B,G167)-INDEX($B:$B,G167-1))*I167))	=IF(J167="","",IF(AND(J166<>"",J168<>""),(J168-J166)/2,IF(J168<>"",J168-J167,IF(J166<>"",J167-J166,""))))	=IF(K167="","",IF(AND(K166<>"",K168<>""),(K168-K166)/2,IF(K168<>"",K168-K167,IF(K166<>"",K167-K166,""))))	=IF(L167="","",MOD(DEGREES(ATAN2(L167,M167)),360))	=IF(N167="","",N167+$S$2)	=IF(O167="","","G1 X"&TEXT(J167,"0.###")&" Y"&TEXT(K167,"0.###")&" Z"&TEXT(O167,"0.###"))					
					=ROW()-5	=IF(OR(F168="",F168<=0,F168>LOOKUP(9.99999999999999E+307,$E$5:$E$120)),"",LOOKUP(F168-1,$E$5:$E$120,ROW($E$5:$E$120))+1)	=IF(G168="","",F168-INDEX($E:$E,G168-1))	=IF(G168="","",H168/INDEX($D:$D,G168))	=IF(G168="","",IF(INDEX($C:$C,G168)="C",0.5*(2*(INDEX($A:$A,G168-1))+(-(INDEX($A:$A,MAX(5,G168-2)))+(INDEX($A:$A,G168)))*I168+(2*(INDEX($A:$A,MAX(5,G168-2)))-5*(INDEX($A:$A,G168-1))+4*(INDEX($A:$A,G168))-(INDEX($A:$A,MIN(LOOKUP(2,1/((($A$5:$A$120<>"")+($B$5:$B$120<>""))>0),ROW($A$5:$A$120)),G168+1))))*I168^2+(-(INDEX($A:$A,MAX(5,G168-2)))+3*(INDEX($A:$A,G168-1))-3*(INDEX($A:$A,G168))+(INDEX($A:$A,MIN(LOOKUP(2,1/((($A$5:$A$120<>"")+($B$5:$B$120<>""))>0),ROW($A$5:$A$120)),G168+1))))*I168^3),INDEX($A:$A,G168-1)+(INDEX($A:$A,G168)-INDEX($A:$A,G168-1))*I168))	=IF(G168="","",IF(INDEX($C:$C,G168)="C",0.5*(2*(INDEX($B:$B,G168-1))+(-(INDEX($B:$B,MAX(5,G168-2)))+(INDEX($B:$B,G168)))*I168+(2*(INDEX($B:$B,MAX(5,G168-2)))-5*(INDEX($B:$B,G168-1))+4*(INDEX($B:$B,G168))-(INDEX($B:$B,MIN(LOOKUP(2,1/((($A$5:$A$120<>"")+($B$5:$B$120<>""))>0),ROW($A$5:$A$120)),G168+1))))*I168^2+(-(INDEX($B:$B,MAX(5,G168-2)))+3*(INDEX($B:$B,G168-1))-3*(INDEX($B:$B,G168))+(INDEX($B:$B,MIN(LOOKUP(2,1/((($A$5:$A$120<>"")+($B$5:$B$120<>""))>0),ROW($A$5:$A$120)),G168+1))))*I168^3),INDEX($B:$B,G168-1)+(INDEX($B:$B,G168)-INDEX($B:$B,G168-1))*I168))	=IF(J168="","",IF(AND(J167<>"",J169<>""),(J169-J167)/2,IF(J169<>"",J169-J168,IF(J167<>"",J168-J167,""))))	=IF(K168="","",IF(AND(K167<>"",K169<>""),(K169-K167)/2,IF(K169<>"",K169-K168,IF(K167<>"",K168-K167,""))))	=IF(L168="","",MOD(DEGREES(ATAN2(L168,M168)),360))	=IF(N168="","",N168+$S$2)	=IF(O168="","","G1 X"&TEXT(J168,"0.###")&" Y"&TEXT(K168,"0.###")&" Z"&TEXT(O168,"0.###"))					
					=ROW()-5	=IF(OR(F169="",F169<=0,F169>LOOKUP(9.99999999999999E+307,$E$5:$E$120)),"",LOOKUP(F169-1,$E$5:$E$120,ROW($E$5:$E$120))+1)	=IF(G169="","",F169-INDEX($E:$E,G169-1))	=IF(G169="","",H169/INDEX($D:$D,G169))	=IF(G169="","",IF(INDEX($C:$C,G169)="C",0.5*(2*(INDEX($A:$A,G169-1))+(-(INDEX($A:$A,MAX(5,G169-2)))+(INDEX($A:$A,G169)))*I169+(2*(INDEX($A:$A,MAX(5,G169-2)))-5*(INDEX($A:$A,G169-1))+4*(INDEX($A:$A,G169))-(INDEX($A:$A,MIN(LOOKUP(2,1/((($A$5:$A$120<>"")+($B$5:$B$120<>""))>0),ROW($A$5:$A$120)),G169+1))))*I169^2+(-(INDEX($A:$A,MAX(5,G169-2)))+3*(INDEX($A:$A,G169-1))-3*(INDEX($A:$A,G169))+(INDEX($A:$A,MIN(LOOKUP(2,1/((($A$5:$A$120<>"")+($B$5:$B$120<>""))>0),ROW($A$5:$A$120)),G169+1))))*I169^3),INDEX($A:$A,G169-1)+(INDEX($A:$A,G169)-INDEX($A:$A,G169-1))*I169))	=IF(G169="","",IF(INDEX($C:$C,G169)="C",0.5*(2*(INDEX($B:$B,G169-1))+(-(INDEX($B:$B,MAX(5,G169-2)))+(INDEX($B:$B,G169)))*I169+(2*(INDEX($B:$B,MAX(5,G169-2)))-5*(INDEX($B:$B,G169-1))+4*(INDEX($B:$B,G169))-(INDEX($B:$B,MIN(LOOKUP(2,1/((($A$5:$A$120<>"")+($B$5:$B$120<>""))>0),ROW($A$5:$A$120)),G169+1))))*I169^2+(-(INDEX($B:$B,MAX(5,G169-2)))+3*(INDEX($B:$B,G169-1))-3*(INDEX($B:$B,G169))+(INDEX($B:$B,MIN(LOOKUP(2,1/((($A$5:$A$120<>"")+($B$5:$B$120<>""))>0),ROW($A$5:$A$120)),G169+1))))*I169^3),INDEX($B:$B,G169-1)+(INDEX($B:$B,G169)-INDEX($B:$B,G169-1))*I169))	=IF(J169="","",IF(AND(J168<>"",J170<>""),(J170-J168)/2,IF(J170<>"",J170-J169,IF(J168<>"",J169-J168,""))))	=IF(K169="","",IF(AND(K168<>"",K170<>""),(K170-K168)/2,IF(K170<>"",K170-K169,IF(K168<>"",K169-K168,""))))	=IF(L169="","",MOD(DEGREES(ATAN2(L169,M169)),360))	=IF(N169="","",N169+$S$2)	=IF(O169="","","G1 X"&TEXT(J169,"0.###")&" Y"&TEXT(K169,"0.###")&" Z"&TEXT(O169,"0.###"))					
					=ROW()-5	=IF(OR(F170="",F170<=0,F170>LOOKUP(9.99999999999999E+307,$E$5:$E$120)),"",LOOKUP(F170-1,$E$5:$E$120,ROW($E$5:$E$120))+1)	=IF(G170="","",F170-INDEX($E:$E,G170-1))	=IF(G170="","",H170/INDEX($D:$D,G170))	=IF(G170="","",IF(INDEX($C:$C,G170)="C",0.5*(2*(INDEX($A:$A,G170-1))+(-(INDEX($A:$A,MAX(5,G170-2)))+(INDEX($A:$A,G170)))*I170+(2*(INDEX($A:$A,MAX(5,G170-2)))-5*(INDEX($A:$A,G170-1))+4*(INDEX($A:$A,G170))-(INDEX($A:$A,MIN(LOOKUP(2,1/((($A$5:$A$120<>"")+($B$5:$B$120<>""))>0),ROW($A$5:$A$120)),G170+1))))*I170^2+(-(INDEX($A:$A,MAX(5,G170-2)))+3*(INDEX($A:$A,G170-1))-3*(INDEX($A:$A,G170))+(INDEX($A:$A,MIN(LOOKUP(2,1/((($A$5:$A$120<>"")+($B$5:$B$120<>""))>0),ROW($A$5:$A$120)),G170+1))))*I170^3),INDEX($A:$A,G170-1)+(INDEX($A:$A,G170)-INDEX($A:$A,G170-1))*I170))	=IF(G170="","",IF(INDEX($C:$C,G170)="C",0.5*(2*(INDEX($B:$B,G170-1))+(-(INDEX($B:$B,MAX(5,G170-2)))+(INDEX($B:$B,G170)))*I170+(2*(INDEX($B:$B,MAX(5,G170-2)))-5*(INDEX($B:$B,G170-1))+4*(INDEX($B:$B,G170))-(INDEX($B:$B,MIN(LOOKUP(2,1/((($A$5:$A$120<>"")+($B$5:$B$120<>""))>0),ROW($A$5:$A$120)),G170+1))))*I170^2+(-(INDEX($B:$B,MAX(5,G170-2)))+3*(INDEX($B:$B,G170-1))-3*(INDEX($B:$B,G170))+(INDEX($B:$B,MIN(LOOKUP(2,1/((($A$5:$A$120<>"")+($B$5:$B$120<>""))>0),ROW($A$5:$A$120)),G170+1))))*I170^3),INDEX($B:$B,G170-1)+(INDEX($B:$B,G170)-INDEX($B:$B,G170-1))*I170))	=IF(J170="","",IF(AND(J169<>"",J171<>""),(J171-J169)/2,IF(J171<>"",J171-J170,IF(J169<>"",J170-J169,""))))	=IF(K170="","",IF(AND(K169<>"",K171<>""),(K171-K169)/2,IF(K171<>"",K171-K170,IF(K169<>"",K170-K169,""))))	=IF(L170="","",MOD(DEGREES(ATAN2(L170,M170)),360))	=IF(N170="","",N170+$S$2)	=IF(O170="","","G1 X"&TEXT(J170,"0.###")&" Y"&TEXT(K170,"0.###")&" Z"&TEXT(O170,"0.###"))					
					=ROW()-5	=IF(OR(F171="",F171<=0,F171>LOOKUP(9.99999999999999E+307,$E$5:$E$120)),"",LOOKUP(F171-1,$E$5:$E$120,ROW($E$5:$E$120))+1)	=IF(G171="","",F171-INDEX($E:$E,G171-1))	=IF(G171="","",H171/INDEX($D:$D,G171))	=IF(G171="","",IF(INDEX($C:$C,G171)="C",0.5*(2*(INDEX($A:$A,G171-1))+(-(INDEX($A:$A,MAX(5,G171-2)))+(INDEX($A:$A,G171)))*I171+(2*(INDEX($A:$A,MAX(5,G171-2)))-5*(INDEX($A:$A,G171-1))+4*(INDEX($A:$A,G171))-(INDEX($A:$A,MIN(LOOKUP(2,1/((($A$5:$A$120<>"")+($B$5:$B$120<>""))>0),ROW($A$5:$A$120)),G171+1))))*I171^2+(-(INDEX($A:$A,MAX(5,G171-2)))+3*(INDEX($A:$A,G171-1))-3*(INDEX($A:$A,G171))+(INDEX($A:$A,MIN(LOOKUP(2,1/((($A$5:$A$120<>"")+($B$5:$B$120<>""))>0),ROW($A$5:$A$120)),G171+1))))*I171^3),INDEX($A:$A,G171-1)+(INDEX($A:$A,G171)-INDEX($A:$A,G171-1))*I171))	=IF(G171="","",IF(INDEX($C:$C,G171)="C",0.5*(2*(INDEX($B:$B,G171-1))+(-(INDEX($B:$B,MAX(5,G171-2)))+(INDEX($B:$B,G171)))*I171+(2*(INDEX($B:$B,MAX(5,G171-2)))-5*(INDEX($B:$B,G171-1))+4*(INDEX($B:$B,G171))-(INDEX($B:$B,MIN(LOOKUP(2,1/((($A$5:$A$120<>"")+($B$5:$B$120<>""))>0),ROW($A$5:$A$120)),G171+1))))*I171^2+(-(INDEX($B:$B,MAX(5,G171-2)))+3*(INDEX($B:$B,G171-1))-3*(INDEX($B:$B,G171))+(INDEX($B:$B,MIN(LOOKUP(2,1/((($A$5:$A$120<>"")+($B$5:$B$120<>""))>0),ROW($A$5:$A$120)),G171+1))))*I171^3),INDEX($B:$B,G171-1)+(INDEX($B:$B,G171)-INDEX($B:$B,G171-1))*I171))	=IF(J171="","",IF(AND(J170<>"",J172<>""),(J172-J170)/2,IF(J172<>"",J172-J171,IF(J170<>"",J171-J170,""))))	=IF(K171="","",IF(AND(K170<>"",K172<>""),(K172-K170)/2,IF(K172<>"",K172-K171,IF(K170<>"",K171-K170,""))))	=IF(L171="","",MOD(DEGREES(ATAN2(L171,M171)),360))	=IF(N171="","",N171+$S$2)	=IF(O171="","","G1 X"&TEXT(J171,"0.###")&" Y"&TEXT(K171,"0.###")&" Z"&TEXT(O171,"0.###"))					
					=ROW()-5	=IF(OR(F172="",F172<=0,F172>LOOKUP(9.99999999999999E+307,$E$5:$E$120)),"",LOOKUP(F172-1,$E$5:$E$120,ROW($E$5:$E$120))+1)	=IF(G172="","",F172-INDEX($E:$E,G172-1))	=IF(G172="","",H172/INDEX($D:$D,G172))	=IF(G172="","",IF(INDEX($C:$C,G172)="C",0.5*(2*(INDEX($A:$A,G172-1))+(-(INDEX($A:$A,MAX(5,G172-2)))+(INDEX($A:$A,G172)))*I172+(2*(INDEX($A:$A,MAX(5,G172-2)))-5*(INDEX($A:$A,G172-1))+4*(INDEX($A:$A,G172))-(INDEX($A:$A,MIN(LOOKUP(2,1/((($A$5:$A$120<>"")+($B$5:$B$120<>""))>0),ROW($A$5:$A$120)),G172+1))))*I172^2+(-(INDEX($A:$A,MAX(5,G172-2)))+3*(INDEX($A:$A,G172-1))-3*(INDEX($A:$A,G172))+(INDEX($A:$A,MIN(LOOKUP(2,1/((($A$5:$A$120<>"")+($B$5:$B$120<>""))>0),ROW($A$5:$A$120)),G172+1))))*I172^3),INDEX($A:$A,G172-1)+(INDEX($A:$A,G172)-INDEX($A:$A,G172-1))*I172))	=IF(G172="","",IF(INDEX($C:$C,G172)="C",0.5*(2*(INDEX($B:$B,G172-1))+(-(INDEX($B:$B,MAX(5,G172-2)))+(INDEX($B:$B,G172)))*I172+(2*(INDEX($B:$B,MAX(5,G172-2)))-5*(INDEX($B:$B,G172-1))+4*(INDEX($B:$B,G172))-(INDEX($B:$B,MIN(LOOKUP(2,1/((($A$5:$A$120<>"")+($B$5:$B$120<>""))>0),ROW($A$5:$A$120)),G172+1))))*I172^2+(-(INDEX($B:$B,MAX(5,G172-2)))+3*(INDEX($B:$B,G172-1))-3*(INDEX($B:$B,G172))+(INDEX($B:$B,MIN(LOOKUP(2,1/((($A$5:$A$120<>"")+($B$5:$B$120<>""))>0),ROW($A$5:$A$120)),G172+1))))*I172^3),INDEX($B:$B,G172-1)+(INDEX($B:$B,G172)-INDEX($B:$B,G172-1))*I172))	=IF(J172="","",IF(AND(J171<>"",J173<>""),(J173-J171)/2,IF(J173<>"",J173-J172,IF(J171<>"",J172-J171,""))))	=IF(K172="","",IF(AND(K171<>"",K173<>""),(K173-K171)/2,IF(K173<>"",K173-K172,IF(K171<>"",K172-K171,""))))	=IF(L172="","",MOD(DEGREES(ATAN2(L172,M172)),360))	=IF(N172="","",N172+$S$2)	=IF(O172="","","G1 X"&TEXT(J172,"0.###")&" Y"&TEXT(K172,"0.###")&" Z"&TEXT(O172,"0.###"))					
					=ROW()-5	=IF(OR(F173="",F173<=0,F173>LOOKUP(9.99999999999999E+307,$E$5:$E$120)),"",LOOKUP(F173-1,$E$5:$E$120,ROW($E$5:$E$120))+1)	=IF(G173="","",F173-INDEX($E:$E,G173-1))	=IF(G173="","",H173/INDEX($D:$D,G173))	=IF(G173="","",IF(INDEX($C:$C,G173)="C",0.5*(2*(INDEX($A:$A,G173-1))+(-(INDEX($A:$A,MAX(5,G173-2)))+(INDEX($A:$A,G173)))*I173+(2*(INDEX($A:$A,MAX(5,G173-2)))-5*(INDEX($A:$A,G173-1))+4*(INDEX($A:$A,G173))-(INDEX($A:$A,MIN(LOOKUP(2,1/((($A$5:$A$120<>"")+($B$5:$B$120<>""))>0),ROW($A$5:$A$120)),G173+1))))*I173^2+(-(INDEX($A:$A,MAX(5,G173-2)))+3*(INDEX($A:$A,G173-1))-3*(INDEX($A:$A,G173))+(INDEX($A:$A,MIN(LOOKUP(2,1/((($A$5:$A$120<>"")+($B$5:$B$120<>""))>0),ROW($A$5:$A$120)),G173+1))))*I173^3),INDEX($A:$A,G173-1)+(INDEX($A:$A,G173)-INDEX($A:$A,G173-1))*I173))	=IF(G173="","",IF(INDEX($C:$C,G173)="C",0.5*(2*(INDEX($B:$B,G173-1))+(-(INDEX($B:$B,MAX(5,G173-2)))+(INDEX($B:$B,G173)))*I173+(2*(INDEX($B:$B,MAX(5,G173-2)))-5*(INDEX($B:$B,G173-1))+4*(INDEX($B:$B,G173))-(INDEX($B:$B,MIN(LOOKUP(2,1/((($A$5:$A$120<>"")+($B$5:$B$120<>""))>0),ROW($A$5:$A$120)),G173+1))))*I173^2+(-(INDEX($B:$B,MAX(5,G173-2)))+3*(INDEX($B:$B,G173-1))-3*(INDEX($B:$B,G173))+(INDEX($B:$B,MIN(LOOKUP(2,1/((($A$5:$A$120<>"")+($B$5:$B$120<>""))>0),ROW($A$5:$A$120)),G173+1))))*I173^3),INDEX($B:$B,G173-1)+(INDEX($B:$B,G173)-INDEX($B:$B,G173-1))*I173))	=IF(J173="","",IF(AND(J172<>"",J174<>""),(J174-J172)/2,IF(J174<>"",J174-J173,IF(J172<>"",J173-J172,""))))	=IF(K173="","",IF(AND(K172<>"",K174<>""),(K174-K172)/2,IF(K174<>"",K174-K173,IF(K172<>"",K173-K172,""))))	=IF(L173="","",MOD(DEGREES(ATAN2(L173,M173)),360))	=IF(N173="","",N173+$S$2)	=IF(O173="","","G1 X"&TEXT(J173,"0.###")&" Y"&TEXT(K173,"0.###")&" Z"&TEXT(O173,"0.###"))					
					=ROW()-5	=IF(OR(F174="",F174<=0,F174>LOOKUP(9.99999999999999E+307,$E$5:$E$120)),"",LOOKUP(F174-1,$E$5:$E$120,ROW($E$5:$E$120))+1)	=IF(G174="","",F174-INDEX($E:$E,G174-1))	=IF(G174="","",H174/INDEX($D:$D,G174))	=IF(G174="","",IF(INDEX($C:$C,G174)="C",0.5*(2*(INDEX($A:$A,G174-1))+(-(INDEX($A:$A,MAX(5,G174-2)))+(INDEX($A:$A,G174)))*I174+(2*(INDEX($A:$A,MAX(5,G174-2)))-5*(INDEX($A:$A,G174-1))+4*(INDEX($A:$A,G174))-(INDEX($A:$A,MIN(LOOKUP(2,1/((($A$5:$A$120<>"")+($B$5:$B$120<>""))>0),ROW($A$5:$A$120)),G174+1))))*I174^2+(-(INDEX($A:$A,MAX(5,G174-2)))+3*(INDEX($A:$A,G174-1))-3*(INDEX($A:$A,G174))+(INDEX($A:$A,MIN(LOOKUP(2,1/((($A$5:$A$120<>"")+($B$5:$B$120<>""))>0),ROW($A$5:$A$120)),G174+1))))*I174^3),INDEX($A:$A,G174-1)+(INDEX($A:$A,G174)-INDEX($A:$A,G174-1))*I174))	=IF(G174="","",IF(INDEX($C:$C,G174)="C",0.5*(2*(INDEX($B:$B,G174-1))+(-(INDEX($B:$B,MAX(5,G174-2)))+(INDEX($B:$B,G174)))*I174+(2*(INDEX($B:$B,MAX(5,G174-2)))-5*(INDEX($B:$B,G174-1))+4*(INDEX($B:$B,G174))-(INDEX($B:$B,MIN(LOOKUP(2,1/((($A$5:$A$120<>"")+($B$5:$B$120<>""))>0),ROW($A$5:$A$120)),G174+1))))*I174^2+(-(INDEX($B:$B,MAX(5,G174-2)))+3*(INDEX($B:$B,G174-1))-3*(INDEX($B:$B,G174))+(INDEX($B:$B,MIN(LOOKUP(2,1/((($A$5:$A$120<>"")+($B$5:$B$120<>""))>0),ROW($A$5:$A$120)),G174+1))))*I174^3),INDEX($B:$B,G174-1)+(INDEX($B:$B,G174)-INDEX($B:$B,G174-1))*I174))	=IF(J174="","",IF(AND(J173<>"",J175<>""),(J175-J173)/2,IF(J175<>"",J175-J174,IF(J173<>"",J174-J173,""))))	=IF(K174="","",IF(AND(K173<>"",K175<>""),(K175-K173)/2,IF(K175<>"",K175-K174,IF(K173<>"",K174-K173,""))))	=IF(L174="","",MOD(DEGREES(ATAN2(L174,M174)),360))	=IF(N174="","",N174+$S$2)	=IF(O174="","","G1 X"&TEXT(J174,"0.###")&" Y"&TEXT(K174,"0.###")&" Z"&TEXT(O174,"0.###"))					
					=ROW()-5	=IF(OR(F175="",F175<=0,F175>LOOKUP(9.99999999999999E+307,$E$5:$E$120)),"",LOOKUP(F175-1,$E$5:$E$120,ROW($E$5:$E$120))+1)	=IF(G175="","",F175-INDEX($E:$E,G175-1))	=IF(G175="","",H175/INDEX($D:$D,G175))	=IF(G175="","",IF(INDEX($C:$C,G175)="C",0.5*(2*(INDEX($A:$A,G175-1))+(-(INDEX($A:$A,MAX(5,G175-2)))+(INDEX($A:$A,G175)))*I175+(2*(INDEX($A:$A,MAX(5,G175-2)))-5*(INDEX($A:$A,G175-1))+4*(INDEX($A:$A,G175))-(INDEX($A:$A,MIN(LOOKUP(2,1/((($A$5:$A$120<>"")+($B$5:$B$120<>""))>0),ROW($A$5:$A$120)),G175+1))))*I175^2+(-(INDEX($A:$A,MAX(5,G175-2)))+3*(INDEX($A:$A,G175-1))-3*(INDEX($A:$A,G175))+(INDEX($A:$A,MIN(LOOKUP(2,1/((($A$5:$A$120<>"")+($B$5:$B$120<>""))>0),ROW($A$5:$A$120)),G175+1))))*I175^3),INDEX($A:$A,G175-1)+(INDEX($A:$A,G175)-INDEX($A:$A,G175-1))*I175))	=IF(G175="","",IF(INDEX($C:$C,G175)="C",0.5*(2*(INDEX($B:$B,G175-1))+(-(INDEX($B:$B,MAX(5,G175-2)))+(INDEX($B:$B,G175)))*I175+(2*(INDEX($B:$B,MAX(5,G175-2)))-5*(INDEX($B:$B,G175-1))+4*(INDEX($B:$B,G175))-(INDEX($B:$B,MIN(LOOKUP(2,1/((($A$5:$A$120<>"")+($B$5:$B$120<>""))>0),ROW($A$5:$A$120)),G175+1))))*I175^2+(-(INDEX($B:$B,MAX(5,G175-2)))+3*(INDEX($B:$B,G175-1))-3*(INDEX($B:$B,G175))+(INDEX($B:$B,MIN(LOOKUP(2,1/((($A$5:$A$120<>"")+($B$5:$B$120<>""))>0),ROW($A$5:$A$120)),G175+1))))*I175^3),INDEX($B:$B,G175-1)+(INDEX($B:$B,G175)-INDEX($B:$B,G175-1))*I175))	=IF(J175="","",IF(AND(J174<>"",J176<>""),(J176-J174)/2,IF(J176<>"",J176-J175,IF(J174<>"",J175-J174,""))))	=IF(K175="","",IF(AND(K174<>"",K176<>""),(K176-K174)/2,IF(K176<>"",K176-K175,IF(K174<>"",K175-K174,""))))	=IF(L175="","",MOD(DEGREES(ATAN2(L175,M175)),360))	=IF(N175="","",N175+$S$2)	=IF(O175="","","G1 X"&TEXT(J175,"0.###")&" Y"&TEXT(K175,"0.###")&" Z"&TEXT(O175,"0.###"))					
					=ROW()-5	=IF(OR(F176="",F176<=0,F176>LOOKUP(9.99999999999999E+307,$E$5:$E$120)),"",LOOKUP(F176-1,$E$5:$E$120,ROW($E$5:$E$120))+1)	=IF(G176="","",F176-INDEX($E:$E,G176-1))	=IF(G176="","",H176/INDEX($D:$D,G176))	=IF(G176="","",IF(INDEX($C:$C,G176)="C",0.5*(2*(INDEX($A:$A,G176-1))+(-(INDEX($A:$A,MAX(5,G176-2)))+(INDEX($A:$A,G176)))*I176+(2*(INDEX($A:$A,MAX(5,G176-2)))-5*(INDEX($A:$A,G176-1))+4*(INDEX($A:$A,G176))-(INDEX($A:$A,MIN(LOOKUP(2,1/((($A$5:$A$120<>"")+($B$5:$B$120<>""))>0),ROW($A$5:$A$120)),G176+1))))*I176^2+(-(INDEX($A:$A,MAX(5,G176-2)))+3*(INDEX($A:$A,G176-1))-3*(INDEX($A:$A,G176))+(INDEX($A:$A,MIN(LOOKUP(2,1/((($A$5:$A$120<>"")+($B$5:$B$120<>""))>0),ROW($A$5:$A$120)),G176+1))))*I176^3),INDEX($A:$A,G176-1)+(INDEX($A:$A,G176)-INDEX($A:$A,G176-1))*I176))	=IF(G176="","",IF(INDEX($C:$C,G176)="C",0.5*(2*(INDEX($B:$B,G176-1))+(-(INDEX($B:$B,MAX(5,G176-2)))+(INDEX($B:$B,G176)))*I176+(2*(INDEX($B:$B,MAX(5,G176-2)))-5*(INDEX($B:$B,G176-1))+4*(INDEX($B:$B,G176))-(INDEX($B:$B,MIN(LOOKUP(2,1/((($A$5:$A$120<>"")+($B$5:$B$120<>""))>0),ROW($A$5:$A$120)),G176+1))))*I176^2+(-(INDEX($B:$B,MAX(5,G176-2)))+3*(INDEX($B:$B,G176-1))-3*(INDEX($B:$B,G176))+(INDEX($B:$B,MIN(LOOKUP(2,1/((($A$5:$A$120<>"")+($B$5:$B$120<>""))>0),ROW($A$5:$A$120)),G176+1))))*I176^3),INDEX($B:$B,G176-1)+(INDEX($B:$B,G176)-INDEX($B:$B,G176-1))*I176))	=IF(J176="","",IF(AND(J175<>"",J177<>""),(J177-J175)/2,IF(J177<>"",J177-J176,IF(J175<>"",J176-J175,""))))	=IF(K176="","",IF(AND(K175<>"",K177<>""),(K177-K175)/2,IF(K177<>"",K177-K176,IF(K175<>"",K176-K175,""))))	=IF(L176="","",MOD(DEGREES(ATAN2(L176,M176)),360))	=IF(N176="","",N176+$S$2)	=IF(O176="","","G1 X"&TEXT(J176,"0.###")&" Y"&TEXT(K176,"0.###")&" Z"&TEXT(O176,"0.###"))					
					=ROW()-5	=IF(OR(F177="",F177<=0,F177>LOOKUP(9.99999999999999E+307,$E$5:$E$120)),"",LOOKUP(F177-1,$E$5:$E$120,ROW($E$5:$E$120))+1)	=IF(G177="","",F177-INDEX($E:$E,G177-1))	=IF(G177="","",H177/INDEX($D:$D,G177))	=IF(G177="","",IF(INDEX($C:$C,G177)="C",0.5*(2*(INDEX($A:$A,G177-1))+(-(INDEX($A:$A,MAX(5,G177-2)))+(INDEX($A:$A,G177)))*I177+(2*(INDEX($A:$A,MAX(5,G177-2)))-5*(INDEX($A:$A,G177-1))+4*(INDEX($A:$A,G177))-(INDEX($A:$A,MIN(LOOKUP(2,1/((($A$5:$A$120<>"")+($B$5:$B$120<>""))>0),ROW($A$5:$A$120)),G177+1))))*I177^2+(-(INDEX($A:$A,MAX(5,G177-2)))+3*(INDEX($A:$A,G177-1))-3*(INDEX($A:$A,G177))+(INDEX($A:$A,MIN(LOOKUP(2,1/((($A$5:$A$120<>"")+($B$5:$B$120<>""))>0),ROW($A$5:$A$120)),G177+1))))*I177^3),INDEX($A:$A,G177-1)+(INDEX($A:$A,G177)-INDEX($A:$A,G177-1))*I177))	=IF(G177="","",IF(INDEX($C:$C,G177)="C",0.5*(2*(INDEX($B:$B,G177-1))+(-(INDEX($B:$B,MAX(5,G177-2)))+(INDEX($B:$B,G177)))*I177+(2*(INDEX($B:$B,MAX(5,G177-2)))-5*(INDEX($B:$B,G177-1))+4*(INDEX($B:$B,G177))-(INDEX($B:$B,MIN(LOOKUP(2,1/((($A$5:$A$120<>"")+($B$5:$B$120<>""))>0),ROW($A$5:$A$120)),G177+1))))*I177^2+(-(INDEX($B:$B,MAX(5,G177-2)))+3*(INDEX($B:$B,G177-1))-3*(INDEX($B:$B,G177))+(INDEX($B:$B,MIN(LOOKUP(2,1/((($A$5:$A$120<>"")+($B$5:$B$120<>""))>0),ROW($A$5:$A$120)),G177+1))))*I177^3),INDEX($B:$B,G177-1)+(INDEX($B:$B,G177)-INDEX($B:$B,G177-1))*I177))	=IF(J177="","",IF(AND(J176<>"",J178<>""),(J178-J176)/2,IF(J178<>"",J178-J177,IF(J176<>"",J177-J176,""))))	=IF(K177="","",IF(AND(K176<>"",K178<>""),(K178-K176)/2,IF(K178<>"",K178-K177,IF(K176<>"",K177-K176,""))))	=IF(L177="","",MOD(DEGREES(ATAN2(L177,M177)),360))	=IF(N177="","",N177+$S$2)	=IF(O177="","","G1 X"&TEXT(J177,"0.###")&" Y"&TEXT(K177,"0.###")&" Z"&TEXT(O177,"0.###"))					
					=ROW()-5	=IF(OR(F178="",F178<=0,F178>LOOKUP(9.99999999999999E+307,$E$5:$E$120)),"",LOOKUP(F178-1,$E$5:$E$120,ROW($E$5:$E$120))+1)	=IF(G178="","",F178-INDEX($E:$E,G178-1))	=IF(G178="","",H178/INDEX($D:$D,G178))	=IF(G178="","",IF(INDEX($C:$C,G178)="C",0.5*(2*(INDEX($A:$A,G178-1))+(-(INDEX($A:$A,MAX(5,G178-2)))+(INDEX($A:$A,G178)))*I178+(2*(INDEX($A:$A,MAX(5,G178-2)))-5*(INDEX($A:$A,G178-1))+4*(INDEX($A:$A,G178))-(INDEX($A:$A,MIN(LOOKUP(2,1/((($A$5:$A$120<>"")+($B$5:$B$120<>""))>0),ROW($A$5:$A$120)),G178+1))))*I178^2+(-(INDEX($A:$A,MAX(5,G178-2)))+3*(INDEX($A:$A,G178-1))-3*(INDEX($A:$A,G178))+(INDEX($A:$A,MIN(LOOKUP(2,1/((($A$5:$A$120<>"")+($B$5:$B$120<>""))>0),ROW($A$5:$A$120)),G178+1))))*I178^3),INDEX($A:$A,G178-1)+(INDEX($A:$A,G178)-INDEX($A:$A,G178-1))*I178))	=IF(G178="","",IF(INDEX($C:$C,G178)="C",0.5*(2*(INDEX($B:$B,G178-1))+(-(INDEX($B:$B,MAX(5,G178-2)))+(INDEX($B:$B,G178)))*I178+(2*(INDEX($B:$B,MAX(5,G178-2)))-5*(INDEX($B:$B,G178-1))+4*(INDEX($B:$B,G178))-(INDEX($B:$B,MIN(LOOKUP(2,1/((($A$5:$A$120<>"")+($B$5:$B$120<>""))>0),ROW($A$5:$A$120)),G178+1))))*I178^2+(-(INDEX($B:$B,MAX(5,G178-2)))+3*(INDEX($B:$B,G178-1))-3*(INDEX($B:$B,G178))+(INDEX($B:$B,MIN(LOOKUP(2,1/((($A$5:$A$120<>"")+($B$5:$B$120<>""))>0),ROW($A$5:$A$120)),G178+1))))*I178^3),INDEX($B:$B,G178-1)+(INDEX($B:$B,G178)-INDEX($B:$B,G178-1))*I178))	=IF(J178="","",IF(AND(J177<>"",J179<>""),(J179-J177)/2,IF(J179<>"",J179-J178,IF(J177<>"",J178-J177,""))))	=IF(K178="","",IF(AND(K177<>"",K179<>""),(K179-K177)/2,IF(K179<>"",K179-K178,IF(K177<>"",K178-K177,""))))	=IF(L178="","",MOD(DEGREES(ATAN2(L178,M178)),360))	=IF(N178="","",N178+$S$2)	=IF(O178="","","G1 X"&TEXT(J178,"0.###")&" Y"&TEXT(K178,"0.###")&" Z"&TEXT(O178,"0.###"))					
					=ROW()-5	=IF(OR(F179="",F179<=0,F179>LOOKUP(9.99999999999999E+307,$E$5:$E$120)),"",LOOKUP(F179-1,$E$5:$E$120,ROW($E$5:$E$120))+1)	=IF(G179="","",F179-INDEX($E:$E,G179-1))	=IF(G179="","",H179/INDEX($D:$D,G179))	=IF(G179="","",IF(INDEX($C:$C,G179)="C",0.5*(2*(INDEX($A:$A,G179-1))+(-(INDEX($A:$A,MAX(5,G179-2)))+(INDEX($A:$A,G179)))*I179+(2*(INDEX($A:$A,MAX(5,G179-2)))-5*(INDEX($A:$A,G179-1))+4*(INDEX($A:$A,G179))-(INDEX($A:$A,MIN(LOOKUP(2,1/((($A$5:$A$120<>"")+($B$5:$B$120<>""))>0),ROW($A$5:$A$120)),G179+1))))*I179^2+(-(INDEX($A:$A,MAX(5,G179-2)))+3*(INDEX($A:$A,G179-1))-3*(INDEX($A:$A,G179))+(INDEX($A:$A,MIN(LOOKUP(2,1/((($A$5:$A$120<>"")+($B$5:$B$120<>""))>0),ROW($A$5:$A$120)),G179+1))))*I179^3),INDEX($A:$A,G179-1)+(INDEX($A:$A,G179)-INDEX($A:$A,G179-1))*I179))	=IF(G179="","",IF(INDEX($C:$C,G179)="C",0.5*(2*(INDEX($B:$B,G179-1))+(-(INDEX($B:$B,MAX(5,G179-2)))+(INDEX($B:$B,G179)))*I179+(2*(INDEX($B:$B,MAX(5,G179-2)))-5*(INDEX($B:$B,G179-1))+4*(INDEX($B:$B,G179))-(INDEX($B:$B,MIN(LOOKUP(2,1/((($A$5:$A$120<>"")+($B$5:$B$120<>""))>0),ROW($A$5:$A$120)),G179+1))))*I179^2+(-(INDEX($B:$B,MAX(5,G179-2)))+3*(INDEX($B:$B,G179-1))-3*(INDEX($B:$B,G179))+(INDEX($B:$B,MIN(LOOKUP(2,1/((($A$5:$A$120<>"")+($B$5:$B$120<>""))>0),ROW($A$5:$A$120)),G179+1))))*I179^3),INDEX($B:$B,G179-1)+(INDEX($B:$B,G179)-INDEX($B:$B,G179-1))*I179))	=IF(J179="","",IF(AND(J178<>"",J180<>""),(J180-J178)/2,IF(J180<>"",J180-J179,IF(J178<>"",J179-J178,""))))	=IF(K179="","",IF(AND(K178<>"",K180<>""),(K180-K178)/2,IF(K180<>"",K180-K179,IF(K178<>"",K179-K178,""))))	=IF(L179="","",MOD(DEGREES(ATAN2(L179,M179)),360))	=IF(N179="","",N179+$S$2)	=IF(O179="","","G1 X"&TEXT(J179,"0.###")&" Y"&TEXT(K179,"0.###")&" Z"&TEXT(O179,"0.###"))					
					=ROW()-5	=IF(OR(F180="",F180<=0,F180>LOOKUP(9.99999999999999E+307,$E$5:$E$120)),"",LOOKUP(F180-1,$E$5:$E$120,ROW($E$5:$E$120))+1)	=IF(G180="","",F180-INDEX($E:$E,G180-1))	=IF(G180="","",H180/INDEX($D:$D,G180))	=IF(G180="","",IF(INDEX($C:$C,G180)="C",0.5*(2*(INDEX($A:$A,G180-1))+(-(INDEX($A:$A,MAX(5,G180-2)))+(INDEX($A:$A,G180)))*I180+(2*(INDEX($A:$A,MAX(5,G180-2)))-5*(INDEX($A:$A,G180-1))+4*(INDEX($A:$A,G180))-(INDEX($A:$A,MIN(LOOKUP(2,1/((($A$5:$A$120<>"")+($B$5:$B$120<>""))>0),ROW($A$5:$A$120)),G180+1))))*I180^2+(-(INDEX($A:$A,MAX(5,G180-2)))+3*(INDEX($A:$A,G180-1))-3*(INDEX($A:$A,G180))+(INDEX($A:$A,MIN(LOOKUP(2,1/((($A$5:$A$120<>"")+($B$5:$B$120<>""))>0),ROW($A$5:$A$120)),G180+1))))*I180^3),INDEX($A:$A,G180-1)+(INDEX($A:$A,G180)-INDEX($A:$A,G180-1))*I180))	=IF(G180="","",IF(INDEX($C:$C,G180)="C",0.5*(2*(INDEX($B:$B,G180-1))+(-(INDEX($B:$B,MAX(5,G180-2)))+(INDEX($B:$B,G180)))*I180+(2*(INDEX($B:$B,MAX(5,G180-2)))-5*(INDEX($B:$B,G180-1))+4*(INDEX($B:$B,G180))-(INDEX($B:$B,MIN(LOOKUP(2,1/((($A$5:$A$120<>"")+($B$5:$B$120<>""))>0),ROW($A$5:$A$120)),G180+1))))*I180^2+(-(INDEX($B:$B,MAX(5,G180-2)))+3*(INDEX($B:$B,G180-1))-3*(INDEX($B:$B,G180))+(INDEX($B:$B,MIN(LOOKUP(2,1/((($A$5:$A$120<>"")+($B$5:$B$120<>""))>0),ROW($A$5:$A$120)),G180+1))))*I180^3),INDEX($B:$B,G180-1)+(INDEX($B:$B,G180)-INDEX($B:$B,G180-1))*I180))	=IF(J180="","",IF(AND(J179<>"",J181<>""),(J181-J179)/2,IF(J181<>"",J181-J180,IF(J179<>"",J180-J179,""))))	=IF(K180="","",IF(AND(K179<>"",K181<>""),(K181-K179)/2,IF(K181<>"",K181-K180,IF(K179<>"",K180-K179,""))))	=IF(L180="","",MOD(DEGREES(ATAN2(L180,M180)),360))	=IF(N180="","",N180+$S$2)	=IF(O180="","","G1 X"&TEXT(J180,"0.###")&" Y"&TEXT(K180,"0.###")&" Z"&TEXT(O180,"0.###"))					
					=ROW()-5	=IF(OR(F181="",F181<=0,F181>LOOKUP(9.99999999999999E+307,$E$5:$E$120)),"",LOOKUP(F181-1,$E$5:$E$120,ROW($E$5:$E$120))+1)	=IF(G181="","",F181-INDEX($E:$E,G181-1))	=IF(G181="","",H181/INDEX($D:$D,G181))	=IF(G181="","",IF(INDEX($C:$C,G181)="C",0.5*(2*(INDEX($A:$A,G181-1))+(-(INDEX($A:$A,MAX(5,G181-2)))+(INDEX($A:$A,G181)))*I181+(2*(INDEX($A:$A,MAX(5,G181-2)))-5*(INDEX($A:$A,G181-1))+4*(INDEX($A:$A,G181))-(INDEX($A:$A,MIN(LOOKUP(2,1/((($A$5:$A$120<>"")+($B$5:$B$120<>""))>0),ROW($A$5:$A$120)),G181+1))))*I181^2+(-(INDEX($A:$A,MAX(5,G181-2)))+3*(INDEX($A:$A,G181-1))-3*(INDEX($A:$A,G181))+(INDEX($A:$A,MIN(LOOKUP(2,1/((($A$5:$A$120<>"")+($B$5:$B$120<>""))>0),ROW($A$5:$A$120)),G181+1))))*I181^3),INDEX($A:$A,G181-1)+(INDEX($A:$A,G181)-INDEX($A:$A,G181-1))*I181))	=IF(G181="","",IF(INDEX($C:$C,G181)="C",0.5*(2*(INDEX($B:$B,G181-1))+(-(INDEX($B:$B,MAX(5,G181-2)))+(INDEX($B:$B,G181)))*I181+(2*(INDEX($B:$B,MAX(5,G181-2)))-5*(INDEX($B:$B,G181-1))+4*(INDEX($B:$B,G181))-(INDEX($B:$B,MIN(LOOKUP(2,1/((($A$5:$A$120<>"")+($B$5:$B$120<>""))>0),ROW($A$5:$A$120)),G181+1))))*I181^2+(-(INDEX($B:$B,MAX(5,G181-2)))+3*(INDEX($B:$B,G181-1))-3*(INDEX($B:$B,G181))+(INDEX($B:$B,MIN(LOOKUP(2,1/((($A$5:$A$120<>"")+($B$5:$B$120<>""))>0),ROW($A$5:$A$120)),G181+1))))*I181^3),INDEX($B:$B,G181-1)+(INDEX($B:$B,G181)-INDEX($B:$B,G181-1))*I181))	=IF(J181="","",IF(AND(J180<>"",J182<>""),(J182-J180)/2,IF(J182<>"",J182-J181,IF(J180<>"",J181-J180,""))))	=IF(K181="","",IF(AND(K180<>"",K182<>""),(K182-K180)/2,IF(K182<>"",K182-K181,IF(K180<>"",K181-K180,""))))	=IF(L181="","",MOD(DEGREES(ATAN2(L181,M181)),360))	=IF(N181="","",N181+$S$2)	=IF(O181="","","G1 X"&TEXT(J181,"0.###")&" Y"&TEXT(K181,"0.###")&" Z"&TEXT(O181,"0.###"))					
					=ROW()-5	=IF(OR(F182="",F182<=0,F182>LOOKUP(9.99999999999999E+307,$E$5:$E$120)),"",LOOKUP(F182-1,$E$5:$E$120,ROW($E$5:$E$120))+1)	=IF(G182="","",F182-INDEX($E:$E,G182-1))	=IF(G182="","",H182/INDEX($D:$D,G182))	=IF(G182="","",IF(INDEX($C:$C,G182)="C",0.5*(2*(INDEX($A:$A,G182-1))+(-(INDEX($A:$A,MAX(5,G182-2)))+(INDEX($A:$A,G182)))*I182+(2*(INDEX($A:$A,MAX(5,G182-2)))-5*(INDEX($A:$A,G182-1))+4*(INDEX($A:$A,G182))-(INDEX($A:$A,MIN(LOOKUP(2,1/((($A$5:$A$120<>"")+($B$5:$B$120<>""))>0),ROW($A$5:$A$120)),G182+1))))*I182^2+(-(INDEX($A:$A,MAX(5,G182-2)))+3*(INDEX($A:$A,G182-1))-3*(INDEX($A:$A,G182))+(INDEX($A:$A,MIN(LOOKUP(2,1/((($A$5:$A$120<>"")+($B$5:$B$120<>""))>0),ROW($A$5:$A$120)),G182+1))))*I182^3),INDEX($A:$A,G182-1)+(INDEX($A:$A,G182)-INDEX($A:$A,G182-1))*I182))	=IF(G182="","",IF(INDEX($C:$C,G182)="C",0.5*(2*(INDEX($B:$B,G182-1))+(-(INDEX($B:$B,MAX(5,G182-2)))+(INDEX($B:$B,G182)))*I182+(2*(INDEX($B:$B,MAX(5,G182-2)))-5*(INDEX($B:$B,G182-1))+4*(INDEX($B:$B,G182))-(INDEX($B:$B,MIN(LOOKUP(2,1/((($A$5:$A$120<>"")+($B$5:$B$120<>""))>0),ROW($A$5:$A$120)),G182+1))))*I182^2+(-(INDEX($B:$B,MAX(5,G182-2)))+3*(INDEX($B:$B,G182-1))-3*(INDEX($B:$B,G182))+(INDEX($B:$B,MIN(LOOKUP(2,1/((($A$5:$A$120<>"")+($B$5:$B$120<>""))>0),ROW($A$5:$A$120)),G182+1))))*I182^3),INDEX($B:$B,G182-1)+(INDEX($B:$B,G182)-INDEX($B:$B,G182-1))*I182))	=IF(J182="","",IF(AND(J181<>"",J183<>""),(J183-J181)/2,IF(J183<>"",J183-J182,IF(J181<>"",J182-J181,""))))	=IF(K182="","",IF(AND(K181<>"",K183<>""),(K183-K181)/2,IF(K183<>"",K183-K182,IF(K181<>"",K182-K181,""))))	=IF(L182="","",MOD(DEGREES(ATAN2(L182,M182)),360))	=IF(N182="","",N182+$S$2)	=IF(O182="","","G1 X"&TEXT(J182,"0.###")&" Y"&TEXT(K182,"0.###")&" Z"&TEXT(O182,"0.###"))					
					=ROW()-5	=IF(OR(F183="",F183<=0,F183>LOOKUP(9.99999999999999E+307,$E$5:$E$120)),"",LOOKUP(F183-1,$E$5:$E$120,ROW($E$5:$E$120))+1)	=IF(G183="","",F183-INDEX($E:$E,G183-1))	=IF(G183="","",H183/INDEX($D:$D,G183))	=IF(G183="","",IF(INDEX($C:$C,G183)="C",0.5*(2*(INDEX($A:$A,G183-1))+(-(INDEX($A:$A,MAX(5,G183-2)))+(INDEX($A:$A,G183)))*I183+(2*(INDEX($A:$A,MAX(5,G183-2)))-5*(INDEX($A:$A,G183-1))+4*(INDEX($A:$A,G183))-(INDEX($A:$A,MIN(LOOKUP(2,1/((($A$5:$A$120<>"")+($B$5:$B$120<>""))>0),ROW($A$5:$A$120)),G183+1))))*I183^2+(-(INDEX($A:$A,MAX(5,G183-2)))+3*(INDEX($A:$A,G183-1))-3*(INDEX($A:$A,G183))+(INDEX($A:$A,MIN(LOOKUP(2,1/((($A$5:$A$120<>"")+($B$5:$B$120<>""))>0),ROW($A$5:$A$120)),G183+1))))*I183^3),INDEX($A:$A,G183-1)+(INDEX($A:$A,G183)-INDEX($A:$A,G183-1))*I183))	=IF(G183="","",IF(INDEX($C:$C,G183)="C",0.5*(2*(INDEX($B:$B,G183-1))+(-(INDEX($B:$B,MAX(5,G183-2)))+(INDEX($B:$B,G183)))*I183+(2*(INDEX($B:$B,MAX(5,G183-2)))-5*(INDEX($B:$B,G183-1))+4*(INDEX($B:$B,G183))-(INDEX($B:$B,MIN(LOOKUP(2,1/((($A$5:$A$120<>"")+($B$5:$B$120<>""))>0),ROW($A$5:$A$120)),G183+1))))*I183^2+(-(INDEX($B:$B,MAX(5,G183-2)))+3*(INDEX($B:$B,G183-1))-3*(INDEX($B:$B,G183))+(INDEX($B:$B,MIN(LOOKUP(2,1/((($A$5:$A$120<>"")+($B$5:$B$120<>""))>0),ROW($A$5:$A$120)),G183+1))))*I183^3),INDEX($B:$B,G183-1)+(INDEX($B:$B,G183)-INDEX($B:$B,G183-1))*I183))	=IF(J183="","",IF(AND(J182<>"",J184<>""),(J184-J182)/2,IF(J184<>"",J184-J183,IF(J182<>"",J183-J182,""))))	=IF(K183="","",IF(AND(K182<>"",K184<>""),(K184-K182)/2,IF(K184<>"",K184-K183,IF(K182<>"",K183-K182,""))))	=IF(L183="","",MOD(DEGREES(ATAN2(L183,M183)),360))	=IF(N183="","",N183+$S$2)	=IF(O183="","","G1 X"&TEXT(J183,"0.###")&" Y"&TEXT(K183,"0.###")&" Z"&TEXT(O183,"0.###"))					
					=ROW()-5	=IF(OR(F184="",F184<=0,F184>LOOKUP(9.99999999999999E+307,$E$5:$E$120)),"",LOOKUP(F184-1,$E$5:$E$120,ROW($E$5:$E$120))+1)	=IF(G184="","",F184-INDEX($E:$E,G184-1))	=IF(G184="","",H184/INDEX($D:$D,G184))	=IF(G184="","",IF(INDEX($C:$C,G184)="C",0.5*(2*(INDEX($A:$A,G184-1))+(-(INDEX($A:$A,MAX(5,G184-2)))+(INDEX($A:$A,G184)))*I184+(2*(INDEX($A:$A,MAX(5,G184-2)))-5*(INDEX($A:$A,G184-1))+4*(INDEX($A:$A,G184))-(INDEX($A:$A,MIN(LOOKUP(2,1/((($A$5:$A$120<>"")+($B$5:$B$120<>""))>0),ROW($A$5:$A$120)),G184+1))))*I184^2+(-(INDEX($A:$A,MAX(5,G184-2)))+3*(INDEX($A:$A,G184-1))-3*(INDEX($A:$A,G184))+(INDEX($A:$A,MIN(LOOKUP(2,1/((($A$5:$A$120<>"")+($B$5:$B$120<>""))>0),ROW($A$5:$A$120)),G184+1))))*I184^3),INDEX($A:$A,G184-1)+(INDEX($A:$A,G184)-INDEX($A:$A,G184-1))*I184))	=IF(G184="","",IF(INDEX($C:$C,G184)="C",0.5*(2*(INDEX($B:$B,G184-1))+(-(INDEX($B:$B,MAX(5,G184-2)))+(INDEX($B:$B,G184)))*I184+(2*(INDEX($B:$B,MAX(5,G184-2)))-5*(INDEX($B:$B,G184-1))+4*(INDEX($B:$B,G184))-(INDEX($B:$B,MIN(LOOKUP(2,1/((($A$5:$A$120<>"")+($B$5:$B$120<>""))>0),ROW($A$5:$A$120)),G184+1))))*I184^2+(-(INDEX($B:$B,MAX(5,G184-2)))+3*(INDEX($B:$B,G184-1))-3*(INDEX($B:$B,G184))+(INDEX($B:$B,MIN(LOOKUP(2,1/((($A$5:$A$120<>"")+($B$5:$B$120<>""))>0),ROW($A$5:$A$120)),G184+1))))*I184^3),INDEX($B:$B,G184-1)+(INDEX($B:$B,G184)-INDEX($B:$B,G184-1))*I184))	=IF(J184="","",IF(AND(J183<>"",J185<>""),(J185-J183)/2,IF(J185<>"",J185-J184,IF(J183<>"",J184-J183,""))))	=IF(K184="","",IF(AND(K183<>"",K185<>""),(K185-K183)/2,IF(K185<>"",K185-K184,IF(K183<>"",K184-K183,""))))	=IF(L184="","",MOD(DEGREES(ATAN2(L184,M184)),360))	=IF(N184="","",N184+$S$2)	=IF(O184="","","G1 X"&TEXT(J184,"0.###")&" Y"&TEXT(K184,"0.###")&" Z"&TEXT(O184,"0.###"))					
					=ROW()-5	=IF(OR(F185="",F185<=0,F185>LOOKUP(9.99999999999999E+307,$E$5:$E$120)),"",LOOKUP(F185-1,$E$5:$E$120,ROW($E$5:$E$120))+1)	=IF(G185="","",F185-INDEX($E:$E,G185-1))	=IF(G185="","",H185/INDEX($D:$D,G185))	=IF(G185="","",IF(INDEX($C:$C,G185)="C",0.5*(2*(INDEX($A:$A,G185-1))+(-(INDEX($A:$A,MAX(5,G185-2)))+(INDEX($A:$A,G185)))*I185+(2*(INDEX($A:$A,MAX(5,G185-2)))-5*(INDEX($A:$A,G185-1))+4*(INDEX($A:$A,G185))-(INDEX($A:$A,MIN(LOOKUP(2,1/((($A$5:$A$120<>"")+($B$5:$B$120<>""))>0),ROW($A$5:$A$120)),G185+1))))*I185^2+(-(INDEX($A:$A,MAX(5,G185-2)))+3*(INDEX($A:$A,G185-1))-3*(INDEX($A:$A,G185))+(INDEX($A:$A,MIN(LOOKUP(2,1/((($A$5:$A$120<>"")+($B$5:$B$120<>""))>0),ROW($A$5:$A$120)),G185+1))))*I185^3),INDEX($A:$A,G185-1)+(INDEX($A:$A,G185)-INDEX($A:$A,G185-1))*I185))	=IF(G185="","",IF(INDEX($C:$C,G185)="C",0.5*(2*(INDEX($B:$B,G185-1))+(-(INDEX($B:$B,MAX(5,G185-2)))+(INDEX($B:$B,G185)))*I185+(2*(INDEX($B:$B,MAX(5,G185-2)))-5*(INDEX($B:$B,G185-1))+4*(INDEX($B:$B,G185))-(INDEX($B:$B,MIN(LOOKUP(2,1/((($A$5:$A$120<>"")+($B$5:$B$120<>""))>0),ROW($A$5:$A$120)),G185+1))))*I185^2+(-(INDEX($B:$B,MAX(5,G185-2)))+3*(INDEX($B:$B,G185-1))-3*(INDEX($B:$B,G185))+(INDEX($B:$B,MIN(LOOKUP(2,1/((($A$5:$A$120<>"")+($B$5:$B$120<>""))>0),ROW($A$5:$A$120)),G185+1))))*I185^3),INDEX($B:$B,G185-1)+(INDEX($B:$B,G185)-INDEX($B:$B,G185-1))*I185))	=IF(J185="","",IF(AND(J184<>"",J186<>""),(J186-J184)/2,IF(J186<>"",J186-J185,IF(J184<>"",J185-J184,""))))	=IF(K185="","",IF(AND(K184<>"",K186<>""),(K186-K184)/2,IF(K186<>"",K186-K185,IF(K184<>"",K185-K184,""))))	=IF(L185="","",MOD(DEGREES(ATAN2(L185,M185)),360))	=IF(N185="","",N185+$S$2)	=IF(O185="","","G1 X"&TEXT(J185,"0.###")&" Y"&TEXT(K185,"0.###")&" Z"&TEXT(O185,"0.###"))					
					=ROW()-5	=IF(OR(F186="",F186<=0,F186>LOOKUP(9.99999999999999E+307,$E$5:$E$120)),"",LOOKUP(F186-1,$E$5:$E$120,ROW($E$5:$E$120))+1)	=IF(G186="","",F186-INDEX($E:$E,G186-1))	=IF(G186="","",H186/INDEX($D:$D,G186))	=IF(G186="","",IF(INDEX($C:$C,G186)="C",0.5*(2*(INDEX($A:$A,G186-1))+(-(INDEX($A:$A,MAX(5,G186-2)))+(INDEX($A:$A,G186)))*I186+(2*(INDEX($A:$A,MAX(5,G186-2)))-5*(INDEX($A:$A,G186-1))+4*(INDEX($A:$A,G186))-(INDEX($A:$A,MIN(LOOKUP(2,1/((($A$5:$A$120<>"")+($B$5:$B$120<>""))>0),ROW($A$5:$A$120)),G186+1))))*I186^2+(-(INDEX($A:$A,MAX(5,G186-2)))+3*(INDEX($A:$A,G186-1))-3*(INDEX($A:$A,G186))+(INDEX($A:$A,MIN(LOOKUP(2,1/((($A$5:$A$120<>"")+($B$5:$B$120<>""))>0),ROW($A$5:$A$120)),G186+1))))*I186^3),INDEX($A:$A,G186-1)+(INDEX($A:$A,G186)-INDEX($A:$A,G186-1))*I186))	=IF(G186="","",IF(INDEX($C:$C,G186)="C",0.5*(2*(INDEX($B:$B,G186-1))+(-(INDEX($B:$B,MAX(5,G186-2)))+(INDEX($B:$B,G186)))*I186+(2*(INDEX($B:$B,MAX(5,G186-2)))-5*(INDEX($B:$B,G186-1))+4*(INDEX($B:$B,G186))-(INDEX($B:$B,MIN(LOOKUP(2,1/((($A$5:$A$120<>"")+($B$5:$B$120<>""))>0),ROW($A$5:$A$120)),G186+1))))*I186^2+(-(INDEX($B:$B,MAX(5,G186-2)))+3*(INDEX($B:$B,G186-1))-3*(INDEX($B:$B,G186))+(INDEX($B:$B,MIN(LOOKUP(2,1/((($A$5:$A$120<>"")+($B$5:$B$120<>""))>0),ROW($A$5:$A$120)),G186+1))))*I186^3),INDEX($B:$B,G186-1)+(INDEX($B:$B,G186)-INDEX($B:$B,G186-1))*I186))	=IF(J186="","",IF(AND(J185<>"",J187<>""),(J187-J185)/2,IF(J187<>"",J187-J186,IF(J185<>"",J186-J185,""))))	=IF(K186="","",IF(AND(K185<>"",K187<>""),(K187-K185)/2,IF(K187<>"",K187-K186,IF(K185<>"",K186-K185,""))))	=IF(L186="","",MOD(DEGREES(ATAN2(L186,M186)),360))	=IF(N186="","",N186+$S$2)	=IF(O186="","","G1 X"&TEXT(J186,"0.###")&" Y"&TEXT(K186,"0.###")&" Z"&TEXT(O186,"0.###"))					
					=ROW()-5	=IF(OR(F187="",F187<=0,F187>LOOKUP(9.99999999999999E+307,$E$5:$E$120)),"",LOOKUP(F187-1,$E$5:$E$120,ROW($E$5:$E$120))+1)	=IF(G187="","",F187-INDEX($E:$E,G187-1))	=IF(G187="","",H187/INDEX($D:$D,G187))	=IF(G187="","",IF(INDEX($C:$C,G187)="C",0.5*(2*(INDEX($A:$A,G187-1))+(-(INDEX($A:$A,MAX(5,G187-2)))+(INDEX($A:$A,G187)))*I187+(2*(INDEX($A:$A,MAX(5,G187-2)))-5*(INDEX($A:$A,G187-1))+4*(INDEX($A:$A,G187))-(INDEX($A:$A,MIN(LOOKUP(2,1/((($A$5:$A$120<>"")+($B$5:$B$120<>""))>0),ROW($A$5:$A$120)),G187+1))))*I187^2+(-(INDEX($A:$A,MAX(5,G187-2)))+3*(INDEX($A:$A,G187-1))-3*(INDEX($A:$A,G187))+(INDEX($A:$A,MIN(LOOKUP(2,1/((($A$5:$A$120<>"")+($B$5:$B$120<>""))>0),ROW($A$5:$A$120)),G187+1))))*I187^3),INDEX($A:$A,G187-1)+(INDEX($A:$A,G187)-INDEX($A:$A,G187-1))*I187))	=IF(G187="","",IF(INDEX($C:$C,G187)="C",0.5*(2*(INDEX($B:$B,G187-1))+(-(INDEX($B:$B,MAX(5,G187-2)))+(INDEX($B:$B,G187)))*I187+(2*(INDEX($B:$B,MAX(5,G187-2)))-5*(INDEX($B:$B,G187-1))+4*(INDEX($B:$B,G187))-(INDEX($B:$B,MIN(LOOKUP(2,1/((($A$5:$A$120<>"")+($B$5:$B$120<>""))>0),ROW($A$5:$A$120)),G187+1))))*I187^2+(-(INDEX($B:$B,MAX(5,G187-2)))+3*(INDEX($B:$B,G187-1))-3*(INDEX($B:$B,G187))+(INDEX($B:$B,MIN(LOOKUP(2,1/((($A$5:$A$120<>"")+($B$5:$B$120<>""))>0),ROW($A$5:$A$120)),G187+1))))*I187^3),INDEX($B:$B,G187-1)+(INDEX($B:$B,G187)-INDEX($B:$B,G187-1))*I187))	=IF(J187="","",IF(AND(J186<>"",J188<>""),(J188-J186)/2,IF(J188<>"",J188-J187,IF(J186<>"",J187-J186,""))))	=IF(K187="","",IF(AND(K186<>"",K188<>""),(K188-K186)/2,IF(K188<>"",K188-K187,IF(K186<>"",K187-K186,""))))	=IF(L187="","",MOD(DEGREES(ATAN2(L187,M187)),360))	=IF(N187="","",N187+$S$2)	=IF(O187="","","G1 X"&TEXT(J187,"0.###")&" Y"&TEXT(K187,"0.###")&" Z"&TEXT(O187,"0.###"))					
					=ROW()-5	=IF(OR(F188="",F188<=0,F188>LOOKUP(9.99999999999999E+307,$E$5:$E$120)),"",LOOKUP(F188-1,$E$5:$E$120,ROW($E$5:$E$120))+1)	=IF(G188="","",F188-INDEX($E:$E,G188-1))	=IF(G188="","",H188/INDEX($D:$D,G188))	=IF(G188="","",IF(INDEX($C:$C,G188)="C",0.5*(2*(INDEX($A:$A,G188-1))+(-(INDEX($A:$A,MAX(5,G188-2)))+(INDEX($A:$A,G188)))*I188+(2*(INDEX($A:$A,MAX(5,G188-2)))-5*(INDEX($A:$A,G188-1))+4*(INDEX($A:$A,G188))-(INDEX($A:$A,MIN(LOOKUP(2,1/((($A$5:$A$120<>"")+($B$5:$B$120<>""))>0),ROW($A$5:$A$120)),G188+1))))*I188^2+(-(INDEX($A:$A,MAX(5,G188-2)))+3*(INDEX($A:$A,G188-1))-3*(INDEX($A:$A,G188))+(INDEX($A:$A,MIN(LOOKUP(2,1/((($A$5:$A$120<>"")+($B$5:$B$120<>""))>0),ROW($A$5:$A$120)),G188+1))))*I188^3),INDEX($A:$A,G188-1)+(INDEX($A:$A,G188)-INDEX($A:$A,G188-1))*I188))	=IF(G188="","",IF(INDEX($C:$C,G188)="C",0.5*(2*(INDEX($B:$B,G188-1))+(-(INDEX($B:$B,MAX(5,G188-2)))+(INDEX($B:$B,G188)))*I188+(2*(INDEX($B:$B,MAX(5,G188-2)))-5*(INDEX($B:$B,G188-1))+4*(INDEX($B:$B,G188))-(INDEX($B:$B,MIN(LOOKUP(2,1/((($A$5:$A$120<>"")+($B$5:$B$120<>""))>0),ROW($A$5:$A$120)),G188+1))))*I188^2+(-(INDEX($B:$B,MAX(5,G188-2)))+3*(INDEX($B:$B,G188-1))-3*(INDEX($B:$B,G188))+(INDEX($B:$B,MIN(LOOKUP(2,1/((($A$5:$A$120<>"")+($B$5:$B$120<>""))>0),ROW($A$5:$A$120)),G188+1))))*I188^3),INDEX($B:$B,G188-1)+(INDEX($B:$B,G188)-INDEX($B:$B,G188-1))*I188))	=IF(J188="","",IF(AND(J187<>"",J189<>""),(J189-J187)/2,IF(J189<>"",J189-J188,IF(J187<>"",J188-J187,""))))	=IF(K188="","",IF(AND(K187<>"",K189<>""),(K189-K187)/2,IF(K189<>"",K189-K188,IF(K187<>"",K188-K187,""))))	=IF(L188="","",MOD(DEGREES(ATAN2(L188,M188)),360))	=IF(N188="","",N188+$S$2)	=IF(O188="","","G1 X"&TEXT(J188,"0.###")&" Y"&TEXT(K188,"0.###")&" Z"&TEXT(O188,"0.###"))					
					=ROW()-5	=IF(OR(F189="",F189<=0,F189>LOOKUP(9.99999999999999E+307,$E$5:$E$120)),"",LOOKUP(F189-1,$E$5:$E$120,ROW($E$5:$E$120))+1)	=IF(G189="","",F189-INDEX($E:$E,G189-1))	=IF(G189="","",H189/INDEX($D:$D,G189))	=IF(G189="","",IF(INDEX($C:$C,G189)="C",0.5*(2*(INDEX($A:$A,G189-1))+(-(INDEX($A:$A,MAX(5,G189-2)))+(INDEX($A:$A,G189)))*I189+(2*(INDEX($A:$A,MAX(5,G189-2)))-5*(INDEX($A:$A,G189-1))+4*(INDEX($A:$A,G189))-(INDEX($A:$A,MIN(LOOKUP(2,1/((($A$5:$A$120<>"")+($B$5:$B$120<>""))>0),ROW($A$5:$A$120)),G189+1))))*I189^2+(-(INDEX($A:$A,MAX(5,G189-2)))+3*(INDEX($A:$A,G189-1))-3*(INDEX($A:$A,G189))+(INDEX($A:$A,MIN(LOOKUP(2,1/((($A$5:$A$120<>"")+($B$5:$B$120<>""))>0),ROW($A$5:$A$120)),G189+1))))*I189^3),INDEX($A:$A,G189-1)+(INDEX($A:$A,G189)-INDEX($A:$A,G189-1))*I189))	=IF(G189="","",IF(INDEX($C:$C,G189)="C",0.5*(2*(INDEX($B:$B,G189-1))+(-(INDEX($B:$B,MAX(5,G189-2)))+(INDEX($B:$B,G189)))*I189+(2*(INDEX($B:$B,MAX(5,G189-2)))-5*(INDEX($B:$B,G189-1))+4*(INDEX($B:$B,G189))-(INDEX($B:$B,MIN(LOOKUP(2,1/((($A$5:$A$120<>"")+($B$5:$B$120<>""))>0),ROW($A$5:$A$120)),G189+1))))*I189^2+(-(INDEX($B:$B,MAX(5,G189-2)))+3*(INDEX($B:$B,G189-1))-3*(INDEX($B:$B,G189))+(INDEX($B:$B,MIN(LOOKUP(2,1/((($A$5:$A$120<>"")+($B$5:$B$120<>""))>0),ROW($A$5:$A$120)),G189+1))))*I189^3),INDEX($B:$B,G189-1)+(INDEX($B:$B,G189)-INDEX($B:$B,G189-1))*I189))	=IF(J189="","",IF(AND(J188<>"",J190<>""),(J190-J188)/2,IF(J190<>"",J190-J189,IF(J188<>"",J189-J188,""))))	=IF(K189="","",IF(AND(K188<>"",K190<>""),(K190-K188)/2,IF(K190<>"",K190-K189,IF(K188<>"",K189-K188,""))))	=IF(L189="","",MOD(DEGREES(ATAN2(L189,M189)),360))	=IF(N189="","",N189+$S$2)	=IF(O189="","","G1 X"&TEXT(J189,"0.###")&" Y"&TEXT(K189,"0.###")&" Z"&TEXT(O189,"0.###"))					
					=ROW()-5	=IF(OR(F190="",F190<=0,F190>LOOKUP(9.99999999999999E+307,$E$5:$E$120)),"",LOOKUP(F190-1,$E$5:$E$120,ROW($E$5:$E$120))+1)	=IF(G190="","",F190-INDEX($E:$E,G190-1))	=IF(G190="","",H190/INDEX($D:$D,G190))	=IF(G190="","",IF(INDEX($C:$C,G190)="C",0.5*(2*(INDEX($A:$A,G190-1))+(-(INDEX($A:$A,MAX(5,G190-2)))+(INDEX($A:$A,G190)))*I190+(2*(INDEX($A:$A,MAX(5,G190-2)))-5*(INDEX($A:$A,G190-1))+4*(INDEX($A:$A,G190))-(INDEX($A:$A,MIN(LOOKUP(2,1/((($A$5:$A$120<>"")+($B$5:$B$120<>""))>0),ROW($A$5:$A$120)),G190+1))))*I190^2+(-(INDEX($A:$A,MAX(5,G190-2)))+3*(INDEX($A:$A,G190-1))-3*(INDEX($A:$A,G190))+(INDEX($A:$A,MIN(LOOKUP(2,1/((($A$5:$A$120<>"")+($B$5:$B$120<>""))>0),ROW($A$5:$A$120)),G190+1))))*I190^3),INDEX($A:$A,G190-1)+(INDEX($A:$A,G190)-INDEX($A:$A,G190-1))*I190))	=IF(G190="","",IF(INDEX($C:$C,G190)="C",0.5*(2*(INDEX($B:$B,G190-1))+(-(INDEX($B:$B,MAX(5,G190-2)))+(INDEX($B:$B,G190)))*I190+(2*(INDEX($B:$B,MAX(5,G190-2)))-5*(INDEX($B:$B,G190-1))+4*(INDEX($B:$B,G190))-(INDEX($B:$B,MIN(LOOKUP(2,1/((($A$5:$A$120<>"")+($B$5:$B$120<>""))>0),ROW($A$5:$A$120)),G190+1))))*I190^2+(-(INDEX($B:$B,MAX(5,G190-2)))+3*(INDEX($B:$B,G190-1))-3*(INDEX($B:$B,G190))+(INDEX($B:$B,MIN(LOOKUP(2,1/((($A$5:$A$120<>"")+($B$5:$B$120<>""))>0),ROW($A$5:$A$120)),G190+1))))*I190^3),INDEX($B:$B,G190-1)+(INDEX($B:$B,G190)-INDEX($B:$B,G190-1))*I190))	=IF(J190="","",IF(AND(J189<>"",J191<>""),(J191-J189)/2,IF(J191<>"",J191-J190,IF(J189<>"",J190-J189,""))))	=IF(K190="","",IF(AND(K189<>"",K191<>""),(K191-K189)/2,IF(K191<>"",K191-K190,IF(K189<>"",K190-K189,""))))	=IF(L190="","",MOD(DEGREES(ATAN2(L190,M190)),360))	=IF(N190="","",N190+$S$2)	=IF(O190="","","G1 X"&TEXT(J190,"0.###")&" Y"&TEXT(K190,"0.###")&" Z"&TEXT(O190,"0.###"))					
					=ROW()-5	=IF(OR(F191="",F191<=0,F191>LOOKUP(9.99999999999999E+307,$E$5:$E$120)),"",LOOKUP(F191-1,$E$5:$E$120,ROW($E$5:$E$120))+1)	=IF(G191="","",F191-INDEX($E:$E,G191-1))	=IF(G191="","",H191/INDEX($D:$D,G191))	=IF(G191="","",IF(INDEX($C:$C,G191)="C",0.5*(2*(INDEX($A:$A,G191-1))+(-(INDEX($A:$A,MAX(5,G191-2)))+(INDEX($A:$A,G191)))*I191+(2*(INDEX($A:$A,MAX(5,G191-2)))-5*(INDEX($A:$A,G191-1))+4*(INDEX($A:$A,G191))-(INDEX($A:$A,MIN(LOOKUP(2,1/((($A$5:$A$120<>"")+($B$5:$B$120<>""))>0),ROW($A$5:$A$120)),G191+1))))*I191^2+(-(INDEX($A:$A,MAX(5,G191-2)))+3*(INDEX($A:$A,G191-1))-3*(INDEX($A:$A,G191))+(INDEX($A:$A,MIN(LOOKUP(2,1/((($A$5:$A$120<>"")+($B$5:$B$120<>""))>0),ROW($A$5:$A$120)),G191+1))))*I191^3),INDEX($A:$A,G191-1)+(INDEX($A:$A,G191)-INDEX($A:$A,G191-1))*I191))	=IF(G191="","",IF(INDEX($C:$C,G191)="C",0.5*(2*(INDEX($B:$B,G191-1))+(-(INDEX($B:$B,MAX(5,G191-2)))+(INDEX($B:$B,G191)))*I191+(2*(INDEX($B:$B,MAX(5,G191-2)))-5*(INDEX($B:$B,G191-1))+4*(INDEX($B:$B,G191))-(INDEX($B:$B,MIN(LOOKUP(2,1/((($A$5:$A$120<>"")+($B$5:$B$120<>""))>0),ROW($A$5:$A$120)),G191+1))))*I191^2+(-(INDEX($B:$B,MAX(5,G191-2)))+3*(INDEX($B:$B,G191-1))-3*(INDEX($B:$B,G191))+(INDEX($B:$B,MIN(LOOKUP(2,1/((($A$5:$A$120<>"")+($B$5:$B$120<>""))>0),ROW($A$5:$A$120)),G191+1))))*I191^3),INDEX($B:$B,G191-1)+(INDEX($B:$B,G191)-INDEX($B:$B,G191-1))*I191))	=IF(J191="","",IF(AND(J190<>"",J192<>""),(J192-J190)/2,IF(J192<>"",J192-J191,IF(J190<>"",J191-J190,""))))	=IF(K191="","",IF(AND(K190<>"",K192<>""),(K192-K190)/2,IF(K192<>"",K192-K191,IF(K190<>"",K191-K190,""))))	=IF(L191="","",MOD(DEGREES(ATAN2(L191,M191)),360))	=IF(N191="","",N191+$S$2)	=IF(O191="","","G1 X"&TEXT(J191,"0.###")&" Y"&TEXT(K191,"0.###")&" Z"&TEXT(O191,"0.###"))					
					=ROW()-5	=IF(OR(F192="",F192<=0,F192>LOOKUP(9.99999999999999E+307,$E$5:$E$120)),"",LOOKUP(F192-1,$E$5:$E$120,ROW($E$5:$E$120))+1)	=IF(G192="","",F192-INDEX($E:$E,G192-1))	=IF(G192="","",H192/INDEX($D:$D,G192))	=IF(G192="","",IF(INDEX($C:$C,G192)="C",0.5*(2*(INDEX($A:$A,G192-1))+(-(INDEX($A:$A,MAX(5,G192-2)))+(INDEX($A:$A,G192)))*I192+(2*(INDEX($A:$A,MAX(5,G192-2)))-5*(INDEX($A:$A,G192-1))+4*(INDEX($A:$A,G192))-(INDEX($A:$A,MIN(LOOKUP(2,1/((($A$5:$A$120<>"")+($B$5:$B$120<>""))>0),ROW($A$5:$A$120)),G192+1))))*I192^2+(-(INDEX($A:$A,MAX(5,G192-2)))+3*(INDEX($A:$A,G192-1))-3*(INDEX($A:$A,G192))+(INDEX($A:$A,MIN(LOOKUP(2,1/((($A$5:$A$120<>"")+($B$5:$B$120<>""))>0),ROW($A$5:$A$120)),G192+1))))*I192^3),INDEX($A:$A,G192-1)+(INDEX($A:$A,G192)-INDEX($A:$A,G192-1))*I192))	=IF(G192="","",IF(INDEX($C:$C,G192)="C",0.5*(2*(INDEX($B:$B,G192-1))+(-(INDEX($B:$B,MAX(5,G192-2)))+(INDEX($B:$B,G192)))*I192+(2*(INDEX($B:$B,MAX(5,G192-2)))-5*(INDEX($B:$B,G192-1))+4*(INDEX($B:$B,G192))-(INDEX($B:$B,MIN(LOOKUP(2,1/((($A$5:$A$120<>"")+($B$5:$B$120<>""))>0),ROW($A$5:$A$120)),G192+1))))*I192^2+(-(INDEX($B:$B,MAX(5,G192-2)))+3*(INDEX($B:$B,G192-1))-3*(INDEX($B:$B,G192))+(INDEX($B:$B,MIN(LOOKUP(2,1/((($A$5:$A$120<>"")+($B$5:$B$120<>""))>0),ROW($A$5:$A$120)),G192+1))))*I192^3),INDEX($B:$B,G192-1)+(INDEX($B:$B,G192)-INDEX($B:$B,G192-1))*I192))	=IF(J192="","",IF(AND(J191<>"",J193<>""),(J193-J191)/2,IF(J193<>"",J193-J192,IF(J191<>"",J192-J191,""))))	=IF(K192="","",IF(AND(K191<>"",K193<>""),(K193-K191)/2,IF(K193<>"",K193-K192,IF(K191<>"",K192-K191,""))))	=IF(L192="","",MOD(DEGREES(ATAN2(L192,M192)),360))	=IF(N192="","",N192+$S$2)	=IF(O192="","","G1 X"&TEXT(J192,"0.###")&" Y"&TEXT(K192,"0.###")&" Z"&TEXT(O192,"0.###"))					
					=ROW()-5	=IF(OR(F193="",F193<=0,F193>LOOKUP(9.99999999999999E+307,$E$5:$E$120)),"",LOOKUP(F193-1,$E$5:$E$120,ROW($E$5:$E$120))+1)	=IF(G193="","",F193-INDEX($E:$E,G193-1))	=IF(G193="","",H193/INDEX($D:$D,G193))	=IF(G193="","",IF(INDEX($C:$C,G193)="C",0.5*(2*(INDEX($A:$A,G193-1))+(-(INDEX($A:$A,MAX(5,G193-2)))+(INDEX($A:$A,G193)))*I193+(2*(INDEX($A:$A,MAX(5,G193-2)))-5*(INDEX($A:$A,G193-1))+4*(INDEX($A:$A,G193))-(INDEX($A:$A,MIN(LOOKUP(2,1/((($A$5:$A$120<>"")+($B$5:$B$120<>""))>0),ROW($A$5:$A$120)),G193+1))))*I193^2+(-(INDEX($A:$A,MAX(5,G193-2)))+3*(INDEX($A:$A,G193-1))-3*(INDEX($A:$A,G193))+(INDEX($A:$A,MIN(LOOKUP(2,1/((($A$5:$A$120<>"")+($B$5:$B$120<>""))>0),ROW($A$5:$A$120)),G193+1))))*I193^3),INDEX($A:$A,G193-1)+(INDEX($A:$A,G193)-INDEX($A:$A,G193-1))*I193))	=IF(G193="","",IF(INDEX($C:$C,G193)="C",0.5*(2*(INDEX($B:$B,G193-1))+(-(INDEX($B:$B,MAX(5,G193-2)))+(INDEX($B:$B,G193)))*I193+(2*(INDEX($B:$B,MAX(5,G193-2)))-5*(INDEX($B:$B,G193-1))+4*(INDEX($B:$B,G193))-(INDEX($B:$B,MIN(LOOKUP(2,1/((($A$5:$A$120<>"")+($B$5:$B$120<>""))>0),ROW($A$5:$A$120)),G193+1))))*I193^2+(-(INDEX($B:$B,MAX(5,G193-2)))+3*(INDEX($B:$B,G193-1))-3*(INDEX($B:$B,G193))+(INDEX($B:$B,MIN(LOOKUP(2,1/((($A$5:$A$120<>"")+($B$5:$B$120<>""))>0),ROW($A$5:$A$120)),G193+1))))*I193^3),INDEX($B:$B,G193-1)+(INDEX($B:$B,G193)-INDEX($B:$B,G193-1))*I193))	=IF(J193="","",IF(AND(J192<>"",J194<>""),(J194-J192)/2,IF(J194<>"",J194-J193,IF(J192<>"",J193-J192,""))))	=IF(K193="","",IF(AND(K192<>"",K194<>""),(K194-K192)/2,IF(K194<>"",K194-K193,IF(K192<>"",K193-K192,""))))	=IF(L193="","",MOD(DEGREES(ATAN2(L193,M193)),360))	=IF(N193="","",N193+$S$2)	=IF(O193="","","G1 X"&TEXT(J193,"0.###")&" Y"&TEXT(K193,"0.###")&" Z"&TEXT(O193,"0.###"))					
					=ROW()-5	=IF(OR(F194="",F194<=0,F194>LOOKUP(9.99999999999999E+307,$E$5:$E$120)),"",LOOKUP(F194-1,$E$5:$E$120,ROW($E$5:$E$120))+1)	=IF(G194="","",F194-INDEX($E:$E,G194-1))	=IF(G194="","",H194/INDEX($D:$D,G194))	=IF(G194="","",IF(INDEX($C:$C,G194)="C",0.5*(2*(INDEX($A:$A,G194-1))+(-(INDEX($A:$A,MAX(5,G194-2)))+(INDEX($A:$A,G194)))*I194+(2*(INDEX($A:$A,MAX(5,G194-2)))-5*(INDEX($A:$A,G194-1))+4*(INDEX($A:$A,G194))-(INDEX($A:$A,MIN(LOOKUP(2,1/((($A$5:$A$120<>"")+($B$5:$B$120<>""))>0),ROW($A$5:$A$120)),G194+1))))*I194^2+(-(INDEX($A:$A,MAX(5,G194-2)))+3*(INDEX($A:$A,G194-1))-3*(INDEX($A:$A,G194))+(INDEX($A:$A,MIN(LOOKUP(2,1/((($A$5:$A$120<>"")+($B$5:$B$120<>""))>0),ROW($A$5:$A$120)),G194+1))))*I194^3),INDEX($A:$A,G194-1)+(INDEX($A:$A,G194)-INDEX($A:$A,G194-1))*I194))	=IF(G194="","",IF(INDEX($C:$C,G194)="C",0.5*(2*(INDEX($B:$B,G194-1))+(-(INDEX($B:$B,MAX(5,G194-2)))+(INDEX($B:$B,G194)))*I194+(2*(INDEX($B:$B,MAX(5,G194-2)))-5*(INDEX($B:$B,G194-1))+4*(INDEX($B:$B,G194))-(INDEX($B:$B,MIN(LOOKUP(2,1/((($A$5:$A$120<>"")+($B$5:$B$120<>""))>0),ROW($A$5:$A$120)),G194+1))))*I194^2+(-(INDEX($B:$B,MAX(5,G194-2)))+3*(INDEX($B:$B,G194-1))-3*(INDEX($B:$B,G194))+(INDEX($B:$B,MIN(LOOKUP(2,1/((($A$5:$A$120<>"")+($B$5:$B$120<>""))>0),ROW($A$5:$A$120)),G194+1))))*I194^3),INDEX($B:$B,G194-1)+(INDEX($B:$B,G194)-INDEX($B:$B,G194-1))*I194))	=IF(J194="","",IF(AND(J193<>"",J195<>""),(J195-J193)/2,IF(J195<>"",J195-J194,IF(J193<>"",J194-J193,""))))	=IF(K194="","",IF(AND(K193<>"",K195<>""),(K195-K193)/2,IF(K195<>"",K195-K194,IF(K193<>"",K194-K193,""))))	=IF(L194="","",MOD(DEGREES(ATAN2(L194,M194)),360))	=IF(N194="","",N194+$S$2)	=IF(O194="","","G1 X"&TEXT(J194,"0.###")&" Y"&TEXT(K194,"0.###")&" Z"&TEXT(O194,"0.###"))					
					=ROW()-5	=IF(OR(F195="",F195<=0,F195>LOOKUP(9.99999999999999E+307,$E$5:$E$120)),"",LOOKUP(F195-1,$E$5:$E$120,ROW($E$5:$E$120))+1)	=IF(G195="","",F195-INDEX($E:$E,G195-1))	=IF(G195="","",H195/INDEX($D:$D,G195))	=IF(G195="","",IF(INDEX($C:$C,G195)="C",0.5*(2*(INDEX($A:$A,G195-1))+(-(INDEX($A:$A,MAX(5,G195-2)))+(INDEX($A:$A,G195)))*I195+(2*(INDEX($A:$A,MAX(5,G195-2)))-5*(INDEX($A:$A,G195-1))+4*(INDEX($A:$A,G195))-(INDEX($A:$A,MIN(LOOKUP(2,1/((($A$5:$A$120<>"")+($B$5:$B$120<>""))>0),ROW($A$5:$A$120)),G195+1))))*I195^2+(-(INDEX($A:$A,MAX(5,G195-2)))+3*(INDEX($A:$A,G195-1))-3*(INDEX($A:$A,G195))+(INDEX($A:$A,MIN(LOOKUP(2,1/((($A$5:$A$120<>"")+($B$5:$B$120<>""))>0),ROW($A$5:$A$120)),G195+1))))*I195^3),INDEX($A:$A,G195-1)+(INDEX($A:$A,G195)-INDEX($A:$A,G195-1))*I195))	=IF(G195="","",IF(INDEX($C:$C,G195)="C",0.5*(2*(INDEX($B:$B,G195-1))+(-(INDEX($B:$B,MAX(5,G195-2)))+(INDEX($B:$B,G195)))*I195+(2*(INDEX($B:$B,MAX(5,G195-2)))-5*(INDEX($B:$B,G195-1))+4*(INDEX($B:$B,G195))-(INDEX($B:$B,MIN(LOOKUP(2,1/((($A$5:$A$120<>"")+($B$5:$B$120<>""))>0),ROW($A$5:$A$120)),G195+1))))*I195^2+(-(INDEX($B:$B,MAX(5,G195-2)))+3*(INDEX($B:$B,G195-1))-3*(INDEX($B:$B,G195))+(INDEX($B:$B,MIN(LOOKUP(2,1/((($A$5:$A$120<>"")+($B$5:$B$120<>""))>0),ROW($A$5:$A$120)),G195+1))))*I195^3),INDEX($B:$B,G195-1)+(INDEX($B:$B,G195)-INDEX($B:$B,G195-1))*I195))	=IF(J195="","",IF(AND(J194<>"",J196<>""),(J196-J194)/2,IF(J196<>"",J196-J195,IF(J194<>"",J195-J194,""))))	=IF(K195="","",IF(AND(K194<>"",K196<>""),(K196-K194)/2,IF(K196<>"",K196-K195,IF(K194<>"",K195-K194,""))))	=IF(L195="","",MOD(DEGREES(ATAN2(L195,M195)),360))	=IF(N195="","",N195+$S$2)	=IF(O195="","","G1 X"&TEXT(J195,"0.###")&" Y"&TEXT(K195,"0.###")&" Z"&TEXT(O195,"0.###"))					
					=ROW()-5	=IF(OR(F196="",F196<=0,F196>LOOKUP(9.99999999999999E+307,$E$5:$E$120)),"",LOOKUP(F196-1,$E$5:$E$120,ROW($E$5:$E$120))+1)	=IF(G196="","",F196-INDEX($E:$E,G196-1))	=IF(G196="","",H196/INDEX($D:$D,G196))	=IF(G196="","",IF(INDEX($C:$C,G196)="C",0.5*(2*(INDEX($A:$A,G196-1))+(-(INDEX($A:$A,MAX(5,G196-2)))+(INDEX($A:$A,G196)))*I196+(2*(INDEX($A:$A,MAX(5,G196-2)))-5*(INDEX($A:$A,G196-1))+4*(INDEX($A:$A,G196))-(INDEX($A:$A,MIN(LOOKUP(2,1/((($A$5:$A$120<>"")+($B$5:$B$120<>""))>0),ROW($A$5:$A$120)),G196+1))))*I196^2+(-(INDEX($A:$A,MAX(5,G196-2)))+3*(INDEX($A:$A,G196-1))-3*(INDEX($A:$A,G196))+(INDEX($A:$A,MIN(LOOKUP(2,1/((($A$5:$A$120<>"")+($B$5:$B$120<>""))>0),ROW($A$5:$A$120)),G196+1))))*I196^3),INDEX($A:$A,G196-1)+(INDEX($A:$A,G196)-INDEX($A:$A,G196-1))*I196))	=IF(G196="","",IF(INDEX($C:$C,G196)="C",0.5*(2*(INDEX($B:$B,G196-1))+(-(INDEX($B:$B,MAX(5,G196-2)))+(INDEX($B:$B,G196)))*I196+(2*(INDEX($B:$B,MAX(5,G196-2)))-5*(INDEX($B:$B,G196-1))+4*(INDEX($B:$B,G196))-(INDEX($B:$B,MIN(LOOKUP(2,1/((($A$5:$A$120<>"")+($B$5:$B$120<>""))>0),ROW($A$5:$A$120)),G196+1))))*I196^2+(-(INDEX($B:$B,MAX(5,G196-2)))+3*(INDEX($B:$B,G196-1))-3*(INDEX($B:$B,G196))+(INDEX($B:$B,MIN(LOOKUP(2,1/((($A$5:$A$120<>"")+($B$5:$B$120<>""))>0),ROW($A$5:$A$120)),G196+1))))*I196^3),INDEX($B:$B,G196-1)+(INDEX($B:$B,G196)-INDEX($B:$B,G196-1))*I196))	=IF(J196="","",IF(AND(J195<>"",J197<>""),(J197-J195)/2,IF(J197<>"",J197-J196,IF(J195<>"",J196-J195,""))))	=IF(K196="","",IF(AND(K195<>"",K197<>""),(K197-K195)/2,IF(K197<>"",K197-K196,IF(K195<>"",K196-K195,""))))	=IF(L196="","",MOD(DEGREES(ATAN2(L196,M196)),360))	=IF(N196="","",N196+$S$2)	=IF(O196="","","G1 X"&TEXT(J196,"0.###")&" Y"&TEXT(K196,"0.###")&" Z"&TEXT(O196,"0.###"))					
					=ROW()-5	=IF(OR(F197="",F197<=0,F197>LOOKUP(9.99999999999999E+307,$E$5:$E$120)),"",LOOKUP(F197-1,$E$5:$E$120,ROW($E$5:$E$120))+1)	=IF(G197="","",F197-INDEX($E:$E,G197-1))	=IF(G197="","",H197/INDEX($D:$D,G197))	=IF(G197="","",IF(INDEX($C:$C,G197)="C",0.5*(2*(INDEX($A:$A,G197-1))+(-(INDEX($A:$A,MAX(5,G197-2)))+(INDEX($A:$A,G197)))*I197+(2*(INDEX($A:$A,MAX(5,G197-2)))-5*(INDEX($A:$A,G197-1))+4*(INDEX($A:$A,G197))-(INDEX($A:$A,MIN(LOOKUP(2,1/((($A$5:$A$120<>"")+($B$5:$B$120<>""))>0),ROW($A$5:$A$120)),G197+1))))*I197^2+(-(INDEX($A:$A,MAX(5,G197-2)))+3*(INDEX($A:$A,G197-1))-3*(INDEX($A:$A,G197))+(INDEX($A:$A,MIN(LOOKUP(2,1/((($A$5:$A$120<>"")+($B$5:$B$120<>""))>0),ROW($A$5:$A$120)),G197+1))))*I197^3),INDEX($A:$A,G197-1)+(INDEX($A:$A,G197)-INDEX($A:$A,G197-1))*I197))	=IF(G197="","",IF(INDEX($C:$C,G197)="C",0.5*(2*(INDEX($B:$B,G197-1))+(-(INDEX($B:$B,MAX(5,G197-2)))+(INDEX($B:$B,G197)))*I197+(2*(INDEX($B:$B,MAX(5,G197-2)))-5*(INDEX($B:$B,G197-1))+4*(INDEX($B:$B,G197))-(INDEX($B:$B,MIN(LOOKUP(2,1/((($A$5:$A$120<>"")+($B$5:$B$120<>""))>0),ROW($A$5:$A$120)),G197+1))))*I197^2+(-(INDEX($B:$B,MAX(5,G197-2)))+3*(INDEX($B:$B,G197-1))-3*(INDEX($B:$B,G197))+(INDEX($B:$B,MIN(LOOKUP(2,1/((($A$5:$A$120<>"")+($B$5:$B$120<>""))>0),ROW($A$5:$A$120)),G197+1))))*I197^3),INDEX($B:$B,G197-1)+(INDEX($B:$B,G197)-INDEX($B:$B,G197-1))*I197))	=IF(J197="","",IF(AND(J196<>"",J198<>""),(J198-J196)/2,IF(J198<>"",J198-J197,IF(J196<>"",J197-J196,""))))	=IF(K197="","",IF(AND(K196<>"",K198<>""),(K198-K196)/2,IF(K198<>"",K198-K197,IF(K196<>"",K197-K196,""))))	=IF(L197="","",MOD(DEGREES(ATAN2(L197,M197)),360))	=IF(N197="","",N197+$S$2)	=IF(O197="","","G1 X"&TEXT(J197,"0.###")&" Y"&TEXT(K197,"0.###")&" Z"&TEXT(O197,"0.###"))					
					=ROW()-5	=IF(OR(F198="",F198<=0,F198>LOOKUP(9.99999999999999E+307,$E$5:$E$120)),"",LOOKUP(F198-1,$E$5:$E$120,ROW($E$5:$E$120))+1)	=IF(G198="","",F198-INDEX($E:$E,G198-1))	=IF(G198="","",H198/INDEX($D:$D,G198))	=IF(G198="","",IF(INDEX($C:$C,G198)="C",0.5*(2*(INDEX($A:$A,G198-1))+(-(INDEX($A:$A,MAX(5,G198-2)))+(INDEX($A:$A,G198)))*I198+(2*(INDEX($A:$A,MAX(5,G198-2)))-5*(INDEX($A:$A,G198-1))+4*(INDEX($A:$A,G198))-(INDEX($A:$A,MIN(LOOKUP(2,1/((($A$5:$A$120<>"")+($B$5:$B$120<>""))>0),ROW($A$5:$A$120)),G198+1))))*I198^2+(-(INDEX($A:$A,MAX(5,G198-2)))+3*(INDEX($A:$A,G198-1))-3*(INDEX($A:$A,G198))+(INDEX($A:$A,MIN(LOOKUP(2,1/((($A$5:$A$120<>"")+($B$5:$B$120<>""))>0),ROW($A$5:$A$120)),G198+1))))*I198^3),INDEX($A:$A,G198-1)+(INDEX($A:$A,G198)-INDEX($A:$A,G198-1))*I198))	=IF(G198="","",IF(INDEX($C:$C,G198)="C",0.5*(2*(INDEX($B:$B,G198-1))+(-(INDEX($B:$B,MAX(5,G198-2)))+(INDEX($B:$B,G198)))*I198+(2*(INDEX($B:$B,MAX(5,G198-2)))-5*(INDEX($B:$B,G198-1))+4*(INDEX($B:$B,G198))-(INDEX($B:$B,MIN(LOOKUP(2,1/((($A$5:$A$120<>"")+($B$5:$B$120<>""))>0),ROW($A$5:$A$120)),G198+1))))*I198^2+(-(INDEX($B:$B,MAX(5,G198-2)))+3*(INDEX($B:$B,G198-1))-3*(INDEX($B:$B,G198))+(INDEX($B:$B,MIN(LOOKUP(2,1/((($A$5:$A$120<>"")+($B$5:$B$120<>""))>0),ROW($A$5:$A$120)),G198+1))))*I198^3),INDEX($B:$B,G198-1)+(INDEX($B:$B,G198)-INDEX($B:$B,G198-1))*I198))	=IF(J198="","",IF(AND(J197<>"",J199<>""),(J199-J197)/2,IF(J199<>"",J199-J198,IF(J197<>"",J198-J197,""))))	=IF(K198="","",IF(AND(K197<>"",K199<>""),(K199-K197)/2,IF(K199<>"",K199-K198,IF(K197<>"",K198-K197,""))))	=IF(L198="","",MOD(DEGREES(ATAN2(L198,M198)),360))	=IF(N198="","",N198+$S$2)	=IF(O198="","","G1 X"&TEXT(J198,"0.###")&" Y"&TEXT(K198,"0.###")&" Z"&TEXT(O198,"0.###"))					
					=ROW()-5	=IF(OR(F199="",F199<=0,F199>LOOKUP(9.99999999999999E+307,$E$5:$E$120)),"",LOOKUP(F199-1,$E$5:$E$120,ROW($E$5:$E$120))+1)	=IF(G199="","",F199-INDEX($E:$E,G199-1))	=IF(G199="","",H199/INDEX($D:$D,G199))	=IF(G199="","",IF(INDEX($C:$C,G199)="C",0.5*(2*(INDEX($A:$A,G199-1))+(-(INDEX($A:$A,MAX(5,G199-2)))+(INDEX($A:$A,G199)))*I199+(2*(INDEX($A:$A,MAX(5,G199-2)))-5*(INDEX($A:$A,G199-1))+4*(INDEX($A:$A,G199))-(INDEX($A:$A,MIN(LOOKUP(2,1/((($A$5:$A$120<>"")+($B$5:$B$120<>""))>0),ROW($A$5:$A$120)),G199+1))))*I199^2+(-(INDEX($A:$A,MAX(5,G199-2)))+3*(INDEX($A:$A,G199-1))-3*(INDEX($A:$A,G199))+(INDEX($A:$A,MIN(LOOKUP(2,1/((($A$5:$A$120<>"")+($B$5:$B$120<>""))>0),ROW($A$5:$A$120)),G199+1))))*I199^3),INDEX($A:$A,G199-1)+(INDEX($A:$A,G199)-INDEX($A:$A,G199-1))*I199))	=IF(G199="","",IF(INDEX($C:$C,G199)="C",0.5*(2*(INDEX($B:$B,G199-1))+(-(INDEX($B:$B,MAX(5,G199-2)))+(INDEX($B:$B,G199)))*I199+(2*(INDEX($B:$B,MAX(5,G199-2)))-5*(INDEX($B:$B,G199-1))+4*(INDEX($B:$B,G199))-(INDEX($B:$B,MIN(LOOKUP(2,1/((($A$5:$A$120<>"")+($B$5:$B$120<>""))>0),ROW($A$5:$A$120)),G199+1))))*I199^2+(-(INDEX($B:$B,MAX(5,G199-2)))+3*(INDEX($B:$B,G199-1))-3*(INDEX($B:$B,G199))+(INDEX($B:$B,MIN(LOOKUP(2,1/((($A$5:$A$120<>"")+($B$5:$B$120<>""))>0),ROW($A$5:$A$120)),G199+1))))*I199^3),INDEX($B:$B,G199-1)+(INDEX($B:$B,G199)-INDEX($B:$B,G199-1))*I199))	=IF(J199="","",IF(AND(J198<>"",J200<>""),(J200-J198)/2,IF(J200<>"",J200-J199,IF(J198<>"",J199-J198,""))))	=IF(K199="","",IF(AND(K198<>"",K200<>""),(K200-K198)/2,IF(K200<>"",K200-K199,IF(K198<>"",K199-K198,""))))	=IF(L199="","",MOD(DEGREES(ATAN2(L199,M199)),360))	=IF(N199="","",N199+$S$2)	=IF(O199="","","G1 X"&TEXT(J199,"0.###")&" Y"&TEXT(K199,"0.###")&" Z"&TEXT(O199,"0.###"))					
					=ROW()-5	=IF(OR(F200="",F200<=0,F200>LOOKUP(9.99999999999999E+307,$E$5:$E$120)),"",LOOKUP(F200-1,$E$5:$E$120,ROW($E$5:$E$120))+1)	=IF(G200="","",F200-INDEX($E:$E,G200-1))	=IF(G200="","",H200/INDEX($D:$D,G200))	=IF(G200="","",IF(INDEX($C:$C,G200)="C",0.5*(2*(INDEX($A:$A,G200-1))+(-(INDEX($A:$A,MAX(5,G200-2)))+(INDEX($A:$A,G200)))*I200+(2*(INDEX($A:$A,MAX(5,G200-2)))-5*(INDEX($A:$A,G200-1))+4*(INDEX($A:$A,G200))-(INDEX($A:$A,MIN(LOOKUP(2,1/((($A$5:$A$120<>"")+($B$5:$B$120<>""))>0),ROW($A$5:$A$120)),G200+1))))*I200^2+(-(INDEX($A:$A,MAX(5,G200-2)))+3*(INDEX($A:$A,G200-1))-3*(INDEX($A:$A,G200))+(INDEX($A:$A,MIN(LOOKUP(2,1/((($A$5:$A$120<>"")+($B$5:$B$120<>""))>0),ROW($A$5:$A$120)),G200+1))))*I200^3),INDEX($A:$A,G200-1)+(INDEX($A:$A,G200)-INDEX($A:$A,G200-1))*I200))	=IF(G200="","",IF(INDEX($C:$C,G200)="C",0.5*(2*(INDEX($B:$B,G200-1))+(-(INDEX($B:$B,MAX(5,G200-2)))+(INDEX($B:$B,G200)))*I200+(2*(INDEX($B:$B,MAX(5,G200-2)))-5*(INDEX($B:$B,G200-1))+4*(INDEX($B:$B,G200))-(INDEX($B:$B,MIN(LOOKUP(2,1/((($A$5:$A$120<>"")+($B$5:$B$120<>""))>0),ROW($A$5:$A$120)),G200+1))))*I200^2+(-(INDEX($B:$B,MAX(5,G200-2)))+3*(INDEX($B:$B,G200-1))-3*(INDEX($B:$B,G200))+(INDEX($B:$B,MIN(LOOKUP(2,1/((($A$5:$A$120<>"")+($B$5:$B$120<>""))>0),ROW($A$5:$A$120)),G200+1))))*I200^3),INDEX($B:$B,G200-1)+(INDEX($B:$B,G200)-INDEX($B:$B,G200-1))*I200))	=IF(J200="","",IF(AND(J199<>"",J201<>""),(J201-J199)/2,IF(J201<>"",J201-J200,IF(J199<>"",J200-J199,""))))	=IF(K200="","",IF(AND(K199<>"",K201<>""),(K201-K199)/2,IF(K201<>"",K201-K200,IF(K199<>"",K200-K199,""))))	=IF(L200="","",MOD(DEGREES(ATAN2(L200,M200)),360))	=IF(N200="","",N200+$S$2)	=IF(O200="","","G1 X"&TEXT(J200,"0.###")&" Y"&TEXT(K200,"0.###")&" Z"&TEXT(O200,"0.###"))					
					=ROW()-5	=IF(OR(F201="",F201<=0,F201>LOOKUP(9.99999999999999E+307,$E$5:$E$120)),"",LOOKUP(F201-1,$E$5:$E$120,ROW($E$5:$E$120))+1)	=IF(G201="","",F201-INDEX($E:$E,G201-1))	=IF(G201="","",H201/INDEX($D:$D,G201))	=IF(G201="","",IF(INDEX($C:$C,G201)="C",0.5*(2*(INDEX($A:$A,G201-1))+(-(INDEX($A:$A,MAX(5,G201-2)))+(INDEX($A:$A,G201)))*I201+(2*(INDEX($A:$A,MAX(5,G201-2)))-5*(INDEX($A:$A,G201-1))+4*(INDEX($A:$A,G201))-(INDEX($A:$A,MIN(LOOKUP(2,1/((($A$5:$A$120<>"")+($B$5:$B$120<>""))>0),ROW($A$5:$A$120)),G201+1))))*I201^2+(-(INDEX($A:$A,MAX(5,G201-2)))+3*(INDEX($A:$A,G201-1))-3*(INDEX($A:$A,G201))+(INDEX($A:$A,MIN(LOOKUP(2,1/((($A$5:$A$120<>"")+($B$5:$B$120<>""))>0),ROW($A$5:$A$120)),G201+1))))*I201^3),INDEX($A:$A,G201-1)+(INDEX($A:$A,G201)-INDEX($A:$A,G201-1))*I201))	=IF(G201="","",IF(INDEX($C:$C,G201)="C",0.5*(2*(INDEX($B:$B,G201-1))+(-(INDEX($B:$B,MAX(5,G201-2)))+(INDEX($B:$B,G201)))*I201+(2*(INDEX($B:$B,MAX(5,G201-2)))-5*(INDEX($B:$B,G201-1))+4*(INDEX($B:$B,G201))-(INDEX($B:$B,MIN(LOOKUP(2,1/((($A$5:$A$120<>"")+($B$5:$B$120<>""))>0),ROW($A$5:$A$120)),G201+1))))*I201^2+(-(INDEX($B:$B,MAX(5,G201-2)))+3*(INDEX($B:$B,G201-1))-3*(INDEX($B:$B,G201))+(INDEX($B:$B,MIN(LOOKUP(2,1/((($A$5:$A$120<>"")+($B$5:$B$120<>""))>0),ROW($A$5:$A$120)),G201+1))))*I201^3),INDEX($B:$B,G201-1)+(INDEX($B:$B,G201)-INDEX($B:$B,G201-1))*I201))	=IF(J201="","",IF(AND(J200<>"",J202<>""),(J202-J200)/2,IF(J202<>"",J202-J201,IF(J200<>"",J201-J200,""))))	=IF(K201="","",IF(AND(K200<>"",K202<>""),(K202-K200)/2,IF(K202<>"",K202-K201,IF(K200<>"",K201-K200,""))))	=IF(L201="","",MOD(DEGREES(ATAN2(L201,M201)),360))	=IF(N201="","",N201+$S$2)	=IF(O201="","","G1 X"&TEXT(J201,"0.###")&" Y"&TEXT(K201,"0.###")&" Z"&TEXT(O201,"0.###"))					
					=ROW()-5	=IF(OR(F202="",F202<=0,F202>LOOKUP(9.99999999999999E+307,$E$5:$E$120)),"",LOOKUP(F202-1,$E$5:$E$120,ROW($E$5:$E$120))+1)	=IF(G202="","",F202-INDEX($E:$E,G202-1))	=IF(G202="","",H202/INDEX($D:$D,G202))	=IF(G202="","",IF(INDEX($C:$C,G202)="C",0.5*(2*(INDEX($A:$A,G202-1))+(-(INDEX($A:$A,MAX(5,G202-2)))+(INDEX($A:$A,G202)))*I202+(2*(INDEX($A:$A,MAX(5,G202-2)))-5*(INDEX($A:$A,G202-1))+4*(INDEX($A:$A,G202))-(INDEX($A:$A,MIN(LOOKUP(2,1/((($A$5:$A$120<>"")+($B$5:$B$120<>""))>0),ROW($A$5:$A$120)),G202+1))))*I202^2+(-(INDEX($A:$A,MAX(5,G202-2)))+3*(INDEX($A:$A,G202-1))-3*(INDEX($A:$A,G202))+(INDEX($A:$A,MIN(LOOKUP(2,1/((($A$5:$A$120<>"")+($B$5:$B$120<>""))>0),ROW($A$5:$A$120)),G202+1))))*I202^3),INDEX($A:$A,G202-1)+(INDEX($A:$A,G202)-INDEX($A:$A,G202-1))*I202))	=IF(G202="","",IF(INDEX($C:$C,G202)="C",0.5*(2*(INDEX($B:$B,G202-1))+(-(INDEX($B:$B,MAX(5,G202-2)))+(INDEX($B:$B,G202)))*I202+(2*(INDEX($B:$B,MAX(5,G202-2)))-5*(INDEX($B:$B,G202-1))+4*(INDEX($B:$B,G202))-(INDEX($B:$B,MIN(LOOKUP(2,1/((($A$5:$A$120<>"")+($B$5:$B$120<>""))>0),ROW($A$5:$A$120)),G202+1))))*I202^2+(-(INDEX($B:$B,MAX(5,G202-2)))+3*(INDEX($B:$B,G202-1))-3*(INDEX($B:$B,G202))+(INDEX($B:$B,MIN(LOOKUP(2,1/((($A$5:$A$120<>"")+($B$5:$B$120<>""))>0),ROW($A$5:$A$120)),G202+1))))*I202^3),INDEX($B:$B,G202-1)+(INDEX($B:$B,G202)-INDEX($B:$B,G202-1))*I202))	=IF(J202="","",IF(AND(J201<>"",J203<>""),(J203-J201)/2,IF(J203<>"",J203-J202,IF(J201<>"",J202-J201,""))))	=IF(K202="","",IF(AND(K201<>"",K203<>""),(K203-K201)/2,IF(K203<>"",K203-K202,IF(K201<>"",K202-K201,""))))	=IF(L202="","",MOD(DEGREES(ATAN2(L202,M202)),360))	=IF(N202="","",N202+$S$2)	=IF(O202="","","G1 X"&TEXT(J202,"0.###")&" Y"&TEXT(K202,"0.###")&" Z"&TEXT(O202,"0.###"))					
					=ROW()-5	=IF(OR(F203="",F203<=0,F203>LOOKUP(9.99999999999999E+307,$E$5:$E$120)),"",LOOKUP(F203-1,$E$5:$E$120,ROW($E$5:$E$120))+1)	=IF(G203="","",F203-INDEX($E:$E,G203-1))	=IF(G203="","",H203/INDEX($D:$D,G203))	=IF(G203="","",IF(INDEX($C:$C,G203)="C",0.5*(2*(INDEX($A:$A,G203-1))+(-(INDEX($A:$A,MAX(5,G203-2)))+(INDEX($A:$A,G203)))*I203+(2*(INDEX($A:$A,MAX(5,G203-2)))-5*(INDEX($A:$A,G203-1))+4*(INDEX($A:$A,G203))-(INDEX($A:$A,MIN(LOOKUP(2,1/((($A$5:$A$120<>"")+($B$5:$B$120<>""))>0),ROW($A$5:$A$120)),G203+1))))*I203^2+(-(INDEX($A:$A,MAX(5,G203-2)))+3*(INDEX($A:$A,G203-1))-3*(INDEX($A:$A,G203))+(INDEX($A:$A,MIN(LOOKUP(2,1/((($A$5:$A$120<>"")+($B$5:$B$120<>""))>0),ROW($A$5:$A$120)),G203+1))))*I203^3),INDEX($A:$A,G203-1)+(INDEX($A:$A,G203)-INDEX($A:$A,G203-1))*I203))	=IF(G203="","",IF(INDEX($C:$C,G203)="C",0.5*(2*(INDEX($B:$B,G203-1))+(-(INDEX($B:$B,MAX(5,G203-2)))+(INDEX($B:$B,G203)))*I203+(2*(INDEX($B:$B,MAX(5,G203-2)))-5*(INDEX($B:$B,G203-1))+4*(INDEX($B:$B,G203))-(INDEX($B:$B,MIN(LOOKUP(2,1/((($A$5:$A$120<>"")+($B$5:$B$120<>""))>0),ROW($A$5:$A$120)),G203+1))))*I203^2+(-(INDEX($B:$B,MAX(5,G203-2)))+3*(INDEX($B:$B,G203-1))-3*(INDEX($B:$B,G203))+(INDEX($B:$B,MIN(LOOKUP(2,1/((($A$5:$A$120<>"")+($B$5:$B$120<>""))>0),ROW($A$5:$A$120)),G203+1))))*I203^3),INDEX($B:$B,G203-1)+(INDEX($B:$B,G203)-INDEX($B:$B,G203-1))*I203))	=IF(J203="","",IF(AND(J202<>"",J204<>""),(J204-J202)/2,IF(J204<>"",J204-J203,IF(J202<>"",J203-J202,""))))	=IF(K203="","",IF(AND(K202<>"",K204<>""),(K204-K202)/2,IF(K204<>"",K204-K203,IF(K202<>"",K203-K202,""))))	=IF(L203="","",MOD(DEGREES(ATAN2(L203,M203)),360))	=IF(N203="","",N203+$S$2)	=IF(O203="","","G1 X"&TEXT(J203,"0.###")&" Y"&TEXT(K203,"0.###")&" Z"&TEXT(O203,"0.###"))					
					=ROW()-5	=IF(OR(F204="",F204<=0,F204>LOOKUP(9.99999999999999E+307,$E$5:$E$120)),"",LOOKUP(F204-1,$E$5:$E$120,ROW($E$5:$E$120))+1)	=IF(G204="","",F204-INDEX($E:$E,G204-1))	=IF(G204="","",H204/INDEX($D:$D,G204))	=IF(G204="","",IF(INDEX($C:$C,G204)="C",0.5*(2*(INDEX($A:$A,G204-1))+(-(INDEX($A:$A,MAX(5,G204-2)))+(INDEX($A:$A,G204)))*I204+(2*(INDEX($A:$A,MAX(5,G204-2)))-5*(INDEX($A:$A,G204-1))+4*(INDEX($A:$A,G204))-(INDEX($A:$A,MIN(LOOKUP(2,1/((($A$5:$A$120<>"")+($B$5:$B$120<>""))>0),ROW($A$5:$A$120)),G204+1))))*I204^2+(-(INDEX($A:$A,MAX(5,G204-2)))+3*(INDEX($A:$A,G204-1))-3*(INDEX($A:$A,G204))+(INDEX($A:$A,MIN(LOOKUP(2,1/((($A$5:$A$120<>"")+($B$5:$B$120<>""))>0),ROW($A$5:$A$120)),G204+1))))*I204^3),INDEX($A:$A,G204-1)+(INDEX($A:$A,G204)-INDEX($A:$A,G204-1))*I204))	=IF(G204="","",IF(INDEX($C:$C,G204)="C",0.5*(2*(INDEX($B:$B,G204-1))+(-(INDEX($B:$B,MAX(5,G204-2)))+(INDEX($B:$B,G204)))*I204+(2*(INDEX($B:$B,MAX(5,G204-2)))-5*(INDEX($B:$B,G204-1))+4*(INDEX($B:$B,G204))-(INDEX($B:$B,MIN(LOOKUP(2,1/((($A$5:$A$120<>"")+($B$5:$B$120<>""))>0),ROW($A$5:$A$120)),G204+1))))*I204^2+(-(INDEX($B:$B,MAX(5,G204-2)))+3*(INDEX($B:$B,G204-1))-3*(INDEX($B:$B,G204))+(INDEX($B:$B,MIN(LOOKUP(2,1/((($A$5:$A$120<>"")+($B$5:$B$120<>""))>0),ROW($A$5:$A$120)),G204+1))))*I204^3),INDEX($B:$B,G204-1)+(INDEX($B:$B,G204)-INDEX($B:$B,G204-1))*I204))	=IF(J204="","",IF(AND(J203<>"",J205<>""),(J205-J203)/2,IF(J205<>"",J205-J204,IF(J203<>"",J204-J203,""))))	=IF(K204="","",IF(AND(K203<>"",K205<>""),(K205-K203)/2,IF(K205<>"",K205-K204,IF(K203<>"",K204-K203,""))))	=IF(L204="","",MOD(DEGREES(ATAN2(L204,M204)),360))	=IF(N204="","",N204+$S$2)	=IF(O204="","","G1 X"&TEXT(J204,"0.###")&" Y"&TEXT(K204,"0.###")&" Z"&TEXT(O204,"0.###"))					
					=ROW()-5	=IF(OR(F205="",F205<=0,F205>LOOKUP(9.99999999999999E+307,$E$5:$E$120)),"",LOOKUP(F205-1,$E$5:$E$120,ROW($E$5:$E$120))+1)	=IF(G205="","",F205-INDEX($E:$E,G205-1))	=IF(G205="","",H205/INDEX($D:$D,G205))	=IF(G205="","",IF(INDEX($C:$C,G205)="C",0.5*(2*(INDEX($A:$A,G205-1))+(-(INDEX($A:$A,MAX(5,G205-2)))+(INDEX($A:$A,G205)))*I205+(2*(INDEX($A:$A,MAX(5,G205-2)))-5*(INDEX($A:$A,G205-1))+4*(INDEX($A:$A,G205))-(INDEX($A:$A,MIN(LOOKUP(2,1/((($A$5:$A$120<>"")+($B$5:$B$120<>""))>0),ROW($A$5:$A$120)),G205+1))))*I205^2+(-(INDEX($A:$A,MAX(5,G205-2)))+3*(INDEX($A:$A,G205-1))-3*(INDEX($A:$A,G205))+(INDEX($A:$A,MIN(LOOKUP(2,1/((($A$5:$A$120<>"")+($B$5:$B$120<>""))>0),ROW($A$5:$A$120)),G205+1))))*I205^3),INDEX($A:$A,G205-1)+(INDEX($A:$A,G205)-INDEX($A:$A,G205-1))*I205))	=IF(G205="","",IF(INDEX($C:$C,G205)="C",0.5*(2*(INDEX($B:$B,G205-1))+(-(INDEX($B:$B,MAX(5,G205-2)))+(INDEX($B:$B,G205)))*I205+(2*(INDEX($B:$B,MAX(5,G205-2)))-5*(INDEX($B:$B,G205-1))+4*(INDEX($B:$B,G205))-(INDEX($B:$B,MIN(LOOKUP(2,1/((($A$5:$A$120<>"")+($B$5:$B$120<>""))>0),ROW($A$5:$A$120)),G205+1))))*I205^2+(-(INDEX($B:$B,MAX(5,G205-2)))+3*(INDEX($B:$B,G205-1))-3*(INDEX($B:$B,G205))+(INDEX($B:$B,MIN(LOOKUP(2,1/((($A$5:$A$120<>"")+($B$5:$B$120<>""))>0),ROW($A$5:$A$120)),G205+1))))*I205^3),INDEX($B:$B,G205-1)+(INDEX($B:$B,G205)-INDEX($B:$B,G205-1))*I205))	=IF(J205="","",IF(AND(J204<>"",J206<>""),(J206-J204)/2,IF(J206<>"",J206-J205,IF(J204<>"",J205-J204,""))))	=IF(K205="","",IF(AND(K204<>"",K206<>""),(K206-K204)/2,IF(K206<>"",K206-K205,IF(K204<>"",K205-K204,""))))	=IF(L205="","",MOD(DEGREES(ATAN2(L205,M205)),360))	=IF(N205="","",N205+$S$2)	=IF(O205="","","G1 X"&TEXT(J205,"0.###")&" Y"&TEXT(K205,"0.###")&" Z"&TEXT(O205,"0.###"))					
					=ROW()-5	=IF(OR(F206="",F206<=0,F206>LOOKUP(9.99999999999999E+307,$E$5:$E$120)),"",LOOKUP(F206-1,$E$5:$E$120,ROW($E$5:$E$120))+1)	=IF(G206="","",F206-INDEX($E:$E,G206-1))	=IF(G206="","",H206/INDEX($D:$D,G206))	=IF(G206="","",IF(INDEX($C:$C,G206)="C",0.5*(2*(INDEX($A:$A,G206-1))+(-(INDEX($A:$A,MAX(5,G206-2)))+(INDEX($A:$A,G206)))*I206+(2*(INDEX($A:$A,MAX(5,G206-2)))-5*(INDEX($A:$A,G206-1))+4*(INDEX($A:$A,G206))-(INDEX($A:$A,MIN(LOOKUP(2,1/((($A$5:$A$120<>"")+($B$5:$B$120<>""))>0),ROW($A$5:$A$120)),G206+1))))*I206^2+(-(INDEX($A:$A,MAX(5,G206-2)))+3*(INDEX($A:$A,G206-1))-3*(INDEX($A:$A,G206))+(INDEX($A:$A,MIN(LOOKUP(2,1/((($A$5:$A$120<>"")+($B$5:$B$120<>""))>0),ROW($A$5:$A$120)),G206+1))))*I206^3),INDEX($A:$A,G206-1)+(INDEX($A:$A,G206)-INDEX($A:$A,G206-1))*I206))	=IF(G206="","",IF(INDEX($C:$C,G206)="C",0.5*(2*(INDEX($B:$B,G206-1))+(-(INDEX($B:$B,MAX(5,G206-2)))+(INDEX($B:$B,G206)))*I206+(2*(INDEX($B:$B,MAX(5,G206-2)))-5*(INDEX($B:$B,G206-1))+4*(INDEX($B:$B,G206))-(INDEX($B:$B,MIN(LOOKUP(2,1/((($A$5:$A$120<>"")+($B$5:$B$120<>""))>0),ROW($A$5:$A$120)),G206+1))))*I206^2+(-(INDEX($B:$B,MAX(5,G206-2)))+3*(INDEX($B:$B,G206-1))-3*(INDEX($B:$B,G206))+(INDEX($B:$B,MIN(LOOKUP(2,1/((($A$5:$A$120<>"")+($B$5:$B$120<>""))>0),ROW($A$5:$A$120)),G206+1))))*I206^3),INDEX($B:$B,G206-1)+(INDEX($B:$B,G206)-INDEX($B:$B,G206-1))*I206))	=IF(J206="","",IF(AND(J205<>"",J207<>""),(J207-J205)/2,IF(J207<>"",J207-J206,IF(J205<>"",J206-J205,""))))	=IF(K206="","",IF(AND(K205<>"",K207<>""),(K207-K205)/2,IF(K207<>"",K207-K206,IF(K205<>"",K206-K205,""))))	=IF(L206="","",MOD(DEGREES(ATAN2(L206,M206)),360))	=IF(N206="","",N206+$S$2)	=IF(O206="","","G1 X"&TEXT(J206,"0.###")&" Y"&TEXT(K206,"0.###")&" Z"&TEXT(O206,"0.###"))					
					=ROW()-5	=IF(OR(F207="",F207<=0,F207>LOOKUP(9.99999999999999E+307,$E$5:$E$120)),"",LOOKUP(F207-1,$E$5:$E$120,ROW($E$5:$E$120))+1)	=IF(G207="","",F207-INDEX($E:$E,G207-1))	=IF(G207="","",H207/INDEX($D:$D,G207))	=IF(G207="","",IF(INDEX($C:$C,G207)="C",0.5*(2*(INDEX($A:$A,G207-1))+(-(INDEX($A:$A,MAX(5,G207-2)))+(INDEX($A:$A,G207)))*I207+(2*(INDEX($A:$A,MAX(5,G207-2)))-5*(INDEX($A:$A,G207-1))+4*(INDEX($A:$A,G207))-(INDEX($A:$A,MIN(LOOKUP(2,1/((($A$5:$A$120<>"")+($B$5:$B$120<>""))>0),ROW($A$5:$A$120)),G207+1))))*I207^2+(-(INDEX($A:$A,MAX(5,G207-2)))+3*(INDEX($A:$A,G207-1))-3*(INDEX($A:$A,G207))+(INDEX($A:$A,MIN(LOOKUP(2,1/((($A$5:$A$120<>"")+($B$5:$B$120<>""))>0),ROW($A$5:$A$120)),G207+1))))*I207^3),INDEX($A:$A,G207-1)+(INDEX($A:$A,G207)-INDEX($A:$A,G207-1))*I207))	=IF(G207="","",IF(INDEX($C:$C,G207)="C",0.5*(2*(INDEX($B:$B,G207-1))+(-(INDEX($B:$B,MAX(5,G207-2)))+(INDEX($B:$B,G207)))*I207+(2*(INDEX($B:$B,MAX(5,G207-2)))-5*(INDEX($B:$B,G207-1))+4*(INDEX($B:$B,G207))-(INDEX($B:$B,MIN(LOOKUP(2,1/((($A$5:$A$120<>"")+($B$5:$B$120<>""))>0),ROW($A$5:$A$120)),G207+1))))*I207^2+(-(INDEX($B:$B,MAX(5,G207-2)))+3*(INDEX($B:$B,G207-1))-3*(INDEX($B:$B,G207))+(INDEX($B:$B,MIN(LOOKUP(2,1/((($A$5:$A$120<>"")+($B$5:$B$120<>""))>0),ROW($A$5:$A$120)),G207+1))))*I207^3),INDEX($B:$B,G207-1)+(INDEX($B:$B,G207)-INDEX($B:$B,G207-1))*I207))	=IF(J207="","",IF(AND(J206<>"",J208<>""),(J208-J206)/2,IF(J208<>"",J208-J207,IF(J206<>"",J207-J206,""))))	=IF(K207="","",IF(AND(K206<>"",K208<>""),(K208-K206)/2,IF(K208<>"",K208-K207,IF(K206<>"",K207-K206,""))))	=IF(L207="","",MOD(DEGREES(ATAN2(L207,M207)),360))	=IF(N207="","",N207+$S$2)	=IF(O207="","","G1 X"&TEXT(J207,"0.###")&" Y"&TEXT(K207,"0.###")&" Z"&TEXT(O207,"0.###"))					
					=ROW()-5	=IF(OR(F208="",F208<=0,F208>LOOKUP(9.99999999999999E+307,$E$5:$E$120)),"",LOOKUP(F208-1,$E$5:$E$120,ROW($E$5:$E$120))+1)	=IF(G208="","",F208-INDEX($E:$E,G208-1))	=IF(G208="","",H208/INDEX($D:$D,G208))	=IF(G208="","",IF(INDEX($C:$C,G208)="C",0.5*(2*(INDEX($A:$A,G208-1))+(-(INDEX($A:$A,MAX(5,G208-2)))+(INDEX($A:$A,G208)))*I208+(2*(INDEX($A:$A,MAX(5,G208-2)))-5*(INDEX($A:$A,G208-1))+4*(INDEX($A:$A,G208))-(INDEX($A:$A,MIN(LOOKUP(2,1/((($A$5:$A$120<>"")+($B$5:$B$120<>""))>0),ROW($A$5:$A$120)),G208+1))))*I208^2+(-(INDEX($A:$A,MAX(5,G208-2)))+3*(INDEX($A:$A,G208-1))-3*(INDEX($A:$A,G208))+(INDEX($A:$A,MIN(LOOKUP(2,1/((($A$5:$A$120<>"")+($B$5:$B$120<>""))>0),ROW($A$5:$A$120)),G208+1))))*I208^3),INDEX($A:$A,G208-1)+(INDEX($A:$A,G208)-INDEX($A:$A,G208-1))*I208))	=IF(G208="","",IF(INDEX($C:$C,G208)="C",0.5*(2*(INDEX($B:$B,G208-1))+(-(INDEX($B:$B,MAX(5,G208-2)))+(INDEX($B:$B,G208)))*I208+(2*(INDEX($B:$B,MAX(5,G208-2)))-5*(INDEX($B:$B,G208-1))+4*(INDEX($B:$B,G208))-(INDEX($B:$B,MIN(LOOKUP(2,1/((($A$5:$A$120<>"")+($B$5:$B$120<>""))>0),ROW($A$5:$A$120)),G208+1))))*I208^2+(-(INDEX($B:$B,MAX(5,G208-2)))+3*(INDEX($B:$B,G208-1))-3*(INDEX($B:$B,G208))+(INDEX($B:$B,MIN(LOOKUP(2,1/((($A$5:$A$120<>"")+($B$5:$B$120<>""))>0),ROW($A$5:$A$120)),G208+1))))*I208^3),INDEX($B:$B,G208-1)+(INDEX($B:$B,G208)-INDEX($B:$B,G208-1))*I208))	=IF(J208="","",IF(AND(J207<>"",J209<>""),(J209-J207)/2,IF(J209<>"",J209-J208,IF(J207<>"",J208-J207,""))))	=IF(K208="","",IF(AND(K207<>"",K209<>""),(K209-K207)/2,IF(K209<>"",K209-K208,IF(K207<>"",K208-K207,""))))	=IF(L208="","",MOD(DEGREES(ATAN2(L208,M208)),360))	=IF(N208="","",N208+$S$2)	=IF(O208="","","G1 X"&TEXT(J208,"0.###")&" Y"&TEXT(K208,"0.###")&" Z"&TEXT(O208,"0.###"))					
					=ROW()-5	=IF(OR(F209="",F209<=0,F209>LOOKUP(9.99999999999999E+307,$E$5:$E$120)),"",LOOKUP(F209-1,$E$5:$E$120,ROW($E$5:$E$120))+1)	=IF(G209="","",F209-INDEX($E:$E,G209-1))	=IF(G209="","",H209/INDEX($D:$D,G209))	=IF(G209="","",IF(INDEX($C:$C,G209)="C",0.5*(2*(INDEX($A:$A,G209-1))+(-(INDEX($A:$A,MAX(5,G209-2)))+(INDEX($A:$A,G209)))*I209+(2*(INDEX($A:$A,MAX(5,G209-2)))-5*(INDEX($A:$A,G209-1))+4*(INDEX($A:$A,G209))-(INDEX($A:$A,MIN(LOOKUP(2,1/((($A$5:$A$120<>"")+($B$5:$B$120<>""))>0),ROW($A$5:$A$120)),G209+1))))*I209^2+(-(INDEX($A:$A,MAX(5,G209-2)))+3*(INDEX($A:$A,G209-1))-3*(INDEX($A:$A,G209))+(INDEX($A:$A,MIN(LOOKUP(2,1/((($A$5:$A$120<>"")+($B$5:$B$120<>""))>0),ROW($A$5:$A$120)),G209+1))))*I209^3),INDEX($A:$A,G209-1)+(INDEX($A:$A,G209)-INDEX($A:$A,G209-1))*I209))	=IF(G209="","",IF(INDEX($C:$C,G209)="C",0.5*(2*(INDEX($B:$B,G209-1))+(-(INDEX($B:$B,MAX(5,G209-2)))+(INDEX($B:$B,G209)))*I209+(2*(INDEX($B:$B,MAX(5,G209-2)))-5*(INDEX($B:$B,G209-1))+4*(INDEX($B:$B,G209))-(INDEX($B:$B,MIN(LOOKUP(2,1/((($A$5:$A$120<>"")+($B$5:$B$120<>""))>0),ROW($A$5:$A$120)),G209+1))))*I209^2+(-(INDEX($B:$B,MAX(5,G209-2)))+3*(INDEX($B:$B,G209-1))-3*(INDEX($B:$B,G209))+(INDEX($B:$B,MIN(LOOKUP(2,1/((($A$5:$A$120<>"")+($B$5:$B$120<>""))>0),ROW($A$5:$A$120)),G209+1))))*I209^3),INDEX($B:$B,G209-1)+(INDEX($B:$B,G209)-INDEX($B:$B,G209-1))*I209))	=IF(J209="","",IF(AND(J208<>"",J210<>""),(J210-J208)/2,IF(J210<>"",J210-J209,IF(J208<>"",J209-J208,""))))	=IF(K209="","",IF(AND(K208<>"",K210<>""),(K210-K208)/2,IF(K210<>"",K210-K209,IF(K208<>"",K209-K208,""))))	=IF(L209="","",MOD(DEGREES(ATAN2(L209,M209)),360))	=IF(N209="","",N209+$S$2)	=IF(O209="","","G1 X"&TEXT(J209,"0.###")&" Y"&TEXT(K209,"0.###")&" Z"&TEXT(O209,"0.###"))					
					=ROW()-5	=IF(OR(F210="",F210<=0,F210>LOOKUP(9.99999999999999E+307,$E$5:$E$120)),"",LOOKUP(F210-1,$E$5:$E$120,ROW($E$5:$E$120))+1)	=IF(G210="","",F210-INDEX($E:$E,G210-1))	=IF(G210="","",H210/INDEX($D:$D,G210))	=IF(G210="","",IF(INDEX($C:$C,G210)="C",0.5*(2*(INDEX($A:$A,G210-1))+(-(INDEX($A:$A,MAX(5,G210-2)))+(INDEX($A:$A,G210)))*I210+(2*(INDEX($A:$A,MAX(5,G210-2)))-5*(INDEX($A:$A,G210-1))+4*(INDEX($A:$A,G210))-(INDEX($A:$A,MIN(LOOKUP(2,1/((($A$5:$A$120<>"")+($B$5:$B$120<>""))>0),ROW($A$5:$A$120)),G210+1))))*I210^2+(-(INDEX($A:$A,MAX(5,G210-2)))+3*(INDEX($A:$A,G210-1))-3*(INDEX($A:$A,G210))+(INDEX($A:$A,MIN(LOOKUP(2,1/((($A$5:$A$120<>"")+($B$5:$B$120<>""))>0),ROW($A$5:$A$120)),G210+1))))*I210^3),INDEX($A:$A,G210-1)+(INDEX($A:$A,G210)-INDEX($A:$A,G210-1))*I210))	=IF(G210="","",IF(INDEX($C:$C,G210)="C",0.5*(2*(INDEX($B:$B,G210-1))+(-(INDEX($B:$B,MAX(5,G210-2)))+(INDEX($B:$B,G210)))*I210+(2*(INDEX($B:$B,MAX(5,G210-2)))-5*(INDEX($B:$B,G210-1))+4*(INDEX($B:$B,G210))-(INDEX($B:$B,MIN(LOOKUP(2,1/((($A$5:$A$120<>"")+($B$5:$B$120<>""))>0),ROW($A$5:$A$120)),G210+1))))*I210^2+(-(INDEX($B:$B,MAX(5,G210-2)))+3*(INDEX($B:$B,G210-1))-3*(INDEX($B:$B,G210))+(INDEX($B:$B,MIN(LOOKUP(2,1/((($A$5:$A$120<>"")+($B$5:$B$120<>""))>0),ROW($A$5:$A$120)),G210+1))))*I210^3),INDEX($B:$B,G210-1)+(INDEX($B:$B,G210)-INDEX($B:$B,G210-1))*I210))	=IF(J210="","",IF(AND(J209<>"",J211<>""),(J211-J209)/2,IF(J211<>"",J211-J210,IF(J209<>"",J210-J209,""))))	=IF(K210="","",IF(AND(K209<>"",K211<>""),(K211-K209)/2,IF(K211<>"",K211-K210,IF(K209<>"",K210-K209,""))))	=IF(L210="","",MOD(DEGREES(ATAN2(L210,M210)),360))	=IF(N210="","",N210+$S$2)	=IF(O210="","","G1 X"&TEXT(J210,"0.###")&" Y"&TEXT(K210,"0.###")&" Z"&TEXT(O210,"0.###"))					
					=ROW()-5	=IF(OR(F211="",F211<=0,F211>LOOKUP(9.99999999999999E+307,$E$5:$E$120)),"",LOOKUP(F211-1,$E$5:$E$120,ROW($E$5:$E$120))+1)	=IF(G211="","",F211-INDEX($E:$E,G211-1))	=IF(G211="","",H211/INDEX($D:$D,G211))	=IF(G211="","",IF(INDEX($C:$C,G211)="C",0.5*(2*(INDEX($A:$A,G211-1))+(-(INDEX($A:$A,MAX(5,G211-2)))+(INDEX($A:$A,G211)))*I211+(2*(INDEX($A:$A,MAX(5,G211-2)))-5*(INDEX($A:$A,G211-1))+4*(INDEX($A:$A,G211))-(INDEX($A:$A,MIN(LOOKUP(2,1/((($A$5:$A$120<>"")+($B$5:$B$120<>""))>0),ROW($A$5:$A$120)),G211+1))))*I211^2+(-(INDEX($A:$A,MAX(5,G211-2)))+3*(INDEX($A:$A,G211-1))-3*(INDEX($A:$A,G211))+(INDEX($A:$A,MIN(LOOKUP(2,1/((($A$5:$A$120<>"")+($B$5:$B$120<>""))>0),ROW($A$5:$A$120)),G211+1))))*I211^3),INDEX($A:$A,G211-1)+(INDEX($A:$A,G211)-INDEX($A:$A,G211-1))*I211))	=IF(G211="","",IF(INDEX($C:$C,G211)="C",0.5*(2*(INDEX($B:$B,G211-1))+(-(INDEX($B:$B,MAX(5,G211-2)))+(INDEX($B:$B,G211)))*I211+(2*(INDEX($B:$B,MAX(5,G211-2)))-5*(INDEX($B:$B,G211-1))+4*(INDEX($B:$B,G211))-(INDEX($B:$B,MIN(LOOKUP(2,1/((($A$5:$A$120<>"")+($B$5:$B$120<>""))>0),ROW($A$5:$A$120)),G211+1))))*I211^2+(-(INDEX($B:$B,MAX(5,G211-2)))+3*(INDEX($B:$B,G211-1))-3*(INDEX($B:$B,G211))+(INDEX($B:$B,MIN(LOOKUP(2,1/((($A$5:$A$120<>"")+($B$5:$B$120<>""))>0),ROW($A$5:$A$120)),G211+1))))*I211^3),INDEX($B:$B,G211-1)+(INDEX($B:$B,G211)-INDEX($B:$B,G211-1))*I211))	=IF(J211="","",IF(AND(J210<>"",J212<>""),(J212-J210)/2,IF(J212<>"",J212-J211,IF(J210<>"",J211-J210,""))))	=IF(K211="","",IF(AND(K210<>"",K212<>""),(K212-K210)/2,IF(K212<>"",K212-K211,IF(K210<>"",K211-K210,""))))	=IF(L211="","",MOD(DEGREES(ATAN2(L211,M211)),360))	=IF(N211="","",N211+$S$2)	=IF(O211="","","G1 X"&TEXT(J211,"0.###")&" Y"&TEXT(K211,"0.###")&" Z"&TEXT(O211,"0.###"))					
					=ROW()-5	=IF(OR(F212="",F212<=0,F212>LOOKUP(9.99999999999999E+307,$E$5:$E$120)),"",LOOKUP(F212-1,$E$5:$E$120,ROW($E$5:$E$120))+1)	=IF(G212="","",F212-INDEX($E:$E,G212-1))	=IF(G212="","",H212/INDEX($D:$D,G212))	=IF(G212="","",IF(INDEX($C:$C,G212)="C",0.5*(2*(INDEX($A:$A,G212-1))+(-(INDEX($A:$A,MAX(5,G212-2)))+(INDEX($A:$A,G212)))*I212+(2*(INDEX($A:$A,MAX(5,G212-2)))-5*(INDEX($A:$A,G212-1))+4*(INDEX($A:$A,G212))-(INDEX($A:$A,MIN(LOOKUP(2,1/((($A$5:$A$120<>"")+($B$5:$B$120<>""))>0),ROW($A$5:$A$120)),G212+1))))*I212^2+(-(INDEX($A:$A,MAX(5,G212-2)))+3*(INDEX($A:$A,G212-1))-3*(INDEX($A:$A,G212))+(INDEX($A:$A,MIN(LOOKUP(2,1/((($A$5:$A$120<>"")+($B$5:$B$120<>""))>0),ROW($A$5:$A$120)),G212+1))))*I212^3),INDEX($A:$A,G212-1)+(INDEX($A:$A,G212)-INDEX($A:$A,G212-1))*I212))	=IF(G212="","",IF(INDEX($C:$C,G212)="C",0.5*(2*(INDEX($B:$B,G212-1))+(-(INDEX($B:$B,MAX(5,G212-2)))+(INDEX($B:$B,G212)))*I212+(2*(INDEX($B:$B,MAX(5,G212-2)))-5*(INDEX($B:$B,G212-1))+4*(INDEX($B:$B,G212))-(INDEX($B:$B,MIN(LOOKUP(2,1/((($A$5:$A$120<>"")+($B$5:$B$120<>""))>0),ROW($A$5:$A$120)),G212+1))))*I212^2+(-(INDEX($B:$B,MAX(5,G212-2)))+3*(INDEX($B:$B,G212-1))-3*(INDEX($B:$B,G212))+(INDEX($B:$B,MIN(LOOKUP(2,1/((($A$5:$A$120<>"")+($B$5:$B$120<>""))>0),ROW($A$5:$A$120)),G212+1))))*I212^3),INDEX($B:$B,G212-1)+(INDEX($B:$B,G212)-INDEX($B:$B,G212-1))*I212))	=IF(J212="","",IF(AND(J211<>"",J213<>""),(J213-J211)/2,IF(J213<>"",J213-J212,IF(J211<>"",J212-J211,""))))	=IF(K212="","",IF(AND(K211<>"",K213<>""),(K213-K211)/2,IF(K213<>"",K213-K212,IF(K211<>"",K212-K211,""))))	=IF(L212="","",MOD(DEGREES(ATAN2(L212,M212)),360))	=IF(N212="","",N212+$S$2)	=IF(O212="","","G1 X"&TEXT(J212,"0.###")&" Y"&TEXT(K212,"0.###")&" Z"&TEXT(O212,"0.###"))					
					=ROW()-5	=IF(OR(F213="",F213<=0,F213>LOOKUP(9.99999999999999E+307,$E$5:$E$120)),"",LOOKUP(F213-1,$E$5:$E$120,ROW($E$5:$E$120))+1)	=IF(G213="","",F213-INDEX($E:$E,G213-1))	=IF(G213="","",H213/INDEX($D:$D,G213))	=IF(G213="","",IF(INDEX($C:$C,G213)="C",0.5*(2*(INDEX($A:$A,G213-1))+(-(INDEX($A:$A,MAX(5,G213-2)))+(INDEX($A:$A,G213)))*I213+(2*(INDEX($A:$A,MAX(5,G213-2)))-5*(INDEX($A:$A,G213-1))+4*(INDEX($A:$A,G213))-(INDEX($A:$A,MIN(LOOKUP(2,1/((($A$5:$A$120<>"")+($B$5:$B$120<>""))>0),ROW($A$5:$A$120)),G213+1))))*I213^2+(-(INDEX($A:$A,MAX(5,G213-2)))+3*(INDEX($A:$A,G213-1))-3*(INDEX($A:$A,G213))+(INDEX($A:$A,MIN(LOOKUP(2,1/((($A$5:$A$120<>"")+($B$5:$B$120<>""))>0),ROW($A$5:$A$120)),G213+1))))*I213^3),INDEX($A:$A,G213-1)+(INDEX($A:$A,G213)-INDEX($A:$A,G213-1))*I213))	=IF(G213="","",IF(INDEX($C:$C,G213)="C",0.5*(2*(INDEX($B:$B,G213-1))+(-(INDEX($B:$B,MAX(5,G213-2)))+(INDEX($B:$B,G213)))*I213+(2*(INDEX($B:$B,MAX(5,G213-2)))-5*(INDEX($B:$B,G213-1))+4*(INDEX($B:$B,G213))-(INDEX($B:$B,MIN(LOOKUP(2,1/((($A$5:$A$120<>"")+($B$5:$B$120<>""))>0),ROW($A$5:$A$120)),G213+1))))*I213^2+(-(INDEX($B:$B,MAX(5,G213-2)))+3*(INDEX($B:$B,G213-1))-3*(INDEX($B:$B,G213))+(INDEX($B:$B,MIN(LOOKUP(2,1/((($A$5:$A$120<>"")+($B$5:$B$120<>""))>0),ROW($A$5:$A$120)),G213+1))))*I213^3),INDEX($B:$B,G213-1)+(INDEX($B:$B,G213)-INDEX($B:$B,G213-1))*I213))	=IF(J213="","",IF(AND(J212<>"",J214<>""),(J214-J212)/2,IF(J214<>"",J214-J213,IF(J212<>"",J213-J212,""))))	=IF(K213="","",IF(AND(K212<>"",K214<>""),(K214-K212)/2,IF(K214<>"",K214-K213,IF(K212<>"",K213-K212,""))))	=IF(L213="","",MOD(DEGREES(ATAN2(L213,M213)),360))	=IF(N213="","",N213+$S$2)	=IF(O213="","","G1 X"&TEXT(J213,"0.###")&" Y"&TEXT(K213,"0.###")&" Z"&TEXT(O213,"0.###"))					
					=ROW()-5	=IF(OR(F214="",F214<=0,F214>LOOKUP(9.99999999999999E+307,$E$5:$E$120)),"",LOOKUP(F214-1,$E$5:$E$120,ROW($E$5:$E$120))+1)	=IF(G214="","",F214-INDEX($E:$E,G214-1))	=IF(G214="","",H214/INDEX($D:$D,G214))	=IF(G214="","",IF(INDEX($C:$C,G214)="C",0.5*(2*(INDEX($A:$A,G214-1))+(-(INDEX($A:$A,MAX(5,G214-2)))+(INDEX($A:$A,G214)))*I214+(2*(INDEX($A:$A,MAX(5,G214-2)))-5*(INDEX($A:$A,G214-1))+4*(INDEX($A:$A,G214))-(INDEX($A:$A,MIN(LOOKUP(2,1/((($A$5:$A$120<>"")+($B$5:$B$120<>""))>0),ROW($A$5:$A$120)),G214+1))))*I214^2+(-(INDEX($A:$A,MAX(5,G214-2)))+3*(INDEX($A:$A,G214-1))-3*(INDEX($A:$A,G214))+(INDEX($A:$A,MIN(LOOKUP(2,1/((($A$5:$A$120<>"")+($B$5:$B$120<>""))>0),ROW($A$5:$A$120)),G214+1))))*I214^3),INDEX($A:$A,G214-1)+(INDEX($A:$A,G214)-INDEX($A:$A,G214-1))*I214))	=IF(G214="","",IF(INDEX($C:$C,G214)="C",0.5*(2*(INDEX($B:$B,G214-1))+(-(INDEX($B:$B,MAX(5,G214-2)))+(INDEX($B:$B,G214)))*I214+(2*(INDEX($B:$B,MAX(5,G214-2)))-5*(INDEX($B:$B,G214-1))+4*(INDEX($B:$B,G214))-(INDEX($B:$B,MIN(LOOKUP(2,1/((($A$5:$A$120<>"")+($B$5:$B$120<>""))>0),ROW($A$5:$A$120)),G214+1))))*I214^2+(-(INDEX($B:$B,MAX(5,G214-2)))+3*(INDEX($B:$B,G214-1))-3*(INDEX($B:$B,G214))+(INDEX($B:$B,MIN(LOOKUP(2,1/((($A$5:$A$120<>"")+($B$5:$B$120<>""))>0),ROW($A$5:$A$120)),G214+1))))*I214^3),INDEX($B:$B,G214-1)+(INDEX($B:$B,G214)-INDEX($B:$B,G214-1))*I214))	=IF(J214="","",IF(AND(J213<>"",J215<>""),(J215-J213)/2,IF(J215<>"",J215-J214,IF(J213<>"",J214-J213,""))))	=IF(K214="","",IF(AND(K213<>"",K215<>""),(K215-K213)/2,IF(K215<>"",K215-K214,IF(K213<>"",K214-K213,""))))	=IF(L214="","",MOD(DEGREES(ATAN2(L214,M214)),360))	=IF(N214="","",N214+$S$2)	=IF(O214="","","G1 X"&TEXT(J214,"0.###")&" Y"&TEXT(K214,"0.###")&" Z"&TEXT(O214,"0.###"))					
					=ROW()-5	=IF(OR(F215="",F215<=0,F215>LOOKUP(9.99999999999999E+307,$E$5:$E$120)),"",LOOKUP(F215-1,$E$5:$E$120,ROW($E$5:$E$120))+1)	=IF(G215="","",F215-INDEX($E:$E,G215-1))	=IF(G215="","",H215/INDEX($D:$D,G215))	=IF(G215="","",IF(INDEX($C:$C,G215)="C",0.5*(2*(INDEX($A:$A,G215-1))+(-(INDEX($A:$A,MAX(5,G215-2)))+(INDEX($A:$A,G215)))*I215+(2*(INDEX($A:$A,MAX(5,G215-2)))-5*(INDEX($A:$A,G215-1))+4*(INDEX($A:$A,G215))-(INDEX($A:$A,MIN(LOOKUP(2,1/((($A$5:$A$120<>"")+($B$5:$B$120<>""))>0),ROW($A$5:$A$120)),G215+1))))*I215^2+(-(INDEX($A:$A,MAX(5,G215-2)))+3*(INDEX($A:$A,G215-1))-3*(INDEX($A:$A,G215))+(INDEX($A:$A,MIN(LOOKUP(2,1/((($A$5:$A$120<>"")+($B$5:$B$120<>""))>0),ROW($A$5:$A$120)),G215+1))))*I215^3),INDEX($A:$A,G215-1)+(INDEX($A:$A,G215)-INDEX($A:$A,G215-1))*I215))	=IF(G215="","",IF(INDEX($C:$C,G215)="C",0.5*(2*(INDEX($B:$B,G215-1))+(-(INDEX($B:$B,MAX(5,G215-2)))+(INDEX($B:$B,G215)))*I215+(2*(INDEX($B:$B,MAX(5,G215-2)))-5*(INDEX($B:$B,G215-1))+4*(INDEX($B:$B,G215))-(INDEX($B:$B,MIN(LOOKUP(2,1/((($A$5:$A$120<>"")+($B$5:$B$120<>""))>0),ROW($A$5:$A$120)),G215+1))))*I215^2+(-(INDEX($B:$B,MAX(5,G215-2)))+3*(INDEX($B:$B,G215-1))-3*(INDEX($B:$B,G215))+(INDEX($B:$B,MIN(LOOKUP(2,1/((($A$5:$A$120<>"")+($B$5:$B$120<>""))>0),ROW($A$5:$A$120)),G215+1))))*I215^3),INDEX($B:$B,G215-1)+(INDEX($B:$B,G215)-INDEX($B:$B,G215-1))*I215))	=IF(J215="","",IF(AND(J214<>"",J216<>""),(J216-J214)/2,IF(J216<>"",J216-J215,IF(J214<>"",J215-J214,""))))	=IF(K215="","",IF(AND(K214<>"",K216<>""),(K216-K214)/2,IF(K216<>"",K216-K215,IF(K214<>"",K215-K214,""))))	=IF(L215="","",MOD(DEGREES(ATAN2(L215,M215)),360))	=IF(N215="","",N215+$S$2)	=IF(O215="","","G1 X"&TEXT(J215,"0.###")&" Y"&TEXT(K215,"0.###")&" Z"&TEXT(O215,"0.###"))					
					=ROW()-5	=IF(OR(F216="",F216<=0,F216>LOOKUP(9.99999999999999E+307,$E$5:$E$120)),"",LOOKUP(F216-1,$E$5:$E$120,ROW($E$5:$E$120))+1)	=IF(G216="","",F216-INDEX($E:$E,G216-1))	=IF(G216="","",H216/INDEX($D:$D,G216))	=IF(G216="","",IF(INDEX($C:$C,G216)="C",0.5*(2*(INDEX($A:$A,G216-1))+(-(INDEX($A:$A,MAX(5,G216-2)))+(INDEX($A:$A,G216)))*I216+(2*(INDEX($A:$A,MAX(5,G216-2)))-5*(INDEX($A:$A,G216-1))+4*(INDEX($A:$A,G216))-(INDEX($A:$A,MIN(LOOKUP(2,1/((($A$5:$A$120<>"")+($B$5:$B$120<>""))>0),ROW($A$5:$A$120)),G216+1))))*I216^2+(-(INDEX($A:$A,MAX(5,G216-2)))+3*(INDEX($A:$A,G216-1))-3*(INDEX($A:$A,G216))+(INDEX($A:$A,MIN(LOOKUP(2,1/((($A$5:$A$120<>"")+($B$5:$B$120<>""))>0),ROW($A$5:$A$120)),G216+1))))*I216^3),INDEX($A:$A,G216-1)+(INDEX($A:$A,G216)-INDEX($A:$A,G216-1))*I216))	=IF(G216="","",IF(INDEX($C:$C,G216)="C",0.5*(2*(INDEX($B:$B,G216-1))+(-(INDEX($B:$B,MAX(5,G216-2)))+(INDEX($B:$B,G216)))*I216+(2*(INDEX($B:$B,MAX(5,G216-2)))-5*(INDEX($B:$B,G216-1))+4*(INDEX($B:$B,G216))-(INDEX($B:$B,MIN(LOOKUP(2,1/((($A$5:$A$120<>"")+($B$5:$B$120<>""))>0),ROW($A$5:$A$120)),G216+1))))*I216^2+(-(INDEX($B:$B,MAX(5,G216-2)))+3*(INDEX($B:$B,G216-1))-3*(INDEX($B:$B,G216))+(INDEX($B:$B,MIN(LOOKUP(2,1/((($A$5:$A$120<>"")+($B$5:$B$120<>""))>0),ROW($A$5:$A$120)),G216+1))))*I216^3),INDEX($B:$B,G216-1)+(INDEX($B:$B,G216)-INDEX($B:$B,G216-1))*I216))	=IF(J216="","",IF(AND(J215<>"",J217<>""),(J217-J215)/2,IF(J217<>"",J217-J216,IF(J215<>"",J216-J215,""))))	=IF(K216="","",IF(AND(K215<>"",K217<>""),(K217-K215)/2,IF(K217<>"",K217-K216,IF(K215<>"",K216-K215,""))))	=IF(L216="","",MOD(DEGREES(ATAN2(L216,M216)),360))	=IF(N216="","",N216+$S$2)	=IF(O216="","","G1 X"&TEXT(J216,"0.###")&" Y"&TEXT(K216,"0.###")&" Z"&TEXT(O216,"0.###"))					
					=ROW()-5	=IF(OR(F217="",F217<=0,F217>LOOKUP(9.99999999999999E+307,$E$5:$E$120)),"",LOOKUP(F217-1,$E$5:$E$120,ROW($E$5:$E$120))+1)	=IF(G217="","",F217-INDEX($E:$E,G217-1))	=IF(G217="","",H217/INDEX($D:$D,G217))	=IF(G217="","",IF(INDEX($C:$C,G217)="C",0.5*(2*(INDEX($A:$A,G217-1))+(-(INDEX($A:$A,MAX(5,G217-2)))+(INDEX($A:$A,G217)))*I217+(2*(INDEX($A:$A,MAX(5,G217-2)))-5*(INDEX($A:$A,G217-1))+4*(INDEX($A:$A,G217))-(INDEX($A:$A,MIN(LOOKUP(2,1/((($A$5:$A$120<>"")+($B$5:$B$120<>""))>0),ROW($A$5:$A$120)),G217+1))))*I217^2+(-(INDEX($A:$A,MAX(5,G217-2)))+3*(INDEX($A:$A,G217-1))-3*(INDEX($A:$A,G217))+(INDEX($A:$A,MIN(LOOKUP(2,1/((($A$5:$A$120<>"")+($B$5:$B$120<>""))>0),ROW($A$5:$A$120)),G217+1))))*I217^3),INDEX($A:$A,G217-1)+(INDEX($A:$A,G217)-INDEX($A:$A,G217-1))*I217))	=IF(G217="","",IF(INDEX($C:$C,G217)="C",0.5*(2*(INDEX($B:$B,G217-1))+(-(INDEX($B:$B,MAX(5,G217-2)))+(INDEX($B:$B,G217)))*I217+(2*(INDEX($B:$B,MAX(5,G217-2)))-5*(INDEX($B:$B,G217-1))+4*(INDEX($B:$B,G217))-(INDEX($B:$B,MIN(LOOKUP(2,1/((($A$5:$A$120<>"")+($B$5:$B$120<>""))>0),ROW($A$5:$A$120)),G217+1))))*I217^2+(-(INDEX($B:$B,MAX(5,G217-2)))+3*(INDEX($B:$B,G217-1))-3*(INDEX($B:$B,G217))+(INDEX($B:$B,MIN(LOOKUP(2,1/((($A$5:$A$120<>"")+($B$5:$B$120<>""))>0),ROW($A$5:$A$120)),G217+1))))*I217^3),INDEX($B:$B,G217-1)+(INDEX($B:$B,G217)-INDEX($B:$B,G217-1))*I217))	=IF(J217="","",IF(AND(J216<>"",J218<>""),(J218-J216)/2,IF(J218<>"",J218-J217,IF(J216<>"",J217-J216,""))))	=IF(K217="","",IF(AND(K216<>"",K218<>""),(K218-K216)/2,IF(K218<>"",K218-K217,IF(K216<>"",K217-K216,""))))	=IF(L217="","",MOD(DEGREES(ATAN2(L217,M217)),360))	=IF(N217="","",N217+$S$2)	=IF(O217="","","G1 X"&TEXT(J217,"0.###")&" Y"&TEXT(K217,"0.###")&" Z"&TEXT(O217,"0.###"))					
					=ROW()-5	=IF(OR(F218="",F218<=0,F218>LOOKUP(9.99999999999999E+307,$E$5:$E$120)),"",LOOKUP(F218-1,$E$5:$E$120,ROW($E$5:$E$120))+1)	=IF(G218="","",F218-INDEX($E:$E,G218-1))	=IF(G218="","",H218/INDEX($D:$D,G218))	=IF(G218="","",IF(INDEX($C:$C,G218)="C",0.5*(2*(INDEX($A:$A,G218-1))+(-(INDEX($A:$A,MAX(5,G218-2)))+(INDEX($A:$A,G218)))*I218+(2*(INDEX($A:$A,MAX(5,G218-2)))-5*(INDEX($A:$A,G218-1))+4*(INDEX($A:$A,G218))-(INDEX($A:$A,MIN(LOOKUP(2,1/((($A$5:$A$120<>"")+($B$5:$B$120<>""))>0),ROW($A$5:$A$120)),G218+1))))*I218^2+(-(INDEX($A:$A,MAX(5,G218-2)))+3*(INDEX($A:$A,G218-1))-3*(INDEX($A:$A,G218))+(INDEX($A:$A,MIN(LOOKUP(2,1/((($A$5:$A$120<>"")+($B$5:$B$120<>""))>0),ROW($A$5:$A$120)),G218+1))))*I218^3),INDEX($A:$A,G218-1)+(INDEX($A:$A,G218)-INDEX($A:$A,G218-1))*I218))	=IF(G218="","",IF(INDEX($C:$C,G218)="C",0.5*(2*(INDEX($B:$B,G218-1))+(-(INDEX($B:$B,MAX(5,G218-2)))+(INDEX($B:$B,G218)))*I218+(2*(INDEX($B:$B,MAX(5,G218-2)))-5*(INDEX($B:$B,G218-1))+4*(INDEX($B:$B,G218))-(INDEX($B:$B,MIN(LOOKUP(2,1/((($A$5:$A$120<>"")+($B$5:$B$120<>""))>0),ROW($A$5:$A$120)),G218+1))))*I218^2+(-(INDEX($B:$B,MAX(5,G218-2)))+3*(INDEX($B:$B,G218-1))-3*(INDEX($B:$B,G218))+(INDEX($B:$B,MIN(LOOKUP(2,1/((($A$5:$A$120<>"")+($B$5:$B$120<>""))>0),ROW($A$5:$A$120)),G218+1))))*I218^3),INDEX($B:$B,G218-1)+(INDEX($B:$B,G218)-INDEX($B:$B,G218-1))*I218))	=IF(J218="","",IF(AND(J217<>"",J219<>""),(J219-J217)/2,IF(J219<>"",J219-J218,IF(J217<>"",J218-J217,""))))	=IF(K218="","",IF(AND(K217<>"",K219<>""),(K219-K217)/2,IF(K219<>"",K219-K218,IF(K217<>"",K218-K217,""))))	=IF(L218="","",MOD(DEGREES(ATAN2(L218,M218)),360))	=IF(N218="","",N218+$S$2)	=IF(O218="","","G1 X"&TEXT(J218,"0.###")&" Y"&TEXT(K218,"0.###")&" Z"&TEXT(O218,"0.###"))					
					=ROW()-5	=IF(OR(F219="",F219<=0,F219>LOOKUP(9.99999999999999E+307,$E$5:$E$120)),"",LOOKUP(F219-1,$E$5:$E$120,ROW($E$5:$E$120))+1)	=IF(G219="","",F219-INDEX($E:$E,G219-1))	=IF(G219="","",H219/INDEX($D:$D,G219))	=IF(G219="","",IF(INDEX($C:$C,G219)="C",0.5*(2*(INDEX($A:$A,G219-1))+(-(INDEX($A:$A,MAX(5,G219-2)))+(INDEX($A:$A,G219)))*I219+(2*(INDEX($A:$A,MAX(5,G219-2)))-5*(INDEX($A:$A,G219-1))+4*(INDEX($A:$A,G219))-(INDEX($A:$A,MIN(LOOKUP(2,1/((($A$5:$A$120<>"")+($B$5:$B$120<>""))>0),ROW($A$5:$A$120)),G219+1))))*I219^2+(-(INDEX($A:$A,MAX(5,G219-2)))+3*(INDEX($A:$A,G219-1))-3*(INDEX($A:$A,G219))+(INDEX($A:$A,MIN(LOOKUP(2,1/((($A$5:$A$120<>"")+($B$5:$B$120<>""))>0),ROW($A$5:$A$120)),G219+1))))*I219^3),INDEX($A:$A,G219-1)+(INDEX($A:$A,G219)-INDEX($A:$A,G219-1))*I219))	=IF(G219="","",IF(INDEX($C:$C,G219)="C",0.5*(2*(INDEX($B:$B,G219-1))+(-(INDEX($B:$B,MAX(5,G219-2)))+(INDEX($B:$B,G219)))*I219+(2*(INDEX($B:$B,MAX(5,G219-2)))-5*(INDEX($B:$B,G219-1))+4*(INDEX($B:$B,G219))-(INDEX($B:$B,MIN(LOOKUP(2,1/((($A$5:$A$120<>"")+($B$5:$B$120<>""))>0),ROW($A$5:$A$120)),G219+1))))*I219^2+(-(INDEX($B:$B,MAX(5,G219-2)))+3*(INDEX($B:$B,G219-1))-3*(INDEX($B:$B,G219))+(INDEX($B:$B,MIN(LOOKUP(2,1/((($A$5:$A$120<>"")+($B$5:$B$120<>""))>0),ROW($A$5:$A$120)),G219+1))))*I219^3),INDEX($B:$B,G219-1)+(INDEX($B:$B,G219)-INDEX($B:$B,G219-1))*I219))	=IF(J219="","",IF(AND(J218<>"",J220<>""),(J220-J218)/2,IF(J220<>"",J220-J219,IF(J218<>"",J219-J218,""))))	=IF(K219="","",IF(AND(K218<>"",K220<>""),(K220-K218)/2,IF(K220<>"",K220-K219,IF(K218<>"",K219-K218,""))))	=IF(L219="","",MOD(DEGREES(ATAN2(L219,M219)),360))	=IF(N219="","",N219+$S$2)	=IF(O219="","","G1 X"&TEXT(J219,"0.###")&" Y"&TEXT(K219,"0.###")&" Z"&TEXT(O219,"0.###"))					
					=ROW()-5	=IF(OR(F220="",F220<=0,F220>LOOKUP(9.99999999999999E+307,$E$5:$E$120)),"",LOOKUP(F220-1,$E$5:$E$120,ROW($E$5:$E$120))+1)	=IF(G220="","",F220-INDEX($E:$E,G220-1))	=IF(G220="","",H220/INDEX($D:$D,G220))	=IF(G220="","",IF(INDEX($C:$C,G220)="C",0.5*(2*(INDEX($A:$A,G220-1))+(-(INDEX($A:$A,MAX(5,G220-2)))+(INDEX($A:$A,G220)))*I220+(2*(INDEX($A:$A,MAX(5,G220-2)))-5*(INDEX($A:$A,G220-1))+4*(INDEX($A:$A,G220))-(INDEX($A:$A,MIN(LOOKUP(2,1/((($A$5:$A$120<>"")+($B$5:$B$120<>""))>0),ROW($A$5:$A$120)),G220+1))))*I220^2+(-(INDEX($A:$A,MAX(5,G220-2)))+3*(INDEX($A:$A,G220-1))-3*(INDEX($A:$A,G220))+(INDEX($A:$A,MIN(LOOKUP(2,1/((($A$5:$A$120<>"")+($B$5:$B$120<>""))>0),ROW($A$5:$A$120)),G220+1))))*I220^3),INDEX($A:$A,G220-1)+(INDEX($A:$A,G220)-INDEX($A:$A,G220-1))*I220))	=IF(G220="","",IF(INDEX($C:$C,G220)="C",0.5*(2*(INDEX($B:$B,G220-1))+(-(INDEX($B:$B,MAX(5,G220-2)))+(INDEX($B:$B,G220)))*I220+(2*(INDEX($B:$B,MAX(5,G220-2)))-5*(INDEX($B:$B,G220-1))+4*(INDEX($B:$B,G220))-(INDEX($B:$B,MIN(LOOKUP(2,1/((($A$5:$A$120<>"")+($B$5:$B$120<>""))>0),ROW($A$5:$A$120)),G220+1))))*I220^2+(-(INDEX($B:$B,MAX(5,G220-2)))+3*(INDEX($B:$B,G220-1))-3*(INDEX($B:$B,G220))+(INDEX($B:$B,MIN(LOOKUP(2,1/((($A$5:$A$120<>"")+($B$5:$B$120<>""))>0),ROW($A$5:$A$120)),G220+1))))*I220^3),INDEX($B:$B,G220-1)+(INDEX($B:$B,G220)-INDEX($B:$B,G220-1))*I220))	=IF(J220="","",IF(AND(J219<>"",J221<>""),(J221-J219)/2,IF(J221<>"",J221-J220,IF(J219<>"",J220-J219,""))))	=IF(K220="","",IF(AND(K219<>"",K221<>""),(K221-K219)/2,IF(K221<>"",K221-K220,IF(K219<>"",K220-K219,""))))	=IF(L220="","",MOD(DEGREES(ATAN2(L220,M220)),360))	=IF(N220="","",N220+$S$2)	=IF(O220="","","G1 X"&TEXT(J220,"0.###")&" Y"&TEXT(K220,"0.###")&" Z"&TEXT(O220,"0.###"))					
					=ROW()-5	=IF(OR(F221="",F221<=0,F221>LOOKUP(9.99999999999999E+307,$E$5:$E$120)),"",LOOKUP(F221-1,$E$5:$E$120,ROW($E$5:$E$120))+1)	=IF(G221="","",F221-INDEX($E:$E,G221-1))	=IF(G221="","",H221/INDEX($D:$D,G221))	=IF(G221="","",IF(INDEX($C:$C,G221)="C",0.5*(2*(INDEX($A:$A,G221-1))+(-(INDEX($A:$A,MAX(5,G221-2)))+(INDEX($A:$A,G221)))*I221+(2*(INDEX($A:$A,MAX(5,G221-2)))-5*(INDEX($A:$A,G221-1))+4*(INDEX($A:$A,G221))-(INDEX($A:$A,MIN(LOOKUP(2,1/((($A$5:$A$120<>"")+($B$5:$B$120<>""))>0),ROW($A$5:$A$120)),G221+1))))*I221^2+(-(INDEX($A:$A,MAX(5,G221-2)))+3*(INDEX($A:$A,G221-1))-3*(INDEX($A:$A,G221))+(INDEX($A:$A,MIN(LOOKUP(2,1/((($A$5:$A$120<>"")+($B$5:$B$120<>""))>0),ROW($A$5:$A$120)),G221+1))))*I221^3),INDEX($A:$A,G221-1)+(INDEX($A:$A,G221)-INDEX($A:$A,G221-1))*I221))	=IF(G221="","",IF(INDEX($C:$C,G221)="C",0.5*(2*(INDEX($B:$B,G221-1))+(-(INDEX($B:$B,MAX(5,G221-2)))+(INDEX($B:$B,G221)))*I221+(2*(INDEX($B:$B,MAX(5,G221-2)))-5*(INDEX($B:$B,G221-1))+4*(INDEX($B:$B,G221))-(INDEX($B:$B,MIN(LOOKUP(2,1/((($A$5:$A$120<>"")+($B$5:$B$120<>""))>0),ROW($A$5:$A$120)),G221+1))))*I221^2+(-(INDEX($B:$B,MAX(5,G221-2)))+3*(INDEX($B:$B,G221-1))-3*(INDEX($B:$B,G221))+(INDEX($B:$B,MIN(LOOKUP(2,1/((($A$5:$A$120<>"")+($B$5:$B$120<>""))>0),ROW($A$5:$A$120)),G221+1))))*I221^3),INDEX($B:$B,G221-1)+(INDEX($B:$B,G221)-INDEX($B:$B,G221-1))*I221))	=IF(J221="","",IF(AND(J220<>"",J222<>""),(J222-J220)/2,IF(J222<>"",J222-J221,IF(J220<>"",J221-J220,""))))	=IF(K221="","",IF(AND(K220<>"",K222<>""),(K222-K220)/2,IF(K222<>"",K222-K221,IF(K220<>"",K221-K220,""))))	=IF(L221="","",MOD(DEGREES(ATAN2(L221,M221)),360))	=IF(N221="","",N221+$S$2)	=IF(O221="","","G1 X"&TEXT(J221,"0.###")&" Y"&TEXT(K221,"0.###")&" Z"&TEXT(O221,"0.###"))					
					=ROW()-5	=IF(OR(F222="",F222<=0,F222>LOOKUP(9.99999999999999E+307,$E$5:$E$120)),"",LOOKUP(F222-1,$E$5:$E$120,ROW($E$5:$E$120))+1)	=IF(G222="","",F222-INDEX($E:$E,G222-1))	=IF(G222="","",H222/INDEX($D:$D,G222))	=IF(G222="","",IF(INDEX($C:$C,G222)="C",0.5*(2*(INDEX($A:$A,G222-1))+(-(INDEX($A:$A,MAX(5,G222-2)))+(INDEX($A:$A,G222)))*I222+(2*(INDEX($A:$A,MAX(5,G222-2)))-5*(INDEX($A:$A,G222-1))+4*(INDEX($A:$A,G222))-(INDEX($A:$A,MIN(LOOKUP(2,1/((($A$5:$A$120<>"")+($B$5:$B$120<>""))>0),ROW($A$5:$A$120)),G222+1))))*I222^2+(-(INDEX($A:$A,MAX(5,G222-2)))+3*(INDEX($A:$A,G222-1))-3*(INDEX($A:$A,G222))+(INDEX($A:$A,MIN(LOOKUP(2,1/((($A$5:$A$120<>"")+($B$5:$B$120<>""))>0),ROW($A$5:$A$120)),G222+1))))*I222^3),INDEX($A:$A,G222-1)+(INDEX($A:$A,G222)-INDEX($A:$A,G222-1))*I222))	=IF(G222="","",IF(INDEX($C:$C,G222)="C",0.5*(2*(INDEX($B:$B,G222-1))+(-(INDEX($B:$B,MAX(5,G222-2)))+(INDEX($B:$B,G222)))*I222+(2*(INDEX($B:$B,MAX(5,G222-2)))-5*(INDEX($B:$B,G222-1))+4*(INDEX($B:$B,G222))-(INDEX($B:$B,MIN(LOOKUP(2,1/((($A$5:$A$120<>"")+($B$5:$B$120<>""))>0),ROW($A$5:$A$120)),G222+1))))*I222^2+(-(INDEX($B:$B,MAX(5,G222-2)))+3*(INDEX($B:$B,G222-1))-3*(INDEX($B:$B,G222))+(INDEX($B:$B,MIN(LOOKUP(2,1/((($A$5:$A$120<>"")+($B$5:$B$120<>""))>0),ROW($A$5:$A$120)),G222+1))))*I222^3),INDEX($B:$B,G222-1)+(INDEX($B:$B,G222)-INDEX($B:$B,G222-1))*I222))	=IF(J222="","",IF(AND(J221<>"",J223<>""),(J223-J221)/2,IF(J223<>"",J223-J222,IF(J221<>"",J222-J221,""))))	=IF(K222="","",IF(AND(K221<>"",K223<>""),(K223-K221)/2,IF(K223<>"",K223-K222,IF(K221<>"",K222-K221,""))))	=IF(L222="","",MOD(DEGREES(ATAN2(L222,M222)),360))	=IF(N222="","",N222+$S$2)	=IF(O222="","","G1 X"&TEXT(J222,"0.###")&" Y"&TEXT(K222,"0.###")&" Z"&TEXT(O222,"0.###"))					
					=ROW()-5	=IF(OR(F223="",F223<=0,F223>LOOKUP(9.99999999999999E+307,$E$5:$E$120)),"",LOOKUP(F223-1,$E$5:$E$120,ROW($E$5:$E$120))+1)	=IF(G223="","",F223-INDEX($E:$E,G223-1))	=IF(G223="","",H223/INDEX($D:$D,G223))	=IF(G223="","",IF(INDEX($C:$C,G223)="C",0.5*(2*(INDEX($A:$A,G223-1))+(-(INDEX($A:$A,MAX(5,G223-2)))+(INDEX($A:$A,G223)))*I223+(2*(INDEX($A:$A,MAX(5,G223-2)))-5*(INDEX($A:$A,G223-1))+4*(INDEX($A:$A,G223))-(INDEX($A:$A,MIN(LOOKUP(2,1/((($A$5:$A$120<>"")+($B$5:$B$120<>""))>0),ROW($A$5:$A$120)),G223+1))))*I223^2+(-(INDEX($A:$A,MAX(5,G223-2)))+3*(INDEX($A:$A,G223-1))-3*(INDEX($A:$A,G223))+(INDEX($A:$A,MIN(LOOKUP(2,1/((($A$5:$A$120<>"")+($B$5:$B$120<>""))>0),ROW($A$5:$A$120)),G223+1))))*I223^3),INDEX($A:$A,G223-1)+(INDEX($A:$A,G223)-INDEX($A:$A,G223-1))*I223))	=IF(G223="","",IF(INDEX($C:$C,G223)="C",0.5*(2*(INDEX($B:$B,G223-1))+(-(INDEX($B:$B,MAX(5,G223-2)))+(INDEX($B:$B,G223)))*I223+(2*(INDEX($B:$B,MAX(5,G223-2)))-5*(INDEX($B:$B,G223-1))+4*(INDEX($B:$B,G223))-(INDEX($B:$B,MIN(LOOKUP(2,1/((($A$5:$A$120<>"")+($B$5:$B$120<>""))>0),ROW($A$5:$A$120)),G223+1))))*I223^2+(-(INDEX($B:$B,MAX(5,G223-2)))+3*(INDEX($B:$B,G223-1))-3*(INDEX($B:$B,G223))+(INDEX($B:$B,MIN(LOOKUP(2,1/((($A$5:$A$120<>"")+($B$5:$B$120<>""))>0),ROW($A$5:$A$120)),G223+1))))*I223^3),INDEX($B:$B,G223-1)+(INDEX($B:$B,G223)-INDEX($B:$B,G223-1))*I223))	=IF(J223="","",IF(AND(J222<>"",J224<>""),(J224-J222)/2,IF(J224<>"",J224-J223,IF(J222<>"",J223-J222,""))))	=IF(K223="","",IF(AND(K222<>"",K224<>""),(K224-K222)/2,IF(K224<>"",K224-K223,IF(K222<>"",K223-K222,""))))	=IF(L223="","",MOD(DEGREES(ATAN2(L223,M223)),360))	=IF(N223="","",N223+$S$2)	=IF(O223="","","G1 X"&TEXT(J223,"0.###")&" Y"&TEXT(K223,"0.###")&" Z"&TEXT(O223,"0.###"))					
					=ROW()-5	=IF(OR(F224="",F224<=0,F224>LOOKUP(9.99999999999999E+307,$E$5:$E$120)),"",LOOKUP(F224-1,$E$5:$E$120,ROW($E$5:$E$120))+1)	=IF(G224="","",F224-INDEX($E:$E,G224-1))	=IF(G224="","",H224/INDEX($D:$D,G224))	=IF(G224="","",IF(INDEX($C:$C,G224)="C",0.5*(2*(INDEX($A:$A,G224-1))+(-(INDEX($A:$A,MAX(5,G224-2)))+(INDEX($A:$A,G224)))*I224+(2*(INDEX($A:$A,MAX(5,G224-2)))-5*(INDEX($A:$A,G224-1))+4*(INDEX($A:$A,G224))-(INDEX($A:$A,MIN(LOOKUP(2,1/((($A$5:$A$120<>"")+($B$5:$B$120<>""))>0),ROW($A$5:$A$120)),G224+1))))*I224^2+(-(INDEX($A:$A,MAX(5,G224-2)))+3*(INDEX($A:$A,G224-1))-3*(INDEX($A:$A,G224))+(INDEX($A:$A,MIN(LOOKUP(2,1/((($A$5:$A$120<>"")+($B$5:$B$120<>""))>0),ROW($A$5:$A$120)),G224+1))))*I224^3),INDEX($A:$A,G224-1)+(INDEX($A:$A,G224)-INDEX($A:$A,G224-1))*I224))	=IF(G224="","",IF(INDEX($C:$C,G224)="C",0.5*(2*(INDEX($B:$B,G224-1))+(-(INDEX($B:$B,MAX(5,G224-2)))+(INDEX($B:$B,G224)))*I224+(2*(INDEX($B:$B,MAX(5,G224-2)))-5*(INDEX($B:$B,G224-1))+4*(INDEX($B:$B,G224))-(INDEX($B:$B,MIN(LOOKUP(2,1/((($A$5:$A$120<>"")+($B$5:$B$120<>""))>0),ROW($A$5:$A$120)),G224+1))))*I224^2+(-(INDEX($B:$B,MAX(5,G224-2)))+3*(INDEX($B:$B,G224-1))-3*(INDEX($B:$B,G224))+(INDEX($B:$B,MIN(LOOKUP(2,1/((($A$5:$A$120<>"")+($B$5:$B$120<>""))>0),ROW($A$5:$A$120)),G224+1))))*I224^3),INDEX($B:$B,G224-1)+(INDEX($B:$B,G224)-INDEX($B:$B,G224-1))*I224))	=IF(J224="","",IF(AND(J223<>"",J225<>""),(J225-J223)/2,IF(J225<>"",J225-J224,IF(J223<>"",J224-J223,""))))	=IF(K224="","",IF(AND(K223<>"",K225<>""),(K225-K223)/2,IF(K225<>"",K225-K224,IF(K223<>"",K224-K223,""))))	=IF(L224="","",MOD(DEGREES(ATAN2(L224,M224)),360))	=IF(N224="","",N224+$S$2)	=IF(O224="","","G1 X"&TEXT(J224,"0.###")&" Y"&TEXT(K224,"0.###")&" Z"&TEXT(O224,"0.###"))					
					=ROW()-5	=IF(OR(F225="",F225<=0,F225>LOOKUP(9.99999999999999E+307,$E$5:$E$120)),"",LOOKUP(F225-1,$E$5:$E$120,ROW($E$5:$E$120))+1)	=IF(G225="","",F225-INDEX($E:$E,G225-1))	=IF(G225="","",H225/INDEX($D:$D,G225))	=IF(G225="","",IF(INDEX($C:$C,G225)="C",0.5*(2*(INDEX($A:$A,G225-1))+(-(INDEX($A:$A,MAX(5,G225-2)))+(INDEX($A:$A,G225)))*I225+(2*(INDEX($A:$A,MAX(5,G225-2)))-5*(INDEX($A:$A,G225-1))+4*(INDEX($A:$A,G225))-(INDEX($A:$A,MIN(LOOKUP(2,1/((($A$5:$A$120<>"")+($B$5:$B$120<>""))>0),ROW($A$5:$A$120)),G225+1))))*I225^2+(-(INDEX($A:$A,MAX(5,G225-2)))+3*(INDEX($A:$A,G225-1))-3*(INDEX($A:$A,G225))+(INDEX($A:$A,MIN(LOOKUP(2,1/((($A$5:$A$120<>"")+($B$5:$B$120<>""))>0),ROW($A$5:$A$120)),G225+1))))*I225^3),INDEX($A:$A,G225-1)+(INDEX($A:$A,G225)-INDEX($A:$A,G225-1))*I225))	=IF(G225="","",IF(INDEX($C:$C,G225)="C",0.5*(2*(INDEX($B:$B,G225-1))+(-(INDEX($B:$B,MAX(5,G225-2)))+(INDEX($B:$B,G225)))*I225+(2*(INDEX($B:$B,MAX(5,G225-2)))-5*(INDEX($B:$B,G225-1))+4*(INDEX($B:$B,G225))-(INDEX($B:$B,MIN(LOOKUP(2,1/((($A$5:$A$120<>"")+($B$5:$B$120<>""))>0),ROW($A$5:$A$120)),G225+1))))*I225^2+(-(INDEX($B:$B,MAX(5,G225-2)))+3*(INDEX($B:$B,G225-1))-3*(INDEX($B:$B,G225))+(INDEX($B:$B,MIN(LOOKUP(2,1/((($A$5:$A$120<>"")+($B$5:$B$120<>""))>0),ROW($A$5:$A$120)),G225+1))))*I225^3),INDEX($B:$B,G225-1)+(INDEX($B:$B,G225)-INDEX($B:$B,G225-1))*I225))	=IF(J225="","",IF(AND(J224<>"",J226<>""),(J226-J224)/2,IF(J226<>"",J226-J225,IF(J224<>"",J225-J224,""))))	=IF(K225="","",IF(AND(K224<>"",K226<>""),(K226-K224)/2,IF(K226<>"",K226-K225,IF(K224<>"",K225-K224,""))))	=IF(L225="","",MOD(DEGREES(ATAN2(L225,M225)),360))	=IF(N225="","",N225+$S$2)	=IF(O225="","","G1 X"&TEXT(J225,"0.###")&" Y"&TEXT(K225,"0.###")&" Z"&TEXT(O225,"0.###"))					
					=ROW()-5	=IF(OR(F226="",F226<=0,F226>LOOKUP(9.99999999999999E+307,$E$5:$E$120)),"",LOOKUP(F226-1,$E$5:$E$120,ROW($E$5:$E$120))+1)	=IF(G226="","",F226-INDEX($E:$E,G226-1))	=IF(G226="","",H226/INDEX($D:$D,G226))	=IF(G226="","",IF(INDEX($C:$C,G226)="C",0.5*(2*(INDEX($A:$A,G226-1))+(-(INDEX($A:$A,MAX(5,G226-2)))+(INDEX($A:$A,G226)))*I226+(2*(INDEX($A:$A,MAX(5,G226-2)))-5*(INDEX($A:$A,G226-1))+4*(INDEX($A:$A,G226))-(INDEX($A:$A,MIN(LOOKUP(2,1/((($A$5:$A$120<>"")+($B$5:$B$120<>""))>0),ROW($A$5:$A$120)),G226+1))))*I226^2+(-(INDEX($A:$A,MAX(5,G226-2)))+3*(INDEX($A:$A,G226-1))-3*(INDEX($A:$A,G226))+(INDEX($A:$A,MIN(LOOKUP(2,1/((($A$5:$A$120<>"")+($B$5:$B$120<>""))>0),ROW($A$5:$A$120)),G226+1))))*I226^3),INDEX($A:$A,G226-1)+(INDEX($A:$A,G226)-INDEX($A:$A,G226-1))*I226))	=IF(G226="","",IF(INDEX($C:$C,G226)="C",0.5*(2*(INDEX($B:$B,G226-1))+(-(INDEX($B:$B,MAX(5,G226-2)))+(INDEX($B:$B,G226)))*I226+(2*(INDEX($B:$B,MAX(5,G226-2)))-5*(INDEX($B:$B,G226-1))+4*(INDEX($B:$B,G226))-(INDEX($B:$B,MIN(LOOKUP(2,1/((($A$5:$A$120<>"")+($B$5:$B$120<>""))>0),ROW($A$5:$A$120)),G226+1))))*I226^2+(-(INDEX($B:$B,MAX(5,G226-2)))+3*(INDEX($B:$B,G226-1))-3*(INDEX($B:$B,G226))+(INDEX($B:$B,MIN(LOOKUP(2,1/((($A$5:$A$120<>"")+($B$5:$B$120<>""))>0),ROW($A$5:$A$120)),G226+1))))*I226^3),INDEX($B:$B,G226-1)+(INDEX($B:$B,G226)-INDEX($B:$B,G226-1))*I226))	=IF(J226="","",IF(AND(J225<>"",J227<>""),(J227-J225)/2,IF(J227<>"",J227-J226,IF(J225<>"",J226-J225,""))))	=IF(K226="","",IF(AND(K225<>"",K227<>""),(K227-K225)/2,IF(K227<>"",K227-K226,IF(K225<>"",K226-K225,""))))	=IF(L226="","",MOD(DEGREES(ATAN2(L226,M226)),360))	=IF(N226="","",N226+$S$2)	=IF(O226="","","G1 X"&TEXT(J226,"0.###")&" Y"&TEXT(K226,"0.###")&" Z"&TEXT(O226,"0.###"))					
					=ROW()-5	=IF(OR(F227="",F227<=0,F227>LOOKUP(9.99999999999999E+307,$E$5:$E$120)),"",LOOKUP(F227-1,$E$5:$E$120,ROW($E$5:$E$120))+1)	=IF(G227="","",F227-INDEX($E:$E,G227-1))	=IF(G227="","",H227/INDEX($D:$D,G227))	=IF(G227="","",IF(INDEX($C:$C,G227)="C",0.5*(2*(INDEX($A:$A,G227-1))+(-(INDEX($A:$A,MAX(5,G227-2)))+(INDEX($A:$A,G227)))*I227+(2*(INDEX($A:$A,MAX(5,G227-2)))-5*(INDEX($A:$A,G227-1))+4*(INDEX($A:$A,G227))-(INDEX($A:$A,MIN(LOOKUP(2,1/((($A$5:$A$120<>"")+($B$5:$B$120<>""))>0),ROW($A$5:$A$120)),G227+1))))*I227^2+(-(INDEX($A:$A,MAX(5,G227-2)))+3*(INDEX($A:$A,G227-1))-3*(INDEX($A:$A,G227))+(INDEX($A:$A,MIN(LOOKUP(2,1/((($A$5:$A$120<>"")+($B$5:$B$120<>""))>0),ROW($A$5:$A$120)),G227+1))))*I227^3),INDEX($A:$A,G227-1)+(INDEX($A:$A,G227)-INDEX($A:$A,G227-1))*I227))	=IF(G227="","",IF(INDEX($C:$C,G227)="C",0.5*(2*(INDEX($B:$B,G227-1))+(-(INDEX($B:$B,MAX(5,G227-2)))+(INDEX($B:$B,G227)))*I227+(2*(INDEX($B:$B,MAX(5,G227-2)))-5*(INDEX($B:$B,G227-1))+4*(INDEX($B:$B,G227))-(INDEX($B:$B,MIN(LOOKUP(2,1/((($A$5:$A$120<>"")+($B$5:$B$120<>""))>0),ROW($A$5:$A$120)),G227+1))))*I227^2+(-(INDEX($B:$B,MAX(5,G227-2)))+3*(INDEX($B:$B,G227-1))-3*(INDEX($B:$B,G227))+(INDEX($B:$B,MIN(LOOKUP(2,1/((($A$5:$A$120<>"")+($B$5:$B$120<>""))>0),ROW($A$5:$A$120)),G227+1))))*I227^3),INDEX($B:$B,G227-1)+(INDEX($B:$B,G227)-INDEX($B:$B,G227-1))*I227))	=IF(J227="","",IF(AND(J226<>"",J228<>""),(J228-J226)/2,IF(J228<>"",J228-J227,IF(J226<>"",J227-J226,""))))	=IF(K227="","",IF(AND(K226<>"",K228<>""),(K228-K226)/2,IF(K228<>"",K228-K227,IF(K226<>"",K227-K226,""))))	=IF(L227="","",MOD(DEGREES(ATAN2(L227,M227)),360))	=IF(N227="","",N227+$S$2)	=IF(O227="","","G1 X"&TEXT(J227,"0.###")&" Y"&TEXT(K227,"0.###")&" Z"&TEXT(O227,"0.###"))					
					=ROW()-5	=IF(OR(F228="",F228<=0,F228>LOOKUP(9.99999999999999E+307,$E$5:$E$120)),"",LOOKUP(F228-1,$E$5:$E$120,ROW($E$5:$E$120))+1)	=IF(G228="","",F228-INDEX($E:$E,G228-1))	=IF(G228="","",H228/INDEX($D:$D,G228))	=IF(G228="","",IF(INDEX($C:$C,G228)="C",0.5*(2*(INDEX($A:$A,G228-1))+(-(INDEX($A:$A,MAX(5,G228-2)))+(INDEX($A:$A,G228)))*I228+(2*(INDEX($A:$A,MAX(5,G228-2)))-5*(INDEX($A:$A,G228-1))+4*(INDEX($A:$A,G228))-(INDEX($A:$A,MIN(LOOKUP(2,1/((($A$5:$A$120<>"")+($B$5:$B$120<>""))>0),ROW($A$5:$A$120)),G228+1))))*I228^2+(-(INDEX($A:$A,MAX(5,G228-2)))+3*(INDEX($A:$A,G228-1))-3*(INDEX($A:$A,G228))+(INDEX($A:$A,MIN(LOOKUP(2,1/((($A$5:$A$120<>"")+($B$5:$B$120<>""))>0),ROW($A$5:$A$120)),G228+1))))*I228^3),INDEX($A:$A,G228-1)+(INDEX($A:$A,G228)-INDEX($A:$A,G228-1))*I228))	=IF(G228="","",IF(INDEX($C:$C,G228)="C",0.5*(2*(INDEX($B:$B,G228-1))+(-(INDEX($B:$B,MAX(5,G228-2)))+(INDEX($B:$B,G228)))*I228+(2*(INDEX($B:$B,MAX(5,G228-2)))-5*(INDEX($B:$B,G228-1))+4*(INDEX($B:$B,G228))-(INDEX($B:$B,MIN(LOOKUP(2,1/((($A$5:$A$120<>"")+($B$5:$B$120<>""))>0),ROW($A$5:$A$120)),G228+1))))*I228^2+(-(INDEX($B:$B,MAX(5,G228-2)))+3*(INDEX($B:$B,G228-1))-3*(INDEX($B:$B,G228))+(INDEX($B:$B,MIN(LOOKUP(2,1/((($A$5:$A$120<>"")+($B$5:$B$120<>""))>0),ROW($A$5:$A$120)),G228+1))))*I228^3),INDEX($B:$B,G228-1)+(INDEX($B:$B,G228)-INDEX($B:$B,G228-1))*I228))	=IF(J228="","",IF(AND(J227<>"",J229<>""),(J229-J227)/2,IF(J229<>"",J229-J228,IF(J227<>"",J228-J227,""))))	=IF(K228="","",IF(AND(K227<>"",K229<>""),(K229-K227)/2,IF(K229<>"",K229-K228,IF(K227<>"",K228-K227,""))))	=IF(L228="","",MOD(DEGREES(ATAN2(L228,M228)),360))	=IF(N228="","",N228+$S$2)	=IF(O228="","","G1 X"&TEXT(J228,"0.###")&" Y"&TEXT(K228,"0.###")&" Z"&TEXT(O228,"0.###"))					
					=ROW()-5	=IF(OR(F229="",F229<=0,F229>LOOKUP(9.99999999999999E+307,$E$5:$E$120)),"",LOOKUP(F229-1,$E$5:$E$120,ROW($E$5:$E$120))+1)	=IF(G229="","",F229-INDEX($E:$E,G229-1))	=IF(G229="","",H229/INDEX($D:$D,G229))	=IF(G229="","",IF(INDEX($C:$C,G229)="C",0.5*(2*(INDEX($A:$A,G229-1))+(-(INDEX($A:$A,MAX(5,G229-2)))+(INDEX($A:$A,G229)))*I229+(2*(INDEX($A:$A,MAX(5,G229-2)))-5*(INDEX($A:$A,G229-1))+4*(INDEX($A:$A,G229))-(INDEX($A:$A,MIN(LOOKUP(2,1/((($A$5:$A$120<>"")+($B$5:$B$120<>""))>0),ROW($A$5:$A$120)),G229+1))))*I229^2+(-(INDEX($A:$A,MAX(5,G229-2)))+3*(INDEX($A:$A,G229-1))-3*(INDEX($A:$A,G229))+(INDEX($A:$A,MIN(LOOKUP(2,1/((($A$5:$A$120<>"")+($B$5:$B$120<>""))>0),ROW($A$5:$A$120)),G229+1))))*I229^3),INDEX($A:$A,G229-1)+(INDEX($A:$A,G229)-INDEX($A:$A,G229-1))*I229))	=IF(G229="","",IF(INDEX($C:$C,G229)="C",0.5*(2*(INDEX($B:$B,G229-1))+(-(INDEX($B:$B,MAX(5,G229-2)))+(INDEX($B:$B,G229)))*I229+(2*(INDEX($B:$B,MAX(5,G229-2)))-5*(INDEX($B:$B,G229-1))+4*(INDEX($B:$B,G229))-(INDEX($B:$B,MIN(LOOKUP(2,1/((($A$5:$A$120<>"")+($B$5:$B$120<>""))>0),ROW($A$5:$A$120)),G229+1))))*I229^2+(-(INDEX($B:$B,MAX(5,G229-2)))+3*(INDEX($B:$B,G229-1))-3*(INDEX($B:$B,G229))+(INDEX($B:$B,MIN(LOOKUP(2,1/((($A$5:$A$120<>"")+($B$5:$B$120<>""))>0),ROW($A$5:$A$120)),G229+1))))*I229^3),INDEX($B:$B,G229-1)+(INDEX($B:$B,G229)-INDEX($B:$B,G229-1))*I229))	=IF(J229="","",IF(AND(J228<>"",J230<>""),(J230-J228)/2,IF(J230<>"",J230-J229,IF(J228<>"",J229-J228,""))))	=IF(K229="","",IF(AND(K228<>"",K230<>""),(K230-K228)/2,IF(K230<>"",K230-K229,IF(K228<>"",K229-K228,""))))	=IF(L229="","",MOD(DEGREES(ATAN2(L229,M229)),360))	=IF(N229="","",N229+$S$2)	=IF(O229="","","G1 X"&TEXT(J229,"0.###")&" Y"&TEXT(K229,"0.###")&" Z"&TEXT(O229,"0.###"))					
					=ROW()-5	=IF(OR(F230="",F230<=0,F230>LOOKUP(9.99999999999999E+307,$E$5:$E$120)),"",LOOKUP(F230-1,$E$5:$E$120,ROW($E$5:$E$120))+1)	=IF(G230="","",F230-INDEX($E:$E,G230-1))	=IF(G230="","",H230/INDEX($D:$D,G230))	=IF(G230="","",IF(INDEX($C:$C,G230)="C",0.5*(2*(INDEX($A:$A,G230-1))+(-(INDEX($A:$A,MAX(5,G230-2)))+(INDEX($A:$A,G230)))*I230+(2*(INDEX($A:$A,MAX(5,G230-2)))-5*(INDEX($A:$A,G230-1))+4*(INDEX($A:$A,G230))-(INDEX($A:$A,MIN(LOOKUP(2,1/((($A$5:$A$120<>"")+($B$5:$B$120<>""))>0),ROW($A$5:$A$120)),G230+1))))*I230^2+(-(INDEX($A:$A,MAX(5,G230-2)))+3*(INDEX($A:$A,G230-1))-3*(INDEX($A:$A,G230))+(INDEX($A:$A,MIN(LOOKUP(2,1/((($A$5:$A$120<>"")+($B$5:$B$120<>""))>0),ROW($A$5:$A$120)),G230+1))))*I230^3),INDEX($A:$A,G230-1)+(INDEX($A:$A,G230)-INDEX($A:$A,G230-1))*I230))	=IF(G230="","",IF(INDEX($C:$C,G230)="C",0.5*(2*(INDEX($B:$B,G230-1))+(-(INDEX($B:$B,MAX(5,G230-2)))+(INDEX($B:$B,G230)))*I230+(2*(INDEX($B:$B,MAX(5,G230-2)))-5*(INDEX($B:$B,G230-1))+4*(INDEX($B:$B,G230))-(INDEX($B:$B,MIN(LOOKUP(2,1/((($A$5:$A$120<>"")+($B$5:$B$120<>""))>0),ROW($A$5:$A$120)),G230+1))))*I230^2+(-(INDEX($B:$B,MAX(5,G230-2)))+3*(INDEX($B:$B,G230-1))-3*(INDEX($B:$B,G230))+(INDEX($B:$B,MIN(LOOKUP(2,1/((($A$5:$A$120<>"")+($B$5:$B$120<>""))>0),ROW($A$5:$A$120)),G230+1))))*I230^3),INDEX($B:$B,G230-1)+(INDEX($B:$B,G230)-INDEX($B:$B,G230-1))*I230))	=IF(J230="","",IF(AND(J229<>"",J231<>""),(J231-J229)/2,IF(J231<>"",J231-J230,IF(J229<>"",J230-J229,""))))	=IF(K230="","",IF(AND(K229<>"",K231<>""),(K231-K229)/2,IF(K231<>"",K231-K230,IF(K229<>"",K230-K229,""))))	=IF(L230="","",MOD(DEGREES(ATAN2(L230,M230)),360))	=IF(N230="","",N230+$S$2)	=IF(O230="","","G1 X"&TEXT(J230,"0.###")&" Y"&TEXT(K230,"0.###")&" Z"&TEXT(O230,"0.###"))					
					=ROW()-5	=IF(OR(F231="",F231<=0,F231>LOOKUP(9.99999999999999E+307,$E$5:$E$120)),"",LOOKUP(F231-1,$E$5:$E$120,ROW($E$5:$E$120))+1)	=IF(G231="","",F231-INDEX($E:$E,G231-1))	=IF(G231="","",H231/INDEX($D:$D,G231))	=IF(G231="","",IF(INDEX($C:$C,G231)="C",0.5*(2*(INDEX($A:$A,G231-1))+(-(INDEX($A:$A,MAX(5,G231-2)))+(INDEX($A:$A,G231)))*I231+(2*(INDEX($A:$A,MAX(5,G231-2)))-5*(INDEX($A:$A,G231-1))+4*(INDEX($A:$A,G231))-(INDEX($A:$A,MIN(LOOKUP(2,1/((($A$5:$A$120<>"")+($B$5:$B$120<>""))>0),ROW($A$5:$A$120)),G231+1))))*I231^2+(-(INDEX($A:$A,MAX(5,G231-2)))+3*(INDEX($A:$A,G231-1))-3*(INDEX($A:$A,G231))+(INDEX($A:$A,MIN(LOOKUP(2,1/((($A$5:$A$120<>"")+($B$5:$B$120<>""))>0),ROW($A$5:$A$120)),G231+1))))*I231^3),INDEX($A:$A,G231-1)+(INDEX($A:$A,G231)-INDEX($A:$A,G231-1))*I231))	=IF(G231="","",IF(INDEX($C:$C,G231)="C",0.5*(2*(INDEX($B:$B,G231-1))+(-(INDEX($B:$B,MAX(5,G231-2)))+(INDEX($B:$B,G231)))*I231+(2*(INDEX($B:$B,MAX(5,G231-2)))-5*(INDEX($B:$B,G231-1))+4*(INDEX($B:$B,G231))-(INDEX($B:$B,MIN(LOOKUP(2,1/((($A$5:$A$120<>"")+($B$5:$B$120<>""))>0),ROW($A$5:$A$120)),G231+1))))*I231^2+(-(INDEX($B:$B,MAX(5,G231-2)))+3*(INDEX($B:$B,G231-1))-3*(INDEX($B:$B,G231))+(INDEX($B:$B,MIN(LOOKUP(2,1/((($A$5:$A$120<>"")+($B$5:$B$120<>""))>0),ROW($A$5:$A$120)),G231+1))))*I231^3),INDEX($B:$B,G231-1)+(INDEX($B:$B,G231)-INDEX($B:$B,G231-1))*I231))	=IF(J231="","",IF(AND(J230<>"",J232<>""),(J232-J230)/2,IF(J232<>"",J232-J231,IF(J230<>"",J231-J230,""))))	=IF(K231="","",IF(AND(K230<>"",K232<>""),(K232-K230)/2,IF(K232<>"",K232-K231,IF(K230<>"",K231-K230,""))))	=IF(L231="","",MOD(DEGREES(ATAN2(L231,M231)),360))	=IF(N231="","",N231+$S$2)	=IF(O231="","","G1 X"&TEXT(J231,"0.###")&" Y"&TEXT(K231,"0.###")&" Z"&TEXT(O231,"0.###"))					
					=ROW()-5	=IF(OR(F232="",F232<=0,F232>LOOKUP(9.99999999999999E+307,$E$5:$E$120)),"",LOOKUP(F232-1,$E$5:$E$120,ROW($E$5:$E$120))+1)	=IF(G232="","",F232-INDEX($E:$E,G232-1))	=IF(G232="","",H232/INDEX($D:$D,G232))	=IF(G232="","",IF(INDEX($C:$C,G232)="C",0.5*(2*(INDEX($A:$A,G232-1))+(-(INDEX($A:$A,MAX(5,G232-2)))+(INDEX($A:$A,G232)))*I232+(2*(INDEX($A:$A,MAX(5,G232-2)))-5*(INDEX($A:$A,G232-1))+4*(INDEX($A:$A,G232))-(INDEX($A:$A,MIN(LOOKUP(2,1/((($A$5:$A$120<>"")+($B$5:$B$120<>""))>0),ROW($A$5:$A$120)),G232+1))))*I232^2+(-(INDEX($A:$A,MAX(5,G232-2)))+3*(INDEX($A:$A,G232-1))-3*(INDEX($A:$A,G232))+(INDEX($A:$A,MIN(LOOKUP(2,1/((($A$5:$A$120<>"")+($B$5:$B$120<>""))>0),ROW($A$5:$A$120)),G232+1))))*I232^3),INDEX($A:$A,G232-1)+(INDEX($A:$A,G232)-INDEX($A:$A,G232-1))*I232))	=IF(G232="","",IF(INDEX($C:$C,G232)="C",0.5*(2*(INDEX($B:$B,G232-1))+(-(INDEX($B:$B,MAX(5,G232-2)))+(INDEX($B:$B,G232)))*I232+(2*(INDEX($B:$B,MAX(5,G232-2)))-5*(INDEX($B:$B,G232-1))+4*(INDEX($B:$B,G232))-(INDEX($B:$B,MIN(LOOKUP(2,1/((($A$5:$A$120<>"")+($B$5:$B$120<>""))>0),ROW($A$5:$A$120)),G232+1))))*I232^2+(-(INDEX($B:$B,MAX(5,G232-2)))+3*(INDEX($B:$B,G232-1))-3*(INDEX($B:$B,G232))+(INDEX($B:$B,MIN(LOOKUP(2,1/((($A$5:$A$120<>"")+($B$5:$B$120<>""))>0),ROW($A$5:$A$120)),G232+1))))*I232^3),INDEX($B:$B,G232-1)+(INDEX($B:$B,G232)-INDEX($B:$B,G232-1))*I232))	=IF(J232="","",IF(AND(J231<>"",J233<>""),(J233-J231)/2,IF(J233<>"",J233-J232,IF(J231<>"",J232-J231,""))))	=IF(K232="","",IF(AND(K231<>"",K233<>""),(K233-K231)/2,IF(K233<>"",K233-K232,IF(K231<>"",K232-K231,""))))	=IF(L232="","",MOD(DEGREES(ATAN2(L232,M232)),360))	=IF(N232="","",N232+$S$2)	=IF(O232="","","G1 X"&TEXT(J232,"0.###")&" Y"&TEXT(K232,"0.###")&" Z"&TEXT(O232,"0.###"))					
					=ROW()-5	=IF(OR(F233="",F233<=0,F233>LOOKUP(9.99999999999999E+307,$E$5:$E$120)),"",LOOKUP(F233-1,$E$5:$E$120,ROW($E$5:$E$120))+1)	=IF(G233="","",F233-INDEX($E:$E,G233-1))	=IF(G233="","",H233/INDEX($D:$D,G233))	=IF(G233="","",IF(INDEX($C:$C,G233)="C",0.5*(2*(INDEX($A:$A,G233-1))+(-(INDEX($A:$A,MAX(5,G233-2)))+(INDEX($A:$A,G233)))*I233+(2*(INDEX($A:$A,MAX(5,G233-2)))-5*(INDEX($A:$A,G233-1))+4*(INDEX($A:$A,G233))-(INDEX($A:$A,MIN(LOOKUP(2,1/((($A$5:$A$120<>"")+($B$5:$B$120<>""))>0),ROW($A$5:$A$120)),G233+1))))*I233^2+(-(INDEX($A:$A,MAX(5,G233-2)))+3*(INDEX($A:$A,G233-1))-3*(INDEX($A:$A,G233))+(INDEX($A:$A,MIN(LOOKUP(2,1/((($A$5:$A$120<>"")+($B$5:$B$120<>""))>0),ROW($A$5:$A$120)),G233+1))))*I233^3),INDEX($A:$A,G233-1)+(INDEX($A:$A,G233)-INDEX($A:$A,G233-1))*I233))	=IF(G233="","",IF(INDEX($C:$C,G233)="C",0.5*(2*(INDEX($B:$B,G233-1))+(-(INDEX($B:$B,MAX(5,G233-2)))+(INDEX($B:$B,G233)))*I233+(2*(INDEX($B:$B,MAX(5,G233-2)))-5*(INDEX($B:$B,G233-1))+4*(INDEX($B:$B,G233))-(INDEX($B:$B,MIN(LOOKUP(2,1/((($A$5:$A$120<>"")+($B$5:$B$120<>""))>0),ROW($A$5:$A$120)),G233+1))))*I233^2+(-(INDEX($B:$B,MAX(5,G233-2)))+3*(INDEX($B:$B,G233-1))-3*(INDEX($B:$B,G233))+(INDEX($B:$B,MIN(LOOKUP(2,1/((($A$5:$A$120<>"")+($B$5:$B$120<>""))>0),ROW($A$5:$A$120)),G233+1))))*I233^3),INDEX($B:$B,G233-1)+(INDEX($B:$B,G233)-INDEX($B:$B,G233-1))*I233))	=IF(J233="","",IF(AND(J232<>"",J234<>""),(J234-J232)/2,IF(J234<>"",J234-J233,IF(J232<>"",J233-J232,""))))	=IF(K233="","",IF(AND(K232<>"",K234<>""),(K234-K232)/2,IF(K234<>"",K234-K233,IF(K232<>"",K233-K232,""))))	=IF(L233="","",MOD(DEGREES(ATAN2(L233,M233)),360))	=IF(N233="","",N233+$S$2)	=IF(O233="","","G1 X"&TEXT(J233,"0.###")&" Y"&TEXT(K233,"0.###")&" Z"&TEXT(O233,"0.###"))					
					=ROW()-5	=IF(OR(F234="",F234<=0,F234>LOOKUP(9.99999999999999E+307,$E$5:$E$120)),"",LOOKUP(F234-1,$E$5:$E$120,ROW($E$5:$E$120))+1)	=IF(G234="","",F234-INDEX($E:$E,G234-1))	=IF(G234="","",H234/INDEX($D:$D,G234))	=IF(G234="","",IF(INDEX($C:$C,G234)="C",0.5*(2*(INDEX($A:$A,G234-1))+(-(INDEX($A:$A,MAX(5,G234-2)))+(INDEX($A:$A,G234)))*I234+(2*(INDEX($A:$A,MAX(5,G234-2)))-5*(INDEX($A:$A,G234-1))+4*(INDEX($A:$A,G234))-(INDEX($A:$A,MIN(LOOKUP(2,1/((($A$5:$A$120<>"")+($B$5:$B$120<>""))>0),ROW($A$5:$A$120)),G234+1))))*I234^2+(-(INDEX($A:$A,MAX(5,G234-2)))+3*(INDEX($A:$A,G234-1))-3*(INDEX($A:$A,G234))+(INDEX($A:$A,MIN(LOOKUP(2,1/((($A$5:$A$120<>"")+($B$5:$B$120<>""))>0),ROW($A$5:$A$120)),G234+1))))*I234^3),INDEX($A:$A,G234-1)+(INDEX($A:$A,G234)-INDEX($A:$A,G234-1))*I234))	=IF(G234="","",IF(INDEX($C:$C,G234)="C",0.5*(2*(INDEX($B:$B,G234-1))+(-(INDEX($B:$B,MAX(5,G234-2)))+(INDEX($B:$B,G234)))*I234+(2*(INDEX($B:$B,MAX(5,G234-2)))-5*(INDEX($B:$B,G234-1))+4*(INDEX($B:$B,G234))-(INDEX($B:$B,MIN(LOOKUP(2,1/((($A$5:$A$120<>"")+($B$5:$B$120<>""))>0),ROW($A$5:$A$120)),G234+1))))*I234^2+(-(INDEX($B:$B,MAX(5,G234-2)))+3*(INDEX($B:$B,G234-1))-3*(INDEX($B:$B,G234))+(INDEX($B:$B,MIN(LOOKUP(2,1/((($A$5:$A$120<>"")+($B$5:$B$120<>""))>0),ROW($A$5:$A$120)),G234+1))))*I234^3),INDEX($B:$B,G234-1)+(INDEX($B:$B,G234)-INDEX($B:$B,G234-1))*I234))	=IF(J234="","",IF(AND(J233<>"",J235<>""),(J235-J233)/2,IF(J235<>"",J235-J234,IF(J233<>"",J234-J233,""))))	=IF(K234="","",IF(AND(K233<>"",K235<>""),(K235-K233)/2,IF(K235<>"",K235-K234,IF(K233<>"",K234-K233,""))))	=IF(L234="","",MOD(DEGREES(ATAN2(L234,M234)),360))	=IF(N234="","",N234+$S$2)	=IF(O234="","","G1 X"&TEXT(J234,"0.###")&" Y"&TEXT(K234,"0.###")&" Z"&TEXT(O234,"0.###"))					
					=ROW()-5	=IF(OR(F235="",F235<=0,F235>LOOKUP(9.99999999999999E+307,$E$5:$E$120)),"",LOOKUP(F235-1,$E$5:$E$120,ROW($E$5:$E$120))+1)	=IF(G235="","",F235-INDEX($E:$E,G235-1))	=IF(G235="","",H235/INDEX($D:$D,G235))	=IF(G235="","",IF(INDEX($C:$C,G235)="C",0.5*(2*(INDEX($A:$A,G235-1))+(-(INDEX($A:$A,MAX(5,G235-2)))+(INDEX($A:$A,G235)))*I235+(2*(INDEX($A:$A,MAX(5,G235-2)))-5*(INDEX($A:$A,G235-1))+4*(INDEX($A:$A,G235))-(INDEX($A:$A,MIN(LOOKUP(2,1/((($A$5:$A$120<>"")+($B$5:$B$120<>""))>0),ROW($A$5:$A$120)),G235+1))))*I235^2+(-(INDEX($A:$A,MAX(5,G235-2)))+3*(INDEX($A:$A,G235-1))-3*(INDEX($A:$A,G235))+(INDEX($A:$A,MIN(LOOKUP(2,1/((($A$5:$A$120<>"")+($B$5:$B$120<>""))>0),ROW($A$5:$A$120)),G235+1))))*I235^3),INDEX($A:$A,G235-1)+(INDEX($A:$A,G235)-INDEX($A:$A,G235-1))*I235))	=IF(G235="","",IF(INDEX($C:$C,G235)="C",0.5*(2*(INDEX($B:$B,G235-1))+(-(INDEX($B:$B,MAX(5,G235-2)))+(INDEX($B:$B,G235)))*I235+(2*(INDEX($B:$B,MAX(5,G235-2)))-5*(INDEX($B:$B,G235-1))+4*(INDEX($B:$B,G235))-(INDEX($B:$B,MIN(LOOKUP(2,1/((($A$5:$A$120<>"")+($B$5:$B$120<>""))>0),ROW($A$5:$A$120)),G235+1))))*I235^2+(-(INDEX($B:$B,MAX(5,G235-2)))+3*(INDEX($B:$B,G235-1))-3*(INDEX($B:$B,G235))+(INDEX($B:$B,MIN(LOOKUP(2,1/((($A$5:$A$120<>"")+($B$5:$B$120<>""))>0),ROW($A$5:$A$120)),G235+1))))*I235^3),INDEX($B:$B,G235-1)+(INDEX($B:$B,G235)-INDEX($B:$B,G235-1))*I235))	=IF(J235="","",IF(AND(J234<>"",J236<>""),(J236-J234)/2,IF(J236<>"",J236-J235,IF(J234<>"",J235-J234,""))))	=IF(K235="","",IF(AND(K234<>"",K236<>""),(K236-K234)/2,IF(K236<>"",K236-K235,IF(K234<>"",K235-K234,""))))	=IF(L235="","",MOD(DEGREES(ATAN2(L235,M235)),360))	=IF(N235="","",N235+$S$2)	=IF(O235="","","G1 X"&TEXT(J235,"0.###")&" Y"&TEXT(K235,"0.###")&" Z"&TEXT(O235,"0.###"))					
					=ROW()-5	=IF(OR(F236="",F236<=0,F236>LOOKUP(9.99999999999999E+307,$E$5:$E$120)),"",LOOKUP(F236-1,$E$5:$E$120,ROW($E$5:$E$120))+1)	=IF(G236="","",F236-INDEX($E:$E,G236-1))	=IF(G236="","",H236/INDEX($D:$D,G236))	=IF(G236="","",IF(INDEX($C:$C,G236)="C",0.5*(2*(INDEX($A:$A,G236-1))+(-(INDEX($A:$A,MAX(5,G236-2)))+(INDEX($A:$A,G236)))*I236+(2*(INDEX($A:$A,MAX(5,G236-2)))-5*(INDEX($A:$A,G236-1))+4*(INDEX($A:$A,G236))-(INDEX($A:$A,MIN(LOOKUP(2,1/((($A$5:$A$120<>"")+($B$5:$B$120<>""))>0),ROW($A$5:$A$120)),G236+1))))*I236^2+(-(INDEX($A:$A,MAX(5,G236-2)))+3*(INDEX($A:$A,G236-1))-3*(INDEX($A:$A,G236))+(INDEX($A:$A,MIN(LOOKUP(2,1/((($A$5:$A$120<>"")+($B$5:$B$120<>""))>0),ROW($A$5:$A$120)),G236+1))))*I236^3),INDEX($A:$A,G236-1)+(INDEX($A:$A,G236)-INDEX($A:$A,G236-1))*I236))	=IF(G236="","",IF(INDEX($C:$C,G236)="C",0.5*(2*(INDEX($B:$B,G236-1))+(-(INDEX($B:$B,MAX(5,G236-2)))+(INDEX($B:$B,G236)))*I236+(2*(INDEX($B:$B,MAX(5,G236-2)))-5*(INDEX($B:$B,G236-1))+4*(INDEX($B:$B,G236))-(INDEX($B:$B,MIN(LOOKUP(2,1/((($A$5:$A$120<>"")+($B$5:$B$120<>""))>0),ROW($A$5:$A$120)),G236+1))))*I236^2+(-(INDEX($B:$B,MAX(5,G236-2)))+3*(INDEX($B:$B,G236-1))-3*(INDEX($B:$B,G236))+(INDEX($B:$B,MIN(LOOKUP(2,1/((($A$5:$A$120<>"")+($B$5:$B$120<>""))>0),ROW($A$5:$A$120)),G236+1))))*I236^3),INDEX($B:$B,G236-1)+(INDEX($B:$B,G236)-INDEX($B:$B,G236-1))*I236))	=IF(J236="","",IF(AND(J235<>"",J237<>""),(J237-J235)/2,IF(J237<>"",J237-J236,IF(J235<>"",J236-J235,""))))	=IF(K236="","",IF(AND(K235<>"",K237<>""),(K237-K235)/2,IF(K237<>"",K237-K236,IF(K235<>"",K236-K235,""))))	=IF(L236="","",MOD(DEGREES(ATAN2(L236,M236)),360))	=IF(N236="","",N236+$S$2)	=IF(O236="","","G1 X"&TEXT(J236,"0.###")&" Y"&TEXT(K236,"0.###")&" Z"&TEXT(O236,"0.###"))					
					=ROW()-5	=IF(OR(F237="",F237<=0,F237>LOOKUP(9.99999999999999E+307,$E$5:$E$120)),"",LOOKUP(F237-1,$E$5:$E$120,ROW($E$5:$E$120))+1)	=IF(G237="","",F237-INDEX($E:$E,G237-1))	=IF(G237="","",H237/INDEX($D:$D,G237))	=IF(G237="","",IF(INDEX($C:$C,G237)="C",0.5*(2*(INDEX($A:$A,G237-1))+(-(INDEX($A:$A,MAX(5,G237-2)))+(INDEX($A:$A,G237)))*I237+(2*(INDEX($A:$A,MAX(5,G237-2)))-5*(INDEX($A:$A,G237-1))+4*(INDEX($A:$A,G237))-(INDEX($A:$A,MIN(LOOKUP(2,1/((($A$5:$A$120<>"")+($B$5:$B$120<>""))>0),ROW($A$5:$A$120)),G237+1))))*I237^2+(-(INDEX($A:$A,MAX(5,G237-2)))+3*(INDEX($A:$A,G237-1))-3*(INDEX($A:$A,G237))+(INDEX($A:$A,MIN(LOOKUP(2,1/((($A$5:$A$120<>"")+($B$5:$B$120<>""))>0),ROW($A$5:$A$120)),G237+1))))*I237^3),INDEX($A:$A,G237-1)+(INDEX($A:$A,G237)-INDEX($A:$A,G237-1))*I237))	=IF(G237="","",IF(INDEX($C:$C,G237)="C",0.5*(2*(INDEX($B:$B,G237-1))+(-(INDEX($B:$B,MAX(5,G237-2)))+(INDEX($B:$B,G237)))*I237+(2*(INDEX($B:$B,MAX(5,G237-2)))-5*(INDEX($B:$B,G237-1))+4*(INDEX($B:$B,G237))-(INDEX($B:$B,MIN(LOOKUP(2,1/((($A$5:$A$120<>"")+($B$5:$B$120<>""))>0),ROW($A$5:$A$120)),G237+1))))*I237^2+(-(INDEX($B:$B,MAX(5,G237-2)))+3*(INDEX($B:$B,G237-1))-3*(INDEX($B:$B,G237))+(INDEX($B:$B,MIN(LOOKUP(2,1/((($A$5:$A$120<>"")+($B$5:$B$120<>""))>0),ROW($A$5:$A$120)),G237+1))))*I237^3),INDEX($B:$B,G237-1)+(INDEX($B:$B,G237)-INDEX($B:$B,G237-1))*I237))	=IF(J237="","",IF(AND(J236<>"",J238<>""),(J238-J236)/2,IF(J238<>"",J238-J237,IF(J236<>"",J237-J236,""))))	=IF(K237="","",IF(AND(K236<>"",K238<>""),(K238-K236)/2,IF(K238<>"",K238-K237,IF(K236<>"",K237-K236,""))))	=IF(L237="","",MOD(DEGREES(ATAN2(L237,M237)),360))	=IF(N237="","",N237+$S$2)	=IF(O237="","","G1 X"&TEXT(J237,"0.###")&" Y"&TEXT(K237,"0.###")&" Z"&TEXT(O237,"0.###"))					
					=ROW()-5	=IF(OR(F238="",F238<=0,F238>LOOKUP(9.99999999999999E+307,$E$5:$E$120)),"",LOOKUP(F238-1,$E$5:$E$120,ROW($E$5:$E$120))+1)	=IF(G238="","",F238-INDEX($E:$E,G238-1))	=IF(G238="","",H238/INDEX($D:$D,G238))	=IF(G238="","",IF(INDEX($C:$C,G238)="C",0.5*(2*(INDEX($A:$A,G238-1))+(-(INDEX($A:$A,MAX(5,G238-2)))+(INDEX($A:$A,G238)))*I238+(2*(INDEX($A:$A,MAX(5,G238-2)))-5*(INDEX($A:$A,G238-1))+4*(INDEX($A:$A,G238))-(INDEX($A:$A,MIN(LOOKUP(2,1/((($A$5:$A$120<>"")+($B$5:$B$120<>""))>0),ROW($A$5:$A$120)),G238+1))))*I238^2+(-(INDEX($A:$A,MAX(5,G238-2)))+3*(INDEX($A:$A,G238-1))-3*(INDEX($A:$A,G238))+(INDEX($A:$A,MIN(LOOKUP(2,1/((($A$5:$A$120<>"")+($B$5:$B$120<>""))>0),ROW($A$5:$A$120)),G238+1))))*I238^3),INDEX($A:$A,G238-1)+(INDEX($A:$A,G238)-INDEX($A:$A,G238-1))*I238))	=IF(G238="","",IF(INDEX($C:$C,G238)="C",0.5*(2*(INDEX($B:$B,G238-1))+(-(INDEX($B:$B,MAX(5,G238-2)))+(INDEX($B:$B,G238)))*I238+(2*(INDEX($B:$B,MAX(5,G238-2)))-5*(INDEX($B:$B,G238-1))+4*(INDEX($B:$B,G238))-(INDEX($B:$B,MIN(LOOKUP(2,1/((($A$5:$A$120<>"")+($B$5:$B$120<>""))>0),ROW($A$5:$A$120)),G238+1))))*I238^2+(-(INDEX($B:$B,MAX(5,G238-2)))+3*(INDEX($B:$B,G238-1))-3*(INDEX($B:$B,G238))+(INDEX($B:$B,MIN(LOOKUP(2,1/((($A$5:$A$120<>"")+($B$5:$B$120<>""))>0),ROW($A$5:$A$120)),G238+1))))*I238^3),INDEX($B:$B,G238-1)+(INDEX($B:$B,G238)-INDEX($B:$B,G238-1))*I238))	=IF(J238="","",IF(AND(J237<>"",J239<>""),(J239-J237)/2,IF(J239<>"",J239-J238,IF(J237<>"",J238-J237,""))))	=IF(K238="","",IF(AND(K237<>"",K239<>""),(K239-K237)/2,IF(K239<>"",K239-K238,IF(K237<>"",K238-K237,""))))	=IF(L238="","",MOD(DEGREES(ATAN2(L238,M238)),360))	=IF(N238="","",N238+$S$2)	=IF(O238="","","G1 X"&TEXT(J238,"0.###")&" Y"&TEXT(K238,"0.###")&" Z"&TEXT(O238,"0.###"))					
					=ROW()-5	=IF(OR(F239="",F239<=0,F239>LOOKUP(9.99999999999999E+307,$E$5:$E$120)),"",LOOKUP(F239-1,$E$5:$E$120,ROW($E$5:$E$120))+1)	=IF(G239="","",F239-INDEX($E:$E,G239-1))	=IF(G239="","",H239/INDEX($D:$D,G239))	=IF(G239="","",IF(INDEX($C:$C,G239)="C",0.5*(2*(INDEX($A:$A,G239-1))+(-(INDEX($A:$A,MAX(5,G239-2)))+(INDEX($A:$A,G239)))*I239+(2*(INDEX($A:$A,MAX(5,G239-2)))-5*(INDEX($A:$A,G239-1))+4*(INDEX($A:$A,G239))-(INDEX($A:$A,MIN(LOOKUP(2,1/((($A$5:$A$120<>"")+($B$5:$B$120<>""))>0),ROW($A$5:$A$120)),G239+1))))*I239^2+(-(INDEX($A:$A,MAX(5,G239-2)))+3*(INDEX($A:$A,G239-1))-3*(INDEX($A:$A,G239))+(INDEX($A:$A,MIN(LOOKUP(2,1/((($A$5:$A$120<>"")+($B$5:$B$120<>""))>0),ROW($A$5:$A$120)),G239+1))))*I239^3),INDEX($A:$A,G239-1)+(INDEX($A:$A,G239)-INDEX($A:$A,G239-1))*I239))	=IF(G239="","",IF(INDEX($C:$C,G239)="C",0.5*(2*(INDEX($B:$B,G239-1))+(-(INDEX($B:$B,MAX(5,G239-2)))+(INDEX($B:$B,G239)))*I239+(2*(INDEX($B:$B,MAX(5,G239-2)))-5*(INDEX($B:$B,G239-1))+4*(INDEX($B:$B,G239))-(INDEX($B:$B,MIN(LOOKUP(2,1/((($A$5:$A$120<>"")+($B$5:$B$120<>""))>0),ROW($A$5:$A$120)),G239+1))))*I239^2+(-(INDEX($B:$B,MAX(5,G239-2)))+3*(INDEX($B:$B,G239-1))-3*(INDEX($B:$B,G239))+(INDEX($B:$B,MIN(LOOKUP(2,1/((($A$5:$A$120<>"")+($B$5:$B$120<>""))>0),ROW($A$5:$A$120)),G239+1))))*I239^3),INDEX($B:$B,G239-1)+(INDEX($B:$B,G239)-INDEX($B:$B,G239-1))*I239))	=IF(J239="","",IF(AND(J238<>"",J240<>""),(J240-J238)/2,IF(J240<>"",J240-J239,IF(J238<>"",J239-J238,""))))	=IF(K239="","",IF(AND(K238<>"",K240<>""),(K240-K238)/2,IF(K240<>"",K240-K239,IF(K238<>"",K239-K238,""))))	=IF(L239="","",MOD(DEGREES(ATAN2(L239,M239)),360))	=IF(N239="","",N239+$S$2)	=IF(O239="","","G1 X"&TEXT(J239,"0.###")&" Y"&TEXT(K239,"0.###")&" Z"&TEXT(O239,"0.###"))					
					=ROW()-5	=IF(OR(F240="",F240<=0,F240>LOOKUP(9.99999999999999E+307,$E$5:$E$120)),"",LOOKUP(F240-1,$E$5:$E$120,ROW($E$5:$E$120))+1)	=IF(G240="","",F240-INDEX($E:$E,G240-1))	=IF(G240="","",H240/INDEX($D:$D,G240))	=IF(G240="","",IF(INDEX($C:$C,G240)="C",0.5*(2*(INDEX($A:$A,G240-1))+(-(INDEX($A:$A,MAX(5,G240-2)))+(INDEX($A:$A,G240)))*I240+(2*(INDEX($A:$A,MAX(5,G240-2)))-5*(INDEX($A:$A,G240-1))+4*(INDEX($A:$A,G240))-(INDEX($A:$A,MIN(LOOKUP(2,1/((($A$5:$A$120<>"")+($B$5:$B$120<>""))>0),ROW($A$5:$A$120)),G240+1))))*I240^2+(-(INDEX($A:$A,MAX(5,G240-2)))+3*(INDEX($A:$A,G240-1))-3*(INDEX($A:$A,G240))+(INDEX($A:$A,MIN(LOOKUP(2,1/((($A$5:$A$120<>"")+($B$5:$B$120<>""))>0),ROW($A$5:$A$120)),G240+1))))*I240^3),INDEX($A:$A,G240-1)+(INDEX($A:$A,G240)-INDEX($A:$A,G240-1))*I240))	=IF(G240="","",IF(INDEX($C:$C,G240)="C",0.5*(2*(INDEX($B:$B,G240-1))+(-(INDEX($B:$B,MAX(5,G240-2)))+(INDEX($B:$B,G240)))*I240+(2*(INDEX($B:$B,MAX(5,G240-2)))-5*(INDEX($B:$B,G240-1))+4*(INDEX($B:$B,G240))-(INDEX($B:$B,MIN(LOOKUP(2,1/((($A$5:$A$120<>"")+($B$5:$B$120<>""))>0),ROW($A$5:$A$120)),G240+1))))*I240^2+(-(INDEX($B:$B,MAX(5,G240-2)))+3*(INDEX($B:$B,G240-1))-3*(INDEX($B:$B,G240))+(INDEX($B:$B,MIN(LOOKUP(2,1/((($A$5:$A$120<>"")+($B$5:$B$120<>""))>0),ROW($A$5:$A$120)),G240+1))))*I240^3),INDEX($B:$B,G240-1)+(INDEX($B:$B,G240)-INDEX($B:$B,G240-1))*I240))	=IF(J240="","",IF(AND(J239<>"",J241<>""),(J241-J239)/2,IF(J241<>"",J241-J240,IF(J239<>"",J240-J239,""))))	=IF(K240="","",IF(AND(K239<>"",K241<>""),(K241-K239)/2,IF(K241<>"",K241-K240,IF(K239<>"",K240-K239,""))))	=IF(L240="","",MOD(DEGREES(ATAN2(L240,M240)),360))	=IF(N240="","",N240+$S$2)	=IF(O240="","","G1 X"&TEXT(J240,"0.###")&" Y"&TEXT(K240,"0.###")&" Z"&TEXT(O240,"0.###"))					
					=ROW()-5	=IF(OR(F241="",F241<=0,F241>LOOKUP(9.99999999999999E+307,$E$5:$E$120)),"",LOOKUP(F241-1,$E$5:$E$120,ROW($E$5:$E$120))+1)	=IF(G241="","",F241-INDEX($E:$E,G241-1))	=IF(G241="","",H241/INDEX($D:$D,G241))	=IF(G241="","",IF(INDEX($C:$C,G241)="C",0.5*(2*(INDEX($A:$A,G241-1))+(-(INDEX($A:$A,MAX(5,G241-2)))+(INDEX($A:$A,G241)))*I241+(2*(INDEX($A:$A,MAX(5,G241-2)))-5*(INDEX($A:$A,G241-1))+4*(INDEX($A:$A,G241))-(INDEX($A:$A,MIN(LOOKUP(2,1/((($A$5:$A$120<>"")+($B$5:$B$120<>""))>0),ROW($A$5:$A$120)),G241+1))))*I241^2+(-(INDEX($A:$A,MAX(5,G241-2)))+3*(INDEX($A:$A,G241-1))-3*(INDEX($A:$A,G241))+(INDEX($A:$A,MIN(LOOKUP(2,1/((($A$5:$A$120<>"")+($B$5:$B$120<>""))>0),ROW($A$5:$A$120)),G241+1))))*I241^3),INDEX($A:$A,G241-1)+(INDEX($A:$A,G241)-INDEX($A:$A,G241-1))*I241))	=IF(G241="","",IF(INDEX($C:$C,G241)="C",0.5*(2*(INDEX($B:$B,G241-1))+(-(INDEX($B:$B,MAX(5,G241-2)))+(INDEX($B:$B,G241)))*I241+(2*(INDEX($B:$B,MAX(5,G241-2)))-5*(INDEX($B:$B,G241-1))+4*(INDEX($B:$B,G241))-(INDEX($B:$B,MIN(LOOKUP(2,1/((($A$5:$A$120<>"")+($B$5:$B$120<>""))>0),ROW($A$5:$A$120)),G241+1))))*I241^2+(-(INDEX($B:$B,MAX(5,G241-2)))+3*(INDEX($B:$B,G241-1))-3*(INDEX($B:$B,G241))+(INDEX($B:$B,MIN(LOOKUP(2,1/((($A$5:$A$120<>"")+($B$5:$B$120<>""))>0),ROW($A$5:$A$120)),G241+1))))*I241^3),INDEX($B:$B,G241-1)+(INDEX($B:$B,G241)-INDEX($B:$B,G241-1))*I241))	=IF(J241="","",IF(AND(J240<>"",J242<>""),(J242-J240)/2,IF(J242<>"",J242-J241,IF(J240<>"",J241-J240,""))))	=IF(K241="","",IF(AND(K240<>"",K242<>""),(K242-K240)/2,IF(K242<>"",K242-K241,IF(K240<>"",K241-K240,""))))	=IF(L241="","",MOD(DEGREES(ATAN2(L241,M241)),360))	=IF(N241="","",N241+$S$2)	=IF(O241="","","G1 X"&TEXT(J241,"0.###")&" Y"&TEXT(K241,"0.###")&" Z"&TEXT(O241,"0.###"))					
					=ROW()-5	=IF(OR(F242="",F242<=0,F242>LOOKUP(9.99999999999999E+307,$E$5:$E$120)),"",LOOKUP(F242-1,$E$5:$E$120,ROW($E$5:$E$120))+1)	=IF(G242="","",F242-INDEX($E:$E,G242-1))	=IF(G242="","",H242/INDEX($D:$D,G242))	=IF(G242="","",IF(INDEX($C:$C,G242)="C",0.5*(2*(INDEX($A:$A,G242-1))+(-(INDEX($A:$A,MAX(5,G242-2)))+(INDEX($A:$A,G242)))*I242+(2*(INDEX($A:$A,MAX(5,G242-2)))-5*(INDEX($A:$A,G242-1))+4*(INDEX($A:$A,G242))-(INDEX($A:$A,MIN(LOOKUP(2,1/((($A$5:$A$120<>"")+($B$5:$B$120<>""))>0),ROW($A$5:$A$120)),G242+1))))*I242^2+(-(INDEX($A:$A,MAX(5,G242-2)))+3*(INDEX($A:$A,G242-1))-3*(INDEX($A:$A,G242))+(INDEX($A:$A,MIN(LOOKUP(2,1/((($A$5:$A$120<>"")+($B$5:$B$120<>""))>0),ROW($A$5:$A$120)),G242+1))))*I242^3),INDEX($A:$A,G242-1)+(INDEX($A:$A,G242)-INDEX($A:$A,G242-1))*I242))	=IF(G242="","",IF(INDEX($C:$C,G242)="C",0.5*(2*(INDEX($B:$B,G242-1))+(-(INDEX($B:$B,MAX(5,G242-2)))+(INDEX($B:$B,G242)))*I242+(2*(INDEX($B:$B,MAX(5,G242-2)))-5*(INDEX($B:$B,G242-1))+4*(INDEX($B:$B,G242))-(INDEX($B:$B,MIN(LOOKUP(2,1/((($A$5:$A$120<>"")+($B$5:$B$120<>""))>0),ROW($A$5:$A$120)),G242+1))))*I242^2+(-(INDEX($B:$B,MAX(5,G242-2)))+3*(INDEX($B:$B,G242-1))-3*(INDEX($B:$B,G242))+(INDEX($B:$B,MIN(LOOKUP(2,1/((($A$5:$A$120<>"")+($B$5:$B$120<>""))>0),ROW($A$5:$A$120)),G242+1))))*I242^3),INDEX($B:$B,G242-1)+(INDEX($B:$B,G242)-INDEX($B:$B,G242-1))*I242))	=IF(J242="","",IF(AND(J241<>"",J243<>""),(J243-J241)/2,IF(J243<>"",J243-J242,IF(J241<>"",J242-J241,""))))	=IF(K242="","",IF(AND(K241<>"",K243<>""),(K243-K241)/2,IF(K243<>"",K243-K242,IF(K241<>"",K242-K241,""))))	=IF(L242="","",MOD(DEGREES(ATAN2(L242,M242)),360))	=IF(N242="","",N242+$S$2)	=IF(O242="","","G1 X"&TEXT(J242,"0.###")&" Y"&TEXT(K242,"0.###")&" Z"&TEXT(O242,"0.###"))					
					=ROW()-5	=IF(OR(F243="",F243<=0,F243>LOOKUP(9.99999999999999E+307,$E$5:$E$120)),"",LOOKUP(F243-1,$E$5:$E$120,ROW($E$5:$E$120))+1)	=IF(G243="","",F243-INDEX($E:$E,G243-1))	=IF(G243="","",H243/INDEX($D:$D,G243))	=IF(G243="","",IF(INDEX($C:$C,G243)="C",0.5*(2*(INDEX($A:$A,G243-1))+(-(INDEX($A:$A,MAX(5,G243-2)))+(INDEX($A:$A,G243)))*I243+(2*(INDEX($A:$A,MAX(5,G243-2)))-5*(INDEX($A:$A,G243-1))+4*(INDEX($A:$A,G243))-(INDEX($A:$A,MIN(LOOKUP(2,1/((($A$5:$A$120<>"")+($B$5:$B$120<>""))>0),ROW($A$5:$A$120)),G243+1))))*I243^2+(-(INDEX($A:$A,MAX(5,G243-2)))+3*(INDEX($A:$A,G243-1))-3*(INDEX($A:$A,G243))+(INDEX($A:$A,MIN(LOOKUP(2,1/((($A$5:$A$120<>"")+($B$5:$B$120<>""))>0),ROW($A$5:$A$120)),G243+1))))*I243^3),INDEX($A:$A,G243-1)+(INDEX($A:$A,G243)-INDEX($A:$A,G243-1))*I243))	=IF(G243="","",IF(INDEX($C:$C,G243)="C",0.5*(2*(INDEX($B:$B,G243-1))+(-(INDEX($B:$B,MAX(5,G243-2)))+(INDEX($B:$B,G243)))*I243+(2*(INDEX($B:$B,MAX(5,G243-2)))-5*(INDEX($B:$B,G243-1))+4*(INDEX($B:$B,G243))-(INDEX($B:$B,MIN(LOOKUP(2,1/((($A$5:$A$120<>"")+($B$5:$B$120<>""))>0),ROW($A$5:$A$120)),G243+1))))*I243^2+(-(INDEX($B:$B,MAX(5,G243-2)))+3*(INDEX($B:$B,G243-1))-3*(INDEX($B:$B,G243))+(INDEX($B:$B,MIN(LOOKUP(2,1/((($A$5:$A$120<>"")+($B$5:$B$120<>""))>0),ROW($A$5:$A$120)),G243+1))))*I243^3),INDEX($B:$B,G243-1)+(INDEX($B:$B,G243)-INDEX($B:$B,G243-1))*I243))	=IF(J243="","",IF(AND(J242<>"",J244<>""),(J244-J242)/2,IF(J244<>"",J244-J243,IF(J242<>"",J243-J242,""))))	=IF(K243="","",IF(AND(K242<>"",K244<>""),(K244-K242)/2,IF(K244<>"",K244-K243,IF(K242<>"",K243-K242,""))))	=IF(L243="","",MOD(DEGREES(ATAN2(L243,M243)),360))	=IF(N243="","",N243+$S$2)	=IF(O243="","","G1 X"&TEXT(J243,"0.###")&" Y"&TEXT(K243,"0.###")&" Z"&TEXT(O243,"0.###"))					
					=ROW()-5	=IF(OR(F244="",F244<=0,F244>LOOKUP(9.99999999999999E+307,$E$5:$E$120)),"",LOOKUP(F244-1,$E$5:$E$120,ROW($E$5:$E$120))+1)	=IF(G244="","",F244-INDEX($E:$E,G244-1))	=IF(G244="","",H244/INDEX($D:$D,G244))	=IF(G244="","",IF(INDEX($C:$C,G244)="C",0.5*(2*(INDEX($A:$A,G244-1))+(-(INDEX($A:$A,MAX(5,G244-2)))+(INDEX($A:$A,G244)))*I244+(2*(INDEX($A:$A,MAX(5,G244-2)))-5*(INDEX($A:$A,G244-1))+4*(INDEX($A:$A,G244))-(INDEX($A:$A,MIN(LOOKUP(2,1/((($A$5:$A$120<>"")+($B$5:$B$120<>""))>0),ROW($A$5:$A$120)),G244+1))))*I244^2+(-(INDEX($A:$A,MAX(5,G244-2)))+3*(INDEX($A:$A,G244-1))-3*(INDEX($A:$A,G244))+(INDEX($A:$A,MIN(LOOKUP(2,1/((($A$5:$A$120<>"")+($B$5:$B$120<>""))>0),ROW($A$5:$A$120)),G244+1))))*I244^3),INDEX($A:$A,G244-1)+(INDEX($A:$A,G244)-INDEX($A:$A,G244-1))*I244))	=IF(G244="","",IF(INDEX($C:$C,G244)="C",0.5*(2*(INDEX($B:$B,G244-1))+(-(INDEX($B:$B,MAX(5,G244-2)))+(INDEX($B:$B,G244)))*I244+(2*(INDEX($B:$B,MAX(5,G244-2)))-5*(INDEX($B:$B,G244-1))+4*(INDEX($B:$B,G244))-(INDEX($B:$B,MIN(LOOKUP(2,1/((($A$5:$A$120<>"")+($B$5:$B$120<>""))>0),ROW($A$5:$A$120)),G244+1))))*I244^2+(-(INDEX($B:$B,MAX(5,G244-2)))+3*(INDEX($B:$B,G244-1))-3*(INDEX($B:$B,G244))+(INDEX($B:$B,MIN(LOOKUP(2,1/((($A$5:$A$120<>"")+($B$5:$B$120<>""))>0),ROW($A$5:$A$120)),G244+1))))*I244^3),INDEX($B:$B,G244-1)+(INDEX($B:$B,G244)-INDEX($B:$B,G244-1))*I244))	=IF(J244="","",IF(AND(J243<>"",J245<>""),(J245-J243)/2,IF(J245<>"",J245-J244,IF(J243<>"",J244-J243,""))))	=IF(K244="","",IF(AND(K243<>"",K245<>""),(K245-K243)/2,IF(K245<>"",K245-K244,IF(K243<>"",K244-K243,""))))	=IF(L244="","",MOD(DEGREES(ATAN2(L244,M244)),360))	=IF(N244="","",N244+$S$2)	=IF(O244="","","G1 X"&TEXT(J244,"0.###")&" Y"&TEXT(K244,"0.###")&" Z"&TEXT(O244,"0.###"))					
					=ROW()-5	=IF(OR(F245="",F245<=0,F245>LOOKUP(9.99999999999999E+307,$E$5:$E$120)),"",LOOKUP(F245-1,$E$5:$E$120,ROW($E$5:$E$120))+1)	=IF(G245="","",F245-INDEX($E:$E,G245-1))	=IF(G245="","",H245/INDEX($D:$D,G245))	=IF(G245="","",IF(INDEX($C:$C,G245)="C",0.5*(2*(INDEX($A:$A,G245-1))+(-(INDEX($A:$A,MAX(5,G245-2)))+(INDEX($A:$A,G245)))*I245+(2*(INDEX($A:$A,MAX(5,G245-2)))-5*(INDEX($A:$A,G245-1))+4*(INDEX($A:$A,G245))-(INDEX($A:$A,MIN(LOOKUP(2,1/((($A$5:$A$120<>"")+($B$5:$B$120<>""))>0),ROW($A$5:$A$120)),G245+1))))*I245^2+(-(INDEX($A:$A,MAX(5,G245-2)))+3*(INDEX($A:$A,G245-1))-3*(INDEX($A:$A,G245))+(INDEX($A:$A,MIN(LOOKUP(2,1/((($A$5:$A$120<>"")+($B$5:$B$120<>""))>0),ROW($A$5:$A$120)),G245+1))))*I245^3),INDEX($A:$A,G245-1)+(INDEX($A:$A,G245)-INDEX($A:$A,G245-1))*I245))	=IF(G245="","",IF(INDEX($C:$C,G245)="C",0.5*(2*(INDEX($B:$B,G245-1))+(-(INDEX($B:$B,MAX(5,G245-2)))+(INDEX($B:$B,G245)))*I245+(2*(INDEX($B:$B,MAX(5,G245-2)))-5*(INDEX($B:$B,G245-1))+4*(INDEX($B:$B,G245))-(INDEX($B:$B,MIN(LOOKUP(2,1/((($A$5:$A$120<>"")+($B$5:$B$120<>""))>0),ROW($A$5:$A$120)),G245+1))))*I245^2+(-(INDEX($B:$B,MAX(5,G245-2)))+3*(INDEX($B:$B,G245-1))-3*(INDEX($B:$B,G245))+(INDEX($B:$B,MIN(LOOKUP(2,1/((($A$5:$A$120<>"")+($B$5:$B$120<>""))>0),ROW($A$5:$A$120)),G245+1))))*I245^3),INDEX($B:$B,G245-1)+(INDEX($B:$B,G245)-INDEX($B:$B,G245-1))*I245))	=IF(J245="","",IF(AND(J244<>"",J246<>""),(J246-J244)/2,IF(J246<>"",J246-J245,IF(J244<>"",J245-J244,""))))	=IF(K245="","",IF(AND(K244<>"",K246<>""),(K246-K244)/2,IF(K246<>"",K246-K245,IF(K244<>"",K245-K244,""))))	=IF(L245="","",MOD(DEGREES(ATAN2(L245,M245)),360))	=IF(N245="","",N245+$S$2)	=IF(O245="","","G1 X"&TEXT(J245,"0.###")&" Y"&TEXT(K245,"0.###")&" Z"&TEXT(O245,"0.###"))					
					=ROW()-5	=IF(OR(F246="",F246<=0,F246>LOOKUP(9.99999999999999E+307,$E$5:$E$120)),"",LOOKUP(F246-1,$E$5:$E$120,ROW($E$5:$E$120))+1)	=IF(G246="","",F246-INDEX($E:$E,G246-1))	=IF(G246="","",H246/INDEX($D:$D,G246))	=IF(G246="","",IF(INDEX($C:$C,G246)="C",0.5*(2*(INDEX($A:$A,G246-1))+(-(INDEX($A:$A,MAX(5,G246-2)))+(INDEX($A:$A,G246)))*I246+(2*(INDEX($A:$A,MAX(5,G246-2)))-5*(INDEX($A:$A,G246-1))+4*(INDEX($A:$A,G246))-(INDEX($A:$A,MIN(LOOKUP(2,1/((($A$5:$A$120<>"")+($B$5:$B$120<>""))>0),ROW($A$5:$A$120)),G246+1))))*I246^2+(-(INDEX($A:$A,MAX(5,G246-2)))+3*(INDEX($A:$A,G246-1))-3*(INDEX($A:$A,G246))+(INDEX($A:$A,MIN(LOOKUP(2,1/((($A$5:$A$120<>"")+($B$5:$B$120<>""))>0),ROW($A$5:$A$120)),G246+1))))*I246^3),INDEX($A:$A,G246-1)+(INDEX($A:$A,G246)-INDEX($A:$A,G246-1))*I246))	=IF(G246="","",IF(INDEX($C:$C,G246)="C",0.5*(2*(INDEX($B:$B,G246-1))+(-(INDEX($B:$B,MAX(5,G246-2)))+(INDEX($B:$B,G246)))*I246+(2*(INDEX($B:$B,MAX(5,G246-2)))-5*(INDEX($B:$B,G246-1))+4*(INDEX($B:$B,G246))-(INDEX($B:$B,MIN(LOOKUP(2,1/((($A$5:$A$120<>"")+($B$5:$B$120<>""))>0),ROW($A$5:$A$120)),G246+1))))*I246^2+(-(INDEX($B:$B,MAX(5,G246-2)))+3*(INDEX($B:$B,G246-1))-3*(INDEX($B:$B,G246))+(INDEX($B:$B,MIN(LOOKUP(2,1/((($A$5:$A$120<>"")+($B$5:$B$120<>""))>0),ROW($A$5:$A$120)),G246+1))))*I246^3),INDEX($B:$B,G246-1)+(INDEX($B:$B,G246)-INDEX($B:$B,G246-1))*I246))	=IF(J246="","",IF(AND(J245<>"",J247<>""),(J247-J245)/2,IF(J247<>"",J247-J246,IF(J245<>"",J246-J245,""))))	=IF(K246="","",IF(AND(K245<>"",K247<>""),(K247-K245)/2,IF(K247<>"",K247-K246,IF(K245<>"",K246-K245,""))))	=IF(L246="","",MOD(DEGREES(ATAN2(L246,M246)),360))	=IF(N246="","",N246+$S$2)	=IF(O246="","","G1 X"&TEXT(J246,"0.###")&" Y"&TEXT(K246,"0.###")&" Z"&TEXT(O246,"0.###"))					
					=ROW()-5	=IF(OR(F247="",F247<=0,F247>LOOKUP(9.99999999999999E+307,$E$5:$E$120)),"",LOOKUP(F247-1,$E$5:$E$120,ROW($E$5:$E$120))+1)	=IF(G247="","",F247-INDEX($E:$E,G247-1))	=IF(G247="","",H247/INDEX($D:$D,G247))	=IF(G247="","",IF(INDEX($C:$C,G247)="C",0.5*(2*(INDEX($A:$A,G247-1))+(-(INDEX($A:$A,MAX(5,G247-2)))+(INDEX($A:$A,G247)))*I247+(2*(INDEX($A:$A,MAX(5,G247-2)))-5*(INDEX($A:$A,G247-1))+4*(INDEX($A:$A,G247))-(INDEX($A:$A,MIN(LOOKUP(2,1/((($A$5:$A$120<>"")+($B$5:$B$120<>""))>0),ROW($A$5:$A$120)),G247+1))))*I247^2+(-(INDEX($A:$A,MAX(5,G247-2)))+3*(INDEX($A:$A,G247-1))-3*(INDEX($A:$A,G247))+(INDEX($A:$A,MIN(LOOKUP(2,1/((($A$5:$A$120<>"")+($B$5:$B$120<>""))>0),ROW($A$5:$A$120)),G247+1))))*I247^3),INDEX($A:$A,G247-1)+(INDEX($A:$A,G247)-INDEX($A:$A,G247-1))*I247))	=IF(G247="","",IF(INDEX($C:$C,G247)="C",0.5*(2*(INDEX($B:$B,G247-1))+(-(INDEX($B:$B,MAX(5,G247-2)))+(INDEX($B:$B,G247)))*I247+(2*(INDEX($B:$B,MAX(5,G247-2)))-5*(INDEX($B:$B,G247-1))+4*(INDEX($B:$B,G247))-(INDEX($B:$B,MIN(LOOKUP(2,1/((($A$5:$A$120<>"")+($B$5:$B$120<>""))>0),ROW($A$5:$A$120)),G247+1))))*I247^2+(-(INDEX($B:$B,MAX(5,G247-2)))+3*(INDEX($B:$B,G247-1))-3*(INDEX($B:$B,G247))+(INDEX($B:$B,MIN(LOOKUP(2,1/((($A$5:$A$120<>"")+($B$5:$B$120<>""))>0),ROW($A$5:$A$120)),G247+1))))*I247^3),INDEX($B:$B,G247-1)+(INDEX($B:$B,G247)-INDEX($B:$B,G247-1))*I247))	=IF(J247="","",IF(AND(J246<>"",J248<>""),(J248-J246)/2,IF(J248<>"",J248-J247,IF(J246<>"",J247-J246,""))))	=IF(K247="","",IF(AND(K246<>"",K248<>""),(K248-K246)/2,IF(K248<>"",K248-K247,IF(K246<>"",K247-K246,""))))	=IF(L247="","",MOD(DEGREES(ATAN2(L247,M247)),360))	=IF(N247="","",N247+$S$2)	=IF(O247="","","G1 X"&TEXT(J247,"0.###")&" Y"&TEXT(K247,"0.###")&" Z"&TEXT(O247,"0.###"))					
					=ROW()-5	=IF(OR(F248="",F248<=0,F248>LOOKUP(9.99999999999999E+307,$E$5:$E$120)),"",LOOKUP(F248-1,$E$5:$E$120,ROW($E$5:$E$120))+1)	=IF(G248="","",F248-INDEX($E:$E,G248-1))	=IF(G248="","",H248/INDEX($D:$D,G248))	=IF(G248="","",IF(INDEX($C:$C,G248)="C",0.5*(2*(INDEX($A:$A,G248-1))+(-(INDEX($A:$A,MAX(5,G248-2)))+(INDEX($A:$A,G248)))*I248+(2*(INDEX($A:$A,MAX(5,G248-2)))-5*(INDEX($A:$A,G248-1))+4*(INDEX($A:$A,G248))-(INDEX($A:$A,MIN(LOOKUP(2,1/((($A$5:$A$120<>"")+($B$5:$B$120<>""))>0),ROW($A$5:$A$120)),G248+1))))*I248^2+(-(INDEX($A:$A,MAX(5,G248-2)))+3*(INDEX($A:$A,G248-1))-3*(INDEX($A:$A,G248))+(INDEX($A:$A,MIN(LOOKUP(2,1/((($A$5:$A$120<>"")+($B$5:$B$120<>""))>0),ROW($A$5:$A$120)),G248+1))))*I248^3),INDEX($A:$A,G248-1)+(INDEX($A:$A,G248)-INDEX($A:$A,G248-1))*I248))	=IF(G248="","",IF(INDEX($C:$C,G248)="C",0.5*(2*(INDEX($B:$B,G248-1))+(-(INDEX($B:$B,MAX(5,G248-2)))+(INDEX($B:$B,G248)))*I248+(2*(INDEX($B:$B,MAX(5,G248-2)))-5*(INDEX($B:$B,G248-1))+4*(INDEX($B:$B,G248))-(INDEX($B:$B,MIN(LOOKUP(2,1/((($A$5:$A$120<>"")+($B$5:$B$120<>""))>0),ROW($A$5:$A$120)),G248+1))))*I248^2+(-(INDEX($B:$B,MAX(5,G248-2)))+3*(INDEX($B:$B,G248-1))-3*(INDEX($B:$B,G248))+(INDEX($B:$B,MIN(LOOKUP(2,1/((($A$5:$A$120<>"")+($B$5:$B$120<>""))>0),ROW($A$5:$A$120)),G248+1))))*I248^3),INDEX($B:$B,G248-1)+(INDEX($B:$B,G248)-INDEX($B:$B,G248-1))*I248))	=IF(J248="","",IF(AND(J247<>"",J249<>""),(J249-J247)/2,IF(J249<>"",J249-J248,IF(J247<>"",J248-J247,""))))	=IF(K248="","",IF(AND(K247<>"",K249<>""),(K249-K247)/2,IF(K249<>"",K249-K248,IF(K247<>"",K248-K247,""))))	=IF(L248="","",MOD(DEGREES(ATAN2(L248,M248)),360))	=IF(N248="","",N248+$S$2)	=IF(O248="","","G1 X"&TEXT(J248,"0.###")&" Y"&TEXT(K248,"0.###")&" Z"&TEXT(O248,"0.###"))					
					=ROW()-5	=IF(OR(F249="",F249<=0,F249>LOOKUP(9.99999999999999E+307,$E$5:$E$120)),"",LOOKUP(F249-1,$E$5:$E$120,ROW($E$5:$E$120))+1)	=IF(G249="","",F249-INDEX($E:$E,G249-1))	=IF(G249="","",H249/INDEX($D:$D,G249))	=IF(G249="","",IF(INDEX($C:$C,G249)="C",0.5*(2*(INDEX($A:$A,G249-1))+(-(INDEX($A:$A,MAX(5,G249-2)))+(INDEX($A:$A,G249)))*I249+(2*(INDEX($A:$A,MAX(5,G249-2)))-5*(INDEX($A:$A,G249-1))+4*(INDEX($A:$A,G249))-(INDEX($A:$A,MIN(LOOKUP(2,1/((($A$5:$A$120<>"")+($B$5:$B$120<>""))>0),ROW($A$5:$A$120)),G249+1))))*I249^2+(-(INDEX($A:$A,MAX(5,G249-2)))+3*(INDEX($A:$A,G249-1))-3*(INDEX($A:$A,G249))+(INDEX($A:$A,MIN(LOOKUP(2,1/((($A$5:$A$120<>"")+($B$5:$B$120<>""))>0),ROW($A$5:$A$120)),G249+1))))*I249^3),INDEX($A:$A,G249-1)+(INDEX($A:$A,G249)-INDEX($A:$A,G249-1))*I249))	=IF(G249="","",IF(INDEX($C:$C,G249)="C",0.5*(2*(INDEX($B:$B,G249-1))+(-(INDEX($B:$B,MAX(5,G249-2)))+(INDEX($B:$B,G249)))*I249+(2*(INDEX($B:$B,MAX(5,G249-2)))-5*(INDEX($B:$B,G249-1))+4*(INDEX($B:$B,G249))-(INDEX($B:$B,MIN(LOOKUP(2,1/((($A$5:$A$120<>"")+($B$5:$B$120<>""))>0),ROW($A$5:$A$120)),G249+1))))*I249^2+(-(INDEX($B:$B,MAX(5,G249-2)))+3*(INDEX($B:$B,G249-1))-3*(INDEX($B:$B,G249))+(INDEX($B:$B,MIN(LOOKUP(2,1/((($A$5:$A$120<>"")+($B$5:$B$120<>""))>0),ROW($A$5:$A$120)),G249+1))))*I249^3),INDEX($B:$B,G249-1)+(INDEX($B:$B,G249)-INDEX($B:$B,G249-1))*I249))	=IF(J249="","",IF(AND(J248<>"",J250<>""),(J250-J248)/2,IF(J250<>"",J250-J249,IF(J248<>"",J249-J248,""))))	=IF(K249="","",IF(AND(K248<>"",K250<>""),(K250-K248)/2,IF(K250<>"",K250-K249,IF(K248<>"",K249-K248,""))))	=IF(L249="","",MOD(DEGREES(ATAN2(L249,M249)),360))	=IF(N249="","",N249+$S$2)	=IF(O249="","","G1 X"&TEXT(J249,"0.###")&" Y"&TEXT(K249,"0.###")&" Z"&TEXT(O249,"0.###"))					
					=ROW()-5	=IF(OR(F250="",F250<=0,F250>LOOKUP(9.99999999999999E+307,$E$5:$E$120)),"",LOOKUP(F250-1,$E$5:$E$120,ROW($E$5:$E$120))+1)	=IF(G250="","",F250-INDEX($E:$E,G250-1))	=IF(G250="","",H250/INDEX($D:$D,G250))	=IF(G250="","",IF(INDEX($C:$C,G250)="C",0.5*(2*(INDEX($A:$A,G250-1))+(-(INDEX($A:$A,MAX(5,G250-2)))+(INDEX($A:$A,G250)))*I250+(2*(INDEX($A:$A,MAX(5,G250-2)))-5*(INDEX($A:$A,G250-1))+4*(INDEX($A:$A,G250))-(INDEX($A:$A,MIN(LOOKUP(2,1/((($A$5:$A$120<>"")+($B$5:$B$120<>""))>0),ROW($A$5:$A$120)),G250+1))))*I250^2+(-(INDEX($A:$A,MAX(5,G250-2)))+3*(INDEX($A:$A,G250-1))-3*(INDEX($A:$A,G250))+(INDEX($A:$A,MIN(LOOKUP(2,1/((($A$5:$A$120<>"")+($B$5:$B$120<>""))>0),ROW($A$5:$A$120)),G250+1))))*I250^3),INDEX($A:$A,G250-1)+(INDEX($A:$A,G250)-INDEX($A:$A,G250-1))*I250))	=IF(G250="","",IF(INDEX($C:$C,G250)="C",0.5*(2*(INDEX($B:$B,G250-1))+(-(INDEX($B:$B,MAX(5,G250-2)))+(INDEX($B:$B,G250)))*I250+(2*(INDEX($B:$B,MAX(5,G250-2)))-5*(INDEX($B:$B,G250-1))+4*(INDEX($B:$B,G250))-(INDEX($B:$B,MIN(LOOKUP(2,1/((($A$5:$A$120<>"")+($B$5:$B$120<>""))>0),ROW($A$5:$A$120)),G250+1))))*I250^2+(-(INDEX($B:$B,MAX(5,G250-2)))+3*(INDEX($B:$B,G250-1))-3*(INDEX($B:$B,G250))+(INDEX($B:$B,MIN(LOOKUP(2,1/((($A$5:$A$120<>"")+($B$5:$B$120<>""))>0),ROW($A$5:$A$120)),G250+1))))*I250^3),INDEX($B:$B,G250-1)+(INDEX($B:$B,G250)-INDEX($B:$B,G250-1))*I250))	=IF(J250="","",IF(AND(J249<>"",J251<>""),(J251-J249)/2,IF(J251<>"",J251-J250,IF(J249<>"",J250-J249,""))))	=IF(K250="","",IF(AND(K249<>"",K251<>""),(K251-K249)/2,IF(K251<>"",K251-K250,IF(K249<>"",K250-K249,""))))	=IF(L250="","",MOD(DEGREES(ATAN2(L250,M250)),360))	=IF(N250="","",N250+$S$2)	=IF(O250="","","G1 X"&TEXT(J250,"0.###")&" Y"&TEXT(K250,"0.###")&" Z"&TEXT(O250,"0.###"))					
					=ROW()-5	=IF(OR(F251="",F251<=0,F251>LOOKUP(9.99999999999999E+307,$E$5:$E$120)),"",LOOKUP(F251-1,$E$5:$E$120,ROW($E$5:$E$120))+1)	=IF(G251="","",F251-INDEX($E:$E,G251-1))	=IF(G251="","",H251/INDEX($D:$D,G251))	=IF(G251="","",IF(INDEX($C:$C,G251)="C",0.5*(2*(INDEX($A:$A,G251-1))+(-(INDEX($A:$A,MAX(5,G251-2)))+(INDEX($A:$A,G251)))*I251+(2*(INDEX($A:$A,MAX(5,G251-2)))-5*(INDEX($A:$A,G251-1))+4*(INDEX($A:$A,G251))-(INDEX($A:$A,MIN(LOOKUP(2,1/((($A$5:$A$120<>"")+($B$5:$B$120<>""))>0),ROW($A$5:$A$120)),G251+1))))*I251^2+(-(INDEX($A:$A,MAX(5,G251-2)))+3*(INDEX($A:$A,G251-1))-3*(INDEX($A:$A,G251))+(INDEX($A:$A,MIN(LOOKUP(2,1/((($A$5:$A$120<>"")+($B$5:$B$120<>""))>0),ROW($A$5:$A$120)),G251+1))))*I251^3),INDEX($A:$A,G251-1)+(INDEX($A:$A,G251)-INDEX($A:$A,G251-1))*I251))	=IF(G251="","",IF(INDEX($C:$C,G251)="C",0.5*(2*(INDEX($B:$B,G251-1))+(-(INDEX($B:$B,MAX(5,G251-2)))+(INDEX($B:$B,G251)))*I251+(2*(INDEX($B:$B,MAX(5,G251-2)))-5*(INDEX($B:$B,G251-1))+4*(INDEX($B:$B,G251))-(INDEX($B:$B,MIN(LOOKUP(2,1/((($A$5:$A$120<>"")+($B$5:$B$120<>""))>0),ROW($A$5:$A$120)),G251+1))))*I251^2+(-(INDEX($B:$B,MAX(5,G251-2)))+3*(INDEX($B:$B,G251-1))-3*(INDEX($B:$B,G251))+(INDEX($B:$B,MIN(LOOKUP(2,1/((($A$5:$A$120<>"")+($B$5:$B$120<>""))>0),ROW($A$5:$A$120)),G251+1))))*I251^3),INDEX($B:$B,G251-1)+(INDEX($B:$B,G251)-INDEX($B:$B,G251-1))*I251))	=IF(J251="","",IF(AND(J250<>"",J252<>""),(J252-J250)/2,IF(J252<>"",J252-J251,IF(J250<>"",J251-J250,""))))	=IF(K251="","",IF(AND(K250<>"",K252<>""),(K252-K250)/2,IF(K252<>"",K252-K251,IF(K250<>"",K251-K250,""))))	=IF(L251="","",MOD(DEGREES(ATAN2(L251,M251)),360))	=IF(N251="","",N251+$S$2)	=IF(O251="","","G1 X"&TEXT(J251,"0.###")&" Y"&TEXT(K251,"0.###")&" Z"&TEXT(O251,"0.###"))					
					=ROW()-5	=IF(OR(F252="",F252<=0,F252>LOOKUP(9.99999999999999E+307,$E$5:$E$120)),"",LOOKUP(F252-1,$E$5:$E$120,ROW($E$5:$E$120))+1)	=IF(G252="","",F252-INDEX($E:$E,G252-1))	=IF(G252="","",H252/INDEX($D:$D,G252))	=IF(G252="","",IF(INDEX($C:$C,G252)="C",0.5*(2*(INDEX($A:$A,G252-1))+(-(INDEX($A:$A,MAX(5,G252-2)))+(INDEX($A:$A,G252)))*I252+(2*(INDEX($A:$A,MAX(5,G252-2)))-5*(INDEX($A:$A,G252-1))+4*(INDEX($A:$A,G252))-(INDEX($A:$A,MIN(LOOKUP(2,1/((($A$5:$A$120<>"")+($B$5:$B$120<>""))>0),ROW($A$5:$A$120)),G252+1))))*I252^2+(-(INDEX($A:$A,MAX(5,G252-2)))+3*(INDEX($A:$A,G252-1))-3*(INDEX($A:$A,G252))+(INDEX($A:$A,MIN(LOOKUP(2,1/((($A$5:$A$120<>"")+($B$5:$B$120<>""))>0),ROW($A$5:$A$120)),G252+1))))*I252^3),INDEX($A:$A,G252-1)+(INDEX($A:$A,G252)-INDEX($A:$A,G252-1))*I252))	=IF(G252="","",IF(INDEX($C:$C,G252)="C",0.5*(2*(INDEX($B:$B,G252-1))+(-(INDEX($B:$B,MAX(5,G252-2)))+(INDEX($B:$B,G252)))*I252+(2*(INDEX($B:$B,MAX(5,G252-2)))-5*(INDEX($B:$B,G252-1))+4*(INDEX($B:$B,G252))-(INDEX($B:$B,MIN(LOOKUP(2,1/((($A$5:$A$120<>"")+($B$5:$B$120<>""))>0),ROW($A$5:$A$120)),G252+1))))*I252^2+(-(INDEX($B:$B,MAX(5,G252-2)))+3*(INDEX($B:$B,G252-1))-3*(INDEX($B:$B,G252))+(INDEX($B:$B,MIN(LOOKUP(2,1/((($A$5:$A$120<>"")+($B$5:$B$120<>""))>0),ROW($A$5:$A$120)),G252+1))))*I252^3),INDEX($B:$B,G252-1)+(INDEX($B:$B,G252)-INDEX($B:$B,G252-1))*I252))	=IF(J252="","",IF(AND(J251<>"",J253<>""),(J253-J251)/2,IF(J253<>"",J253-J252,IF(J251<>"",J252-J251,""))))	=IF(K252="","",IF(AND(K251<>"",K253<>""),(K253-K251)/2,IF(K253<>"",K253-K252,IF(K251<>"",K252-K251,""))))	=IF(L252="","",MOD(DEGREES(ATAN2(L252,M252)),360))	=IF(N252="","",N252+$S$2)	=IF(O252="","","G1 X"&TEXT(J252,"0.###")&" Y"&TEXT(K252,"0.###")&" Z"&TEXT(O252,"0.###"))					
					=ROW()-5	=IF(OR(F253="",F253<=0,F253>LOOKUP(9.99999999999999E+307,$E$5:$E$120)),"",LOOKUP(F253-1,$E$5:$E$120,ROW($E$5:$E$120))+1)	=IF(G253="","",F253-INDEX($E:$E,G253-1))	=IF(G253="","",H253/INDEX($D:$D,G253))	=IF(G253="","",IF(INDEX($C:$C,G253)="C",0.5*(2*(INDEX($A:$A,G253-1))+(-(INDEX($A:$A,MAX(5,G253-2)))+(INDEX($A:$A,G253)))*I253+(2*(INDEX($A:$A,MAX(5,G253-2)))-5*(INDEX($A:$A,G253-1))+4*(INDEX($A:$A,G253))-(INDEX($A:$A,MIN(LOOKUP(2,1/((($A$5:$A$120<>"")+($B$5:$B$120<>""))>0),ROW($A$5:$A$120)),G253+1))))*I253^2+(-(INDEX($A:$A,MAX(5,G253-2)))+3*(INDEX($A:$A,G253-1))-3*(INDEX($A:$A,G253))+(INDEX($A:$A,MIN(LOOKUP(2,1/((($A$5:$A$120<>"")+($B$5:$B$120<>""))>0),ROW($A$5:$A$120)),G253+1))))*I253^3),INDEX($A:$A,G253-1)+(INDEX($A:$A,G253)-INDEX($A:$A,G253-1))*I253))	=IF(G253="","",IF(INDEX($C:$C,G253)="C",0.5*(2*(INDEX($B:$B,G253-1))+(-(INDEX($B:$B,MAX(5,G253-2)))+(INDEX($B:$B,G253)))*I253+(2*(INDEX($B:$B,MAX(5,G253-2)))-5*(INDEX($B:$B,G253-1))+4*(INDEX($B:$B,G253))-(INDEX($B:$B,MIN(LOOKUP(2,1/((($A$5:$A$120<>"")+($B$5:$B$120<>""))>0),ROW($A$5:$A$120)),G253+1))))*I253^2+(-(INDEX($B:$B,MAX(5,G253-2)))+3*(INDEX($B:$B,G253-1))-3*(INDEX($B:$B,G253))+(INDEX($B:$B,MIN(LOOKUP(2,1/((($A$5:$A$120<>"")+($B$5:$B$120<>""))>0),ROW($A$5:$A$120)),G253+1))))*I253^3),INDEX($B:$B,G253-1)+(INDEX($B:$B,G253)-INDEX($B:$B,G253-1))*I253))	=IF(J253="","",IF(AND(J252<>"",J254<>""),(J254-J252)/2,IF(J254<>"",J254-J253,IF(J252<>"",J253-J252,""))))	=IF(K253="","",IF(AND(K252<>"",K254<>""),(K254-K252)/2,IF(K254<>"",K254-K253,IF(K252<>"",K253-K252,""))))	=IF(L253="","",MOD(DEGREES(ATAN2(L253,M253)),360))	=IF(N253="","",N253+$S$2)	=IF(O253="","","G1 X"&TEXT(J253,"0.###")&" Y"&TEXT(K253,"0.###")&" Z"&TEXT(O253,"0.###"))					
					=ROW()-5	=IF(OR(F254="",F254<=0,F254>LOOKUP(9.99999999999999E+307,$E$5:$E$120)),"",LOOKUP(F254-1,$E$5:$E$120,ROW($E$5:$E$120))+1)	=IF(G254="","",F254-INDEX($E:$E,G254-1))	=IF(G254="","",H254/INDEX($D:$D,G254))	=IF(G254="","",IF(INDEX($C:$C,G254)="C",0.5*(2*(INDEX($A:$A,G254-1))+(-(INDEX($A:$A,MAX(5,G254-2)))+(INDEX($A:$A,G254)))*I254+(2*(INDEX($A:$A,MAX(5,G254-2)))-5*(INDEX($A:$A,G254-1))+4*(INDEX($A:$A,G254))-(INDEX($A:$A,MIN(LOOKUP(2,1/((($A$5:$A$120<>"")+($B$5:$B$120<>""))>0),ROW($A$5:$A$120)),G254+1))))*I254^2+(-(INDEX($A:$A,MAX(5,G254-2)))+3*(INDEX($A:$A,G254-1))-3*(INDEX($A:$A,G254))+(INDEX($A:$A,MIN(LOOKUP(2,1/((($A$5:$A$120<>"")+($B$5:$B$120<>""))>0),ROW($A$5:$A$120)),G254+1))))*I254^3),INDEX($A:$A,G254-1)+(INDEX($A:$A,G254)-INDEX($A:$A,G254-1))*I254))	=IF(G254="","",IF(INDEX($C:$C,G254)="C",0.5*(2*(INDEX($B:$B,G254-1))+(-(INDEX($B:$B,MAX(5,G254-2)))+(INDEX($B:$B,G254)))*I254+(2*(INDEX($B:$B,MAX(5,G254-2)))-5*(INDEX($B:$B,G254-1))+4*(INDEX($B:$B,G254))-(INDEX($B:$B,MIN(LOOKUP(2,1/((($A$5:$A$120<>"")+($B$5:$B$120<>""))>0),ROW($A$5:$A$120)),G254+1))))*I254^2+(-(INDEX($B:$B,MAX(5,G254-2)))+3*(INDEX($B:$B,G254-1))-3*(INDEX($B:$B,G254))+(INDEX($B:$B,MIN(LOOKUP(2,1/((($A$5:$A$120<>"")+($B$5:$B$120<>""))>0),ROW($A$5:$A$120)),G254+1))))*I254^3),INDEX($B:$B,G254-1)+(INDEX($B:$B,G254)-INDEX($B:$B,G254-1))*I254))	=IF(J254="","",IF(AND(J253<>"",J255<>""),(J255-J253)/2,IF(J255<>"",J255-J254,IF(J253<>"",J254-J253,""))))	=IF(K254="","",IF(AND(K253<>"",K255<>""),(K255-K253)/2,IF(K255<>"",K255-K254,IF(K253<>"",K254-K253,""))))	=IF(L254="","",MOD(DEGREES(ATAN2(L254,M254)),360))	=IF(N254="","",N254+$S$2)	=IF(O254="","","G1 X"&TEXT(J254,"0.###")&" Y"&TEXT(K254,"0.###")&" Z"&TEXT(O254,"0.###"))					
					=ROW()-5	=IF(OR(F255="",F255<=0,F255>LOOKUP(9.99999999999999E+307,$E$5:$E$120)),"",LOOKUP(F255-1,$E$5:$E$120,ROW($E$5:$E$120))+1)	=IF(G255="","",F255-INDEX($E:$E,G255-1))	=IF(G255="","",H255/INDEX($D:$D,G255))	=IF(G255="","",IF(INDEX($C:$C,G255)="C",0.5*(2*(INDEX($A:$A,G255-1))+(-(INDEX($A:$A,MAX(5,G255-2)))+(INDEX($A:$A,G255)))*I255+(2*(INDEX($A:$A,MAX(5,G255-2)))-5*(INDEX($A:$A,G255-1))+4*(INDEX($A:$A,G255))-(INDEX($A:$A,MIN(LOOKUP(2,1/((($A$5:$A$120<>"")+($B$5:$B$120<>""))>0),ROW($A$5:$A$120)),G255+1))))*I255^2+(-(INDEX($A:$A,MAX(5,G255-2)))+3*(INDEX($A:$A,G255-1))-3*(INDEX($A:$A,G255))+(INDEX($A:$A,MIN(LOOKUP(2,1/((($A$5:$A$120<>"")+($B$5:$B$120<>""))>0),ROW($A$5:$A$120)),G255+1))))*I255^3),INDEX($A:$A,G255-1)+(INDEX($A:$A,G255)-INDEX($A:$A,G255-1))*I255))	=IF(G255="","",IF(INDEX($C:$C,G255)="C",0.5*(2*(INDEX($B:$B,G255-1))+(-(INDEX($B:$B,MAX(5,G255-2)))+(INDEX($B:$B,G255)))*I255+(2*(INDEX($B:$B,MAX(5,G255-2)))-5*(INDEX($B:$B,G255-1))+4*(INDEX($B:$B,G255))-(INDEX($B:$B,MIN(LOOKUP(2,1/((($A$5:$A$120<>"")+($B$5:$B$120<>""))>0),ROW($A$5:$A$120)),G255+1))))*I255^2+(-(INDEX($B:$B,MAX(5,G255-2)))+3*(INDEX($B:$B,G255-1))-3*(INDEX($B:$B,G255))+(INDEX($B:$B,MIN(LOOKUP(2,1/((($A$5:$A$120<>"")+($B$5:$B$120<>""))>0),ROW($A$5:$A$120)),G255+1))))*I255^3),INDEX($B:$B,G255-1)+(INDEX($B:$B,G255)-INDEX($B:$B,G255-1))*I255))	=IF(J255="","",IF(AND(J254<>"",J256<>""),(J256-J254)/2,IF(J256<>"",J256-J255,IF(J254<>"",J255-J254,""))))	=IF(K255="","",IF(AND(K254<>"",K256<>""),(K256-K254)/2,IF(K256<>"",K256-K255,IF(K254<>"",K255-K254,""))))	=IF(L255="","",MOD(DEGREES(ATAN2(L255,M255)),360))	=IF(N255="","",N255+$S$2)	=IF(O255="","","G1 X"&TEXT(J255,"0.###")&" Y"&TEXT(K255,"0.###")&" Z"&TEXT(O255,"0.###"))					
					=ROW()-5	=IF(OR(F256="",F256<=0,F256>LOOKUP(9.99999999999999E+307,$E$5:$E$120)),"",LOOKUP(F256-1,$E$5:$E$120,ROW($E$5:$E$120))+1)	=IF(G256="","",F256-INDEX($E:$E,G256-1))	=IF(G256="","",H256/INDEX($D:$D,G256))	=IF(G256="","",IF(INDEX($C:$C,G256)="C",0.5*(2*(INDEX($A:$A,G256-1))+(-(INDEX($A:$A,MAX(5,G256-2)))+(INDEX($A:$A,G256)))*I256+(2*(INDEX($A:$A,MAX(5,G256-2)))-5*(INDEX($A:$A,G256-1))+4*(INDEX($A:$A,G256))-(INDEX($A:$A,MIN(LOOKUP(2,1/((($A$5:$A$120<>"")+($B$5:$B$120<>""))>0),ROW($A$5:$A$120)),G256+1))))*I256^2+(-(INDEX($A:$A,MAX(5,G256-2)))+3*(INDEX($A:$A,G256-1))-3*(INDEX($A:$A,G256))+(INDEX($A:$A,MIN(LOOKUP(2,1/((($A$5:$A$120<>"")+($B$5:$B$120<>""))>0),ROW($A$5:$A$120)),G256+1))))*I256^3),INDEX($A:$A,G256-1)+(INDEX($A:$A,G256)-INDEX($A:$A,G256-1))*I256))	=IF(G256="","",IF(INDEX($C:$C,G256)="C",0.5*(2*(INDEX($B:$B,G256-1))+(-(INDEX($B:$B,MAX(5,G256-2)))+(INDEX($B:$B,G256)))*I256+(2*(INDEX($B:$B,MAX(5,G256-2)))-5*(INDEX($B:$B,G256-1))+4*(INDEX($B:$B,G256))-(INDEX($B:$B,MIN(LOOKUP(2,1/((($A$5:$A$120<>"")+($B$5:$B$120<>""))>0),ROW($A$5:$A$120)),G256+1))))*I256^2+(-(INDEX($B:$B,MAX(5,G256-2)))+3*(INDEX($B:$B,G256-1))-3*(INDEX($B:$B,G256))+(INDEX($B:$B,MIN(LOOKUP(2,1/((($A$5:$A$120<>"")+($B$5:$B$120<>""))>0),ROW($A$5:$A$120)),G256+1))))*I256^3),INDEX($B:$B,G256-1)+(INDEX($B:$B,G256)-INDEX($B:$B,G256-1))*I256))	=IF(J256="","",IF(AND(J255<>"",J257<>""),(J257-J255)/2,IF(J257<>"",J257-J256,IF(J255<>"",J256-J255,""))))	=IF(K256="","",IF(AND(K255<>"",K257<>""),(K257-K255)/2,IF(K257<>"",K257-K256,IF(K255<>"",K256-K255,""))))	=IF(L256="","",MOD(DEGREES(ATAN2(L256,M256)),360))	=IF(N256="","",N256+$S$2)	=IF(O256="","","G1 X"&TEXT(J256,"0.###")&" Y"&TEXT(K256,"0.###")&" Z"&TEXT(O256,"0.###"))					
					=ROW()-5	=IF(OR(F257="",F257<=0,F257>LOOKUP(9.99999999999999E+307,$E$5:$E$120)),"",LOOKUP(F257-1,$E$5:$E$120,ROW($E$5:$E$120))+1)	=IF(G257="","",F257-INDEX($E:$E,G257-1))	=IF(G257="","",H257/INDEX($D:$D,G257))	=IF(G257="","",IF(INDEX($C:$C,G257)="C",0.5*(2*(INDEX($A:$A,G257-1))+(-(INDEX($A:$A,MAX(5,G257-2)))+(INDEX($A:$A,G257)))*I257+(2*(INDEX($A:$A,MAX(5,G257-2)))-5*(INDEX($A:$A,G257-1))+4*(INDEX($A:$A,G257))-(INDEX($A:$A,MIN(LOOKUP(2,1/((($A$5:$A$120<>"")+($B$5:$B$120<>""))>0),ROW($A$5:$A$120)),G257+1))))*I257^2+(-(INDEX($A:$A,MAX(5,G257-2)))+3*(INDEX($A:$A,G257-1))-3*(INDEX($A:$A,G257))+(INDEX($A:$A,MIN(LOOKUP(2,1/((($A$5:$A$120<>"")+($B$5:$B$120<>""))>0),ROW($A$5:$A$120)),G257+1))))*I257^3),INDEX($A:$A,G257-1)+(INDEX($A:$A,G257)-INDEX($A:$A,G257-1))*I257))	=IF(G257="","",IF(INDEX($C:$C,G257)="C",0.5*(2*(INDEX($B:$B,G257-1))+(-(INDEX($B:$B,MAX(5,G257-2)))+(INDEX($B:$B,G257)))*I257+(2*(INDEX($B:$B,MAX(5,G257-2)))-5*(INDEX($B:$B,G257-1))+4*(INDEX($B:$B,G257))-(INDEX($B:$B,MIN(LOOKUP(2,1/((($A$5:$A$120<>"")+($B$5:$B$120<>""))>0),ROW($A$5:$A$120)),G257+1))))*I257^2+(-(INDEX($B:$B,MAX(5,G257-2)))+3*(INDEX($B:$B,G257-1))-3*(INDEX($B:$B,G257))+(INDEX($B:$B,MIN(LOOKUP(2,1/((($A$5:$A$120<>"")+($B$5:$B$120<>""))>0),ROW($A$5:$A$120)),G257+1))))*I257^3),INDEX($B:$B,G257-1)+(INDEX($B:$B,G257)-INDEX($B:$B,G257-1))*I257))	=IF(J257="","",IF(AND(J256<>"",J258<>""),(J258-J256)/2,IF(J258<>"",J258-J257,IF(J256<>"",J257-J256,""))))	=IF(K257="","",IF(AND(K256<>"",K258<>""),(K258-K256)/2,IF(K258<>"",K258-K257,IF(K256<>"",K257-K256,""))))	=IF(L257="","",MOD(DEGREES(ATAN2(L257,M257)),360))	=IF(N257="","",N257+$S$2)	=IF(O257="","","G1 X"&TEXT(J257,"0.###")&" Y"&TEXT(K257,"0.###")&" Z"&TEXT(O257,"0.###"))					
					=ROW()-5	=IF(OR(F258="",F258<=0,F258>LOOKUP(9.99999999999999E+307,$E$5:$E$120)),"",LOOKUP(F258-1,$E$5:$E$120,ROW($E$5:$E$120))+1)	=IF(G258="","",F258-INDEX($E:$E,G258-1))	=IF(G258="","",H258/INDEX($D:$D,G258))	=IF(G258="","",IF(INDEX($C:$C,G258)="C",0.5*(2*(INDEX($A:$A,G258-1))+(-(INDEX($A:$A,MAX(5,G258-2)))+(INDEX($A:$A,G258)))*I258+(2*(INDEX($A:$A,MAX(5,G258-2)))-5*(INDEX($A:$A,G258-1))+4*(INDEX($A:$A,G258))-(INDEX($A:$A,MIN(LOOKUP(2,1/((($A$5:$A$120<>"")+($B$5:$B$120<>""))>0),ROW($A$5:$A$120)),G258+1))))*I258^2+(-(INDEX($A:$A,MAX(5,G258-2)))+3*(INDEX($A:$A,G258-1))-3*(INDEX($A:$A,G258))+(INDEX($A:$A,MIN(LOOKUP(2,1/((($A$5:$A$120<>"")+($B$5:$B$120<>""))>0),ROW($A$5:$A$120)),G258+1))))*I258^3),INDEX($A:$A,G258-1)+(INDEX($A:$A,G258)-INDEX($A:$A,G258-1))*I258))	=IF(G258="","",IF(INDEX($C:$C,G258)="C",0.5*(2*(INDEX($B:$B,G258-1))+(-(INDEX($B:$B,MAX(5,G258-2)))+(INDEX($B:$B,G258)))*I258+(2*(INDEX($B:$B,MAX(5,G258-2)))-5*(INDEX($B:$B,G258-1))+4*(INDEX($B:$B,G258))-(INDEX($B:$B,MIN(LOOKUP(2,1/((($A$5:$A$120<>"")+($B$5:$B$120<>""))>0),ROW($A$5:$A$120)),G258+1))))*I258^2+(-(INDEX($B:$B,MAX(5,G258-2)))+3*(INDEX($B:$B,G258-1))-3*(INDEX($B:$B,G258))+(INDEX($B:$B,MIN(LOOKUP(2,1/((($A$5:$A$120<>"")+($B$5:$B$120<>""))>0),ROW($A$5:$A$120)),G258+1))))*I258^3),INDEX($B:$B,G258-1)+(INDEX($B:$B,G258)-INDEX($B:$B,G258-1))*I258))	=IF(J258="","",IF(AND(J257<>"",J259<>""),(J259-J257)/2,IF(J259<>"",J259-J258,IF(J257<>"",J258-J257,""))))	=IF(K258="","",IF(AND(K257<>"",K259<>""),(K259-K257)/2,IF(K259<>"",K259-K258,IF(K257<>"",K258-K257,""))))	=IF(L258="","",MOD(DEGREES(ATAN2(L258,M258)),360))	=IF(N258="","",N258+$S$2)	=IF(O258="","","G1 X"&TEXT(J258,"0.###")&" Y"&TEXT(K258,"0.###")&" Z"&TEXT(O258,"0.###"))					
					=ROW()-5	=IF(OR(F259="",F259<=0,F259>LOOKUP(9.99999999999999E+307,$E$5:$E$120)),"",LOOKUP(F259-1,$E$5:$E$120,ROW($E$5:$E$120))+1)	=IF(G259="","",F259-INDEX($E:$E,G259-1))	=IF(G259="","",H259/INDEX($D:$D,G259))	=IF(G259="","",IF(INDEX($C:$C,G259)="C",0.5*(2*(INDEX($A:$A,G259-1))+(-(INDEX($A:$A,MAX(5,G259-2)))+(INDEX($A:$A,G259)))*I259+(2*(INDEX($A:$A,MAX(5,G259-2)))-5*(INDEX($A:$A,G259-1))+4*(INDEX($A:$A,G259))-(INDEX($A:$A,MIN(LOOKUP(2,1/((($A$5:$A$120<>"")+($B$5:$B$120<>""))>0),ROW($A$5:$A$120)),G259+1))))*I259^2+(-(INDEX($A:$A,MAX(5,G259-2)))+3*(INDEX($A:$A,G259-1))-3*(INDEX($A:$A,G259))+(INDEX($A:$A,MIN(LOOKUP(2,1/((($A$5:$A$120<>"")+($B$5:$B$120<>""))>0),ROW($A$5:$A$120)),G259+1))))*I259^3),INDEX($A:$A,G259-1)+(INDEX($A:$A,G259)-INDEX($A:$A,G259-1))*I259))	=IF(G259="","",IF(INDEX($C:$C,G259)="C",0.5*(2*(INDEX($B:$B,G259-1))+(-(INDEX($B:$B,MAX(5,G259-2)))+(INDEX($B:$B,G259)))*I259+(2*(INDEX($B:$B,MAX(5,G259-2)))-5*(INDEX($B:$B,G259-1))+4*(INDEX($B:$B,G259))-(INDEX($B:$B,MIN(LOOKUP(2,1/((($A$5:$A$120<>"")+($B$5:$B$120<>""))>0),ROW($A$5:$A$120)),G259+1))))*I259^2+(-(INDEX($B:$B,MAX(5,G259-2)))+3*(INDEX($B:$B,G259-1))-3*(INDEX($B:$B,G259))+(INDEX($B:$B,MIN(LOOKUP(2,1/((($A$5:$A$120<>"")+($B$5:$B$120<>""))>0),ROW($A$5:$A$120)),G259+1))))*I259^3),INDEX($B:$B,G259-1)+(INDEX($B:$B,G259)-INDEX($B:$B,G259-1))*I259))	=IF(J259="","",IF(AND(J258<>"",J260<>""),(J260-J258)/2,IF(J260<>"",J260-J259,IF(J258<>"",J259-J258,""))))	=IF(K259="","",IF(AND(K258<>"",K260<>""),(K260-K258)/2,IF(K260<>"",K260-K259,IF(K258<>"",K259-K258,""))))	=IF(L259="","",MOD(DEGREES(ATAN2(L259,M259)),360))	=IF(N259="","",N259+$S$2)	=IF(O259="","","G1 X"&TEXT(J259,"0.###")&" Y"&TEXT(K259,"0.###")&" Z"&TEXT(O259,"0.###"))					
					=ROW()-5	=IF(OR(F260="",F260<=0,F260>LOOKUP(9.99999999999999E+307,$E$5:$E$120)),"",LOOKUP(F260-1,$E$5:$E$120,ROW($E$5:$E$120))+1)	=IF(G260="","",F260-INDEX($E:$E,G260-1))	=IF(G260="","",H260/INDEX($D:$D,G260))	=IF(G260="","",IF(INDEX($C:$C,G260)="C",0.5*(2*(INDEX($A:$A,G260-1))+(-(INDEX($A:$A,MAX(5,G260-2)))+(INDEX($A:$A,G260)))*I260+(2*(INDEX($A:$A,MAX(5,G260-2)))-5*(INDEX($A:$A,G260-1))+4*(INDEX($A:$A,G260))-(INDEX($A:$A,MIN(LOOKUP(2,1/((($A$5:$A$120<>"")+($B$5:$B$120<>""))>0),ROW($A$5:$A$120)),G260+1))))*I260^2+(-(INDEX($A:$A,MAX(5,G260-2)))+3*(INDEX($A:$A,G260-1))-3*(INDEX($A:$A,G260))+(INDEX($A:$A,MIN(LOOKUP(2,1/((($A$5:$A$120<>"")+($B$5:$B$120<>""))>0),ROW($A$5:$A$120)),G260+1))))*I260^3),INDEX($A:$A,G260-1)+(INDEX($A:$A,G260)-INDEX($A:$A,G260-1))*I260))	=IF(G260="","",IF(INDEX($C:$C,G260)="C",0.5*(2*(INDEX($B:$B,G260-1))+(-(INDEX($B:$B,MAX(5,G260-2)))+(INDEX($B:$B,G260)))*I260+(2*(INDEX($B:$B,MAX(5,G260-2)))-5*(INDEX($B:$B,G260-1))+4*(INDEX($B:$B,G260))-(INDEX($B:$B,MIN(LOOKUP(2,1/((($A$5:$A$120<>"")+($B$5:$B$120<>""))>0),ROW($A$5:$A$120)),G260+1))))*I260^2+(-(INDEX($B:$B,MAX(5,G260-2)))+3*(INDEX($B:$B,G260-1))-3*(INDEX($B:$B,G260))+(INDEX($B:$B,MIN(LOOKUP(2,1/((($A$5:$A$120<>"")+($B$5:$B$120<>""))>0),ROW($A$5:$A$120)),G260+1))))*I260^3),INDEX($B:$B,G260-1)+(INDEX($B:$B,G260)-INDEX($B:$B,G260-1))*I260))	=IF(J260="","",IF(AND(J259<>"",J261<>""),(J261-J259)/2,IF(J261<>"",J261-J260,IF(J259<>"",J260-J259,""))))	=IF(K260="","",IF(AND(K259<>"",K261<>""),(K261-K259)/2,IF(K261<>"",K261-K260,IF(K259<>"",K260-K259,""))))	=IF(L260="","",MOD(DEGREES(ATAN2(L260,M260)),360))	=IF(N260="","",N260+$S$2)	=IF(O260="","","G1 X"&TEXT(J260,"0.###")&" Y"&TEXT(K260,"0.###")&" Z"&TEXT(O260,"0.###"))					
					=ROW()-5	=IF(OR(F261="",F261<=0,F261>LOOKUP(9.99999999999999E+307,$E$5:$E$120)),"",LOOKUP(F261-1,$E$5:$E$120,ROW($E$5:$E$120))+1)	=IF(G261="","",F261-INDEX($E:$E,G261-1))	=IF(G261="","",H261/INDEX($D:$D,G261))	=IF(G261="","",IF(INDEX($C:$C,G261)="C",0.5*(2*(INDEX($A:$A,G261-1))+(-(INDEX($A:$A,MAX(5,G261-2)))+(INDEX($A:$A,G261)))*I261+(2*(INDEX($A:$A,MAX(5,G261-2)))-5*(INDEX($A:$A,G261-1))+4*(INDEX($A:$A,G261))-(INDEX($A:$A,MIN(LOOKUP(2,1/((($A$5:$A$120<>"")+($B$5:$B$120<>""))>0),ROW($A$5:$A$120)),G261+1))))*I261^2+(-(INDEX($A:$A,MAX(5,G261-2)))+3*(INDEX($A:$A,G261-1))-3*(INDEX($A:$A,G261))+(INDEX($A:$A,MIN(LOOKUP(2,1/((($A$5:$A$120<>"")+($B$5:$B$120<>""))>0),ROW($A$5:$A$120)),G261+1))))*I261^3),INDEX($A:$A,G261-1)+(INDEX($A:$A,G261)-INDEX($A:$A,G261-1))*I261))	=IF(G261="","",IF(INDEX($C:$C,G261)="C",0.5*(2*(INDEX($B:$B,G261-1))+(-(INDEX($B:$B,MAX(5,G261-2)))+(INDEX($B:$B,G261)))*I261+(2*(INDEX($B:$B,MAX(5,G261-2)))-5*(INDEX($B:$B,G261-1))+4*(INDEX($B:$B,G261))-(INDEX($B:$B,MIN(LOOKUP(2,1/((($A$5:$A$120<>"")+($B$5:$B$120<>""))>0),ROW($A$5:$A$120)),G261+1))))*I261^2+(-(INDEX($B:$B,MAX(5,G261-2)))+3*(INDEX($B:$B,G261-1))-3*(INDEX($B:$B,G261))+(INDEX($B:$B,MIN(LOOKUP(2,1/((($A$5:$A$120<>"")+($B$5:$B$120<>""))>0),ROW($A$5:$A$120)),G261+1))))*I261^3),INDEX($B:$B,G261-1)+(INDEX($B:$B,G261)-INDEX($B:$B,G261-1))*I261))	=IF(J261="","",IF(AND(J260<>"",J262<>""),(J262-J260)/2,IF(J262<>"",J262-J261,IF(J260<>"",J261-J260,""))))	=IF(K261="","",IF(AND(K260<>"",K262<>""),(K262-K260)/2,IF(K262<>"",K262-K261,IF(K260<>"",K261-K260,""))))	=IF(L261="","",MOD(DEGREES(ATAN2(L261,M261)),360))	=IF(N261="","",N261+$S$2)	=IF(O261="","","G1 X"&TEXT(J261,"0.###")&" Y"&TEXT(K261,"0.###")&" Z"&TEXT(O261,"0.###"))					
					=ROW()-5	=IF(OR(F262="",F262<=0,F262>LOOKUP(9.99999999999999E+307,$E$5:$E$120)),"",LOOKUP(F262-1,$E$5:$E$120,ROW($E$5:$E$120))+1)	=IF(G262="","",F262-INDEX($E:$E,G262-1))	=IF(G262="","",H262/INDEX($D:$D,G262))	=IF(G262="","",IF(INDEX($C:$C,G262)="C",0.5*(2*(INDEX($A:$A,G262-1))+(-(INDEX($A:$A,MAX(5,G262-2)))+(INDEX($A:$A,G262)))*I262+(2*(INDEX($A:$A,MAX(5,G262-2)))-5*(INDEX($A:$A,G262-1))+4*(INDEX($A:$A,G262))-(INDEX($A:$A,MIN(LOOKUP(2,1/((($A$5:$A$120<>"")+($B$5:$B$120<>""))>0),ROW($A$5:$A$120)),G262+1))))*I262^2+(-(INDEX($A:$A,MAX(5,G262-2)))+3*(INDEX($A:$A,G262-1))-3*(INDEX($A:$A,G262))+(INDEX($A:$A,MIN(LOOKUP(2,1/((($A$5:$A$120<>"")+($B$5:$B$120<>""))>0),ROW($A$5:$A$120)),G262+1))))*I262^3),INDEX($A:$A,G262-1)+(INDEX($A:$A,G262)-INDEX($A:$A,G262-1))*I262))	=IF(G262="","",IF(INDEX($C:$C,G262)="C",0.5*(2*(INDEX($B:$B,G262-1))+(-(INDEX($B:$B,MAX(5,G262-2)))+(INDEX($B:$B,G262)))*I262+(2*(INDEX($B:$B,MAX(5,G262-2)))-5*(INDEX($B:$B,G262-1))+4*(INDEX($B:$B,G262))-(INDEX($B:$B,MIN(LOOKUP(2,1/((($A$5:$A$120<>"")+($B$5:$B$120<>""))>0),ROW($A$5:$A$120)),G262+1))))*I262^2+(-(INDEX($B:$B,MAX(5,G262-2)))+3*(INDEX($B:$B,G262-1))-3*(INDEX($B:$B,G262))+(INDEX($B:$B,MIN(LOOKUP(2,1/((($A$5:$A$120<>"")+($B$5:$B$120<>""))>0),ROW($A$5:$A$120)),G262+1))))*I262^3),INDEX($B:$B,G262-1)+(INDEX($B:$B,G262)-INDEX($B:$B,G262-1))*I262))	=IF(J262="","",IF(AND(J261<>"",J263<>""),(J263-J261)/2,IF(J263<>"",J263-J262,IF(J261<>"",J262-J261,""))))	=IF(K262="","",IF(AND(K261<>"",K263<>""),(K263-K261)/2,IF(K263<>"",K263-K262,IF(K261<>"",K262-K261,""))))	=IF(L262="","",MOD(DEGREES(ATAN2(L262,M262)),360))	=IF(N262="","",N262+$S$2)	=IF(O262="","","G1 X"&TEXT(J262,"0.###")&" Y"&TEXT(K262,"0.###")&" Z"&TEXT(O262,"0.###"))					
					=ROW()-5	=IF(OR(F263="",F263<=0,F263>LOOKUP(9.99999999999999E+307,$E$5:$E$120)),"",LOOKUP(F263-1,$E$5:$E$120,ROW($E$5:$E$120))+1)	=IF(G263="","",F263-INDEX($E:$E,G263-1))	=IF(G263="","",H263/INDEX($D:$D,G263))	=IF(G263="","",IF(INDEX($C:$C,G263)="C",0.5*(2*(INDEX($A:$A,G263-1))+(-(INDEX($A:$A,MAX(5,G263-2)))+(INDEX($A:$A,G263)))*I263+(2*(INDEX($A:$A,MAX(5,G263-2)))-5*(INDEX($A:$A,G263-1))+4*(INDEX($A:$A,G263))-(INDEX($A:$A,MIN(LOOKUP(2,1/((($A$5:$A$120<>"")+($B$5:$B$120<>""))>0),ROW($A$5:$A$120)),G263+1))))*I263^2+(-(INDEX($A:$A,MAX(5,G263-2)))+3*(INDEX($A:$A,G263-1))-3*(INDEX($A:$A,G263))+(INDEX($A:$A,MIN(LOOKUP(2,1/((($A$5:$A$120<>"")+($B$5:$B$120<>""))>0),ROW($A$5:$A$120)),G263+1))))*I263^3),INDEX($A:$A,G263-1)+(INDEX($A:$A,G263)-INDEX($A:$A,G263-1))*I263))	=IF(G263="","",IF(INDEX($C:$C,G263)="C",0.5*(2*(INDEX($B:$B,G263-1))+(-(INDEX($B:$B,MAX(5,G263-2)))+(INDEX($B:$B,G263)))*I263+(2*(INDEX($B:$B,MAX(5,G263-2)))-5*(INDEX($B:$B,G263-1))+4*(INDEX($B:$B,G263))-(INDEX($B:$B,MIN(LOOKUP(2,1/((($A$5:$A$120<>"")+($B$5:$B$120<>""))>0),ROW($A$5:$A$120)),G263+1))))*I263^2+(-(INDEX($B:$B,MAX(5,G263-2)))+3*(INDEX($B:$B,G263-1))-3*(INDEX($B:$B,G263))+(INDEX($B:$B,MIN(LOOKUP(2,1/((($A$5:$A$120<>"")+($B$5:$B$120<>""))>0),ROW($A$5:$A$120)),G263+1))))*I263^3),INDEX($B:$B,G263-1)+(INDEX($B:$B,G263)-INDEX($B:$B,G263-1))*I263))	=IF(J263="","",IF(AND(J262<>"",J264<>""),(J264-J262)/2,IF(J264<>"",J264-J263,IF(J262<>"",J263-J262,""))))	=IF(K263="","",IF(AND(K262<>"",K264<>""),(K264-K262)/2,IF(K264<>"",K264-K263,IF(K262<>"",K263-K262,""))))	=IF(L263="","",MOD(DEGREES(ATAN2(L263,M263)),360))	=IF(N263="","",N263+$S$2)	=IF(O263="","","G1 X"&TEXT(J263,"0.###")&" Y"&TEXT(K263,"0.###")&" Z"&TEXT(O263,"0.###"))					
					=ROW()-5	=IF(OR(F264="",F264<=0,F264>LOOKUP(9.99999999999999E+307,$E$5:$E$120)),"",LOOKUP(F264-1,$E$5:$E$120,ROW($E$5:$E$120))+1)	=IF(G264="","",F264-INDEX($E:$E,G264-1))	=IF(G264="","",H264/INDEX($D:$D,G264))	=IF(G264="","",IF(INDEX($C:$C,G264)="C",0.5*(2*(INDEX($A:$A,G264-1))+(-(INDEX($A:$A,MAX(5,G264-2)))+(INDEX($A:$A,G264)))*I264+(2*(INDEX($A:$A,MAX(5,G264-2)))-5*(INDEX($A:$A,G264-1))+4*(INDEX($A:$A,G264))-(INDEX($A:$A,MIN(LOOKUP(2,1/((($A$5:$A$120<>"")+($B$5:$B$120<>""))>0),ROW($A$5:$A$120)),G264+1))))*I264^2+(-(INDEX($A:$A,MAX(5,G264-2)))+3*(INDEX($A:$A,G264-1))-3*(INDEX($A:$A,G264))+(INDEX($A:$A,MIN(LOOKUP(2,1/((($A$5:$A$120<>"")+($B$5:$B$120<>""))>0),ROW($A$5:$A$120)),G264+1))))*I264^3),INDEX($A:$A,G264-1)+(INDEX($A:$A,G264)-INDEX($A:$A,G264-1))*I264))	=IF(G264="","",IF(INDEX($C:$C,G264)="C",0.5*(2*(INDEX($B:$B,G264-1))+(-(INDEX($B:$B,MAX(5,G264-2)))+(INDEX($B:$B,G264)))*I264+(2*(INDEX($B:$B,MAX(5,G264-2)))-5*(INDEX($B:$B,G264-1))+4*(INDEX($B:$B,G264))-(INDEX($B:$B,MIN(LOOKUP(2,1/((($A$5:$A$120<>"")+($B$5:$B$120<>""))>0),ROW($A$5:$A$120)),G264+1))))*I264^2+(-(INDEX($B:$B,MAX(5,G264-2)))+3*(INDEX($B:$B,G264-1))-3*(INDEX($B:$B,G264))+(INDEX($B:$B,MIN(LOOKUP(2,1/((($A$5:$A$120<>"")+($B$5:$B$120<>""))>0),ROW($A$5:$A$120)),G264+1))))*I264^3),INDEX($B:$B,G264-1)+(INDEX($B:$B,G264)-INDEX($B:$B,G264-1))*I264))	=IF(J264="","",IF(AND(J263<>"",J265<>""),(J265-J263)/2,IF(J265<>"",J265-J264,IF(J263<>"",J264-J263,""))))	=IF(K264="","",IF(AND(K263<>"",K265<>""),(K265-K263)/2,IF(K265<>"",K265-K264,IF(K263<>"",K264-K263,""))))	=IF(L264="","",MOD(DEGREES(ATAN2(L264,M264)),360))	=IF(N264="","",N264+$S$2)	=IF(O264="","","G1 X"&TEXT(J264,"0.###")&" Y"&TEXT(K264,"0.###")&" Z"&TEXT(O264,"0.###"))					
					=ROW()-5	=IF(OR(F265="",F265<=0,F265>LOOKUP(9.99999999999999E+307,$E$5:$E$120)),"",LOOKUP(F265-1,$E$5:$E$120,ROW($E$5:$E$120))+1)	=IF(G265="","",F265-INDEX($E:$E,G265-1))	=IF(G265="","",H265/INDEX($D:$D,G265))	=IF(G265="","",IF(INDEX($C:$C,G265)="C",0.5*(2*(INDEX($A:$A,G265-1))+(-(INDEX($A:$A,MAX(5,G265-2)))+(INDEX($A:$A,G265)))*I265+(2*(INDEX($A:$A,MAX(5,G265-2)))-5*(INDEX($A:$A,G265-1))+4*(INDEX($A:$A,G265))-(INDEX($A:$A,MIN(LOOKUP(2,1/((($A$5:$A$120<>"")+($B$5:$B$120<>""))>0),ROW($A$5:$A$120)),G265+1))))*I265^2+(-(INDEX($A:$A,MAX(5,G265-2)))+3*(INDEX($A:$A,G265-1))-3*(INDEX($A:$A,G265))+(INDEX($A:$A,MIN(LOOKUP(2,1/((($A$5:$A$120<>"")+($B$5:$B$120<>""))>0),ROW($A$5:$A$120)),G265+1))))*I265^3),INDEX($A:$A,G265-1)+(INDEX($A:$A,G265)-INDEX($A:$A,G265-1))*I265))	=IF(G265="","",IF(INDEX($C:$C,G265)="C",0.5*(2*(INDEX($B:$B,G265-1))+(-(INDEX($B:$B,MAX(5,G265-2)))+(INDEX($B:$B,G265)))*I265+(2*(INDEX($B:$B,MAX(5,G265-2)))-5*(INDEX($B:$B,G265-1))+4*(INDEX($B:$B,G265))-(INDEX($B:$B,MIN(LOOKUP(2,1/((($A$5:$A$120<>"")+($B$5:$B$120<>""))>0),ROW($A$5:$A$120)),G265+1))))*I265^2+(-(INDEX($B:$B,MAX(5,G265-2)))+3*(INDEX($B:$B,G265-1))-3*(INDEX($B:$B,G265))+(INDEX($B:$B,MIN(LOOKUP(2,1/((($A$5:$A$120<>"")+($B$5:$B$120<>""))>0),ROW($A$5:$A$120)),G265+1))))*I265^3),INDEX($B:$B,G265-1)+(INDEX($B:$B,G265)-INDEX($B:$B,G265-1))*I265))	=IF(J265="","",IF(AND(J264<>"",J266<>""),(J266-J264)/2,IF(J266<>"",J266-J265,IF(J264<>"",J265-J264,""))))	=IF(K265="","",IF(AND(K264<>"",K266<>""),(K266-K264)/2,IF(K266<>"",K266-K265,IF(K264<>"",K265-K264,""))))	=IF(L265="","",MOD(DEGREES(ATAN2(L265,M265)),360))	=IF(N265="","",N265+$S$2)	=IF(O265="","","G1 X"&TEXT(J265,"0.###")&" Y"&TEXT(K265,"0.###")&" Z"&TEXT(O265,"0.###"))					
					=ROW()-5	=IF(OR(F266="",F266<=0,F266>LOOKUP(9.99999999999999E+307,$E$5:$E$120)),"",LOOKUP(F266-1,$E$5:$E$120,ROW($E$5:$E$120))+1)	=IF(G266="","",F266-INDEX($E:$E,G266-1))	=IF(G266="","",H266/INDEX($D:$D,G266))	=IF(G266="","",IF(INDEX($C:$C,G266)="C",0.5*(2*(INDEX($A:$A,G266-1))+(-(INDEX($A:$A,MAX(5,G266-2)))+(INDEX($A:$A,G266)))*I266+(2*(INDEX($A:$A,MAX(5,G266-2)))-5*(INDEX($A:$A,G266-1))+4*(INDEX($A:$A,G266))-(INDEX($A:$A,MIN(LOOKUP(2,1/((($A$5:$A$120<>"")+($B$5:$B$120<>""))>0),ROW($A$5:$A$120)),G266+1))))*I266^2+(-(INDEX($A:$A,MAX(5,G266-2)))+3*(INDEX($A:$A,G266-1))-3*(INDEX($A:$A,G266))+(INDEX($A:$A,MIN(LOOKUP(2,1/((($A$5:$A$120<>"")+($B$5:$B$120<>""))>0),ROW($A$5:$A$120)),G266+1))))*I266^3),INDEX($A:$A,G266-1)+(INDEX($A:$A,G266)-INDEX($A:$A,G266-1))*I266))	=IF(G266="","",IF(INDEX($C:$C,G266)="C",0.5*(2*(INDEX($B:$B,G266-1))+(-(INDEX($B:$B,MAX(5,G266-2)))+(INDEX($B:$B,G266)))*I266+(2*(INDEX($B:$B,MAX(5,G266-2)))-5*(INDEX($B:$B,G266-1))+4*(INDEX($B:$B,G266))-(INDEX($B:$B,MIN(LOOKUP(2,1/((($A$5:$A$120<>"")+($B$5:$B$120<>""))>0),ROW($A$5:$A$120)),G266+1))))*I266^2+(-(INDEX($B:$B,MAX(5,G266-2)))+3*(INDEX($B:$B,G266-1))-3*(INDEX($B:$B,G266))+(INDEX($B:$B,MIN(LOOKUP(2,1/((($A$5:$A$120<>"")+($B$5:$B$120<>""))>0),ROW($A$5:$A$120)),G266+1))))*I266^3),INDEX($B:$B,G266-1)+(INDEX($B:$B,G266)-INDEX($B:$B,G266-1))*I266))	=IF(J266="","",IF(AND(J265<>"",J267<>""),(J267-J265)/2,IF(J267<>"",J267-J266,IF(J265<>"",J266-J265,""))))	=IF(K266="","",IF(AND(K265<>"",K267<>""),(K267-K265)/2,IF(K267<>"",K267-K266,IF(K265<>"",K266-K265,""))))	=IF(L266="","",MOD(DEGREES(ATAN2(L266,M266)),360))	=IF(N266="","",N266+$S$2)	=IF(O266="","","G1 X"&TEXT(J266,"0.###")&" Y"&TEXT(K266,"0.###")&" Z"&TEXT(O266,"0.###"))					
					=ROW()-5	=IF(OR(F267="",F267<=0,F267>LOOKUP(9.99999999999999E+307,$E$5:$E$120)),"",LOOKUP(F267-1,$E$5:$E$120,ROW($E$5:$E$120))+1)	=IF(G267="","",F267-INDEX($E:$E,G267-1))	=IF(G267="","",H267/INDEX($D:$D,G267))	=IF(G267="","",IF(INDEX($C:$C,G267)="C",0.5*(2*(INDEX($A:$A,G267-1))+(-(INDEX($A:$A,MAX(5,G267-2)))+(INDEX($A:$A,G267)))*I267+(2*(INDEX($A:$A,MAX(5,G267-2)))-5*(INDEX($A:$A,G267-1))+4*(INDEX($A:$A,G267))-(INDEX($A:$A,MIN(LOOKUP(2,1/((($A$5:$A$120<>"")+($B$5:$B$120<>""))>0),ROW($A$5:$A$120)),G267+1))))*I267^2+(-(INDEX($A:$A,MAX(5,G267-2)))+3*(INDEX($A:$A,G267-1))-3*(INDEX($A:$A,G267))+(INDEX($A:$A,MIN(LOOKUP(2,1/((($A$5:$A$120<>"")+($B$5:$B$120<>""))>0),ROW($A$5:$A$120)),G267+1))))*I267^3),INDEX($A:$A,G267-1)+(INDEX($A:$A,G267)-INDEX($A:$A,G267-1))*I267))	=IF(G267="","",IF(INDEX($C:$C,G267)="C",0.5*(2*(INDEX($B:$B,G267-1))+(-(INDEX($B:$B,MAX(5,G267-2)))+(INDEX($B:$B,G267)))*I267+(2*(INDEX($B:$B,MAX(5,G267-2)))-5*(INDEX($B:$B,G267-1))+4*(INDEX($B:$B,G267))-(INDEX($B:$B,MIN(LOOKUP(2,1/((($A$5:$A$120<>"")+($B$5:$B$120<>""))>0),ROW($A$5:$A$120)),G267+1))))*I267^2+(-(INDEX($B:$B,MAX(5,G267-2)))+3*(INDEX($B:$B,G267-1))-3*(INDEX($B:$B,G267))+(INDEX($B:$B,MIN(LOOKUP(2,1/((($A$5:$A$120<>"")+($B$5:$B$120<>""))>0),ROW($A$5:$A$120)),G267+1))))*I267^3),INDEX($B:$B,G267-1)+(INDEX($B:$B,G267)-INDEX($B:$B,G267-1))*I267))	=IF(J267="","",IF(AND(J266<>"",J268<>""),(J268-J266)/2,IF(J268<>"",J268-J267,IF(J266<>"",J267-J266,""))))	=IF(K267="","",IF(AND(K266<>"",K268<>""),(K268-K266)/2,IF(K268<>"",K268-K267,IF(K266<>"",K267-K266,""))))	=IF(L267="","",MOD(DEGREES(ATAN2(L267,M267)),360))	=IF(N267="","",N267+$S$2)	=IF(O267="","","G1 X"&TEXT(J267,"0.###")&" Y"&TEXT(K267,"0.###")&" Z"&TEXT(O267,"0.###"))					
					=ROW()-5	=IF(OR(F268="",F268<=0,F268>LOOKUP(9.99999999999999E+307,$E$5:$E$120)),"",LOOKUP(F268-1,$E$5:$E$120,ROW($E$5:$E$120))+1)	=IF(G268="","",F268-INDEX($E:$E,G268-1))	=IF(G268="","",H268/INDEX($D:$D,G268))	=IF(G268="","",IF(INDEX($C:$C,G268)="C",0.5*(2*(INDEX($A:$A,G268-1))+(-(INDEX($A:$A,MAX(5,G268-2)))+(INDEX($A:$A,G268)))*I268+(2*(INDEX($A:$A,MAX(5,G268-2)))-5*(INDEX($A:$A,G268-1))+4*(INDEX($A:$A,G268))-(INDEX($A:$A,MIN(LOOKUP(2,1/((($A$5:$A$120<>"")+($B$5:$B$120<>""))>0),ROW($A$5:$A$120)),G268+1))))*I268^2+(-(INDEX($A:$A,MAX(5,G268-2)))+3*(INDEX($A:$A,G268-1))-3*(INDEX($A:$A,G268))+(INDEX($A:$A,MIN(LOOKUP(2,1/((($A$5:$A$120<>"")+($B$5:$B$120<>""))>0),ROW($A$5:$A$120)),G268+1))))*I268^3),INDEX($A:$A,G268-1)+(INDEX($A:$A,G268)-INDEX($A:$A,G268-1))*I268))	=IF(G268="","",IF(INDEX($C:$C,G268)="C",0.5*(2*(INDEX($B:$B,G268-1))+(-(INDEX($B:$B,MAX(5,G268-2)))+(INDEX($B:$B,G268)))*I268+(2*(INDEX($B:$B,MAX(5,G268-2)))-5*(INDEX($B:$B,G268-1))+4*(INDEX($B:$B,G268))-(INDEX($B:$B,MIN(LOOKUP(2,1/((($A$5:$A$120<>"")+($B$5:$B$120<>""))>0),ROW($A$5:$A$120)),G268+1))))*I268^2+(-(INDEX($B:$B,MAX(5,G268-2)))+3*(INDEX($B:$B,G268-1))-3*(INDEX($B:$B,G268))+(INDEX($B:$B,MIN(LOOKUP(2,1/((($A$5:$A$120<>"")+($B$5:$B$120<>""))>0),ROW($A$5:$A$120)),G268+1))))*I268^3),INDEX($B:$B,G268-1)+(INDEX($B:$B,G268)-INDEX($B:$B,G268-1))*I268))	=IF(J268="","",IF(AND(J267<>"",J269<>""),(J269-J267)/2,IF(J269<>"",J269-J268,IF(J267<>"",J268-J267,""))))	=IF(K268="","",IF(AND(K267<>"",K269<>""),(K269-K267)/2,IF(K269<>"",K269-K268,IF(K267<>"",K268-K267,""))))	=IF(L268="","",MOD(DEGREES(ATAN2(L268,M268)),360))	=IF(N268="","",N268+$S$2)	=IF(O268="","","G1 X"&TEXT(J268,"0.###")&" Y"&TEXT(K268,"0.###")&" Z"&TEXT(O268,"0.###"))					
					=ROW()-5	=IF(OR(F269="",F269<=0,F269>LOOKUP(9.99999999999999E+307,$E$5:$E$120)),"",LOOKUP(F269-1,$E$5:$E$120,ROW($E$5:$E$120))+1)	=IF(G269="","",F269-INDEX($E:$E,G269-1))	=IF(G269="","",H269/INDEX($D:$D,G269))	=IF(G269="","",IF(INDEX($C:$C,G269)="C",0.5*(2*(INDEX($A:$A,G269-1))+(-(INDEX($A:$A,MAX(5,G269-2)))+(INDEX($A:$A,G269)))*I269+(2*(INDEX($A:$A,MAX(5,G269-2)))-5*(INDEX($A:$A,G269-1))+4*(INDEX($A:$A,G269))-(INDEX($A:$A,MIN(LOOKUP(2,1/((($A$5:$A$120<>"")+($B$5:$B$120<>""))>0),ROW($A$5:$A$120)),G269+1))))*I269^2+(-(INDEX($A:$A,MAX(5,G269-2)))+3*(INDEX($A:$A,G269-1))-3*(INDEX($A:$A,G269))+(INDEX($A:$A,MIN(LOOKUP(2,1/((($A$5:$A$120<>"")+($B$5:$B$120<>""))>0),ROW($A$5:$A$120)),G269+1))))*I269^3),INDEX($A:$A,G269-1)+(INDEX($A:$A,G269)-INDEX($A:$A,G269-1))*I269))	=IF(G269="","",IF(INDEX($C:$C,G269)="C",0.5*(2*(INDEX($B:$B,G269-1))+(-(INDEX($B:$B,MAX(5,G269-2)))+(INDEX($B:$B,G269)))*I269+(2*(INDEX($B:$B,MAX(5,G269-2)))-5*(INDEX($B:$B,G269-1))+4*(INDEX($B:$B,G269))-(INDEX($B:$B,MIN(LOOKUP(2,1/((($A$5:$A$120<>"")+($B$5:$B$120<>""))>0),ROW($A$5:$A$120)),G269+1))))*I269^2+(-(INDEX($B:$B,MAX(5,G269-2)))+3*(INDEX($B:$B,G269-1))-3*(INDEX($B:$B,G269))+(INDEX($B:$B,MIN(LOOKUP(2,1/((($A$5:$A$120<>"")+($B$5:$B$120<>""))>0),ROW($A$5:$A$120)),G269+1))))*I269^3),INDEX($B:$B,G269-1)+(INDEX($B:$B,G269)-INDEX($B:$B,G269-1))*I269))	=IF(J269="","",IF(AND(J268<>"",J270<>""),(J270-J268)/2,IF(J270<>"",J270-J269,IF(J268<>"",J269-J268,""))))	=IF(K269="","",IF(AND(K268<>"",K270<>""),(K270-K268)/2,IF(K270<>"",K270-K269,IF(K268<>"",K269-K268,""))))	=IF(L269="","",MOD(DEGREES(ATAN2(L269,M269)),360))	=IF(N269="","",N269+$S$2)	=IF(O269="","","G1 X"&TEXT(J269,"0.###")&" Y"&TEXT(K269,"0.###")&" Z"&TEXT(O269,"0.###"))					
					=ROW()-5	=IF(OR(F270="",F270<=0,F270>LOOKUP(9.99999999999999E+307,$E$5:$E$120)),"",LOOKUP(F270-1,$E$5:$E$120,ROW($E$5:$E$120))+1)	=IF(G270="","",F270-INDEX($E:$E,G270-1))	=IF(G270="","",H270/INDEX($D:$D,G270))	=IF(G270="","",IF(INDEX($C:$C,G270)="C",0.5*(2*(INDEX($A:$A,G270-1))+(-(INDEX($A:$A,MAX(5,G270-2)))+(INDEX($A:$A,G270)))*I270+(2*(INDEX($A:$A,MAX(5,G270-2)))-5*(INDEX($A:$A,G270-1))+4*(INDEX($A:$A,G270))-(INDEX($A:$A,MIN(LOOKUP(2,1/((($A$5:$A$120<>"")+($B$5:$B$120<>""))>0),ROW($A$5:$A$120)),G270+1))))*I270^2+(-(INDEX($A:$A,MAX(5,G270-2)))+3*(INDEX($A:$A,G270-1))-3*(INDEX($A:$A,G270))+(INDEX($A:$A,MIN(LOOKUP(2,1/((($A$5:$A$120<>"")+($B$5:$B$120<>""))>0),ROW($A$5:$A$120)),G270+1))))*I270^3),INDEX($A:$A,G270-1)+(INDEX($A:$A,G270)-INDEX($A:$A,G270-1))*I270))	=IF(G270="","",IF(INDEX($C:$C,G270)="C",0.5*(2*(INDEX($B:$B,G270-1))+(-(INDEX($B:$B,MAX(5,G270-2)))+(INDEX($B:$B,G270)))*I270+(2*(INDEX($B:$B,MAX(5,G270-2)))-5*(INDEX($B:$B,G270-1))+4*(INDEX($B:$B,G270))-(INDEX($B:$B,MIN(LOOKUP(2,1/((($A$5:$A$120<>"")+($B$5:$B$120<>""))>0),ROW($A$5:$A$120)),G270+1))))*I270^2+(-(INDEX($B:$B,MAX(5,G270-2)))+3*(INDEX($B:$B,G270-1))-3*(INDEX($B:$B,G270))+(INDEX($B:$B,MIN(LOOKUP(2,1/((($A$5:$A$120<>"")+($B$5:$B$120<>""))>0),ROW($A$5:$A$120)),G270+1))))*I270^3),INDEX($B:$B,G270-1)+(INDEX($B:$B,G270)-INDEX($B:$B,G270-1))*I270))	=IF(J270="","",IF(AND(J269<>"",J271<>""),(J271-J269)/2,IF(J271<>"",J271-J270,IF(J269<>"",J270-J269,""))))	=IF(K270="","",IF(AND(K269<>"",K271<>""),(K271-K269)/2,IF(K271<>"",K271-K270,IF(K269<>"",K270-K269,""))))	=IF(L270="","",MOD(DEGREES(ATAN2(L270,M270)),360))	=IF(N270="","",N270+$S$2)	=IF(O270="","","G1 X"&TEXT(J270,"0.###")&" Y"&TEXT(K270,"0.###")&" Z"&TEXT(O270,"0.###"))					
					=ROW()-5	=IF(OR(F271="",F271<=0,F271>LOOKUP(9.99999999999999E+307,$E$5:$E$120)),"",LOOKUP(F271-1,$E$5:$E$120,ROW($E$5:$E$120))+1)	=IF(G271="","",F271-INDEX($E:$E,G271-1))	=IF(G271="","",H271/INDEX($D:$D,G271))	=IF(G271="","",IF(INDEX($C:$C,G271)="C",0.5*(2*(INDEX($A:$A,G271-1))+(-(INDEX($A:$A,MAX(5,G271-2)))+(INDEX($A:$A,G271)))*I271+(2*(INDEX($A:$A,MAX(5,G271-2)))-5*(INDEX($A:$A,G271-1))+4*(INDEX($A:$A,G271))-(INDEX($A:$A,MIN(LOOKUP(2,1/((($A$5:$A$120<>"")+($B$5:$B$120<>""))>0),ROW($A$5:$A$120)),G271+1))))*I271^2+(-(INDEX($A:$A,MAX(5,G271-2)))+3*(INDEX($A:$A,G271-1))-3*(INDEX($A:$A,G271))+(INDEX($A:$A,MIN(LOOKUP(2,1/((($A$5:$A$120<>"")+($B$5:$B$120<>""))>0),ROW($A$5:$A$120)),G271+1))))*I271^3),INDEX($A:$A,G271-1)+(INDEX($A:$A,G271)-INDEX($A:$A,G271-1))*I271))	=IF(G271="","",IF(INDEX($C:$C,G271)="C",0.5*(2*(INDEX($B:$B,G271-1))+(-(INDEX($B:$B,MAX(5,G271-2)))+(INDEX($B:$B,G271)))*I271+(2*(INDEX($B:$B,MAX(5,G271-2)))-5*(INDEX($B:$B,G271-1))+4*(INDEX($B:$B,G271))-(INDEX($B:$B,MIN(LOOKUP(2,1/((($A$5:$A$120<>"")+($B$5:$B$120<>""))>0),ROW($A$5:$A$120)),G271+1))))*I271^2+(-(INDEX($B:$B,MAX(5,G271-2)))+3*(INDEX($B:$B,G271-1))-3*(INDEX($B:$B,G271))+(INDEX($B:$B,MIN(LOOKUP(2,1/((($A$5:$A$120<>"")+($B$5:$B$120<>""))>0),ROW($A$5:$A$120)),G271+1))))*I271^3),INDEX($B:$B,G271-1)+(INDEX($B:$B,G271)-INDEX($B:$B,G271-1))*I271))	=IF(J271="","",IF(AND(J270<>"",J272<>""),(J272-J270)/2,IF(J272<>"",J272-J271,IF(J270<>"",J271-J270,""))))	=IF(K271="","",IF(AND(K270<>"",K272<>""),(K272-K270)/2,IF(K272<>"",K272-K271,IF(K270<>"",K271-K270,""))))	=IF(L271="","",MOD(DEGREES(ATAN2(L271,M271)),360))	=IF(N271="","",N271+$S$2)	=IF(O271="","","G1 X"&TEXT(J271,"0.###")&" Y"&TEXT(K271,"0.###")&" Z"&TEXT(O271,"0.###"))					
					=ROW()-5	=IF(OR(F272="",F272<=0,F272>LOOKUP(9.99999999999999E+307,$E$5:$E$120)),"",LOOKUP(F272-1,$E$5:$E$120,ROW($E$5:$E$120))+1)	=IF(G272="","",F272-INDEX($E:$E,G272-1))	=IF(G272="","",H272/INDEX($D:$D,G272))	=IF(G272="","",IF(INDEX($C:$C,G272)="C",0.5*(2*(INDEX($A:$A,G272-1))+(-(INDEX($A:$A,MAX(5,G272-2)))+(INDEX($A:$A,G272)))*I272+(2*(INDEX($A:$A,MAX(5,G272-2)))-5*(INDEX($A:$A,G272-1))+4*(INDEX($A:$A,G272))-(INDEX($A:$A,MIN(LOOKUP(2,1/((($A$5:$A$120<>"")+($B$5:$B$120<>""))>0),ROW($A$5:$A$120)),G272+1))))*I272^2+(-(INDEX($A:$A,MAX(5,G272-2)))+3*(INDEX($A:$A,G272-1))-3*(INDEX($A:$A,G272))+(INDEX($A:$A,MIN(LOOKUP(2,1/((($A$5:$A$120<>"")+($B$5:$B$120<>""))>0),ROW($A$5:$A$120)),G272+1))))*I272^3),INDEX($A:$A,G272-1)+(INDEX($A:$A,G272)-INDEX($A:$A,G272-1))*I272))	=IF(G272="","",IF(INDEX($C:$C,G272)="C",0.5*(2*(INDEX($B:$B,G272-1))+(-(INDEX($B:$B,MAX(5,G272-2)))+(INDEX($B:$B,G272)))*I272+(2*(INDEX($B:$B,MAX(5,G272-2)))-5*(INDEX($B:$B,G272-1))+4*(INDEX($B:$B,G272))-(INDEX($B:$B,MIN(LOOKUP(2,1/((($A$5:$A$120<>"")+($B$5:$B$120<>""))>0),ROW($A$5:$A$120)),G272+1))))*I272^2+(-(INDEX($B:$B,MAX(5,G272-2)))+3*(INDEX($B:$B,G272-1))-3*(INDEX($B:$B,G272))+(INDEX($B:$B,MIN(LOOKUP(2,1/((($A$5:$A$120<>"")+($B$5:$B$120<>""))>0),ROW($A$5:$A$120)),G272+1))))*I272^3),INDEX($B:$B,G272-1)+(INDEX($B:$B,G272)-INDEX($B:$B,G272-1))*I272))	=IF(J272="","",IF(AND(J271<>"",J273<>""),(J273-J271)/2,IF(J273<>"",J273-J272,IF(J271<>"",J272-J271,""))))	=IF(K272="","",IF(AND(K271<>"",K273<>""),(K273-K271)/2,IF(K273<>"",K273-K272,IF(K271<>"",K272-K271,""))))	=IF(L272="","",MOD(DEGREES(ATAN2(L272,M272)),360))	=IF(N272="","",N272+$S$2)	=IF(O272="","","G1 X"&TEXT(J272,"0.###")&" Y"&TEXT(K272,"0.###")&" Z"&TEXT(O272,"0.###"))					
					=ROW()-5	=IF(OR(F273="",F273<=0,F273>LOOKUP(9.99999999999999E+307,$E$5:$E$120)),"",LOOKUP(F273-1,$E$5:$E$120,ROW($E$5:$E$120))+1)	=IF(G273="","",F273-INDEX($E:$E,G273-1))	=IF(G273="","",H273/INDEX($D:$D,G273))	=IF(G273="","",IF(INDEX($C:$C,G273)="C",0.5*(2*(INDEX($A:$A,G273-1))+(-(INDEX($A:$A,MAX(5,G273-2)))+(INDEX($A:$A,G273)))*I273+(2*(INDEX($A:$A,MAX(5,G273-2)))-5*(INDEX($A:$A,G273-1))+4*(INDEX($A:$A,G273))-(INDEX($A:$A,MIN(LOOKUP(2,1/((($A$5:$A$120<>"")+($B$5:$B$120<>""))>0),ROW($A$5:$A$120)),G273+1))))*I273^2+(-(INDEX($A:$A,MAX(5,G273-2)))+3*(INDEX($A:$A,G273-1))-3*(INDEX($A:$A,G273))+(INDEX($A:$A,MIN(LOOKUP(2,1/((($A$5:$A$120<>"")+($B$5:$B$120<>""))>0),ROW($A$5:$A$120)),G273+1))))*I273^3),INDEX($A:$A,G273-1)+(INDEX($A:$A,G273)-INDEX($A:$A,G273-1))*I273))	=IF(G273="","",IF(INDEX($C:$C,G273)="C",0.5*(2*(INDEX($B:$B,G273-1))+(-(INDEX($B:$B,MAX(5,G273-2)))+(INDEX($B:$B,G273)))*I273+(2*(INDEX($B:$B,MAX(5,G273-2)))-5*(INDEX($B:$B,G273-1))+4*(INDEX($B:$B,G273))-(INDEX($B:$B,MIN(LOOKUP(2,1/((($A$5:$A$120<>"")+($B$5:$B$120<>""))>0),ROW($A$5:$A$120)),G273+1))))*I273^2+(-(INDEX($B:$B,MAX(5,G273-2)))+3*(INDEX($B:$B,G273-1))-3*(INDEX($B:$B,G273))+(INDEX($B:$B,MIN(LOOKUP(2,1/((($A$5:$A$120<>"")+($B$5:$B$120<>""))>0),ROW($A$5:$A$120)),G273+1))))*I273^3),INDEX($B:$B,G273-1)+(INDEX($B:$B,G273)-INDEX($B:$B,G273-1))*I273))	=IF(J273="","",IF(AND(J272<>"",J274<>""),(J274-J272)/2,IF(J274<>"",J274-J273,IF(J272<>"",J273-J272,""))))	=IF(K273="","",IF(AND(K272<>"",K274<>""),(K274-K272)/2,IF(K274<>"",K274-K273,IF(K272<>"",K273-K272,""))))	=IF(L273="","",MOD(DEGREES(ATAN2(L273,M273)),360))	=IF(N273="","",N273+$S$2)	=IF(O273="","","G1 X"&TEXT(J273,"0.###")&" Y"&TEXT(K273,"0.###")&" Z"&TEXT(O273,"0.###"))					
					=ROW()-5	=IF(OR(F274="",F274<=0,F274>LOOKUP(9.99999999999999E+307,$E$5:$E$120)),"",LOOKUP(F274-1,$E$5:$E$120,ROW($E$5:$E$120))+1)	=IF(G274="","",F274-INDEX($E:$E,G274-1))	=IF(G274="","",H274/INDEX($D:$D,G274))	=IF(G274="","",IF(INDEX($C:$C,G274)="C",0.5*(2*(INDEX($A:$A,G274-1))+(-(INDEX($A:$A,MAX(5,G274-2)))+(INDEX($A:$A,G274)))*I274+(2*(INDEX($A:$A,MAX(5,G274-2)))-5*(INDEX($A:$A,G274-1))+4*(INDEX($A:$A,G274))-(INDEX($A:$A,MIN(LOOKUP(2,1/((($A$5:$A$120<>"")+($B$5:$B$120<>""))>0),ROW($A$5:$A$120)),G274+1))))*I274^2+(-(INDEX($A:$A,MAX(5,G274-2)))+3*(INDEX($A:$A,G274-1))-3*(INDEX($A:$A,G274))+(INDEX($A:$A,MIN(LOOKUP(2,1/((($A$5:$A$120<>"")+($B$5:$B$120<>""))>0),ROW($A$5:$A$120)),G274+1))))*I274^3),INDEX($A:$A,G274-1)+(INDEX($A:$A,G274)-INDEX($A:$A,G274-1))*I274))	=IF(G274="","",IF(INDEX($C:$C,G274)="C",0.5*(2*(INDEX($B:$B,G274-1))+(-(INDEX($B:$B,MAX(5,G274-2)))+(INDEX($B:$B,G274)))*I274+(2*(INDEX($B:$B,MAX(5,G274-2)))-5*(INDEX($B:$B,G274-1))+4*(INDEX($B:$B,G274))-(INDEX($B:$B,MIN(LOOKUP(2,1/((($A$5:$A$120<>"")+($B$5:$B$120<>""))>0),ROW($A$5:$A$120)),G274+1))))*I274^2+(-(INDEX($B:$B,MAX(5,G274-2)))+3*(INDEX($B:$B,G274-1))-3*(INDEX($B:$B,G274))+(INDEX($B:$B,MIN(LOOKUP(2,1/((($A$5:$A$120<>"")+($B$5:$B$120<>""))>0),ROW($A$5:$A$120)),G274+1))))*I274^3),INDEX($B:$B,G274-1)+(INDEX($B:$B,G274)-INDEX($B:$B,G274-1))*I274))	=IF(J274="","",IF(AND(J273<>"",J275<>""),(J275-J273)/2,IF(J275<>"",J275-J274,IF(J273<>"",J274-J273,""))))	=IF(K274="","",IF(AND(K273<>"",K275<>""),(K275-K273)/2,IF(K275<>"",K275-K274,IF(K273<>"",K274-K273,""))))	=IF(L274="","",MOD(DEGREES(ATAN2(L274,M274)),360))	=IF(N274="","",N274+$S$2)	=IF(O274="","","G1 X"&TEXT(J274,"0.###")&" Y"&TEXT(K274,"0.###")&" Z"&TEXT(O274,"0.###"))					
					=ROW()-5	=IF(OR(F275="",F275<=0,F275>LOOKUP(9.99999999999999E+307,$E$5:$E$120)),"",LOOKUP(F275-1,$E$5:$E$120,ROW($E$5:$E$120))+1)	=IF(G275="","",F275-INDEX($E:$E,G275-1))	=IF(G275="","",H275/INDEX($D:$D,G275))	=IF(G275="","",IF(INDEX($C:$C,G275)="C",0.5*(2*(INDEX($A:$A,G275-1))+(-(INDEX($A:$A,MAX(5,G275-2)))+(INDEX($A:$A,G275)))*I275+(2*(INDEX($A:$A,MAX(5,G275-2)))-5*(INDEX($A:$A,G275-1))+4*(INDEX($A:$A,G275))-(INDEX($A:$A,MIN(LOOKUP(2,1/((($A$5:$A$120<>"")+($B$5:$B$120<>""))>0),ROW($A$5:$A$120)),G275+1))))*I275^2+(-(INDEX($A:$A,MAX(5,G275-2)))+3*(INDEX($A:$A,G275-1))-3*(INDEX($A:$A,G275))+(INDEX($A:$A,MIN(LOOKUP(2,1/((($A$5:$A$120<>"")+($B$5:$B$120<>""))>0),ROW($A$5:$A$120)),G275+1))))*I275^3),INDEX($A:$A,G275-1)+(INDEX($A:$A,G275)-INDEX($A:$A,G275-1))*I275))	=IF(G275="","",IF(INDEX($C:$C,G275)="C",0.5*(2*(INDEX($B:$B,G275-1))+(-(INDEX($B:$B,MAX(5,G275-2)))+(INDEX($B:$B,G275)))*I275+(2*(INDEX($B:$B,MAX(5,G275-2)))-5*(INDEX($B:$B,G275-1))+4*(INDEX($B:$B,G275))-(INDEX($B:$B,MIN(LOOKUP(2,1/((($A$5:$A$120<>"")+($B$5:$B$120<>""))>0),ROW($A$5:$A$120)),G275+1))))*I275^2+(-(INDEX($B:$B,MAX(5,G275-2)))+3*(INDEX($B:$B,G275-1))-3*(INDEX($B:$B,G275))+(INDEX($B:$B,MIN(LOOKUP(2,1/((($A$5:$A$120<>"")+($B$5:$B$120<>""))>0),ROW($A$5:$A$120)),G275+1))))*I275^3),INDEX($B:$B,G275-1)+(INDEX($B:$B,G275)-INDEX($B:$B,G275-1))*I275))	=IF(J275="","",IF(AND(J274<>"",J276<>""),(J276-J274)/2,IF(J276<>"",J276-J275,IF(J274<>"",J275-J274,""))))	=IF(K275="","",IF(AND(K274<>"",K276<>""),(K276-K274)/2,IF(K276<>"",K276-K275,IF(K274<>"",K275-K274,""))))	=IF(L275="","",MOD(DEGREES(ATAN2(L275,M275)),360))	=IF(N275="","",N275+$S$2)	=IF(O275="","","G1 X"&TEXT(J275,"0.###")&" Y"&TEXT(K275,"0.###")&" Z"&TEXT(O275,"0.###"))					
					=ROW()-5	=IF(OR(F276="",F276<=0,F276>LOOKUP(9.99999999999999E+307,$E$5:$E$120)),"",LOOKUP(F276-1,$E$5:$E$120,ROW($E$5:$E$120))+1)	=IF(G276="","",F276-INDEX($E:$E,G276-1))	=IF(G276="","",H276/INDEX($D:$D,G276))	=IF(G276="","",IF(INDEX($C:$C,G276)="C",0.5*(2*(INDEX($A:$A,G276-1))+(-(INDEX($A:$A,MAX(5,G276-2)))+(INDEX($A:$A,G276)))*I276+(2*(INDEX($A:$A,MAX(5,G276-2)))-5*(INDEX($A:$A,G276-1))+4*(INDEX($A:$A,G276))-(INDEX($A:$A,MIN(LOOKUP(2,1/((($A$5:$A$120<>"")+($B$5:$B$120<>""))>0),ROW($A$5:$A$120)),G276+1))))*I276^2+(-(INDEX($A:$A,MAX(5,G276-2)))+3*(INDEX($A:$A,G276-1))-3*(INDEX($A:$A,G276))+(INDEX($A:$A,MIN(LOOKUP(2,1/((($A$5:$A$120<>"")+($B$5:$B$120<>""))>0),ROW($A$5:$A$120)),G276+1))))*I276^3),INDEX($A:$A,G276-1)+(INDEX($A:$A,G276)-INDEX($A:$A,G276-1))*I276))	=IF(G276="","",IF(INDEX($C:$C,G276)="C",0.5*(2*(INDEX($B:$B,G276-1))+(-(INDEX($B:$B,MAX(5,G276-2)))+(INDEX($B:$B,G276)))*I276+(2*(INDEX($B:$B,MAX(5,G276-2)))-5*(INDEX($B:$B,G276-1))+4*(INDEX($B:$B,G276))-(INDEX($B:$B,MIN(LOOKUP(2,1/((($A$5:$A$120<>"")+($B$5:$B$120<>""))>0),ROW($A$5:$A$120)),G276+1))))*I276^2+(-(INDEX($B:$B,MAX(5,G276-2)))+3*(INDEX($B:$B,G276-1))-3*(INDEX($B:$B,G276))+(INDEX($B:$B,MIN(LOOKUP(2,1/((($A$5:$A$120<>"")+($B$5:$B$120<>""))>0),ROW($A$5:$A$120)),G276+1))))*I276^3),INDEX($B:$B,G276-1)+(INDEX($B:$B,G276)-INDEX($B:$B,G276-1))*I276))	=IF(J276="","",IF(AND(J275<>"",J277<>""),(J277-J275)/2,IF(J277<>"",J277-J276,IF(J275<>"",J276-J275,""))))	=IF(K276="","",IF(AND(K275<>"",K277<>""),(K277-K275)/2,IF(K277<>"",K277-K276,IF(K275<>"",K276-K275,""))))	=IF(L276="","",MOD(DEGREES(ATAN2(L276,M276)),360))	=IF(N276="","",N276+$S$2)	=IF(O276="","","G1 X"&TEXT(J276,"0.###")&" Y"&TEXT(K276,"0.###")&" Z"&TEXT(O276,"0.###"))					
					=ROW()-5	=IF(OR(F277="",F277<=0,F277>LOOKUP(9.99999999999999E+307,$E$5:$E$120)),"",LOOKUP(F277-1,$E$5:$E$120,ROW($E$5:$E$120))+1)	=IF(G277="","",F277-INDEX($E:$E,G277-1))	=IF(G277="","",H277/INDEX($D:$D,G277))	=IF(G277="","",IF(INDEX($C:$C,G277)="C",0.5*(2*(INDEX($A:$A,G277-1))+(-(INDEX($A:$A,MAX(5,G277-2)))+(INDEX($A:$A,G277)))*I277+(2*(INDEX($A:$A,MAX(5,G277-2)))-5*(INDEX($A:$A,G277-1))+4*(INDEX($A:$A,G277))-(INDEX($A:$A,MIN(LOOKUP(2,1/((($A$5:$A$120<>"")+($B$5:$B$120<>""))>0),ROW($A$5:$A$120)),G277+1))))*I277^2+(-(INDEX($A:$A,MAX(5,G277-2)))+3*(INDEX($A:$A,G277-1))-3*(INDEX($A:$A,G277))+(INDEX($A:$A,MIN(LOOKUP(2,1/((($A$5:$A$120<>"")+($B$5:$B$120<>""))>0),ROW($A$5:$A$120)),G277+1))))*I277^3),INDEX($A:$A,G277-1)+(INDEX($A:$A,G277)-INDEX($A:$A,G277-1))*I277))	=IF(G277="","",IF(INDEX($C:$C,G277)="C",0.5*(2*(INDEX($B:$B,G277-1))+(-(INDEX($B:$B,MAX(5,G277-2)))+(INDEX($B:$B,G277)))*I277+(2*(INDEX($B:$B,MAX(5,G277-2)))-5*(INDEX($B:$B,G277-1))+4*(INDEX($B:$B,G277))-(INDEX($B:$B,MIN(LOOKUP(2,1/((($A$5:$A$120<>"")+($B$5:$B$120<>""))>0),ROW($A$5:$A$120)),G277+1))))*I277^2+(-(INDEX($B:$B,MAX(5,G277-2)))+3*(INDEX($B:$B,G277-1))-3*(INDEX($B:$B,G277))+(INDEX($B:$B,MIN(LOOKUP(2,1/((($A$5:$A$120<>"")+($B$5:$B$120<>""))>0),ROW($A$5:$A$120)),G277+1))))*I277^3),INDEX($B:$B,G277-1)+(INDEX($B:$B,G277)-INDEX($B:$B,G277-1))*I277))	=IF(J277="","",IF(AND(J276<>"",J278<>""),(J278-J276)/2,IF(J278<>"",J278-J277,IF(J276<>"",J277-J276,""))))	=IF(K277="","",IF(AND(K276<>"",K278<>""),(K278-K276)/2,IF(K278<>"",K278-K277,IF(K276<>"",K277-K276,""))))	=IF(L277="","",MOD(DEGREES(ATAN2(L277,M277)),360))	=IF(N277="","",N277+$S$2)	=IF(O277="","","G1 X"&TEXT(J277,"0.###")&" Y"&TEXT(K277,"0.###")&" Z"&TEXT(O277,"0.###"))					
					=ROW()-5	=IF(OR(F278="",F278<=0,F278>LOOKUP(9.99999999999999E+307,$E$5:$E$120)),"",LOOKUP(F278-1,$E$5:$E$120,ROW($E$5:$E$120))+1)	=IF(G278="","",F278-INDEX($E:$E,G278-1))	=IF(G278="","",H278/INDEX($D:$D,G278))	=IF(G278="","",IF(INDEX($C:$C,G278)="C",0.5*(2*(INDEX($A:$A,G278-1))+(-(INDEX($A:$A,MAX(5,G278-2)))+(INDEX($A:$A,G278)))*I278+(2*(INDEX($A:$A,MAX(5,G278-2)))-5*(INDEX($A:$A,G278-1))+4*(INDEX($A:$A,G278))-(INDEX($A:$A,MIN(LOOKUP(2,1/((($A$5:$A$120<>"")+($B$5:$B$120<>""))>0),ROW($A$5:$A$120)),G278+1))))*I278^2+(-(INDEX($A:$A,MAX(5,G278-2)))+3*(INDEX($A:$A,G278-1))-3*(INDEX($A:$A,G278))+(INDEX($A:$A,MIN(LOOKUP(2,1/((($A$5:$A$120<>"")+($B$5:$B$120<>""))>0),ROW($A$5:$A$120)),G278+1))))*I278^3),INDEX($A:$A,G278-1)+(INDEX($A:$A,G278)-INDEX($A:$A,G278-1))*I278))	=IF(G278="","",IF(INDEX($C:$C,G278)="C",0.5*(2*(INDEX($B:$B,G278-1))+(-(INDEX($B:$B,MAX(5,G278-2)))+(INDEX($B:$B,G278)))*I278+(2*(INDEX($B:$B,MAX(5,G278-2)))-5*(INDEX($B:$B,G278-1))+4*(INDEX($B:$B,G278))-(INDEX($B:$B,MIN(LOOKUP(2,1/((($A$5:$A$120<>"")+($B$5:$B$120<>""))>0),ROW($A$5:$A$120)),G278+1))))*I278^2+(-(INDEX($B:$B,MAX(5,G278-2)))+3*(INDEX($B:$B,G278-1))-3*(INDEX($B:$B,G278))+(INDEX($B:$B,MIN(LOOKUP(2,1/((($A$5:$A$120<>"")+($B$5:$B$120<>""))>0),ROW($A$5:$A$120)),G278+1))))*I278^3),INDEX($B:$B,G278-1)+(INDEX($B:$B,G278)-INDEX($B:$B,G278-1))*I278))	=IF(J278="","",IF(AND(J277<>"",J279<>""),(J279-J277)/2,IF(J279<>"",J279-J278,IF(J277<>"",J278-J277,""))))	=IF(K278="","",IF(AND(K277<>"",K279<>""),(K279-K277)/2,IF(K279<>"",K279-K278,IF(K277<>"",K278-K277,""))))	=IF(L278="","",MOD(DEGREES(ATAN2(L278,M278)),360))	=IF(N278="","",N278+$S$2)	=IF(O278="","","G1 X"&TEXT(J278,"0.###")&" Y"&TEXT(K278,"0.###")&" Z"&TEXT(O278,"0.###"))					
					=ROW()-5	=IF(OR(F279="",F279<=0,F279>LOOKUP(9.99999999999999E+307,$E$5:$E$120)),"",LOOKUP(F279-1,$E$5:$E$120,ROW($E$5:$E$120))+1)	=IF(G279="","",F279-INDEX($E:$E,G279-1))	=IF(G279="","",H279/INDEX($D:$D,G279))	=IF(G279="","",IF(INDEX($C:$C,G279)="C",0.5*(2*(INDEX($A:$A,G279-1))+(-(INDEX($A:$A,MAX(5,G279-2)))+(INDEX($A:$A,G279)))*I279+(2*(INDEX($A:$A,MAX(5,G279-2)))-5*(INDEX($A:$A,G279-1))+4*(INDEX($A:$A,G279))-(INDEX($A:$A,MIN(LOOKUP(2,1/((($A$5:$A$120<>"")+($B$5:$B$120<>""))>0),ROW($A$5:$A$120)),G279+1))))*I279^2+(-(INDEX($A:$A,MAX(5,G279-2)))+3*(INDEX($A:$A,G279-1))-3*(INDEX($A:$A,G279))+(INDEX($A:$A,MIN(LOOKUP(2,1/((($A$5:$A$120<>"")+($B$5:$B$120<>""))>0),ROW($A$5:$A$120)),G279+1))))*I279^3),INDEX($A:$A,G279-1)+(INDEX($A:$A,G279)-INDEX($A:$A,G279-1))*I279))	=IF(G279="","",IF(INDEX($C:$C,G279)="C",0.5*(2*(INDEX($B:$B,G279-1))+(-(INDEX($B:$B,MAX(5,G279-2)))+(INDEX($B:$B,G279)))*I279+(2*(INDEX($B:$B,MAX(5,G279-2)))-5*(INDEX($B:$B,G279-1))+4*(INDEX($B:$B,G279))-(INDEX($B:$B,MIN(LOOKUP(2,1/((($A$5:$A$120<>"")+($B$5:$B$120<>""))>0),ROW($A$5:$A$120)),G279+1))))*I279^2+(-(INDEX($B:$B,MAX(5,G279-2)))+3*(INDEX($B:$B,G279-1))-3*(INDEX($B:$B,G279))+(INDEX($B:$B,MIN(LOOKUP(2,1/((($A$5:$A$120<>"")+($B$5:$B$120<>""))>0),ROW($A$5:$A$120)),G279+1))))*I279^3),INDEX($B:$B,G279-1)+(INDEX($B:$B,G279)-INDEX($B:$B,G279-1))*I279))	=IF(J279="","",IF(AND(J278<>"",J280<>""),(J280-J278)/2,IF(J280<>"",J280-J279,IF(J278<>"",J279-J278,""))))	=IF(K279="","",IF(AND(K278<>"",K280<>""),(K280-K278)/2,IF(K280<>"",K280-K279,IF(K278<>"",K279-K278,""))))	=IF(L279="","",MOD(DEGREES(ATAN2(L279,M279)),360))	=IF(N279="","",N279+$S$2)	=IF(O279="","","G1 X"&TEXT(J279,"0.###")&" Y"&TEXT(K279,"0.###")&" Z"&TEXT(O279,"0.###"))					
					=ROW()-5	=IF(OR(F280="",F280<=0,F280>LOOKUP(9.99999999999999E+307,$E$5:$E$120)),"",LOOKUP(F280-1,$E$5:$E$120,ROW($E$5:$E$120))+1)	=IF(G280="","",F280-INDEX($E:$E,G280-1))	=IF(G280="","",H280/INDEX($D:$D,G280))	=IF(G280="","",IF(INDEX($C:$C,G280)="C",0.5*(2*(INDEX($A:$A,G280-1))+(-(INDEX($A:$A,MAX(5,G280-2)))+(INDEX($A:$A,G280)))*I280+(2*(INDEX($A:$A,MAX(5,G280-2)))-5*(INDEX($A:$A,G280-1))+4*(INDEX($A:$A,G280))-(INDEX($A:$A,MIN(LOOKUP(2,1/((($A$5:$A$120<>"")+($B$5:$B$120<>""))>0),ROW($A$5:$A$120)),G280+1))))*I280^2+(-(INDEX($A:$A,MAX(5,G280-2)))+3*(INDEX($A:$A,G280-1))-3*(INDEX($A:$A,G280))+(INDEX($A:$A,MIN(LOOKUP(2,1/((($A$5:$A$120<>"")+($B$5:$B$120<>""))>0),ROW($A$5:$A$120)),G280+1))))*I280^3),INDEX($A:$A,G280-1)+(INDEX($A:$A,G280)-INDEX($A:$A,G280-1))*I280))	=IF(G280="","",IF(INDEX($C:$C,G280)="C",0.5*(2*(INDEX($B:$B,G280-1))+(-(INDEX($B:$B,MAX(5,G280-2)))+(INDEX($B:$B,G280)))*I280+(2*(INDEX($B:$B,MAX(5,G280-2)))-5*(INDEX($B:$B,G280-1))+4*(INDEX($B:$B,G280))-(INDEX($B:$B,MIN(LOOKUP(2,1/((($A$5:$A$120<>"")+($B$5:$B$120<>""))>0),ROW($A$5:$A$120)),G280+1))))*I280^2+(-(INDEX($B:$B,MAX(5,G280-2)))+3*(INDEX($B:$B,G280-1))-3*(INDEX($B:$B,G280))+(INDEX($B:$B,MIN(LOOKUP(2,1/((($A$5:$A$120<>"")+($B$5:$B$120<>""))>0),ROW($A$5:$A$120)),G280+1))))*I280^3),INDEX($B:$B,G280-1)+(INDEX($B:$B,G280)-INDEX($B:$B,G280-1))*I280))	=IF(J280="","",IF(AND(J279<>"",J281<>""),(J281-J279)/2,IF(J281<>"",J281-J280,IF(J279<>"",J280-J279,""))))	=IF(K280="","",IF(AND(K279<>"",K281<>""),(K281-K279)/2,IF(K281<>"",K281-K280,IF(K279<>"",K280-K279,""))))	=IF(L280="","",MOD(DEGREES(ATAN2(L280,M280)),360))	=IF(N280="","",N280+$S$2)	=IF(O280="","","G1 X"&TEXT(J280,"0.###")&" Y"&TEXT(K280,"0.###")&" Z"&TEXT(O280,"0.###"))					
					=ROW()-5	=IF(OR(F281="",F281<=0,F281>LOOKUP(9.99999999999999E+307,$E$5:$E$120)),"",LOOKUP(F281-1,$E$5:$E$120,ROW($E$5:$E$120))+1)	=IF(G281="","",F281-INDEX($E:$E,G281-1))	=IF(G281="","",H281/INDEX($D:$D,G281))	=IF(G281="","",IF(INDEX($C:$C,G281)="C",0.5*(2*(INDEX($A:$A,G281-1))+(-(INDEX($A:$A,MAX(5,G281-2)))+(INDEX($A:$A,G281)))*I281+(2*(INDEX($A:$A,MAX(5,G281-2)))-5*(INDEX($A:$A,G281-1))+4*(INDEX($A:$A,G281))-(INDEX($A:$A,MIN(LOOKUP(2,1/((($A$5:$A$120<>"")+($B$5:$B$120<>""))>0),ROW($A$5:$A$120)),G281+1))))*I281^2+(-(INDEX($A:$A,MAX(5,G281-2)))+3*(INDEX($A:$A,G281-1))-3*(INDEX($A:$A,G281))+(INDEX($A:$A,MIN(LOOKUP(2,1/((($A$5:$A$120<>"")+($B$5:$B$120<>""))>0),ROW($A$5:$A$120)),G281+1))))*I281^3),INDEX($A:$A,G281-1)+(INDEX($A:$A,G281)-INDEX($A:$A,G281-1))*I281))	=IF(G281="","",IF(INDEX($C:$C,G281)="C",0.5*(2*(INDEX($B:$B,G281-1))+(-(INDEX($B:$B,MAX(5,G281-2)))+(INDEX($B:$B,G281)))*I281+(2*(INDEX($B:$B,MAX(5,G281-2)))-5*(INDEX($B:$B,G281-1))+4*(INDEX($B:$B,G281))-(INDEX($B:$B,MIN(LOOKUP(2,1/((($A$5:$A$120<>"")+($B$5:$B$120<>""))>0),ROW($A$5:$A$120)),G281+1))))*I281^2+(-(INDEX($B:$B,MAX(5,G281-2)))+3*(INDEX($B:$B,G281-1))-3*(INDEX($B:$B,G281))+(INDEX($B:$B,MIN(LOOKUP(2,1/((($A$5:$A$120<>"")+($B$5:$B$120<>""))>0),ROW($A$5:$A$120)),G281+1))))*I281^3),INDEX($B:$B,G281-1)+(INDEX($B:$B,G281)-INDEX($B:$B,G281-1))*I281))	=IF(J281="","",IF(AND(J280<>"",J282<>""),(J282-J280)/2,IF(J282<>"",J282-J281,IF(J280<>"",J281-J280,""))))	=IF(K281="","",IF(AND(K280<>"",K282<>""),(K282-K280)/2,IF(K282<>"",K282-K281,IF(K280<>"",K281-K280,""))))	=IF(L281="","",MOD(DEGREES(ATAN2(L281,M281)),360))	=IF(N281="","",N281+$S$2)	=IF(O281="","","G1 X"&TEXT(J281,"0.###")&" Y"&TEXT(K281,"0.###")&" Z"&TEXT(O281,"0.###"))					
					=ROW()-5	=IF(OR(F282="",F282<=0,F282>LOOKUP(9.99999999999999E+307,$E$5:$E$120)),"",LOOKUP(F282-1,$E$5:$E$120,ROW($E$5:$E$120))+1)	=IF(G282="","",F282-INDEX($E:$E,G282-1))	=IF(G282="","",H282/INDEX($D:$D,G282))	=IF(G282="","",IF(INDEX($C:$C,G282)="C",0.5*(2*(INDEX($A:$A,G282-1))+(-(INDEX($A:$A,MAX(5,G282-2)))+(INDEX($A:$A,G282)))*I282+(2*(INDEX($A:$A,MAX(5,G282-2)))-5*(INDEX($A:$A,G282-1))+4*(INDEX($A:$A,G282))-(INDEX($A:$A,MIN(LOOKUP(2,1/((($A$5:$A$120<>"")+($B$5:$B$120<>""))>0),ROW($A$5:$A$120)),G282+1))))*I282^2+(-(INDEX($A:$A,MAX(5,G282-2)))+3*(INDEX($A:$A,G282-1))-3*(INDEX($A:$A,G282))+(INDEX($A:$A,MIN(LOOKUP(2,1/((($A$5:$A$120<>"")+($B$5:$B$120<>""))>0),ROW($A$5:$A$120)),G282+1))))*I282^3),INDEX($A:$A,G282-1)+(INDEX($A:$A,G282)-INDEX($A:$A,G282-1))*I282))	=IF(G282="","",IF(INDEX($C:$C,G282)="C",0.5*(2*(INDEX($B:$B,G282-1))+(-(INDEX($B:$B,MAX(5,G282-2)))+(INDEX($B:$B,G282)))*I282+(2*(INDEX($B:$B,MAX(5,G282-2)))-5*(INDEX($B:$B,G282-1))+4*(INDEX($B:$B,G282))-(INDEX($B:$B,MIN(LOOKUP(2,1/((($A$5:$A$120<>"")+($B$5:$B$120<>""))>0),ROW($A$5:$A$120)),G282+1))))*I282^2+(-(INDEX($B:$B,MAX(5,G282-2)))+3*(INDEX($B:$B,G282-1))-3*(INDEX($B:$B,G282))+(INDEX($B:$B,MIN(LOOKUP(2,1/((($A$5:$A$120<>"")+($B$5:$B$120<>""))>0),ROW($A$5:$A$120)),G282+1))))*I282^3),INDEX($B:$B,G282-1)+(INDEX($B:$B,G282)-INDEX($B:$B,G282-1))*I282))	=IF(J282="","",IF(AND(J281<>"",J283<>""),(J283-J281)/2,IF(J283<>"",J283-J282,IF(J281<>"",J282-J281,""))))	=IF(K282="","",IF(AND(K281<>"",K283<>""),(K283-K281)/2,IF(K283<>"",K283-K282,IF(K281<>"",K282-K281,""))))	=IF(L282="","",MOD(DEGREES(ATAN2(L282,M282)),360))	=IF(N282="","",N282+$S$2)	=IF(O282="","","G1 X"&TEXT(J282,"0.###")&" Y"&TEXT(K282,"0.###")&" Z"&TEXT(O282,"0.###"))					
					=ROW()-5	=IF(OR(F283="",F283<=0,F283>LOOKUP(9.99999999999999E+307,$E$5:$E$120)),"",LOOKUP(F283-1,$E$5:$E$120,ROW($E$5:$E$120))+1)	=IF(G283="","",F283-INDEX($E:$E,G283-1))	=IF(G283="","",H283/INDEX($D:$D,G283))	=IF(G283="","",IF(INDEX($C:$C,G283)="C",0.5*(2*(INDEX($A:$A,G283-1))+(-(INDEX($A:$A,MAX(5,G283-2)))+(INDEX($A:$A,G283)))*I283+(2*(INDEX($A:$A,MAX(5,G283-2)))-5*(INDEX($A:$A,G283-1))+4*(INDEX($A:$A,G283))-(INDEX($A:$A,MIN(LOOKUP(2,1/((($A$5:$A$120<>"")+($B$5:$B$120<>""))>0),ROW($A$5:$A$120)),G283+1))))*I283^2+(-(INDEX($A:$A,MAX(5,G283-2)))+3*(INDEX($A:$A,G283-1))-3*(INDEX($A:$A,G283))+(INDEX($A:$A,MIN(LOOKUP(2,1/((($A$5:$A$120<>"")+($B$5:$B$120<>""))>0),ROW($A$5:$A$120)),G283+1))))*I283^3),INDEX($A:$A,G283-1)+(INDEX($A:$A,G283)-INDEX($A:$A,G283-1))*I283))	=IF(G283="","",IF(INDEX($C:$C,G283)="C",0.5*(2*(INDEX($B:$B,G283-1))+(-(INDEX($B:$B,MAX(5,G283-2)))+(INDEX($B:$B,G283)))*I283+(2*(INDEX($B:$B,MAX(5,G283-2)))-5*(INDEX($B:$B,G283-1))+4*(INDEX($B:$B,G283))-(INDEX($B:$B,MIN(LOOKUP(2,1/((($A$5:$A$120<>"")+($B$5:$B$120<>""))>0),ROW($A$5:$A$120)),G283+1))))*I283^2+(-(INDEX($B:$B,MAX(5,G283-2)))+3*(INDEX($B:$B,G283-1))-3*(INDEX($B:$B,G283))+(INDEX($B:$B,MIN(LOOKUP(2,1/((($A$5:$A$120<>"")+($B$5:$B$120<>""))>0),ROW($A$5:$A$120)),G283+1))))*I283^3),INDEX($B:$B,G283-1)+(INDEX($B:$B,G283)-INDEX($B:$B,G283-1))*I283))	=IF(J283="","",IF(AND(J282<>"",J284<>""),(J284-J282)/2,IF(J284<>"",J284-J283,IF(J282<>"",J283-J282,""))))	=IF(K283="","",IF(AND(K282<>"",K284<>""),(K284-K282)/2,IF(K284<>"",K284-K283,IF(K282<>"",K283-K282,""))))	=IF(L283="","",MOD(DEGREES(ATAN2(L283,M283)),360))	=IF(N283="","",N283+$S$2)	=IF(O283="","","G1 X"&TEXT(J283,"0.###")&" Y"&TEXT(K283,"0.###")&" Z"&TEXT(O283,"0.###"))					
					=ROW()-5	=IF(OR(F284="",F284<=0,F284>LOOKUP(9.99999999999999E+307,$E$5:$E$120)),"",LOOKUP(F284-1,$E$5:$E$120,ROW($E$5:$E$120))+1)	=IF(G284="","",F284-INDEX($E:$E,G284-1))	=IF(G284="","",H284/INDEX($D:$D,G284))	=IF(G284="","",IF(INDEX($C:$C,G284)="C",0.5*(2*(INDEX($A:$A,G284-1))+(-(INDEX($A:$A,MAX(5,G284-2)))+(INDEX($A:$A,G284)))*I284+(2*(INDEX($A:$A,MAX(5,G284-2)))-5*(INDEX($A:$A,G284-1))+4*(INDEX($A:$A,G284))-(INDEX($A:$A,MIN(LOOKUP(2,1/((($A$5:$A$120<>"")+($B$5:$B$120<>""))>0),ROW($A$5:$A$120)),G284+1))))*I284^2+(-(INDEX($A:$A,MAX(5,G284-2)))+3*(INDEX($A:$A,G284-1))-3*(INDEX($A:$A,G284))+(INDEX($A:$A,MIN(LOOKUP(2,1/((($A$5:$A$120<>"")+($B$5:$B$120<>""))>0),ROW($A$5:$A$120)),G284+1))))*I284^3),INDEX($A:$A,G284-1)+(INDEX($A:$A,G284)-INDEX($A:$A,G284-1))*I284))	=IF(G284="","",IF(INDEX($C:$C,G284)="C",0.5*(2*(INDEX($B:$B,G284-1))+(-(INDEX($B:$B,MAX(5,G284-2)))+(INDEX($B:$B,G284)))*I284+(2*(INDEX($B:$B,MAX(5,G284-2)))-5*(INDEX($B:$B,G284-1))+4*(INDEX($B:$B,G284))-(INDEX($B:$B,MIN(LOOKUP(2,1/((($A$5:$A$120<>"")+($B$5:$B$120<>""))>0),ROW($A$5:$A$120)),G284+1))))*I284^2+(-(INDEX($B:$B,MAX(5,G284-2)))+3*(INDEX($B:$B,G284-1))-3*(INDEX($B:$B,G284))+(INDEX($B:$B,MIN(LOOKUP(2,1/((($A$5:$A$120<>"")+($B$5:$B$120<>""))>0),ROW($A$5:$A$120)),G284+1))))*I284^3),INDEX($B:$B,G284-1)+(INDEX($B:$B,G284)-INDEX($B:$B,G284-1))*I284))	=IF(J284="","",IF(AND(J283<>"",J285<>""),(J285-J283)/2,IF(J285<>"",J285-J284,IF(J283<>"",J284-J283,""))))	=IF(K284="","",IF(AND(K283<>"",K285<>""),(K285-K283)/2,IF(K285<>"",K285-K284,IF(K283<>"",K284-K283,""))))	=IF(L284="","",MOD(DEGREES(ATAN2(L284,M284)),360))	=IF(N284="","",N284+$S$2)	=IF(O284="","","G1 X"&TEXT(J284,"0.###")&" Y"&TEXT(K284,"0.###")&" Z"&TEXT(O284,"0.###"))					
					=ROW()-5	=IF(OR(F285="",F285<=0,F285>LOOKUP(9.99999999999999E+307,$E$5:$E$120)),"",LOOKUP(F285-1,$E$5:$E$120,ROW($E$5:$E$120))+1)	=IF(G285="","",F285-INDEX($E:$E,G285-1))	=IF(G285="","",H285/INDEX($D:$D,G285))	=IF(G285="","",IF(INDEX($C:$C,G285)="C",0.5*(2*(INDEX($A:$A,G285-1))+(-(INDEX($A:$A,MAX(5,G285-2)))+(INDEX($A:$A,G285)))*I285+(2*(INDEX($A:$A,MAX(5,G285-2)))-5*(INDEX($A:$A,G285-1))+4*(INDEX($A:$A,G285))-(INDEX($A:$A,MIN(LOOKUP(2,1/((($A$5:$A$120<>"")+($B$5:$B$120<>""))>0),ROW($A$5:$A$120)),G285+1))))*I285^2+(-(INDEX($A:$A,MAX(5,G285-2)))+3*(INDEX($A:$A,G285-1))-3*(INDEX($A:$A,G285))+(INDEX($A:$A,MIN(LOOKUP(2,1/((($A$5:$A$120<>"")+($B$5:$B$120<>""))>0),ROW($A$5:$A$120)),G285+1))))*I285^3),INDEX($A:$A,G285-1)+(INDEX($A:$A,G285)-INDEX($A:$A,G285-1))*I285))	=IF(G285="","",IF(INDEX($C:$C,G285)="C",0.5*(2*(INDEX($B:$B,G285-1))+(-(INDEX($B:$B,MAX(5,G285-2)))+(INDEX($B:$B,G285)))*I285+(2*(INDEX($B:$B,MAX(5,G285-2)))-5*(INDEX($B:$B,G285-1))+4*(INDEX($B:$B,G285))-(INDEX($B:$B,MIN(LOOKUP(2,1/((($A$5:$A$120<>"")+($B$5:$B$120<>""))>0),ROW($A$5:$A$120)),G285+1))))*I285^2+(-(INDEX($B:$B,MAX(5,G285-2)))+3*(INDEX($B:$B,G285-1))-3*(INDEX($B:$B,G285))+(INDEX($B:$B,MIN(LOOKUP(2,1/((($A$5:$A$120<>"")+($B$5:$B$120<>""))>0),ROW($A$5:$A$120)),G285+1))))*I285^3),INDEX($B:$B,G285-1)+(INDEX($B:$B,G285)-INDEX($B:$B,G285-1))*I285))	=IF(J285="","",IF(AND(J284<>"",J286<>""),(J286-J284)/2,IF(J286<>"",J286-J285,IF(J284<>"",J285-J284,""))))	=IF(K285="","",IF(AND(K284<>"",K286<>""),(K286-K284)/2,IF(K286<>"",K286-K285,IF(K284<>"",K285-K284,""))))	=IF(L285="","",MOD(DEGREES(ATAN2(L285,M285)),360))	=IF(N285="","",N285+$S$2)	=IF(O285="","","G1 X"&TEXT(J285,"0.###")&" Y"&TEXT(K285,"0.###")&" Z"&TEXT(O285,"0.###"))					
					=ROW()-5	=IF(OR(F286="",F286<=0,F286>LOOKUP(9.99999999999999E+307,$E$5:$E$120)),"",LOOKUP(F286-1,$E$5:$E$120,ROW($E$5:$E$120))+1)	=IF(G286="","",F286-INDEX($E:$E,G286-1))	=IF(G286="","",H286/INDEX($D:$D,G286))	=IF(G286="","",IF(INDEX($C:$C,G286)="C",0.5*(2*(INDEX($A:$A,G286-1))+(-(INDEX($A:$A,MAX(5,G286-2)))+(INDEX($A:$A,G286)))*I286+(2*(INDEX($A:$A,MAX(5,G286-2)))-5*(INDEX($A:$A,G286-1))+4*(INDEX($A:$A,G286))-(INDEX($A:$A,MIN(LOOKUP(2,1/((($A$5:$A$120<>"")+($B$5:$B$120<>""))>0),ROW($A$5:$A$120)),G286+1))))*I286^2+(-(INDEX($A:$A,MAX(5,G286-2)))+3*(INDEX($A:$A,G286-1))-3*(INDEX($A:$A,G286))+(INDEX($A:$A,MIN(LOOKUP(2,1/((($A$5:$A$120<>"")+($B$5:$B$120<>""))>0),ROW($A$5:$A$120)),G286+1))))*I286^3),INDEX($A:$A,G286-1)+(INDEX($A:$A,G286)-INDEX($A:$A,G286-1))*I286))	=IF(G286="","",IF(INDEX($C:$C,G286)="C",0.5*(2*(INDEX($B:$B,G286-1))+(-(INDEX($B:$B,MAX(5,G286-2)))+(INDEX($B:$B,G286)))*I286+(2*(INDEX($B:$B,MAX(5,G286-2)))-5*(INDEX($B:$B,G286-1))+4*(INDEX($B:$B,G286))-(INDEX($B:$B,MIN(LOOKUP(2,1/((($A$5:$A$120<>"")+($B$5:$B$120<>""))>0),ROW($A$5:$A$120)),G286+1))))*I286^2+(-(INDEX($B:$B,MAX(5,G286-2)))+3*(INDEX($B:$B,G286-1))-3*(INDEX($B:$B,G286))+(INDEX($B:$B,MIN(LOOKUP(2,1/((($A$5:$A$120<>"")+($B$5:$B$120<>""))>0),ROW($A$5:$A$120)),G286+1))))*I286^3),INDEX($B:$B,G286-1)+(INDEX($B:$B,G286)-INDEX($B:$B,G286-1))*I286))	=IF(J286="","",IF(AND(J285<>"",J287<>""),(J287-J285)/2,IF(J287<>"",J287-J286,IF(J285<>"",J286-J285,""))))	=IF(K286="","",IF(AND(K285<>"",K287<>""),(K287-K285)/2,IF(K287<>"",K287-K286,IF(K285<>"",K286-K285,""))))	=IF(L286="","",MOD(DEGREES(ATAN2(L286,M286)),360))	=IF(N286="","",N286+$S$2)	=IF(O286="","","G1 X"&TEXT(J286,"0.###")&" Y"&TEXT(K286,"0.###")&" Z"&TEXT(O286,"0.###"))					
					=ROW()-5	=IF(OR(F287="",F287<=0,F287>LOOKUP(9.99999999999999E+307,$E$5:$E$120)),"",LOOKUP(F287-1,$E$5:$E$120,ROW($E$5:$E$120))+1)	=IF(G287="","",F287-INDEX($E:$E,G287-1))	=IF(G287="","",H287/INDEX($D:$D,G287))	=IF(G287="","",IF(INDEX($C:$C,G287)="C",0.5*(2*(INDEX($A:$A,G287-1))+(-(INDEX($A:$A,MAX(5,G287-2)))+(INDEX($A:$A,G287)))*I287+(2*(INDEX($A:$A,MAX(5,G287-2)))-5*(INDEX($A:$A,G287-1))+4*(INDEX($A:$A,G287))-(INDEX($A:$A,MIN(LOOKUP(2,1/((($A$5:$A$120<>"")+($B$5:$B$120<>""))>0),ROW($A$5:$A$120)),G287+1))))*I287^2+(-(INDEX($A:$A,MAX(5,G287-2)))+3*(INDEX($A:$A,G287-1))-3*(INDEX($A:$A,G287))+(INDEX($A:$A,MIN(LOOKUP(2,1/((($A$5:$A$120<>"")+($B$5:$B$120<>""))>0),ROW($A$5:$A$120)),G287+1))))*I287^3),INDEX($A:$A,G287-1)+(INDEX($A:$A,G287)-INDEX($A:$A,G287-1))*I287))	=IF(G287="","",IF(INDEX($C:$C,G287)="C",0.5*(2*(INDEX($B:$B,G287-1))+(-(INDEX($B:$B,MAX(5,G287-2)))+(INDEX($B:$B,G287)))*I287+(2*(INDEX($B:$B,MAX(5,G287-2)))-5*(INDEX($B:$B,G287-1))+4*(INDEX($B:$B,G287))-(INDEX($B:$B,MIN(LOOKUP(2,1/((($A$5:$A$120<>"")+($B$5:$B$120<>""))>0),ROW($A$5:$A$120)),G287+1))))*I287^2+(-(INDEX($B:$B,MAX(5,G287-2)))+3*(INDEX($B:$B,G287-1))-3*(INDEX($B:$B,G287))+(INDEX($B:$B,MIN(LOOKUP(2,1/((($A$5:$A$120<>"")+($B$5:$B$120<>""))>0),ROW($A$5:$A$120)),G287+1))))*I287^3),INDEX($B:$B,G287-1)+(INDEX($B:$B,G287)-INDEX($B:$B,G287-1))*I287))	=IF(J287="","",IF(AND(J286<>"",J288<>""),(J288-J286)/2,IF(J288<>"",J288-J287,IF(J286<>"",J287-J286,""))))	=IF(K287="","",IF(AND(K286<>"",K288<>""),(K288-K286)/2,IF(K288<>"",K288-K287,IF(K286<>"",K287-K286,""))))	=IF(L287="","",MOD(DEGREES(ATAN2(L287,M287)),360))	=IF(N287="","",N287+$S$2)	=IF(O287="","","G1 X"&TEXT(J287,"0.###")&" Y"&TEXT(K287,"0.###")&" Z"&TEXT(O287,"0.###"))					
					=ROW()-5	=IF(OR(F288="",F288<=0,F288>LOOKUP(9.99999999999999E+307,$E$5:$E$120)),"",LOOKUP(F288-1,$E$5:$E$120,ROW($E$5:$E$120))+1)	=IF(G288="","",F288-INDEX($E:$E,G288-1))	=IF(G288="","",H288/INDEX($D:$D,G288))	=IF(G288="","",IF(INDEX($C:$C,G288)="C",0.5*(2*(INDEX($A:$A,G288-1))+(-(INDEX($A:$A,MAX(5,G288-2)))+(INDEX($A:$A,G288)))*I288+(2*(INDEX($A:$A,MAX(5,G288-2)))-5*(INDEX($A:$A,G288-1))+4*(INDEX($A:$A,G288))-(INDEX($A:$A,MIN(LOOKUP(2,1/((($A$5:$A$120<>"")+($B$5:$B$120<>""))>0),ROW($A$5:$A$120)),G288+1))))*I288^2+(-(INDEX($A:$A,MAX(5,G288-2)))+3*(INDEX($A:$A,G288-1))-3*(INDEX($A:$A,G288))+(INDEX($A:$A,MIN(LOOKUP(2,1/((($A$5:$A$120<>"")+($B$5:$B$120<>""))>0),ROW($A$5:$A$120)),G288+1))))*I288^3),INDEX($A:$A,G288-1)+(INDEX($A:$A,G288)-INDEX($A:$A,G288-1))*I288))	=IF(G288="","",IF(INDEX($C:$C,G288)="C",0.5*(2*(INDEX($B:$B,G288-1))+(-(INDEX($B:$B,MAX(5,G288-2)))+(INDEX($B:$B,G288)))*I288+(2*(INDEX($B:$B,MAX(5,G288-2)))-5*(INDEX($B:$B,G288-1))+4*(INDEX($B:$B,G288))-(INDEX($B:$B,MIN(LOOKUP(2,1/((($A$5:$A$120<>"")+($B$5:$B$120<>""))>0),ROW($A$5:$A$120)),G288+1))))*I288^2+(-(INDEX($B:$B,MAX(5,G288-2)))+3*(INDEX($B:$B,G288-1))-3*(INDEX($B:$B,G288))+(INDEX($B:$B,MIN(LOOKUP(2,1/((($A$5:$A$120<>"")+($B$5:$B$120<>""))>0),ROW($A$5:$A$120)),G288+1))))*I288^3),INDEX($B:$B,G288-1)+(INDEX($B:$B,G288)-INDEX($B:$B,G288-1))*I288))	=IF(J288="","",IF(AND(J287<>"",J289<>""),(J289-J287)/2,IF(J289<>"",J289-J288,IF(J287<>"",J288-J287,""))))	=IF(K288="","",IF(AND(K287<>"",K289<>""),(K289-K287)/2,IF(K289<>"",K289-K288,IF(K287<>"",K288-K287,""))))	=IF(L288="","",MOD(DEGREES(ATAN2(L288,M288)),360))	=IF(N288="","",N288+$S$2)	=IF(O288="","","G1 X"&TEXT(J288,"0.###")&" Y"&TEXT(K288,"0.###")&" Z"&TEXT(O288,"0.###"))					
					=ROW()-5	=IF(OR(F289="",F289<=0,F289>LOOKUP(9.99999999999999E+307,$E$5:$E$120)),"",LOOKUP(F289-1,$E$5:$E$120,ROW($E$5:$E$120))+1)	=IF(G289="","",F289-INDEX($E:$E,G289-1))	=IF(G289="","",H289/INDEX($D:$D,G289))	=IF(G289="","",IF(INDEX($C:$C,G289)="C",0.5*(2*(INDEX($A:$A,G289-1))+(-(INDEX($A:$A,MAX(5,G289-2)))+(INDEX($A:$A,G289)))*I289+(2*(INDEX($A:$A,MAX(5,G289-2)))-5*(INDEX($A:$A,G289-1))+4*(INDEX($A:$A,G289))-(INDEX($A:$A,MIN(LOOKUP(2,1/((($A$5:$A$120<>"")+($B$5:$B$120<>""))>0),ROW($A$5:$A$120)),G289+1))))*I289^2+(-(INDEX($A:$A,MAX(5,G289-2)))+3*(INDEX($A:$A,G289-1))-3*(INDEX($A:$A,G289))+(INDEX($A:$A,MIN(LOOKUP(2,1/((($A$5:$A$120<>"")+($B$5:$B$120<>""))>0),ROW($A$5:$A$120)),G289+1))))*I289^3),INDEX($A:$A,G289-1)+(INDEX($A:$A,G289)-INDEX($A:$A,G289-1))*I289))	=IF(G289="","",IF(INDEX($C:$C,G289)="C",0.5*(2*(INDEX($B:$B,G289-1))+(-(INDEX($B:$B,MAX(5,G289-2)))+(INDEX($B:$B,G289)))*I289+(2*(INDEX($B:$B,MAX(5,G289-2)))-5*(INDEX($B:$B,G289-1))+4*(INDEX($B:$B,G289))-(INDEX($B:$B,MIN(LOOKUP(2,1/((($A$5:$A$120<>"")+($B$5:$B$120<>""))>0),ROW($A$5:$A$120)),G289+1))))*I289^2+(-(INDEX($B:$B,MAX(5,G289-2)))+3*(INDEX($B:$B,G289-1))-3*(INDEX($B:$B,G289))+(INDEX($B:$B,MIN(LOOKUP(2,1/((($A$5:$A$120<>"")+($B$5:$B$120<>""))>0),ROW($A$5:$A$120)),G289+1))))*I289^3),INDEX($B:$B,G289-1)+(INDEX($B:$B,G289)-INDEX($B:$B,G289-1))*I289))	=IF(J289="","",IF(AND(J288<>"",J290<>""),(J290-J288)/2,IF(J290<>"",J290-J289,IF(J288<>"",J289-J288,""))))	=IF(K289="","",IF(AND(K288<>"",K290<>""),(K290-K288)/2,IF(K290<>"",K290-K289,IF(K288<>"",K289-K288,""))))	=IF(L289="","",MOD(DEGREES(ATAN2(L289,M289)),360))	=IF(N289="","",N289+$S$2)	=IF(O289="","","G1 X"&TEXT(J289,"0.###")&" Y"&TEXT(K289,"0.###")&" Z"&TEXT(O289,"0.###"))					
					=ROW()-5	=IF(OR(F290="",F290<=0,F290>LOOKUP(9.99999999999999E+307,$E$5:$E$120)),"",LOOKUP(F290-1,$E$5:$E$120,ROW($E$5:$E$120))+1)	=IF(G290="","",F290-INDEX($E:$E,G290-1))	=IF(G290="","",H290/INDEX($D:$D,G290))	=IF(G290="","",IF(INDEX($C:$C,G290)="C",0.5*(2*(INDEX($A:$A,G290-1))+(-(INDEX($A:$A,MAX(5,G290-2)))+(INDEX($A:$A,G290)))*I290+(2*(INDEX($A:$A,MAX(5,G290-2)))-5*(INDEX($A:$A,G290-1))+4*(INDEX($A:$A,G290))-(INDEX($A:$A,MIN(LOOKUP(2,1/((($A$5:$A$120<>"")+($B$5:$B$120<>""))>0),ROW($A$5:$A$120)),G290+1))))*I290^2+(-(INDEX($A:$A,MAX(5,G290-2)))+3*(INDEX($A:$A,G290-1))-3*(INDEX($A:$A,G290))+(INDEX($A:$A,MIN(LOOKUP(2,1/((($A$5:$A$120<>"")+($B$5:$B$120<>""))>0),ROW($A$5:$A$120)),G290+1))))*I290^3),INDEX($A:$A,G290-1)+(INDEX($A:$A,G290)-INDEX($A:$A,G290-1))*I290))	=IF(G290="","",IF(INDEX($C:$C,G290)="C",0.5*(2*(INDEX($B:$B,G290-1))+(-(INDEX($B:$B,MAX(5,G290-2)))+(INDEX($B:$B,G290)))*I290+(2*(INDEX($B:$B,MAX(5,G290-2)))-5*(INDEX($B:$B,G290-1))+4*(INDEX($B:$B,G290))-(INDEX($B:$B,MIN(LOOKUP(2,1/((($A$5:$A$120<>"")+($B$5:$B$120<>""))>0),ROW($A$5:$A$120)),G290+1))))*I290^2+(-(INDEX($B:$B,MAX(5,G290-2)))+3*(INDEX($B:$B,G290-1))-3*(INDEX($B:$B,G290))+(INDEX($B:$B,MIN(LOOKUP(2,1/((($A$5:$A$120<>"")+($B$5:$B$120<>""))>0),ROW($A$5:$A$120)),G290+1))))*I290^3),INDEX($B:$B,G290-1)+(INDEX($B:$B,G290)-INDEX($B:$B,G290-1))*I290))	=IF(J290="","",IF(AND(J289<>"",J291<>""),(J291-J289)/2,IF(J291<>"",J291-J290,IF(J289<>"",J290-J289,""))))	=IF(K290="","",IF(AND(K289<>"",K291<>""),(K291-K289)/2,IF(K291<>"",K291-K290,IF(K289<>"",K290-K289,""))))	=IF(L290="","",MOD(DEGREES(ATAN2(L290,M290)),360))	=IF(N290="","",N290+$S$2)	=IF(O290="","","G1 X"&TEXT(J290,"0.###")&" Y"&TEXT(K290,"0.###")&" Z"&TEXT(O290,"0.###"))					
					=ROW()-5	=IF(OR(F291="",F291<=0,F291>LOOKUP(9.99999999999999E+307,$E$5:$E$120)),"",LOOKUP(F291-1,$E$5:$E$120,ROW($E$5:$E$120))+1)	=IF(G291="","",F291-INDEX($E:$E,G291-1))	=IF(G291="","",H291/INDEX($D:$D,G291))	=IF(G291="","",IF(INDEX($C:$C,G291)="C",0.5*(2*(INDEX($A:$A,G291-1))+(-(INDEX($A:$A,MAX(5,G291-2)))+(INDEX($A:$A,G291)))*I291+(2*(INDEX($A:$A,MAX(5,G291-2)))-5*(INDEX($A:$A,G291-1))+4*(INDEX($A:$A,G291))-(INDEX($A:$A,MIN(LOOKUP(2,1/((($A$5:$A$120<>"")+($B$5:$B$120<>""))>0),ROW($A$5:$A$120)),G291+1))))*I291^2+(-(INDEX($A:$A,MAX(5,G291-2)))+3*(INDEX($A:$A,G291-1))-3*(INDEX($A:$A,G291))+(INDEX($A:$A,MIN(LOOKUP(2,1/((($A$5:$A$120<>"")+($B$5:$B$120<>""))>0),ROW($A$5:$A$120)),G291+1))))*I291^3),INDEX($A:$A,G291-1)+(INDEX($A:$A,G291)-INDEX($A:$A,G291-1))*I291))	=IF(G291="","",IF(INDEX($C:$C,G291)="C",0.5*(2*(INDEX($B:$B,G291-1))+(-(INDEX($B:$B,MAX(5,G291-2)))+(INDEX($B:$B,G291)))*I291+(2*(INDEX($B:$B,MAX(5,G291-2)))-5*(INDEX($B:$B,G291-1))+4*(INDEX($B:$B,G291))-(INDEX($B:$B,MIN(LOOKUP(2,1/((($A$5:$A$120<>"")+($B$5:$B$120<>""))>0),ROW($A$5:$A$120)),G291+1))))*I291^2+(-(INDEX($B:$B,MAX(5,G291-2)))+3*(INDEX($B:$B,G291-1))-3*(INDEX($B:$B,G291))+(INDEX($B:$B,MIN(LOOKUP(2,1/((($A$5:$A$120<>"")+($B$5:$B$120<>""))>0),ROW($A$5:$A$120)),G291+1))))*I291^3),INDEX($B:$B,G291-1)+(INDEX($B:$B,G291)-INDEX($B:$B,G291-1))*I291))	=IF(J291="","",IF(AND(J290<>"",J292<>""),(J292-J290)/2,IF(J292<>"",J292-J291,IF(J290<>"",J291-J290,""))))	=IF(K291="","",IF(AND(K290<>"",K292<>""),(K292-K290)/2,IF(K292<>"",K292-K291,IF(K290<>"",K291-K290,""))))	=IF(L291="","",MOD(DEGREES(ATAN2(L291,M291)),360))	=IF(N291="","",N291+$S$2)	=IF(O291="","","G1 X"&TEXT(J291,"0.###")&" Y"&TEXT(K291,"0.###")&" Z"&TEXT(O291,"0.###"))					
					=ROW()-5	=IF(OR(F292="",F292<=0,F292>LOOKUP(9.99999999999999E+307,$E$5:$E$120)),"",LOOKUP(F292-1,$E$5:$E$120,ROW($E$5:$E$120))+1)	=IF(G292="","",F292-INDEX($E:$E,G292-1))	=IF(G292="","",H292/INDEX($D:$D,G292))	=IF(G292="","",IF(INDEX($C:$C,G292)="C",0.5*(2*(INDEX($A:$A,G292-1))+(-(INDEX($A:$A,MAX(5,G292-2)))+(INDEX($A:$A,G292)))*I292+(2*(INDEX($A:$A,MAX(5,G292-2)))-5*(INDEX($A:$A,G292-1))+4*(INDEX($A:$A,G292))-(INDEX($A:$A,MIN(LOOKUP(2,1/((($A$5:$A$120<>"")+($B$5:$B$120<>""))>0),ROW($A$5:$A$120)),G292+1))))*I292^2+(-(INDEX($A:$A,MAX(5,G292-2)))+3*(INDEX($A:$A,G292-1))-3*(INDEX($A:$A,G292))+(INDEX($A:$A,MIN(LOOKUP(2,1/((($A$5:$A$120<>"")+($B$5:$B$120<>""))>0),ROW($A$5:$A$120)),G292+1))))*I292^3),INDEX($A:$A,G292-1)+(INDEX($A:$A,G292)-INDEX($A:$A,G292-1))*I292))	=IF(G292="","",IF(INDEX($C:$C,G292)="C",0.5*(2*(INDEX($B:$B,G292-1))+(-(INDEX($B:$B,MAX(5,G292-2)))+(INDEX($B:$B,G292)))*I292+(2*(INDEX($B:$B,MAX(5,G292-2)))-5*(INDEX($B:$B,G292-1))+4*(INDEX($B:$B,G292))-(INDEX($B:$B,MIN(LOOKUP(2,1/((($A$5:$A$120<>"")+($B$5:$B$120<>""))>0),ROW($A$5:$A$120)),G292+1))))*I292^2+(-(INDEX($B:$B,MAX(5,G292-2)))+3*(INDEX($B:$B,G292-1))-3*(INDEX($B:$B,G292))+(INDEX($B:$B,MIN(LOOKUP(2,1/((($A$5:$A$120<>"")+($B$5:$B$120<>""))>0),ROW($A$5:$A$120)),G292+1))))*I292^3),INDEX($B:$B,G292-1)+(INDEX($B:$B,G292)-INDEX($B:$B,G292-1))*I292))	=IF(J292="","",IF(AND(J291<>"",J293<>""),(J293-J291)/2,IF(J293<>"",J293-J292,IF(J291<>"",J292-J291,""))))	=IF(K292="","",IF(AND(K291<>"",K293<>""),(K293-K291)/2,IF(K293<>"",K293-K292,IF(K291<>"",K292-K291,""))))	=IF(L292="","",MOD(DEGREES(ATAN2(L292,M292)),360))	=IF(N292="","",N292+$S$2)	=IF(O292="","","G1 X"&TEXT(J292,"0.###")&" Y"&TEXT(K292,"0.###")&" Z"&TEXT(O292,"0.###"))					
					=ROW()-5	=IF(OR(F293="",F293<=0,F293>LOOKUP(9.99999999999999E+307,$E$5:$E$120)),"",LOOKUP(F293-1,$E$5:$E$120,ROW($E$5:$E$120))+1)	=IF(G293="","",F293-INDEX($E:$E,G293-1))	=IF(G293="","",H293/INDEX($D:$D,G293))	=IF(G293="","",IF(INDEX($C:$C,G293)="C",0.5*(2*(INDEX($A:$A,G293-1))+(-(INDEX($A:$A,MAX(5,G293-2)))+(INDEX($A:$A,G293)))*I293+(2*(INDEX($A:$A,MAX(5,G293-2)))-5*(INDEX($A:$A,G293-1))+4*(INDEX($A:$A,G293))-(INDEX($A:$A,MIN(LOOKUP(2,1/((($A$5:$A$120<>"")+($B$5:$B$120<>""))>0),ROW($A$5:$A$120)),G293+1))))*I293^2+(-(INDEX($A:$A,MAX(5,G293-2)))+3*(INDEX($A:$A,G293-1))-3*(INDEX($A:$A,G293))+(INDEX($A:$A,MIN(LOOKUP(2,1/((($A$5:$A$120<>"")+($B$5:$B$120<>""))>0),ROW($A$5:$A$120)),G293+1))))*I293^3),INDEX($A:$A,G293-1)+(INDEX($A:$A,G293)-INDEX($A:$A,G293-1))*I293))	=IF(G293="","",IF(INDEX($C:$C,G293)="C",0.5*(2*(INDEX($B:$B,G293-1))+(-(INDEX($B:$B,MAX(5,G293-2)))+(INDEX($B:$B,G293)))*I293+(2*(INDEX($B:$B,MAX(5,G293-2)))-5*(INDEX($B:$B,G293-1))+4*(INDEX($B:$B,G293))-(INDEX($B:$B,MIN(LOOKUP(2,1/((($A$5:$A$120<>"")+($B$5:$B$120<>""))>0),ROW($A$5:$A$120)),G293+1))))*I293^2+(-(INDEX($B:$B,MAX(5,G293-2)))+3*(INDEX($B:$B,G293-1))-3*(INDEX($B:$B,G293))+(INDEX($B:$B,MIN(LOOKUP(2,1/((($A$5:$A$120<>"")+($B$5:$B$120<>""))>0),ROW($A$5:$A$120)),G293+1))))*I293^3),INDEX($B:$B,G293-1)+(INDEX($B:$B,G293)-INDEX($B:$B,G293-1))*I293))	=IF(J293="","",IF(AND(J292<>"",J294<>""),(J294-J292)/2,IF(J294<>"",J294-J293,IF(J292<>"",J293-J292,""))))	=IF(K293="","",IF(AND(K292<>"",K294<>""),(K294-K292)/2,IF(K294<>"",K294-K293,IF(K292<>"",K293-K292,""))))	=IF(L293="","",MOD(DEGREES(ATAN2(L293,M293)),360))	=IF(N293="","",N293+$S$2)	=IF(O293="","","G1 X"&TEXT(J293,"0.###")&" Y"&TEXT(K293,"0.###")&" Z"&TEXT(O293,"0.###"))					
					=ROW()-5	=IF(OR(F294="",F294<=0,F294>LOOKUP(9.99999999999999E+307,$E$5:$E$120)),"",LOOKUP(F294-1,$E$5:$E$120,ROW($E$5:$E$120))+1)	=IF(G294="","",F294-INDEX($E:$E,G294-1))	=IF(G294="","",H294/INDEX($D:$D,G294))	=IF(G294="","",IF(INDEX($C:$C,G294)="C",0.5*(2*(INDEX($A:$A,G294-1))+(-(INDEX($A:$A,MAX(5,G294-2)))+(INDEX($A:$A,G294)))*I294+(2*(INDEX($A:$A,MAX(5,G294-2)))-5*(INDEX($A:$A,G294-1))+4*(INDEX($A:$A,G294))-(INDEX($A:$A,MIN(LOOKUP(2,1/((($A$5:$A$120<>"")+($B$5:$B$120<>""))>0),ROW($A$5:$A$120)),G294+1))))*I294^2+(-(INDEX($A:$A,MAX(5,G294-2)))+3*(INDEX($A:$A,G294-1))-3*(INDEX($A:$A,G294))+(INDEX($A:$A,MIN(LOOKUP(2,1/((($A$5:$A$120<>"")+($B$5:$B$120<>""))>0),ROW($A$5:$A$120)),G294+1))))*I294^3),INDEX($A:$A,G294-1)+(INDEX($A:$A,G294)-INDEX($A:$A,G294-1))*I294))	=IF(G294="","",IF(INDEX($C:$C,G294)="C",0.5*(2*(INDEX($B:$B,G294-1))+(-(INDEX($B:$B,MAX(5,G294-2)))+(INDEX($B:$B,G294)))*I294+(2*(INDEX($B:$B,MAX(5,G294-2)))-5*(INDEX($B:$B,G294-1))+4*(INDEX($B:$B,G294))-(INDEX($B:$B,MIN(LOOKUP(2,1/((($A$5:$A$120<>"")+($B$5:$B$120<>""))>0),ROW($A$5:$A$120)),G294+1))))*I294^2+(-(INDEX($B:$B,MAX(5,G294-2)))+3*(INDEX($B:$B,G294-1))-3*(INDEX($B:$B,G294))+(INDEX($B:$B,MIN(LOOKUP(2,1/((($A$5:$A$120<>"")+($B$5:$B$120<>""))>0),ROW($A$5:$A$120)),G294+1))))*I294^3),INDEX($B:$B,G294-1)+(INDEX($B:$B,G294)-INDEX($B:$B,G294-1))*I294))	=IF(J294="","",IF(AND(J293<>"",J295<>""),(J295-J293)/2,IF(J295<>"",J295-J294,IF(J293<>"",J294-J293,""))))	=IF(K294="","",IF(AND(K293<>"",K295<>""),(K295-K293)/2,IF(K295<>"",K295-K294,IF(K293<>"",K294-K293,""))))	=IF(L294="","",MOD(DEGREES(ATAN2(L294,M294)),360))	=IF(N294="","",N294+$S$2)	=IF(O294="","","G1 X"&TEXT(J294,"0.###")&" Y"&TEXT(K294,"0.###")&" Z"&TEXT(O294,"0.###"))					
					=ROW()-5	=IF(OR(F295="",F295<=0,F295>LOOKUP(9.99999999999999E+307,$E$5:$E$120)),"",LOOKUP(F295-1,$E$5:$E$120,ROW($E$5:$E$120))+1)	=IF(G295="","",F295-INDEX($E:$E,G295-1))	=IF(G295="","",H295/INDEX($D:$D,G295))	=IF(G295="","",IF(INDEX($C:$C,G295)="C",0.5*(2*(INDEX($A:$A,G295-1))+(-(INDEX($A:$A,MAX(5,G295-2)))+(INDEX($A:$A,G295)))*I295+(2*(INDEX($A:$A,MAX(5,G295-2)))-5*(INDEX($A:$A,G295-1))+4*(INDEX($A:$A,G295))-(INDEX($A:$A,MIN(LOOKUP(2,1/((($A$5:$A$120<>"")+($B$5:$B$120<>""))>0),ROW($A$5:$A$120)),G295+1))))*I295^2+(-(INDEX($A:$A,MAX(5,G295-2)))+3*(INDEX($A:$A,G295-1))-3*(INDEX($A:$A,G295))+(INDEX($A:$A,MIN(LOOKUP(2,1/((($A$5:$A$120<>"")+($B$5:$B$120<>""))>0),ROW($A$5:$A$120)),G295+1))))*I295^3),INDEX($A:$A,G295-1)+(INDEX($A:$A,G295)-INDEX($A:$A,G295-1))*I295))	=IF(G295="","",IF(INDEX($C:$C,G295)="C",0.5*(2*(INDEX($B:$B,G295-1))+(-(INDEX($B:$B,MAX(5,G295-2)))+(INDEX($B:$B,G295)))*I295+(2*(INDEX($B:$B,MAX(5,G295-2)))-5*(INDEX($B:$B,G295-1))+4*(INDEX($B:$B,G295))-(INDEX($B:$B,MIN(LOOKUP(2,1/((($A$5:$A$120<>"")+($B$5:$B$120<>""))>0),ROW($A$5:$A$120)),G295+1))))*I295^2+(-(INDEX($B:$B,MAX(5,G295-2)))+3*(INDEX($B:$B,G295-1))-3*(INDEX($B:$B,G295))+(INDEX($B:$B,MIN(LOOKUP(2,1/((($A$5:$A$120<>"")+($B$5:$B$120<>""))>0),ROW($A$5:$A$120)),G295+1))))*I295^3),INDEX($B:$B,G295-1)+(INDEX($B:$B,G295)-INDEX($B:$B,G295-1))*I295))	=IF(J295="","",IF(AND(J294<>"",J296<>""),(J296-J294)/2,IF(J296<>"",J296-J295,IF(J294<>"",J295-J294,""))))	=IF(K295="","",IF(AND(K294<>"",K296<>""),(K296-K294)/2,IF(K296<>"",K296-K295,IF(K294<>"",K295-K294,""))))	=IF(L295="","",MOD(DEGREES(ATAN2(L295,M295)),360))	=IF(N295="","",N295+$S$2)	=IF(O295="","","G1 X"&TEXT(J295,"0.###")&" Y"&TEXT(K295,"0.###")&" Z"&TEXT(O295,"0.###"))					
					=ROW()-5	=IF(OR(F296="",F296<=0,F296>LOOKUP(9.99999999999999E+307,$E$5:$E$120)),"",LOOKUP(F296-1,$E$5:$E$120,ROW($E$5:$E$120))+1)	=IF(G296="","",F296-INDEX($E:$E,G296-1))	=IF(G296="","",H296/INDEX($D:$D,G296))	=IF(G296="","",IF(INDEX($C:$C,G296)="C",0.5*(2*(INDEX($A:$A,G296-1))+(-(INDEX($A:$A,MAX(5,G296-2)))+(INDEX($A:$A,G296)))*I296+(2*(INDEX($A:$A,MAX(5,G296-2)))-5*(INDEX($A:$A,G296-1))+4*(INDEX($A:$A,G296))-(INDEX($A:$A,MIN(LOOKUP(2,1/((($A$5:$A$120<>"")+($B$5:$B$120<>""))>0),ROW($A$5:$A$120)),G296+1))))*I296^2+(-(INDEX($A:$A,MAX(5,G296-2)))+3*(INDEX($A:$A,G296-1))-3*(INDEX($A:$A,G296))+(INDEX($A:$A,MIN(LOOKUP(2,1/((($A$5:$A$120<>"")+($B$5:$B$120<>""))>0),ROW($A$5:$A$120)),G296+1))))*I296^3),INDEX($A:$A,G296-1)+(INDEX($A:$A,G296)-INDEX($A:$A,G296-1))*I296))	=IF(G296="","",IF(INDEX($C:$C,G296)="C",0.5*(2*(INDEX($B:$B,G296-1))+(-(INDEX($B:$B,MAX(5,G296-2)))+(INDEX($B:$B,G296)))*I296+(2*(INDEX($B:$B,MAX(5,G296-2)))-5*(INDEX($B:$B,G296-1))+4*(INDEX($B:$B,G296))-(INDEX($B:$B,MIN(LOOKUP(2,1/((($A$5:$A$120<>"")+($B$5:$B$120<>""))>0),ROW($A$5:$A$120)),G296+1))))*I296^2+(-(INDEX($B:$B,MAX(5,G296-2)))+3*(INDEX($B:$B,G296-1))-3*(INDEX($B:$B,G296))+(INDEX($B:$B,MIN(LOOKUP(2,1/((($A$5:$A$120<>"")+($B$5:$B$120<>""))>0),ROW($A$5:$A$120)),G296+1))))*I296^3),INDEX($B:$B,G296-1)+(INDEX($B:$B,G296)-INDEX($B:$B,G296-1))*I296))	=IF(J296="","",IF(AND(J295<>"",J297<>""),(J297-J295)/2,IF(J297<>"",J297-J296,IF(J295<>"",J296-J295,""))))	=IF(K296="","",IF(AND(K295<>"",K297<>""),(K297-K295)/2,IF(K297<>"",K297-K296,IF(K295<>"",K296-K295,""))))	=IF(L296="","",MOD(DEGREES(ATAN2(L296,M296)),360))	=IF(N296="","",N296+$S$2)	=IF(O296="","","G1 X"&TEXT(J296,"0.###")&" Y"&TEXT(K296,"0.###")&" Z"&TEXT(O296,"0.###"))					
					=ROW()-5	=IF(OR(F297="",F297<=0,F297>LOOKUP(9.99999999999999E+307,$E$5:$E$120)),"",LOOKUP(F297-1,$E$5:$E$120,ROW($E$5:$E$120))+1)	=IF(G297="","",F297-INDEX($E:$E,G297-1))	=IF(G297="","",H297/INDEX($D:$D,G297))	=IF(G297="","",IF(INDEX($C:$C,G297)="C",0.5*(2*(INDEX($A:$A,G297-1))+(-(INDEX($A:$A,MAX(5,G297-2)))+(INDEX($A:$A,G297)))*I297+(2*(INDEX($A:$A,MAX(5,G297-2)))-5*(INDEX($A:$A,G297-1))+4*(INDEX($A:$A,G297))-(INDEX($A:$A,MIN(LOOKUP(2,1/((($A$5:$A$120<>"")+($B$5:$B$120<>""))>0),ROW($A$5:$A$120)),G297+1))))*I297^2+(-(INDEX($A:$A,MAX(5,G297-2)))+3*(INDEX($A:$A,G297-1))-3*(INDEX($A:$A,G297))+(INDEX($A:$A,MIN(LOOKUP(2,1/((($A$5:$A$120<>"")+($B$5:$B$120<>""))>0),ROW($A$5:$A$120)),G297+1))))*I297^3),INDEX($A:$A,G297-1)+(INDEX($A:$A,G297)-INDEX($A:$A,G297-1))*I297))	=IF(G297="","",IF(INDEX($C:$C,G297)="C",0.5*(2*(INDEX($B:$B,G297-1))+(-(INDEX($B:$B,MAX(5,G297-2)))+(INDEX($B:$B,G297)))*I297+(2*(INDEX($B:$B,MAX(5,G297-2)))-5*(INDEX($B:$B,G297-1))+4*(INDEX($B:$B,G297))-(INDEX($B:$B,MIN(LOOKUP(2,1/((($A$5:$A$120<>"")+($B$5:$B$120<>""))>0),ROW($A$5:$A$120)),G297+1))))*I297^2+(-(INDEX($B:$B,MAX(5,G297-2)))+3*(INDEX($B:$B,G297-1))-3*(INDEX($B:$B,G297))+(INDEX($B:$B,MIN(LOOKUP(2,1/((($A$5:$A$120<>"")+($B$5:$B$120<>""))>0),ROW($A$5:$A$120)),G297+1))))*I297^3),INDEX($B:$B,G297-1)+(INDEX($B:$B,G297)-INDEX($B:$B,G297-1))*I297))	=IF(J297="","",IF(AND(J296<>"",J298<>""),(J298-J296)/2,IF(J298<>"",J298-J297,IF(J296<>"",J297-J296,""))))	=IF(K297="","",IF(AND(K296<>"",K298<>""),(K298-K296)/2,IF(K298<>"",K298-K297,IF(K296<>"",K297-K296,""))))	=IF(L297="","",MOD(DEGREES(ATAN2(L297,M297)),360))	=IF(N297="","",N297+$S$2)	=IF(O297="","","G1 X"&TEXT(J297,"0.###")&" Y"&TEXT(K297,"0.###")&" Z"&TEXT(O297,"0.###"))					
					=ROW()-5	=IF(OR(F298="",F298<=0,F298>LOOKUP(9.99999999999999E+307,$E$5:$E$120)),"",LOOKUP(F298-1,$E$5:$E$120,ROW($E$5:$E$120))+1)	=IF(G298="","",F298-INDEX($E:$E,G298-1))	=IF(G298="","",H298/INDEX($D:$D,G298))	=IF(G298="","",IF(INDEX($C:$C,G298)="C",0.5*(2*(INDEX($A:$A,G298-1))+(-(INDEX($A:$A,MAX(5,G298-2)))+(INDEX($A:$A,G298)))*I298+(2*(INDEX($A:$A,MAX(5,G298-2)))-5*(INDEX($A:$A,G298-1))+4*(INDEX($A:$A,G298))-(INDEX($A:$A,MIN(LOOKUP(2,1/((($A$5:$A$120<>"")+($B$5:$B$120<>""))>0),ROW($A$5:$A$120)),G298+1))))*I298^2+(-(INDEX($A:$A,MAX(5,G298-2)))+3*(INDEX($A:$A,G298-1))-3*(INDEX($A:$A,G298))+(INDEX($A:$A,MIN(LOOKUP(2,1/((($A$5:$A$120<>"")+($B$5:$B$120<>""))>0),ROW($A$5:$A$120)),G298+1))))*I298^3),INDEX($A:$A,G298-1)+(INDEX($A:$A,G298)-INDEX($A:$A,G298-1))*I298))	=IF(G298="","",IF(INDEX($C:$C,G298)="C",0.5*(2*(INDEX($B:$B,G298-1))+(-(INDEX($B:$B,MAX(5,G298-2)))+(INDEX($B:$B,G298)))*I298+(2*(INDEX($B:$B,MAX(5,G298-2)))-5*(INDEX($B:$B,G298-1))+4*(INDEX($B:$B,G298))-(INDEX($B:$B,MIN(LOOKUP(2,1/((($A$5:$A$120<>"")+($B$5:$B$120<>""))>0),ROW($A$5:$A$120)),G298+1))))*I298^2+(-(INDEX($B:$B,MAX(5,G298-2)))+3*(INDEX($B:$B,G298-1))-3*(INDEX($B:$B,G298))+(INDEX($B:$B,MIN(LOOKUP(2,1/((($A$5:$A$120<>"")+($B$5:$B$120<>""))>0),ROW($A$5:$A$120)),G298+1))))*I298^3),INDEX($B:$B,G298-1)+(INDEX($B:$B,G298)-INDEX($B:$B,G298-1))*I298))	=IF(J298="","",IF(AND(J297<>"",J299<>""),(J299-J297)/2,IF(J299<>"",J299-J298,IF(J297<>"",J298-J297,""))))	=IF(K298="","",IF(AND(K297<>"",K299<>""),(K299-K297)/2,IF(K299<>"",K299-K298,IF(K297<>"",K298-K297,""))))	=IF(L298="","",MOD(DEGREES(ATAN2(L298,M298)),360))	=IF(N298="","",N298+$S$2)	=IF(O298="","","G1 X"&TEXT(J298,"0.###")&" Y"&TEXT(K298,"0.###")&" Z"&TEXT(O298,"0.###"))					
					=ROW()-5	=IF(OR(F299="",F299<=0,F299>LOOKUP(9.99999999999999E+307,$E$5:$E$120)),"",LOOKUP(F299-1,$E$5:$E$120,ROW($E$5:$E$120))+1)	=IF(G299="","",F299-INDEX($E:$E,G299-1))	=IF(G299="","",H299/INDEX($D:$D,G299))	=IF(G299="","",IF(INDEX($C:$C,G299)="C",0.5*(2*(INDEX($A:$A,G299-1))+(-(INDEX($A:$A,MAX(5,G299-2)))+(INDEX($A:$A,G299)))*I299+(2*(INDEX($A:$A,MAX(5,G299-2)))-5*(INDEX($A:$A,G299-1))+4*(INDEX($A:$A,G299))-(INDEX($A:$A,MIN(LOOKUP(2,1/((($A$5:$A$120<>"")+($B$5:$B$120<>""))>0),ROW($A$5:$A$120)),G299+1))))*I299^2+(-(INDEX($A:$A,MAX(5,G299-2)))+3*(INDEX($A:$A,G299-1))-3*(INDEX($A:$A,G299))+(INDEX($A:$A,MIN(LOOKUP(2,1/((($A$5:$A$120<>"")+($B$5:$B$120<>""))>0),ROW($A$5:$A$120)),G299+1))))*I299^3),INDEX($A:$A,G299-1)+(INDEX($A:$A,G299)-INDEX($A:$A,G299-1))*I299))	=IF(G299="","",IF(INDEX($C:$C,G299)="C",0.5*(2*(INDEX($B:$B,G299-1))+(-(INDEX($B:$B,MAX(5,G299-2)))+(INDEX($B:$B,G299)))*I299+(2*(INDEX($B:$B,MAX(5,G299-2)))-5*(INDEX($B:$B,G299-1))+4*(INDEX($B:$B,G299))-(INDEX($B:$B,MIN(LOOKUP(2,1/((($A$5:$A$120<>"")+($B$5:$B$120<>""))>0),ROW($A$5:$A$120)),G299+1))))*I299^2+(-(INDEX($B:$B,MAX(5,G299-2)))+3*(INDEX($B:$B,G299-1))-3*(INDEX($B:$B,G299))+(INDEX($B:$B,MIN(LOOKUP(2,1/((($A$5:$A$120<>"")+($B$5:$B$120<>""))>0),ROW($A$5:$A$120)),G299+1))))*I299^3),INDEX($B:$B,G299-1)+(INDEX($B:$B,G299)-INDEX($B:$B,G299-1))*I299))	=IF(J299="","",IF(AND(J298<>"",J300<>""),(J300-J298)/2,IF(J300<>"",J300-J299,IF(J298<>"",J299-J298,""))))	=IF(K299="","",IF(AND(K298<>"",K300<>""),(K300-K298)/2,IF(K300<>"",K300-K299,IF(K298<>"",K299-K298,""))))	=IF(L299="","",MOD(DEGREES(ATAN2(L299,M299)),360))	=IF(N299="","",N299+$S$2)	=IF(O299="","","G1 X"&TEXT(J299,"0.###")&" Y"&TEXT(K299,"0.###")&" Z"&TEXT(O299,"0.###"))					
					=ROW()-5	=IF(OR(F300="",F300<=0,F300>LOOKUP(9.99999999999999E+307,$E$5:$E$120)),"",LOOKUP(F300-1,$E$5:$E$120,ROW($E$5:$E$120))+1)	=IF(G300="","",F300-INDEX($E:$E,G300-1))	=IF(G300="","",H300/INDEX($D:$D,G300))	=IF(G300="","",IF(INDEX($C:$C,G300)="C",0.5*(2*(INDEX($A:$A,G300-1))+(-(INDEX($A:$A,MAX(5,G300-2)))+(INDEX($A:$A,G300)))*I300+(2*(INDEX($A:$A,MAX(5,G300-2)))-5*(INDEX($A:$A,G300-1))+4*(INDEX($A:$A,G300))-(INDEX($A:$A,MIN(LOOKUP(2,1/((($A$5:$A$120<>"")+($B$5:$B$120<>""))>0),ROW($A$5:$A$120)),G300+1))))*I300^2+(-(INDEX($A:$A,MAX(5,G300-2)))+3*(INDEX($A:$A,G300-1))-3*(INDEX($A:$A,G300))+(INDEX($A:$A,MIN(LOOKUP(2,1/((($A$5:$A$120<>"")+($B$5:$B$120<>""))>0),ROW($A$5:$A$120)),G300+1))))*I300^3),INDEX($A:$A,G300-1)+(INDEX($A:$A,G300)-INDEX($A:$A,G300-1))*I300))	=IF(G300="","",IF(INDEX($C:$C,G300)="C",0.5*(2*(INDEX($B:$B,G300-1))+(-(INDEX($B:$B,MAX(5,G300-2)))+(INDEX($B:$B,G300)))*I300+(2*(INDEX($B:$B,MAX(5,G300-2)))-5*(INDEX($B:$B,G300-1))+4*(INDEX($B:$B,G300))-(INDEX($B:$B,MIN(LOOKUP(2,1/((($A$5:$A$120<>"")+($B$5:$B$120<>""))>0),ROW($A$5:$A$120)),G300+1))))*I300^2+(-(INDEX($B:$B,MAX(5,G300-2)))+3*(INDEX($B:$B,G300-1))-3*(INDEX($B:$B,G300))+(INDEX($B:$B,MIN(LOOKUP(2,1/((($A$5:$A$120<>"")+($B$5:$B$120<>""))>0),ROW($A$5:$A$120)),G300+1))))*I300^3),INDEX($B:$B,G300-1)+(INDEX($B:$B,G300)-INDEX($B:$B,G300-1))*I300))	=IF(J300="","",IF(AND(J299<>"",J301<>""),(J301-J299)/2,IF(J301<>"",J301-J300,IF(J299<>"",J300-J299,""))))	=IF(K300="","",IF(AND(K299<>"",K301<>""),(K301-K299)/2,IF(K301<>"",K301-K300,IF(K299<>"",K300-K299,""))))	=IF(L300="","",MOD(DEGREES(ATAN2(L300,M300)),360))	=IF(N300="","",N300+$S$2)	=IF(O300="","","G1 X"&TEXT(J300,"0.###")&" Y"&TEXT(K300,"0.###")&" Z"&TEXT(O300,"0.###"))					
					=ROW()-5	=IF(OR(F301="",F301<=0,F301>LOOKUP(9.99999999999999E+307,$E$5:$E$120)),"",LOOKUP(F301-1,$E$5:$E$120,ROW($E$5:$E$120))+1)	=IF(G301="","",F301-INDEX($E:$E,G301-1))	=IF(G301="","",H301/INDEX($D:$D,G301))	=IF(G301="","",IF(INDEX($C:$C,G301)="C",0.5*(2*(INDEX($A:$A,G301-1))+(-(INDEX($A:$A,MAX(5,G301-2)))+(INDEX($A:$A,G301)))*I301+(2*(INDEX($A:$A,MAX(5,G301-2)))-5*(INDEX($A:$A,G301-1))+4*(INDEX($A:$A,G301))-(INDEX($A:$A,MIN(LOOKUP(2,1/((($A$5:$A$120<>"")+($B$5:$B$120<>""))>0),ROW($A$5:$A$120)),G301+1))))*I301^2+(-(INDEX($A:$A,MAX(5,G301-2)))+3*(INDEX($A:$A,G301-1))-3*(INDEX($A:$A,G301))+(INDEX($A:$A,MIN(LOOKUP(2,1/((($A$5:$A$120<>"")+($B$5:$B$120<>""))>0),ROW($A$5:$A$120)),G301+1))))*I301^3),INDEX($A:$A,G301-1)+(INDEX($A:$A,G301)-INDEX($A:$A,G301-1))*I301))	=IF(G301="","",IF(INDEX($C:$C,G301)="C",0.5*(2*(INDEX($B:$B,G301-1))+(-(INDEX($B:$B,MAX(5,G301-2)))+(INDEX($B:$B,G301)))*I301+(2*(INDEX($B:$B,MAX(5,G301-2)))-5*(INDEX($B:$B,G301-1))+4*(INDEX($B:$B,G301))-(INDEX($B:$B,MIN(LOOKUP(2,1/((($A$5:$A$120<>"")+($B$5:$B$120<>""))>0),ROW($A$5:$A$120)),G301+1))))*I301^2+(-(INDEX($B:$B,MAX(5,G301-2)))+3*(INDEX($B:$B,G301-1))-3*(INDEX($B:$B,G301))+(INDEX($B:$B,MIN(LOOKUP(2,1/((($A$5:$A$120<>"")+($B$5:$B$120<>""))>0),ROW($A$5:$A$120)),G301+1))))*I301^3),INDEX($B:$B,G301-1)+(INDEX($B:$B,G301)-INDEX($B:$B,G301-1))*I301))	=IF(J301="","",IF(AND(J300<>"",J302<>""),(J302-J300)/2,IF(J302<>"",J302-J301,IF(J300<>"",J301-J300,""))))	=IF(K301="","",IF(AND(K300<>"",K302<>""),(K302-K300)/2,IF(K302<>"",K302-K301,IF(K300<>"",K301-K300,""))))	=IF(L301="","",MOD(DEGREES(ATAN2(L301,M301)),360))	=IF(N301="","",N301+$S$2)	=IF(O301="","","G1 X"&TEXT(J301,"0.###")&" Y"&TEXT(K301,"0.###")&" Z"&TEXT(O301,"0.###"))					
					=ROW()-5	=IF(OR(F302="",F302<=0,F302>LOOKUP(9.99999999999999E+307,$E$5:$E$120)),"",LOOKUP(F302-1,$E$5:$E$120,ROW($E$5:$E$120))+1)	=IF(G302="","",F302-INDEX($E:$E,G302-1))	=IF(G302="","",H302/INDEX($D:$D,G302))	=IF(G302="","",IF(INDEX($C:$C,G302)="C",0.5*(2*(INDEX($A:$A,G302-1))+(-(INDEX($A:$A,MAX(5,G302-2)))+(INDEX($A:$A,G302)))*I302+(2*(INDEX($A:$A,MAX(5,G302-2)))-5*(INDEX($A:$A,G302-1))+4*(INDEX($A:$A,G302))-(INDEX($A:$A,MIN(LOOKUP(2,1/((($A$5:$A$120<>"")+($B$5:$B$120<>""))>0),ROW($A$5:$A$120)),G302+1))))*I302^2+(-(INDEX($A:$A,MAX(5,G302-2)))+3*(INDEX($A:$A,G302-1))-3*(INDEX($A:$A,G302))+(INDEX($A:$A,MIN(LOOKUP(2,1/((($A$5:$A$120<>"")+($B$5:$B$120<>""))>0),ROW($A$5:$A$120)),G302+1))))*I302^3),INDEX($A:$A,G302-1)+(INDEX($A:$A,G302)-INDEX($A:$A,G302-1))*I302))	=IF(G302="","",IF(INDEX($C:$C,G302)="C",0.5*(2*(INDEX($B:$B,G302-1))+(-(INDEX($B:$B,MAX(5,G302-2)))+(INDEX($B:$B,G302)))*I302+(2*(INDEX($B:$B,MAX(5,G302-2)))-5*(INDEX($B:$B,G302-1))+4*(INDEX($B:$B,G302))-(INDEX($B:$B,MIN(LOOKUP(2,1/((($A$5:$A$120<>"")+($B$5:$B$120<>""))>0),ROW($A$5:$A$120)),G302+1))))*I302^2+(-(INDEX($B:$B,MAX(5,G302-2)))+3*(INDEX($B:$B,G302-1))-3*(INDEX($B:$B,G302))+(INDEX($B:$B,MIN(LOOKUP(2,1/((($A$5:$A$120<>"")+($B$5:$B$120<>""))>0),ROW($A$5:$A$120)),G302+1))))*I302^3),INDEX($B:$B,G302-1)+(INDEX($B:$B,G302)-INDEX($B:$B,G302-1))*I302))	=IF(J302="","",IF(AND(J301<>"",J303<>""),(J303-J301)/2,IF(J303<>"",J303-J302,IF(J301<>"",J302-J301,""))))	=IF(K302="","",IF(AND(K301<>"",K303<>""),(K303-K301)/2,IF(K303<>"",K303-K302,IF(K301<>"",K302-K301,""))))	=IF(L302="","",MOD(DEGREES(ATAN2(L302,M302)),360))	=IF(N302="","",N302+$S$2)	=IF(O302="","","G1 X"&TEXT(J302,"0.###")&" Y"&TEXT(K302,"0.###")&" Z"&TEXT(O302,"0.###"))					
					=ROW()-5	=IF(OR(F303="",F303<=0,F303>LOOKUP(9.99999999999999E+307,$E$5:$E$120)),"",LOOKUP(F303-1,$E$5:$E$120,ROW($E$5:$E$120))+1)	=IF(G303="","",F303-INDEX($E:$E,G303-1))	=IF(G303="","",H303/INDEX($D:$D,G303))	=IF(G303="","",IF(INDEX($C:$C,G303)="C",0.5*(2*(INDEX($A:$A,G303-1))+(-(INDEX($A:$A,MAX(5,G303-2)))+(INDEX($A:$A,G303)))*I303+(2*(INDEX($A:$A,MAX(5,G303-2)))-5*(INDEX($A:$A,G303-1))+4*(INDEX($A:$A,G303))-(INDEX($A:$A,MIN(LOOKUP(2,1/((($A$5:$A$120<>"")+($B$5:$B$120<>""))>0),ROW($A$5:$A$120)),G303+1))))*I303^2+(-(INDEX($A:$A,MAX(5,G303-2)))+3*(INDEX($A:$A,G303-1))-3*(INDEX($A:$A,G303))+(INDEX($A:$A,MIN(LOOKUP(2,1/((($A$5:$A$120<>"")+($B$5:$B$120<>""))>0),ROW($A$5:$A$120)),G303+1))))*I303^3),INDEX($A:$A,G303-1)+(INDEX($A:$A,G303)-INDEX($A:$A,G303-1))*I303))	=IF(G303="","",IF(INDEX($C:$C,G303)="C",0.5*(2*(INDEX($B:$B,G303-1))+(-(INDEX($B:$B,MAX(5,G303-2)))+(INDEX($B:$B,G303)))*I303+(2*(INDEX($B:$B,MAX(5,G303-2)))-5*(INDEX($B:$B,G303-1))+4*(INDEX($B:$B,G303))-(INDEX($B:$B,MIN(LOOKUP(2,1/((($A$5:$A$120<>"")+($B$5:$B$120<>""))>0),ROW($A$5:$A$120)),G303+1))))*I303^2+(-(INDEX($B:$B,MAX(5,G303-2)))+3*(INDEX($B:$B,G303-1))-3*(INDEX($B:$B,G303))+(INDEX($B:$B,MIN(LOOKUP(2,1/((($A$5:$A$120<>"")+($B$5:$B$120<>""))>0),ROW($A$5:$A$120)),G303+1))))*I303^3),INDEX($B:$B,G303-1)+(INDEX($B:$B,G303)-INDEX($B:$B,G303-1))*I303))	=IF(J303="","",IF(AND(J302<>"",J304<>""),(J304-J302)/2,IF(J304<>"",J304-J303,IF(J302<>"",J303-J302,""))))	=IF(K303="","",IF(AND(K302<>"",K304<>""),(K304-K302)/2,IF(K304<>"",K304-K303,IF(K302<>"",K303-K302,""))))	=IF(L303="","",MOD(DEGREES(ATAN2(L303,M303)),360))	=IF(N303="","",N303+$S$2)	=IF(O303="","","G1 X"&TEXT(J303,"0.###")&" Y"&TEXT(K303,"0.###")&" Z"&TEXT(O303,"0.###"))					
					=ROW()-5	=IF(OR(F304="",F304<=0,F304>LOOKUP(9.99999999999999E+307,$E$5:$E$120)),"",LOOKUP(F304-1,$E$5:$E$120,ROW($E$5:$E$120))+1)	=IF(G304="","",F304-INDEX($E:$E,G304-1))	=IF(G304="","",H304/INDEX($D:$D,G304))	=IF(G304="","",IF(INDEX($C:$C,G304)="C",0.5*(2*(INDEX($A:$A,G304-1))+(-(INDEX($A:$A,MAX(5,G304-2)))+(INDEX($A:$A,G304)))*I304+(2*(INDEX($A:$A,MAX(5,G304-2)))-5*(INDEX($A:$A,G304-1))+4*(INDEX($A:$A,G304))-(INDEX($A:$A,MIN(LOOKUP(2,1/((($A$5:$A$120<>"")+($B$5:$B$120<>""))>0),ROW($A$5:$A$120)),G304+1))))*I304^2+(-(INDEX($A:$A,MAX(5,G304-2)))+3*(INDEX($A:$A,G304-1))-3*(INDEX($A:$A,G304))+(INDEX($A:$A,MIN(LOOKUP(2,1/((($A$5:$A$120<>"")+($B$5:$B$120<>""))>0),ROW($A$5:$A$120)),G304+1))))*I304^3),INDEX($A:$A,G304-1)+(INDEX($A:$A,G304)-INDEX($A:$A,G304-1))*I304))	=IF(G304="","",IF(INDEX($C:$C,G304)="C",0.5*(2*(INDEX($B:$B,G304-1))+(-(INDEX($B:$B,MAX(5,G304-2)))+(INDEX($B:$B,G304)))*I304+(2*(INDEX($B:$B,MAX(5,G304-2)))-5*(INDEX($B:$B,G304-1))+4*(INDEX($B:$B,G304))-(INDEX($B:$B,MIN(LOOKUP(2,1/((($A$5:$A$120<>"")+($B$5:$B$120<>""))>0),ROW($A$5:$A$120)),G304+1))))*I304^2+(-(INDEX($B:$B,MAX(5,G304-2)))+3*(INDEX($B:$B,G304-1))-3*(INDEX($B:$B,G304))+(INDEX($B:$B,MIN(LOOKUP(2,1/((($A$5:$A$120<>"")+($B$5:$B$120<>""))>0),ROW($A$5:$A$120)),G304+1))))*I304^3),INDEX($B:$B,G304-1)+(INDEX($B:$B,G304)-INDEX($B:$B,G304-1))*I304))	=IF(J304="","",IF(AND(J303<>"",J305<>""),(J305-J303)/2,IF(J305<>"",J305-J304,IF(J303<>"",J304-J303,""))))	=IF(K304="","",IF(AND(K303<>"",K305<>""),(K305-K303)/2,IF(K305<>"",K305-K304,IF(K303<>"",K304-K303,""))))	=IF(L304="","",MOD(DEGREES(ATAN2(L304,M304)),360))	=IF(N304="","",N304+$S$2)	=IF(O304="","","G1 X"&TEXT(J304,"0.###")&" Y"&TEXT(K304,"0.###")&" Z"&TEXT(O304,"0.###"))					
					=ROW()-5	=IF(OR(F305="",F305<=0,F305>LOOKUP(9.99999999999999E+307,$E$5:$E$120)),"",LOOKUP(F305-1,$E$5:$E$120,ROW($E$5:$E$120))+1)	=IF(G305="","",F305-INDEX($E:$E,G305-1))	=IF(G305="","",H305/INDEX($D:$D,G305))	=IF(G305="","",IF(INDEX($C:$C,G305)="C",0.5*(2*(INDEX($A:$A,G305-1))+(-(INDEX($A:$A,MAX(5,G305-2)))+(INDEX($A:$A,G305)))*I305+(2*(INDEX($A:$A,MAX(5,G305-2)))-5*(INDEX($A:$A,G305-1))+4*(INDEX($A:$A,G305))-(INDEX($A:$A,MIN(LOOKUP(2,1/((($A$5:$A$120<>"")+($B$5:$B$120<>""))>0),ROW($A$5:$A$120)),G305+1))))*I305^2+(-(INDEX($A:$A,MAX(5,G305-2)))+3*(INDEX($A:$A,G305-1))-3*(INDEX($A:$A,G305))+(INDEX($A:$A,MIN(LOOKUP(2,1/((($A$5:$A$120<>"")+($B$5:$B$120<>""))>0),ROW($A$5:$A$120)),G305+1))))*I305^3),INDEX($A:$A,G305-1)+(INDEX($A:$A,G305)-INDEX($A:$A,G305-1))*I305))	=IF(G305="","",IF(INDEX($C:$C,G305)="C",0.5*(2*(INDEX($B:$B,G305-1))+(-(INDEX($B:$B,MAX(5,G305-2)))+(INDEX($B:$B,G305)))*I305+(2*(INDEX($B:$B,MAX(5,G305-2)))-5*(INDEX($B:$B,G305-1))+4*(INDEX($B:$B,G305))-(INDEX($B:$B,MIN(LOOKUP(2,1/((($A$5:$A$120<>"")+($B$5:$B$120<>""))>0),ROW($A$5:$A$120)),G305+1))))*I305^2+(-(INDEX($B:$B,MAX(5,G305-2)))+3*(INDEX($B:$B,G305-1))-3*(INDEX($B:$B,G305))+(INDEX($B:$B,MIN(LOOKUP(2,1/((($A$5:$A$120<>"")+($B$5:$B$120<>""))>0),ROW($A$5:$A$120)),G305+1))))*I305^3),INDEX($B:$B,G305-1)+(INDEX($B:$B,G305)-INDEX($B:$B,G305-1))*I305))	=IF(J305="","",IF(AND(J304<>"",J306<>""),(J306-J304)/2,IF(J306<>"",J306-J305,IF(J304<>"",J305-J304,""))))	=IF(K305="","",IF(AND(K304<>"",K306<>""),(K306-K304)/2,IF(K306<>"",K306-K305,IF(K304<>"",K305-K304,""))))	=IF(L305="","",MOD(DEGREES(ATAN2(L305,M305)),360))	=IF(N305="","",N305+$S$2)	=IF(O305="","","G1 X"&TEXT(J305,"0.###")&" Y"&TEXT(K305,"0.###")&" Z"&TEXT(O305,"0.###"))					
					=ROW()-5	=IF(OR(F306="",F306<=0,F306>LOOKUP(9.99999999999999E+307,$E$5:$E$120)),"",LOOKUP(F306-1,$E$5:$E$120,ROW($E$5:$E$120))+1)	=IF(G306="","",F306-INDEX($E:$E,G306-1))	=IF(G306="","",H306/INDEX($D:$D,G306))	=IF(G306="","",IF(INDEX($C:$C,G306)="C",0.5*(2*(INDEX($A:$A,G306-1))+(-(INDEX($A:$A,MAX(5,G306-2)))+(INDEX($A:$A,G306)))*I306+(2*(INDEX($A:$A,MAX(5,G306-2)))-5*(INDEX($A:$A,G306-1))+4*(INDEX($A:$A,G306))-(INDEX($A:$A,MIN(LOOKUP(2,1/((($A$5:$A$120<>"")+($B$5:$B$120<>""))>0),ROW($A$5:$A$120)),G306+1))))*I306^2+(-(INDEX($A:$A,MAX(5,G306-2)))+3*(INDEX($A:$A,G306-1))-3*(INDEX($A:$A,G306))+(INDEX($A:$A,MIN(LOOKUP(2,1/((($A$5:$A$120<>"")+($B$5:$B$120<>""))>0),ROW($A$5:$A$120)),G306+1))))*I306^3),INDEX($A:$A,G306-1)+(INDEX($A:$A,G306)-INDEX($A:$A,G306-1))*I306))	=IF(G306="","",IF(INDEX($C:$C,G306)="C",0.5*(2*(INDEX($B:$B,G306-1))+(-(INDEX($B:$B,MAX(5,G306-2)))+(INDEX($B:$B,G306)))*I306+(2*(INDEX($B:$B,MAX(5,G306-2)))-5*(INDEX($B:$B,G306-1))+4*(INDEX($B:$B,G306))-(INDEX($B:$B,MIN(LOOKUP(2,1/((($A$5:$A$120<>"")+($B$5:$B$120<>""))>0),ROW($A$5:$A$120)),G306+1))))*I306^2+(-(INDEX($B:$B,MAX(5,G306-2)))+3*(INDEX($B:$B,G306-1))-3*(INDEX($B:$B,G306))+(INDEX($B:$B,MIN(LOOKUP(2,1/((($A$5:$A$120<>"")+($B$5:$B$120<>""))>0),ROW($A$5:$A$120)),G306+1))))*I306^3),INDEX($B:$B,G306-1)+(INDEX($B:$B,G306)-INDEX($B:$B,G306-1))*I306))	=IF(J306="","",IF(AND(J305<>"",J307<>""),(J307-J305)/2,IF(J307<>"",J307-J306,IF(J305<>"",J306-J305,""))))	=IF(K306="","",IF(AND(K305<>"",K307<>""),(K307-K305)/2,IF(K307<>"",K307-K306,IF(K305<>"",K306-K305,""))))	=IF(L306="","",MOD(DEGREES(ATAN2(L306,M306)),360))	=IF(N306="","",N306+$S$2)	=IF(O306="","","G1 X"&TEXT(J306,"0.###")&" Y"&TEXT(K306,"0.###")&" Z"&TEXT(O306,"0.###"))					
					=ROW()-5	=IF(OR(F307="",F307<=0,F307>LOOKUP(9.99999999999999E+307,$E$5:$E$120)),"",LOOKUP(F307-1,$E$5:$E$120,ROW($E$5:$E$120))+1)	=IF(G307="","",F307-INDEX($E:$E,G307-1))	=IF(G307="","",H307/INDEX($D:$D,G307))	=IF(G307="","",IF(INDEX($C:$C,G307)="C",0.5*(2*(INDEX($A:$A,G307-1))+(-(INDEX($A:$A,MAX(5,G307-2)))+(INDEX($A:$A,G307)))*I307+(2*(INDEX($A:$A,MAX(5,G307-2)))-5*(INDEX($A:$A,G307-1))+4*(INDEX($A:$A,G307))-(INDEX($A:$A,MIN(LOOKUP(2,1/((($A$5:$A$120<>"")+($B$5:$B$120<>""))>0),ROW($A$5:$A$120)),G307+1))))*I307^2+(-(INDEX($A:$A,MAX(5,G307-2)))+3*(INDEX($A:$A,G307-1))-3*(INDEX($A:$A,G307))+(INDEX($A:$A,MIN(LOOKUP(2,1/((($A$5:$A$120<>"")+($B$5:$B$120<>""))>0),ROW($A$5:$A$120)),G307+1))))*I307^3),INDEX($A:$A,G307-1)+(INDEX($A:$A,G307)-INDEX($A:$A,G307-1))*I307))	=IF(G307="","",IF(INDEX($C:$C,G307)="C",0.5*(2*(INDEX($B:$B,G307-1))+(-(INDEX($B:$B,MAX(5,G307-2)))+(INDEX($B:$B,G307)))*I307+(2*(INDEX($B:$B,MAX(5,G307-2)))-5*(INDEX($B:$B,G307-1))+4*(INDEX($B:$B,G307))-(INDEX($B:$B,MIN(LOOKUP(2,1/((($A$5:$A$120<>"")+($B$5:$B$120<>""))>0),ROW($A$5:$A$120)),G307+1))))*I307^2+(-(INDEX($B:$B,MAX(5,G307-2)))+3*(INDEX($B:$B,G307-1))-3*(INDEX($B:$B,G307))+(INDEX($B:$B,MIN(LOOKUP(2,1/((($A$5:$A$120<>"")+($B$5:$B$120<>""))>0),ROW($A$5:$A$120)),G307+1))))*I307^3),INDEX($B:$B,G307-1)+(INDEX($B:$B,G307)-INDEX($B:$B,G307-1))*I307))	=IF(J307="","",IF(AND(J306<>"",J308<>""),(J308-J306)/2,IF(J308<>"",J308-J307,IF(J306<>"",J307-J306,""))))	=IF(K307="","",IF(AND(K306<>"",K308<>""),(K308-K306)/2,IF(K308<>"",K308-K307,IF(K306<>"",K307-K306,""))))	=IF(L307="","",MOD(DEGREES(ATAN2(L307,M307)),360))	=IF(N307="","",N307+$S$2)	=IF(O307="","","G1 X"&TEXT(J307,"0.###")&" Y"&TEXT(K307,"0.###")&" Z"&TEXT(O307,"0.###"))					
					=ROW()-5	=IF(OR(F308="",F308<=0,F308>LOOKUP(9.99999999999999E+307,$E$5:$E$120)),"",LOOKUP(F308-1,$E$5:$E$120,ROW($E$5:$E$120))+1)	=IF(G308="","",F308-INDEX($E:$E,G308-1))	=IF(G308="","",H308/INDEX($D:$D,G308))	=IF(G308="","",IF(INDEX($C:$C,G308)="C",0.5*(2*(INDEX($A:$A,G308-1))+(-(INDEX($A:$A,MAX(5,G308-2)))+(INDEX($A:$A,G308)))*I308+(2*(INDEX($A:$A,MAX(5,G308-2)))-5*(INDEX($A:$A,G308-1))+4*(INDEX($A:$A,G308))-(INDEX($A:$A,MIN(LOOKUP(2,1/((($A$5:$A$120<>"")+($B$5:$B$120<>""))>0),ROW($A$5:$A$120)),G308+1))))*I308^2+(-(INDEX($A:$A,MAX(5,G308-2)))+3*(INDEX($A:$A,G308-1))-3*(INDEX($A:$A,G308))+(INDEX($A:$A,MIN(LOOKUP(2,1/((($A$5:$A$120<>"")+($B$5:$B$120<>""))>0),ROW($A$5:$A$120)),G308+1))))*I308^3),INDEX($A:$A,G308-1)+(INDEX($A:$A,G308)-INDEX($A:$A,G308-1))*I308))	=IF(G308="","",IF(INDEX($C:$C,G308)="C",0.5*(2*(INDEX($B:$B,G308-1))+(-(INDEX($B:$B,MAX(5,G308-2)))+(INDEX($B:$B,G308)))*I308+(2*(INDEX($B:$B,MAX(5,G308-2)))-5*(INDEX($B:$B,G308-1))+4*(INDEX($B:$B,G308))-(INDEX($B:$B,MIN(LOOKUP(2,1/((($A$5:$A$120<>"")+($B$5:$B$120<>""))>0),ROW($A$5:$A$120)),G308+1))))*I308^2+(-(INDEX($B:$B,MAX(5,G308-2)))+3*(INDEX($B:$B,G308-1))-3*(INDEX($B:$B,G308))+(INDEX($B:$B,MIN(LOOKUP(2,1/((($A$5:$A$120<>"")+($B$5:$B$120<>""))>0),ROW($A$5:$A$120)),G308+1))))*I308^3),INDEX($B:$B,G308-1)+(INDEX($B:$B,G308)-INDEX($B:$B,G308-1))*I308))	=IF(J308="","",IF(AND(J307<>"",J309<>""),(J309-J307)/2,IF(J309<>"",J309-J308,IF(J307<>"",J308-J307,""))))	=IF(K308="","",IF(AND(K307<>"",K309<>""),(K309-K307)/2,IF(K309<>"",K309-K308,IF(K307<>"",K308-K307,""))))	=IF(L308="","",MOD(DEGREES(ATAN2(L308,M308)),360))	=IF(N308="","",N308+$S$2)	=IF(O308="","","G1 X"&TEXT(J308,"0.###")&" Y"&TEXT(K308,"0.###")&" Z"&TEXT(O308,"0.###"))					
					=ROW()-5	=IF(OR(F309="",F309<=0,F309>LOOKUP(9.99999999999999E+307,$E$5:$E$120)),"",LOOKUP(F309-1,$E$5:$E$120,ROW($E$5:$E$120))+1)	=IF(G309="","",F309-INDEX($E:$E,G309-1))	=IF(G309="","",H309/INDEX($D:$D,G309))	=IF(G309="","",IF(INDEX($C:$C,G309)="C",0.5*(2*(INDEX($A:$A,G309-1))+(-(INDEX($A:$A,MAX(5,G309-2)))+(INDEX($A:$A,G309)))*I309+(2*(INDEX($A:$A,MAX(5,G309-2)))-5*(INDEX($A:$A,G309-1))+4*(INDEX($A:$A,G309))-(INDEX($A:$A,MIN(LOOKUP(2,1/((($A$5:$A$120<>"")+($B$5:$B$120<>""))>0),ROW($A$5:$A$120)),G309+1))))*I309^2+(-(INDEX($A:$A,MAX(5,G309-2)))+3*(INDEX($A:$A,G309-1))-3*(INDEX($A:$A,G309))+(INDEX($A:$A,MIN(LOOKUP(2,1/((($A$5:$A$120<>"")+($B$5:$B$120<>""))>0),ROW($A$5:$A$120)),G309+1))))*I309^3),INDEX($A:$A,G309-1)+(INDEX($A:$A,G309)-INDEX($A:$A,G309-1))*I309))	=IF(G309="","",IF(INDEX($C:$C,G309)="C",0.5*(2*(INDEX($B:$B,G309-1))+(-(INDEX($B:$B,MAX(5,G309-2)))+(INDEX($B:$B,G309)))*I309+(2*(INDEX($B:$B,MAX(5,G309-2)))-5*(INDEX($B:$B,G309-1))+4*(INDEX($B:$B,G309))-(INDEX($B:$B,MIN(LOOKUP(2,1/((($A$5:$A$120<>"")+($B$5:$B$120<>""))>0),ROW($A$5:$A$120)),G309+1))))*I309^2+(-(INDEX($B:$B,MAX(5,G309-2)))+3*(INDEX($B:$B,G309-1))-3*(INDEX($B:$B,G309))+(INDEX($B:$B,MIN(LOOKUP(2,1/((($A$5:$A$120<>"")+($B$5:$B$120<>""))>0),ROW($A$5:$A$120)),G309+1))))*I309^3),INDEX($B:$B,G309-1)+(INDEX($B:$B,G309)-INDEX($B:$B,G309-1))*I309))	=IF(J309="","",IF(AND(J308<>"",J310<>""),(J310-J308)/2,IF(J310<>"",J310-J309,IF(J308<>"",J309-J308,""))))	=IF(K309="","",IF(AND(K308<>"",K310<>""),(K310-K308)/2,IF(K310<>"",K310-K309,IF(K308<>"",K309-K308,""))))	=IF(L309="","",MOD(DEGREES(ATAN2(L309,M309)),360))	=IF(N309="","",N309+$S$2)	=IF(O309="","","G1 X"&TEXT(J309,"0.###")&" Y"&TEXT(K309,"0.###")&" Z"&TEXT(O309,"0.###"))					
					=ROW()-5	=IF(OR(F310="",F310<=0,F310>LOOKUP(9.99999999999999E+307,$E$5:$E$120)),"",LOOKUP(F310-1,$E$5:$E$120,ROW($E$5:$E$120))+1)	=IF(G310="","",F310-INDEX($E:$E,G310-1))	=IF(G310="","",H310/INDEX($D:$D,G310))	=IF(G310="","",IF(INDEX($C:$C,G310)="C",0.5*(2*(INDEX($A:$A,G310-1))+(-(INDEX($A:$A,MAX(5,G310-2)))+(INDEX($A:$A,G310)))*I310+(2*(INDEX($A:$A,MAX(5,G310-2)))-5*(INDEX($A:$A,G310-1))+4*(INDEX($A:$A,G310))-(INDEX($A:$A,MIN(LOOKUP(2,1/((($A$5:$A$120<>"")+($B$5:$B$120<>""))>0),ROW($A$5:$A$120)),G310+1))))*I310^2+(-(INDEX($A:$A,MAX(5,G310-2)))+3*(INDEX($A:$A,G310-1))-3*(INDEX($A:$A,G310))+(INDEX($A:$A,MIN(LOOKUP(2,1/((($A$5:$A$120<>"")+($B$5:$B$120<>""))>0),ROW($A$5:$A$120)),G310+1))))*I310^3),INDEX($A:$A,G310-1)+(INDEX($A:$A,G310)-INDEX($A:$A,G310-1))*I310))	=IF(G310="","",IF(INDEX($C:$C,G310)="C",0.5*(2*(INDEX($B:$B,G310-1))+(-(INDEX($B:$B,MAX(5,G310-2)))+(INDEX($B:$B,G310)))*I310+(2*(INDEX($B:$B,MAX(5,G310-2)))-5*(INDEX($B:$B,G310-1))+4*(INDEX($B:$B,G310))-(INDEX($B:$B,MIN(LOOKUP(2,1/((($A$5:$A$120<>"")+($B$5:$B$120<>""))>0),ROW($A$5:$A$120)),G310+1))))*I310^2+(-(INDEX($B:$B,MAX(5,G310-2)))+3*(INDEX($B:$B,G310-1))-3*(INDEX($B:$B,G310))+(INDEX($B:$B,MIN(LOOKUP(2,1/((($A$5:$A$120<>"")+($B$5:$B$120<>""))>0),ROW($A$5:$A$120)),G310+1))))*I310^3),INDEX($B:$B,G310-1)+(INDEX($B:$B,G310)-INDEX($B:$B,G310-1))*I310))	=IF(J310="","",IF(AND(J309<>"",J311<>""),(J311-J309)/2,IF(J311<>"",J311-J310,IF(J309<>"",J310-J309,""))))	=IF(K310="","",IF(AND(K309<>"",K311<>""),(K311-K309)/2,IF(K311<>"",K311-K310,IF(K309<>"",K310-K309,""))))	=IF(L310="","",MOD(DEGREES(ATAN2(L310,M310)),360))	=IF(N310="","",N310+$S$2)	=IF(O310="","","G1 X"&TEXT(J310,"0.###")&" Y"&TEXT(K310,"0.###")&" Z"&TEXT(O310,"0.###"))					
					=ROW()-5	=IF(OR(F311="",F311<=0,F311>LOOKUP(9.99999999999999E+307,$E$5:$E$120)),"",LOOKUP(F311-1,$E$5:$E$120,ROW($E$5:$E$120))+1)	=IF(G311="","",F311-INDEX($E:$E,G311-1))	=IF(G311="","",H311/INDEX($D:$D,G311))	=IF(G311="","",IF(INDEX($C:$C,G311)="C",0.5*(2*(INDEX($A:$A,G311-1))+(-(INDEX($A:$A,MAX(5,G311-2)))+(INDEX($A:$A,G311)))*I311+(2*(INDEX($A:$A,MAX(5,G311-2)))-5*(INDEX($A:$A,G311-1))+4*(INDEX($A:$A,G311))-(INDEX($A:$A,MIN(LOOKUP(2,1/((($A$5:$A$120<>"")+($B$5:$B$120<>""))>0),ROW($A$5:$A$120)),G311+1))))*I311^2+(-(INDEX($A:$A,MAX(5,G311-2)))+3*(INDEX($A:$A,G311-1))-3*(INDEX($A:$A,G311))+(INDEX($A:$A,MIN(LOOKUP(2,1/((($A$5:$A$120<>"")+($B$5:$B$120<>""))>0),ROW($A$5:$A$120)),G311+1))))*I311^3),INDEX($A:$A,G311-1)+(INDEX($A:$A,G311)-INDEX($A:$A,G311-1))*I311))	=IF(G311="","",IF(INDEX($C:$C,G311)="C",0.5*(2*(INDEX($B:$B,G311-1))+(-(INDEX($B:$B,MAX(5,G311-2)))+(INDEX($B:$B,G311)))*I311+(2*(INDEX($B:$B,MAX(5,G311-2)))-5*(INDEX($B:$B,G311-1))+4*(INDEX($B:$B,G311))-(INDEX($B:$B,MIN(LOOKUP(2,1/((($A$5:$A$120<>"")+($B$5:$B$120<>""))>0),ROW($A$5:$A$120)),G311+1))))*I311^2+(-(INDEX($B:$B,MAX(5,G311-2)))+3*(INDEX($B:$B,G311-1))-3*(INDEX($B:$B,G311))+(INDEX($B:$B,MIN(LOOKUP(2,1/((($A$5:$A$120<>"")+($B$5:$B$120<>""))>0),ROW($A$5:$A$120)),G311+1))))*I311^3),INDEX($B:$B,G311-1)+(INDEX($B:$B,G311)-INDEX($B:$B,G311-1))*I311))	=IF(J311="","",IF(AND(J310<>"",J312<>""),(J312-J310)/2,IF(J312<>"",J312-J311,IF(J310<>"",J311-J310,""))))	=IF(K311="","",IF(AND(K310<>"",K312<>""),(K312-K310)/2,IF(K312<>"",K312-K311,IF(K310<>"",K311-K310,""))))	=IF(L311="","",MOD(DEGREES(ATAN2(L311,M311)),360))	=IF(N311="","",N311+$S$2)	=IF(O311="","","G1 X"&TEXT(J311,"0.###")&" Y"&TEXT(K311,"0.###")&" Z"&TEXT(O311,"0.###"))					
					=ROW()-5	=IF(OR(F312="",F312<=0,F312>LOOKUP(9.99999999999999E+307,$E$5:$E$120)),"",LOOKUP(F312-1,$E$5:$E$120,ROW($E$5:$E$120))+1)	=IF(G312="","",F312-INDEX($E:$E,G312-1))	=IF(G312="","",H312/INDEX($D:$D,G312))	=IF(G312="","",IF(INDEX($C:$C,G312)="C",0.5*(2*(INDEX($A:$A,G312-1))+(-(INDEX($A:$A,MAX(5,G312-2)))+(INDEX($A:$A,G312)))*I312+(2*(INDEX($A:$A,MAX(5,G312-2)))-5*(INDEX($A:$A,G312-1))+4*(INDEX($A:$A,G312))-(INDEX($A:$A,MIN(LOOKUP(2,1/((($A$5:$A$120<>"")+($B$5:$B$120<>""))>0),ROW($A$5:$A$120)),G312+1))))*I312^2+(-(INDEX($A:$A,MAX(5,G312-2)))+3*(INDEX($A:$A,G312-1))-3*(INDEX($A:$A,G312))+(INDEX($A:$A,MIN(LOOKUP(2,1/((($A$5:$A$120<>"")+($B$5:$B$120<>""))>0),ROW($A$5:$A$120)),G312+1))))*I312^3),INDEX($A:$A,G312-1)+(INDEX($A:$A,G312)-INDEX($A:$A,G312-1))*I312))	=IF(G312="","",IF(INDEX($C:$C,G312)="C",0.5*(2*(INDEX($B:$B,G312-1))+(-(INDEX($B:$B,MAX(5,G312-2)))+(INDEX($B:$B,G312)))*I312+(2*(INDEX($B:$B,MAX(5,G312-2)))-5*(INDEX($B:$B,G312-1))+4*(INDEX($B:$B,G312))-(INDEX($B:$B,MIN(LOOKUP(2,1/((($A$5:$A$120<>"")+($B$5:$B$120<>""))>0),ROW($A$5:$A$120)),G312+1))))*I312^2+(-(INDEX($B:$B,MAX(5,G312-2)))+3*(INDEX($B:$B,G312-1))-3*(INDEX($B:$B,G312))+(INDEX($B:$B,MIN(LOOKUP(2,1/((($A$5:$A$120<>"")+($B$5:$B$120<>""))>0),ROW($A$5:$A$120)),G312+1))))*I312^3),INDEX($B:$B,G312-1)+(INDEX($B:$B,G312)-INDEX($B:$B,G312-1))*I312))	=IF(J312="","",IF(AND(J311<>"",J313<>""),(J313-J311)/2,IF(J313<>"",J313-J312,IF(J311<>"",J312-J311,""))))	=IF(K312="","",IF(AND(K311<>"",K313<>""),(K313-K311)/2,IF(K313<>"",K313-K312,IF(K311<>"",K312-K311,""))))	=IF(L312="","",MOD(DEGREES(ATAN2(L312,M312)),360))	=IF(N312="","",N312+$S$2)	=IF(O312="","","G1 X"&TEXT(J312,"0.###")&" Y"&TEXT(K312,"0.###")&" Z"&TEXT(O312,"0.###"))					
					=ROW()-5	=IF(OR(F313="",F313<=0,F313>LOOKUP(9.99999999999999E+307,$E$5:$E$120)),"",LOOKUP(F313-1,$E$5:$E$120,ROW($E$5:$E$120))+1)	=IF(G313="","",F313-INDEX($E:$E,G313-1))	=IF(G313="","",H313/INDEX($D:$D,G313))	=IF(G313="","",IF(INDEX($C:$C,G313)="C",0.5*(2*(INDEX($A:$A,G313-1))+(-(INDEX($A:$A,MAX(5,G313-2)))+(INDEX($A:$A,G313)))*I313+(2*(INDEX($A:$A,MAX(5,G313-2)))-5*(INDEX($A:$A,G313-1))+4*(INDEX($A:$A,G313))-(INDEX($A:$A,MIN(LOOKUP(2,1/((($A$5:$A$120<>"")+($B$5:$B$120<>""))>0),ROW($A$5:$A$120)),G313+1))))*I313^2+(-(INDEX($A:$A,MAX(5,G313-2)))+3*(INDEX($A:$A,G313-1))-3*(INDEX($A:$A,G313))+(INDEX($A:$A,MIN(LOOKUP(2,1/((($A$5:$A$120<>"")+($B$5:$B$120<>""))>0),ROW($A$5:$A$120)),G313+1))))*I313^3),INDEX($A:$A,G313-1)+(INDEX($A:$A,G313)-INDEX($A:$A,G313-1))*I313))	=IF(G313="","",IF(INDEX($C:$C,G313)="C",0.5*(2*(INDEX($B:$B,G313-1))+(-(INDEX($B:$B,MAX(5,G313-2)))+(INDEX($B:$B,G313)))*I313+(2*(INDEX($B:$B,MAX(5,G313-2)))-5*(INDEX($B:$B,G313-1))+4*(INDEX($B:$B,G313))-(INDEX($B:$B,MIN(LOOKUP(2,1/((($A$5:$A$120<>"")+($B$5:$B$120<>""))>0),ROW($A$5:$A$120)),G313+1))))*I313^2+(-(INDEX($B:$B,MAX(5,G313-2)))+3*(INDEX($B:$B,G313-1))-3*(INDEX($B:$B,G313))+(INDEX($B:$B,MIN(LOOKUP(2,1/((($A$5:$A$120<>"")+($B$5:$B$120<>""))>0),ROW($A$5:$A$120)),G313+1))))*I313^3),INDEX($B:$B,G313-1)+(INDEX($B:$B,G313)-INDEX($B:$B,G313-1))*I313))	=IF(J313="","",IF(AND(J312<>"",J314<>""),(J314-J312)/2,IF(J314<>"",J314-J313,IF(J312<>"",J313-J312,""))))	=IF(K313="","",IF(AND(K312<>"",K314<>""),(K314-K312)/2,IF(K314<>"",K314-K313,IF(K312<>"",K313-K312,""))))	=IF(L313="","",MOD(DEGREES(ATAN2(L313,M313)),360))	=IF(N313="","",N313+$S$2)	=IF(O313="","","G1 X"&TEXT(J313,"0.###")&" Y"&TEXT(K313,"0.###")&" Z"&TEXT(O313,"0.###"))					
					=ROW()-5	=IF(OR(F314="",F314<=0,F314>LOOKUP(9.99999999999999E+307,$E$5:$E$120)),"",LOOKUP(F314-1,$E$5:$E$120,ROW($E$5:$E$120))+1)	=IF(G314="","",F314-INDEX($E:$E,G314-1))	=IF(G314="","",H314/INDEX($D:$D,G314))	=IF(G314="","",IF(INDEX($C:$C,G314)="C",0.5*(2*(INDEX($A:$A,G314-1))+(-(INDEX($A:$A,MAX(5,G314-2)))+(INDEX($A:$A,G314)))*I314+(2*(INDEX($A:$A,MAX(5,G314-2)))-5*(INDEX($A:$A,G314-1))+4*(INDEX($A:$A,G314))-(INDEX($A:$A,MIN(LOOKUP(2,1/((($A$5:$A$120<>"")+($B$5:$B$120<>""))>0),ROW($A$5:$A$120)),G314+1))))*I314^2+(-(INDEX($A:$A,MAX(5,G314-2)))+3*(INDEX($A:$A,G314-1))-3*(INDEX($A:$A,G314))+(INDEX($A:$A,MIN(LOOKUP(2,1/((($A$5:$A$120<>"")+($B$5:$B$120<>""))>0),ROW($A$5:$A$120)),G314+1))))*I314^3),INDEX($A:$A,G314-1)+(INDEX($A:$A,G314)-INDEX($A:$A,G314-1))*I314))	=IF(G314="","",IF(INDEX($C:$C,G314)="C",0.5*(2*(INDEX($B:$B,G314-1))+(-(INDEX($B:$B,MAX(5,G314-2)))+(INDEX($B:$B,G314)))*I314+(2*(INDEX($B:$B,MAX(5,G314-2)))-5*(INDEX($B:$B,G314-1))+4*(INDEX($B:$B,G314))-(INDEX($B:$B,MIN(LOOKUP(2,1/((($A$5:$A$120<>"")+($B$5:$B$120<>""))>0),ROW($A$5:$A$120)),G314+1))))*I314^2+(-(INDEX($B:$B,MAX(5,G314-2)))+3*(INDEX($B:$B,G314-1))-3*(INDEX($B:$B,G314))+(INDEX($B:$B,MIN(LOOKUP(2,1/((($A$5:$A$120<>"")+($B$5:$B$120<>""))>0),ROW($A$5:$A$120)),G314+1))))*I314^3),INDEX($B:$B,G314-1)+(INDEX($B:$B,G314)-INDEX($B:$B,G314-1))*I314))	=IF(J314="","",IF(AND(J313<>"",J315<>""),(J315-J313)/2,IF(J315<>"",J315-J314,IF(J313<>"",J314-J313,""))))	=IF(K314="","",IF(AND(K313<>"",K315<>""),(K315-K313)/2,IF(K315<>"",K315-K314,IF(K313<>"",K314-K313,""))))	=IF(L314="","",MOD(DEGREES(ATAN2(L314,M314)),360))	=IF(N314="","",N314+$S$2)	=IF(O314="","","G1 X"&TEXT(J314,"0.###")&" Y"&TEXT(K314,"0.###")&" Z"&TEXT(O314,"0.###"))					
					=ROW()-5	=IF(OR(F315="",F315<=0,F315>LOOKUP(9.99999999999999E+307,$E$5:$E$120)),"",LOOKUP(F315-1,$E$5:$E$120,ROW($E$5:$E$120))+1)	=IF(G315="","",F315-INDEX($E:$E,G315-1))	=IF(G315="","",H315/INDEX($D:$D,G315))	=IF(G315="","",IF(INDEX($C:$C,G315)="C",0.5*(2*(INDEX($A:$A,G315-1))+(-(INDEX($A:$A,MAX(5,G315-2)))+(INDEX($A:$A,G315)))*I315+(2*(INDEX($A:$A,MAX(5,G315-2)))-5*(INDEX($A:$A,G315-1))+4*(INDEX($A:$A,G315))-(INDEX($A:$A,MIN(LOOKUP(2,1/((($A$5:$A$120<>"")+($B$5:$B$120<>""))>0),ROW($A$5:$A$120)),G315+1))))*I315^2+(-(INDEX($A:$A,MAX(5,G315-2)))+3*(INDEX($A:$A,G315-1))-3*(INDEX($A:$A,G315))+(INDEX($A:$A,MIN(LOOKUP(2,1/((($A$5:$A$120<>"")+($B$5:$B$120<>""))>0),ROW($A$5:$A$120)),G315+1))))*I315^3),INDEX($A:$A,G315-1)+(INDEX($A:$A,G315)-INDEX($A:$A,G315-1))*I315))	=IF(G315="","",IF(INDEX($C:$C,G315)="C",0.5*(2*(INDEX($B:$B,G315-1))+(-(INDEX($B:$B,MAX(5,G315-2)))+(INDEX($B:$B,G315)))*I315+(2*(INDEX($B:$B,MAX(5,G315-2)))-5*(INDEX($B:$B,G315-1))+4*(INDEX($B:$B,G315))-(INDEX($B:$B,MIN(LOOKUP(2,1/((($A$5:$A$120<>"")+($B$5:$B$120<>""))>0),ROW($A$5:$A$120)),G315+1))))*I315^2+(-(INDEX($B:$B,MAX(5,G315-2)))+3*(INDEX($B:$B,G315-1))-3*(INDEX($B:$B,G315))+(INDEX($B:$B,MIN(LOOKUP(2,1/((($A$5:$A$120<>"")+($B$5:$B$120<>""))>0),ROW($A$5:$A$120)),G315+1))))*I315^3),INDEX($B:$B,G315-1)+(INDEX($B:$B,G315)-INDEX($B:$B,G315-1))*I315))	=IF(J315="","",IF(AND(J314<>"",J316<>""),(J316-J314)/2,IF(J316<>"",J316-J315,IF(J314<>"",J315-J314,""))))	=IF(K315="","",IF(AND(K314<>"",K316<>""),(K316-K314)/2,IF(K316<>"",K316-K315,IF(K314<>"",K315-K314,""))))	=IF(L315="","",MOD(DEGREES(ATAN2(L315,M315)),360))	=IF(N315="","",N315+$S$2)	=IF(O315="","","G1 X"&TEXT(J315,"0.###")&" Y"&TEXT(K315,"0.###")&" Z"&TEXT(O315,"0.###"))					
					=ROW()-5	=IF(OR(F316="",F316<=0,F316>LOOKUP(9.99999999999999E+307,$E$5:$E$120)),"",LOOKUP(F316-1,$E$5:$E$120,ROW($E$5:$E$120))+1)	=IF(G316="","",F316-INDEX($E:$E,G316-1))	=IF(G316="","",H316/INDEX($D:$D,G316))	=IF(G316="","",IF(INDEX($C:$C,G316)="C",0.5*(2*(INDEX($A:$A,G316-1))+(-(INDEX($A:$A,MAX(5,G316-2)))+(INDEX($A:$A,G316)))*I316+(2*(INDEX($A:$A,MAX(5,G316-2)))-5*(INDEX($A:$A,G316-1))+4*(INDEX($A:$A,G316))-(INDEX($A:$A,MIN(LOOKUP(2,1/((($A$5:$A$120<>"")+($B$5:$B$120<>""))>0),ROW($A$5:$A$120)),G316+1))))*I316^2+(-(INDEX($A:$A,MAX(5,G316-2)))+3*(INDEX($A:$A,G316-1))-3*(INDEX($A:$A,G316))+(INDEX($A:$A,MIN(LOOKUP(2,1/((($A$5:$A$120<>"")+($B$5:$B$120<>""))>0),ROW($A$5:$A$120)),G316+1))))*I316^3),INDEX($A:$A,G316-1)+(INDEX($A:$A,G316)-INDEX($A:$A,G316-1))*I316))	=IF(G316="","",IF(INDEX($C:$C,G316)="C",0.5*(2*(INDEX($B:$B,G316-1))+(-(INDEX($B:$B,MAX(5,G316-2)))+(INDEX($B:$B,G316)))*I316+(2*(INDEX($B:$B,MAX(5,G316-2)))-5*(INDEX($B:$B,G316-1))+4*(INDEX($B:$B,G316))-(INDEX($B:$B,MIN(LOOKUP(2,1/((($A$5:$A$120<>"")+($B$5:$B$120<>""))>0),ROW($A$5:$A$120)),G316+1))))*I316^2+(-(INDEX($B:$B,MAX(5,G316-2)))+3*(INDEX($B:$B,G316-1))-3*(INDEX($B:$B,G316))+(INDEX($B:$B,MIN(LOOKUP(2,1/((($A$5:$A$120<>"")+($B$5:$B$120<>""))>0),ROW($A$5:$A$120)),G316+1))))*I316^3),INDEX($B:$B,G316-1)+(INDEX($B:$B,G316)-INDEX($B:$B,G316-1))*I316))	=IF(J316="","",IF(AND(J315<>"",J317<>""),(J317-J315)/2,IF(J317<>"",J317-J316,IF(J315<>"",J316-J315,""))))	=IF(K316="","",IF(AND(K315<>"",K317<>""),(K317-K315)/2,IF(K317<>"",K317-K316,IF(K315<>"",K316-K315,""))))	=IF(L316="","",MOD(DEGREES(ATAN2(L316,M316)),360))	=IF(N316="","",N316+$S$2)	=IF(O316="","","G1 X"&TEXT(J316,"0.###")&" Y"&TEXT(K316,"0.###")&" Z"&TEXT(O316,"0.###"))					
					=ROW()-5	=IF(OR(F317="",F317<=0,F317>LOOKUP(9.99999999999999E+307,$E$5:$E$120)),"",LOOKUP(F317-1,$E$5:$E$120,ROW($E$5:$E$120))+1)	=IF(G317="","",F317-INDEX($E:$E,G317-1))	=IF(G317="","",H317/INDEX($D:$D,G317))	=IF(G317="","",IF(INDEX($C:$C,G317)="C",0.5*(2*(INDEX($A:$A,G317-1))+(-(INDEX($A:$A,MAX(5,G317-2)))+(INDEX($A:$A,G317)))*I317+(2*(INDEX($A:$A,MAX(5,G317-2)))-5*(INDEX($A:$A,G317-1))+4*(INDEX($A:$A,G317))-(INDEX($A:$A,MIN(LOOKUP(2,1/((($A$5:$A$120<>"")+($B$5:$B$120<>""))>0),ROW($A$5:$A$120)),G317+1))))*I317^2+(-(INDEX($A:$A,MAX(5,G317-2)))+3*(INDEX($A:$A,G317-1))-3*(INDEX($A:$A,G317))+(INDEX($A:$A,MIN(LOOKUP(2,1/((($A$5:$A$120<>"")+($B$5:$B$120<>""))>0),ROW($A$5:$A$120)),G317+1))))*I317^3),INDEX($A:$A,G317-1)+(INDEX($A:$A,G317)-INDEX($A:$A,G317-1))*I317))	=IF(G317="","",IF(INDEX($C:$C,G317)="C",0.5*(2*(INDEX($B:$B,G317-1))+(-(INDEX($B:$B,MAX(5,G317-2)))+(INDEX($B:$B,G317)))*I317+(2*(INDEX($B:$B,MAX(5,G317-2)))-5*(INDEX($B:$B,G317-1))+4*(INDEX($B:$B,G317))-(INDEX($B:$B,MIN(LOOKUP(2,1/((($A$5:$A$120<>"")+($B$5:$B$120<>""))>0),ROW($A$5:$A$120)),G317+1))))*I317^2+(-(INDEX($B:$B,MAX(5,G317-2)))+3*(INDEX($B:$B,G317-1))-3*(INDEX($B:$B,G317))+(INDEX($B:$B,MIN(LOOKUP(2,1/((($A$5:$A$120<>"")+($B$5:$B$120<>""))>0),ROW($A$5:$A$120)),G317+1))))*I317^3),INDEX($B:$B,G317-1)+(INDEX($B:$B,G317)-INDEX($B:$B,G317-1))*I317))	=IF(J317="","",IF(AND(J316<>"",J318<>""),(J318-J316)/2,IF(J318<>"",J318-J317,IF(J316<>"",J317-J316,""))))	=IF(K317="","",IF(AND(K316<>"",K318<>""),(K318-K316)/2,IF(K318<>"",K318-K317,IF(K316<>"",K317-K316,""))))	=IF(L317="","",MOD(DEGREES(ATAN2(L317,M317)),360))	=IF(N317="","",N317+$S$2)	=IF(O317="","","G1 X"&TEXT(J317,"0.###")&" Y"&TEXT(K317,"0.###")&" Z"&TEXT(O317,"0.###"))					
					=ROW()-5	=IF(OR(F318="",F318<=0,F318>LOOKUP(9.99999999999999E+307,$E$5:$E$120)),"",LOOKUP(F318-1,$E$5:$E$120,ROW($E$5:$E$120))+1)	=IF(G318="","",F318-INDEX($E:$E,G318-1))	=IF(G318="","",H318/INDEX($D:$D,G318))	=IF(G318="","",IF(INDEX($C:$C,G318)="C",0.5*(2*(INDEX($A:$A,G318-1))+(-(INDEX($A:$A,MAX(5,G318-2)))+(INDEX($A:$A,G318)))*I318+(2*(INDEX($A:$A,MAX(5,G318-2)))-5*(INDEX($A:$A,G318-1))+4*(INDEX($A:$A,G318))-(INDEX($A:$A,MIN(LOOKUP(2,1/((($A$5:$A$120<>"")+($B$5:$B$120<>""))>0),ROW($A$5:$A$120)),G318+1))))*I318^2+(-(INDEX($A:$A,MAX(5,G318-2)))+3*(INDEX($A:$A,G318-1))-3*(INDEX($A:$A,G318))+(INDEX($A:$A,MIN(LOOKUP(2,1/((($A$5:$A$120<>"")+($B$5:$B$120<>""))>0),ROW($A$5:$A$120)),G318+1))))*I318^3),INDEX($A:$A,G318-1)+(INDEX($A:$A,G318)-INDEX($A:$A,G318-1))*I318))	=IF(G318="","",IF(INDEX($C:$C,G318)="C",0.5*(2*(INDEX($B:$B,G318-1))+(-(INDEX($B:$B,MAX(5,G318-2)))+(INDEX($B:$B,G318)))*I318+(2*(INDEX($B:$B,MAX(5,G318-2)))-5*(INDEX($B:$B,G318-1))+4*(INDEX($B:$B,G318))-(INDEX($B:$B,MIN(LOOKUP(2,1/((($A$5:$A$120<>"")+($B$5:$B$120<>""))>0),ROW($A$5:$A$120)),G318+1))))*I318^2+(-(INDEX($B:$B,MAX(5,G318-2)))+3*(INDEX($B:$B,G318-1))-3*(INDEX($B:$B,G318))+(INDEX($B:$B,MIN(LOOKUP(2,1/((($A$5:$A$120<>"")+($B$5:$B$120<>""))>0),ROW($A$5:$A$120)),G318+1))))*I318^3),INDEX($B:$B,G318-1)+(INDEX($B:$B,G318)-INDEX($B:$B,G318-1))*I318))	=IF(J318="","",IF(AND(J317<>"",J319<>""),(J319-J317)/2,IF(J319<>"",J319-J318,IF(J317<>"",J318-J317,""))))	=IF(K318="","",IF(AND(K317<>"",K319<>""),(K319-K317)/2,IF(K319<>"",K319-K318,IF(K317<>"",K318-K317,""))))	=IF(L318="","",MOD(DEGREES(ATAN2(L318,M318)),360))	=IF(N318="","",N318+$S$2)	=IF(O318="","","G1 X"&TEXT(J318,"0.###")&" Y"&TEXT(K318,"0.###")&" Z"&TEXT(O318,"0.###"))					
					=ROW()-5	=IF(OR(F319="",F319<=0,F319>LOOKUP(9.99999999999999E+307,$E$5:$E$120)),"",LOOKUP(F319-1,$E$5:$E$120,ROW($E$5:$E$120))+1)	=IF(G319="","",F319-INDEX($E:$E,G319-1))	=IF(G319="","",H319/INDEX($D:$D,G319))	=IF(G319="","",IF(INDEX($C:$C,G319)="C",0.5*(2*(INDEX($A:$A,G319-1))+(-(INDEX($A:$A,MAX(5,G319-2)))+(INDEX($A:$A,G319)))*I319+(2*(INDEX($A:$A,MAX(5,G319-2)))-5*(INDEX($A:$A,G319-1))+4*(INDEX($A:$A,G319))-(INDEX($A:$A,MIN(LOOKUP(2,1/((($A$5:$A$120<>"")+($B$5:$B$120<>""))>0),ROW($A$5:$A$120)),G319+1))))*I319^2+(-(INDEX($A:$A,MAX(5,G319-2)))+3*(INDEX($A:$A,G319-1))-3*(INDEX($A:$A,G319))+(INDEX($A:$A,MIN(LOOKUP(2,1/((($A$5:$A$120<>"")+($B$5:$B$120<>""))>0),ROW($A$5:$A$120)),G319+1))))*I319^3),INDEX($A:$A,G319-1)+(INDEX($A:$A,G319)-INDEX($A:$A,G319-1))*I319))	=IF(G319="","",IF(INDEX($C:$C,G319)="C",0.5*(2*(INDEX($B:$B,G319-1))+(-(INDEX($B:$B,MAX(5,G319-2)))+(INDEX($B:$B,G319)))*I319+(2*(INDEX($B:$B,MAX(5,G319-2)))-5*(INDEX($B:$B,G319-1))+4*(INDEX($B:$B,G319))-(INDEX($B:$B,MIN(LOOKUP(2,1/((($A$5:$A$120<>"")+($B$5:$B$120<>""))>0),ROW($A$5:$A$120)),G319+1))))*I319^2+(-(INDEX($B:$B,MAX(5,G319-2)))+3*(INDEX($B:$B,G319-1))-3*(INDEX($B:$B,G319))+(INDEX($B:$B,MIN(LOOKUP(2,1/((($A$5:$A$120<>"")+($B$5:$B$120<>""))>0),ROW($A$5:$A$120)),G319+1))))*I319^3),INDEX($B:$B,G319-1)+(INDEX($B:$B,G319)-INDEX($B:$B,G319-1))*I319))	=IF(J319="","",IF(AND(J318<>"",J320<>""),(J320-J318)/2,IF(J320<>"",J320-J319,IF(J318<>"",J319-J318,""))))	=IF(K319="","",IF(AND(K318<>"",K320<>""),(K320-K318)/2,IF(K320<>"",K320-K319,IF(K318<>"",K319-K318,""))))	=IF(L319="","",MOD(DEGREES(ATAN2(L319,M319)),360))	=IF(N319="","",N319+$S$2)	=IF(O319="","","G1 X"&TEXT(J319,"0.###")&" Y"&TEXT(K319,"0.###")&" Z"&TEXT(O319,"0.###"))					
					=ROW()-5	=IF(OR(F320="",F320<=0,F320>LOOKUP(9.99999999999999E+307,$E$5:$E$120)),"",LOOKUP(F320-1,$E$5:$E$120,ROW($E$5:$E$120))+1)	=IF(G320="","",F320-INDEX($E:$E,G320-1))	=IF(G320="","",H320/INDEX($D:$D,G320))	=IF(G320="","",IF(INDEX($C:$C,G320)="C",0.5*(2*(INDEX($A:$A,G320-1))+(-(INDEX($A:$A,MAX(5,G320-2)))+(INDEX($A:$A,G320)))*I320+(2*(INDEX($A:$A,MAX(5,G320-2)))-5*(INDEX($A:$A,G320-1))+4*(INDEX($A:$A,G320))-(INDEX($A:$A,MIN(LOOKUP(2,1/((($A$5:$A$120<>"")+($B$5:$B$120<>""))>0),ROW($A$5:$A$120)),G320+1))))*I320^2+(-(INDEX($A:$A,MAX(5,G320-2)))+3*(INDEX($A:$A,G320-1))-3*(INDEX($A:$A,G320))+(INDEX($A:$A,MIN(LOOKUP(2,1/((($A$5:$A$120<>"")+($B$5:$B$120<>""))>0),ROW($A$5:$A$120)),G320+1))))*I320^3),INDEX($A:$A,G320-1)+(INDEX($A:$A,G320)-INDEX($A:$A,G320-1))*I320))	=IF(G320="","",IF(INDEX($C:$C,G320)="C",0.5*(2*(INDEX($B:$B,G320-1))+(-(INDEX($B:$B,MAX(5,G320-2)))+(INDEX($B:$B,G320)))*I320+(2*(INDEX($B:$B,MAX(5,G320-2)))-5*(INDEX($B:$B,G320-1))+4*(INDEX($B:$B,G320))-(INDEX($B:$B,MIN(LOOKUP(2,1/((($A$5:$A$120<>"")+($B$5:$B$120<>""))>0),ROW($A$5:$A$120)),G320+1))))*I320^2+(-(INDEX($B:$B,MAX(5,G320-2)))+3*(INDEX($B:$B,G320-1))-3*(INDEX($B:$B,G320))+(INDEX($B:$B,MIN(LOOKUP(2,1/((($A$5:$A$120<>"")+($B$5:$B$120<>""))>0),ROW($A$5:$A$120)),G320+1))))*I320^3),INDEX($B:$B,G320-1)+(INDEX($B:$B,G320)-INDEX($B:$B,G320-1))*I320))	=IF(J320="","",IF(AND(J319<>"",J321<>""),(J321-J319)/2,IF(J321<>"",J321-J320,IF(J319<>"",J320-J319,""))))	=IF(K320="","",IF(AND(K319<>"",K321<>""),(K321-K319)/2,IF(K321<>"",K321-K320,IF(K319<>"",K320-K319,""))))	=IF(L320="","",MOD(DEGREES(ATAN2(L320,M320)),360))	=IF(N320="","",N320+$S$2)	=IF(O320="","","G1 X"&TEXT(J320,"0.###")&" Y"&TEXT(K320,"0.###")&" Z"&TEXT(O320,"0.###"))					
					=ROW()-5	=IF(OR(F321="",F321<=0,F321>LOOKUP(9.99999999999999E+307,$E$5:$E$120)),"",LOOKUP(F321-1,$E$5:$E$120,ROW($E$5:$E$120))+1)	=IF(G321="","",F321-INDEX($E:$E,G321-1))	=IF(G321="","",H321/INDEX($D:$D,G321))	=IF(G321="","",IF(INDEX($C:$C,G321)="C",0.5*(2*(INDEX($A:$A,G321-1))+(-(INDEX($A:$A,MAX(5,G321-2)))+(INDEX($A:$A,G321)))*I321+(2*(INDEX($A:$A,MAX(5,G321-2)))-5*(INDEX($A:$A,G321-1))+4*(INDEX($A:$A,G321))-(INDEX($A:$A,MIN(LOOKUP(2,1/((($A$5:$A$120<>"")+($B$5:$B$120<>""))>0),ROW($A$5:$A$120)),G321+1))))*I321^2+(-(INDEX($A:$A,MAX(5,G321-2)))+3*(INDEX($A:$A,G321-1))-3*(INDEX($A:$A,G321))+(INDEX($A:$A,MIN(LOOKUP(2,1/((($A$5:$A$120<>"")+($B$5:$B$120<>""))>0),ROW($A$5:$A$120)),G321+1))))*I321^3),INDEX($A:$A,G321-1)+(INDEX($A:$A,G321)-INDEX($A:$A,G321-1))*I321))	=IF(G321="","",IF(INDEX($C:$C,G321)="C",0.5*(2*(INDEX($B:$B,G321-1))+(-(INDEX($B:$B,MAX(5,G321-2)))+(INDEX($B:$B,G321)))*I321+(2*(INDEX($B:$B,MAX(5,G321-2)))-5*(INDEX($B:$B,G321-1))+4*(INDEX($B:$B,G321))-(INDEX($B:$B,MIN(LOOKUP(2,1/((($A$5:$A$120<>"")+($B$5:$B$120<>""))>0),ROW($A$5:$A$120)),G321+1))))*I321^2+(-(INDEX($B:$B,MAX(5,G321-2)))+3*(INDEX($B:$B,G321-1))-3*(INDEX($B:$B,G321))+(INDEX($B:$B,MIN(LOOKUP(2,1/((($A$5:$A$120<>"")+($B$5:$B$120<>""))>0),ROW($A$5:$A$120)),G321+1))))*I321^3),INDEX($B:$B,G321-1)+(INDEX($B:$B,G321)-INDEX($B:$B,G321-1))*I321))	=IF(J321="","",IF(AND(J320<>"",J322<>""),(J322-J320)/2,IF(J322<>"",J322-J321,IF(J320<>"",J321-J320,""))))	=IF(K321="","",IF(AND(K320<>"",K322<>""),(K322-K320)/2,IF(K322<>"",K322-K321,IF(K320<>"",K321-K320,""))))	=IF(L321="","",MOD(DEGREES(ATAN2(L321,M321)),360))	=IF(N321="","",N321+$S$2)	=IF(O321="","","G1 X"&TEXT(J321,"0.###")&" Y"&TEXT(K321,"0.###")&" Z"&TEXT(O321,"0.###"))					
					=ROW()-5	=IF(OR(F322="",F322<=0,F322>LOOKUP(9.99999999999999E+307,$E$5:$E$120)),"",LOOKUP(F322-1,$E$5:$E$120,ROW($E$5:$E$120))+1)	=IF(G322="","",F322-INDEX($E:$E,G322-1))	=IF(G322="","",H322/INDEX($D:$D,G322))	=IF(G322="","",IF(INDEX($C:$C,G322)="C",0.5*(2*(INDEX($A:$A,G322-1))+(-(INDEX($A:$A,MAX(5,G322-2)))+(INDEX($A:$A,G322)))*I322+(2*(INDEX($A:$A,MAX(5,G322-2)))-5*(INDEX($A:$A,G322-1))+4*(INDEX($A:$A,G322))-(INDEX($A:$A,MIN(LOOKUP(2,1/((($A$5:$A$120<>"")+($B$5:$B$120<>""))>0),ROW($A$5:$A$120)),G322+1))))*I322^2+(-(INDEX($A:$A,MAX(5,G322-2)))+3*(INDEX($A:$A,G322-1))-3*(INDEX($A:$A,G322))+(INDEX($A:$A,MIN(LOOKUP(2,1/((($A$5:$A$120<>"")+($B$5:$B$120<>""))>0),ROW($A$5:$A$120)),G322+1))))*I322^3),INDEX($A:$A,G322-1)+(INDEX($A:$A,G322)-INDEX($A:$A,G322-1))*I322))	=IF(G322="","",IF(INDEX($C:$C,G322)="C",0.5*(2*(INDEX($B:$B,G322-1))+(-(INDEX($B:$B,MAX(5,G322-2)))+(INDEX($B:$B,G322)))*I322+(2*(INDEX($B:$B,MAX(5,G322-2)))-5*(INDEX($B:$B,G322-1))+4*(INDEX($B:$B,G322))-(INDEX($B:$B,MIN(LOOKUP(2,1/((($A$5:$A$120<>"")+($B$5:$B$120<>""))>0),ROW($A$5:$A$120)),G322+1))))*I322^2+(-(INDEX($B:$B,MAX(5,G322-2)))+3*(INDEX($B:$B,G322-1))-3*(INDEX($B:$B,G322))+(INDEX($B:$B,MIN(LOOKUP(2,1/((($A$5:$A$120<>"")+($B$5:$B$120<>""))>0),ROW($A$5:$A$120)),G322+1))))*I322^3),INDEX($B:$B,G322-1)+(INDEX($B:$B,G322)-INDEX($B:$B,G322-1))*I322))	=IF(J322="","",IF(AND(J321<>"",J323<>""),(J323-J321)/2,IF(J323<>"",J323-J322,IF(J321<>"",J322-J321,""))))	=IF(K322="","",IF(AND(K321<>"",K323<>""),(K323-K321)/2,IF(K323<>"",K323-K322,IF(K321<>"",K322-K321,""))))	=IF(L322="","",MOD(DEGREES(ATAN2(L322,M322)),360))	=IF(N322="","",N322+$S$2)	=IF(O322="","","G1 X"&TEXT(J322,"0.###")&" Y"&TEXT(K322,"0.###")&" Z"&TEXT(O322,"0.###"))					
					=ROW()-5	=IF(OR(F323="",F323<=0,F323>LOOKUP(9.99999999999999E+307,$E$5:$E$120)),"",LOOKUP(F323-1,$E$5:$E$120,ROW($E$5:$E$120))+1)	=IF(G323="","",F323-INDEX($E:$E,G323-1))	=IF(G323="","",H323/INDEX($D:$D,G323))	=IF(G323="","",IF(INDEX($C:$C,G323)="C",0.5*(2*(INDEX($A:$A,G323-1))+(-(INDEX($A:$A,MAX(5,G323-2)))+(INDEX($A:$A,G323)))*I323+(2*(INDEX($A:$A,MAX(5,G323-2)))-5*(INDEX($A:$A,G323-1))+4*(INDEX($A:$A,G323))-(INDEX($A:$A,MIN(LOOKUP(2,1/((($A$5:$A$120<>"")+($B$5:$B$120<>""))>0),ROW($A$5:$A$120)),G323+1))))*I323^2+(-(INDEX($A:$A,MAX(5,G323-2)))+3*(INDEX($A:$A,G323-1))-3*(INDEX($A:$A,G323))+(INDEX($A:$A,MIN(LOOKUP(2,1/((($A$5:$A$120<>"")+($B$5:$B$120<>""))>0),ROW($A$5:$A$120)),G323+1))))*I323^3),INDEX($A:$A,G323-1)+(INDEX($A:$A,G323)-INDEX($A:$A,G323-1))*I323))	=IF(G323="","",IF(INDEX($C:$C,G323)="C",0.5*(2*(INDEX($B:$B,G323-1))+(-(INDEX($B:$B,MAX(5,G323-2)))+(INDEX($B:$B,G323)))*I323+(2*(INDEX($B:$B,MAX(5,G323-2)))-5*(INDEX($B:$B,G323-1))+4*(INDEX($B:$B,G323))-(INDEX($B:$B,MIN(LOOKUP(2,1/((($A$5:$A$120<>"")+($B$5:$B$120<>""))>0),ROW($A$5:$A$120)),G323+1))))*I323^2+(-(INDEX($B:$B,MAX(5,G323-2)))+3*(INDEX($B:$B,G323-1))-3*(INDEX($B:$B,G323))+(INDEX($B:$B,MIN(LOOKUP(2,1/((($A$5:$A$120<>"")+($B$5:$B$120<>""))>0),ROW($A$5:$A$120)),G323+1))))*I323^3),INDEX($B:$B,G323-1)+(INDEX($B:$B,G323)-INDEX($B:$B,G323-1))*I323))	=IF(J323="","",IF(AND(J322<>"",J324<>""),(J324-J322)/2,IF(J324<>"",J324-J323,IF(J322<>"",J323-J322,""))))	=IF(K323="","",IF(AND(K322<>"",K324<>""),(K324-K322)/2,IF(K324<>"",K324-K323,IF(K322<>"",K323-K322,""))))	=IF(L323="","",MOD(DEGREES(ATAN2(L323,M323)),360))	=IF(N323="","",N323+$S$2)	=IF(O323="","","G1 X"&TEXT(J323,"0.###")&" Y"&TEXT(K323,"0.###")&" Z"&TEXT(O323,"0.###"))					
					=ROW()-5	=IF(OR(F324="",F324<=0,F324>LOOKUP(9.99999999999999E+307,$E$5:$E$120)),"",LOOKUP(F324-1,$E$5:$E$120,ROW($E$5:$E$120))+1)	=IF(G324="","",F324-INDEX($E:$E,G324-1))	=IF(G324="","",H324/INDEX($D:$D,G324))	=IF(G324="","",IF(INDEX($C:$C,G324)="C",0.5*(2*(INDEX($A:$A,G324-1))+(-(INDEX($A:$A,MAX(5,G324-2)))+(INDEX($A:$A,G324)))*I324+(2*(INDEX($A:$A,MAX(5,G324-2)))-5*(INDEX($A:$A,G324-1))+4*(INDEX($A:$A,G324))-(INDEX($A:$A,MIN(LOOKUP(2,1/((($A$5:$A$120<>"")+($B$5:$B$120<>""))>0),ROW($A$5:$A$120)),G324+1))))*I324^2+(-(INDEX($A:$A,MAX(5,G324-2)))+3*(INDEX($A:$A,G324-1))-3*(INDEX($A:$A,G324))+(INDEX($A:$A,MIN(LOOKUP(2,1/((($A$5:$A$120<>"")+($B$5:$B$120<>""))>0),ROW($A$5:$A$120)),G324+1))))*I324^3),INDEX($A:$A,G324-1)+(INDEX($A:$A,G324)-INDEX($A:$A,G324-1))*I324))	=IF(G324="","",IF(INDEX($C:$C,G324)="C",0.5*(2*(INDEX($B:$B,G324-1))+(-(INDEX($B:$B,MAX(5,G324-2)))+(INDEX($B:$B,G324)))*I324+(2*(INDEX($B:$B,MAX(5,G324-2)))-5*(INDEX($B:$B,G324-1))+4*(INDEX($B:$B,G324))-(INDEX($B:$B,MIN(LOOKUP(2,1/((($A$5:$A$120<>"")+($B$5:$B$120<>""))>0),ROW($A$5:$A$120)),G324+1))))*I324^2+(-(INDEX($B:$B,MAX(5,G324-2)))+3*(INDEX($B:$B,G324-1))-3*(INDEX($B:$B,G324))+(INDEX($B:$B,MIN(LOOKUP(2,1/((($A$5:$A$120<>"")+($B$5:$B$120<>""))>0),ROW($A$5:$A$120)),G324+1))))*I324^3),INDEX($B:$B,G324-1)+(INDEX($B:$B,G324)-INDEX($B:$B,G324-1))*I324))	=IF(J324="","",IF(AND(J323<>"",J325<>""),(J325-J323)/2,IF(J325<>"",J325-J324,IF(J323<>"",J324-J323,""))))	=IF(K324="","",IF(AND(K323<>"",K325<>""),(K325-K323)/2,IF(K325<>"",K325-K324,IF(K323<>"",K324-K323,""))))	=IF(L324="","",MOD(DEGREES(ATAN2(L324,M324)),360))	=IF(N324="","",N324+$S$2)	=IF(O324="","","G1 X"&TEXT(J324,"0.###")&" Y"&TEXT(K324,"0.###")&" Z"&TEXT(O324,"0.###"))					
					=ROW()-5	=IF(OR(F325="",F325<=0,F325>LOOKUP(9.99999999999999E+307,$E$5:$E$120)),"",LOOKUP(F325-1,$E$5:$E$120,ROW($E$5:$E$120))+1)	=IF(G325="","",F325-INDEX($E:$E,G325-1))	=IF(G325="","",H325/INDEX($D:$D,G325))	=IF(G325="","",IF(INDEX($C:$C,G325)="C",0.5*(2*(INDEX($A:$A,G325-1))+(-(INDEX($A:$A,MAX(5,G325-2)))+(INDEX($A:$A,G325)))*I325+(2*(INDEX($A:$A,MAX(5,G325-2)))-5*(INDEX($A:$A,G325-1))+4*(INDEX($A:$A,G325))-(INDEX($A:$A,MIN(LOOKUP(2,1/((($A$5:$A$120<>"")+($B$5:$B$120<>""))>0),ROW($A$5:$A$120)),G325+1))))*I325^2+(-(INDEX($A:$A,MAX(5,G325-2)))+3*(INDEX($A:$A,G325-1))-3*(INDEX($A:$A,G325))+(INDEX($A:$A,MIN(LOOKUP(2,1/((($A$5:$A$120<>"")+($B$5:$B$120<>""))>0),ROW($A$5:$A$120)),G325+1))))*I325^3),INDEX($A:$A,G325-1)+(INDEX($A:$A,G325)-INDEX($A:$A,G325-1))*I325))	=IF(G325="","",IF(INDEX($C:$C,G325)="C",0.5*(2*(INDEX($B:$B,G325-1))+(-(INDEX($B:$B,MAX(5,G325-2)))+(INDEX($B:$B,G325)))*I325+(2*(INDEX($B:$B,MAX(5,G325-2)))-5*(INDEX($B:$B,G325-1))+4*(INDEX($B:$B,G325))-(INDEX($B:$B,MIN(LOOKUP(2,1/((($A$5:$A$120<>"")+($B$5:$B$120<>""))>0),ROW($A$5:$A$120)),G325+1))))*I325^2+(-(INDEX($B:$B,MAX(5,G325-2)))+3*(INDEX($B:$B,G325-1))-3*(INDEX($B:$B,G325))+(INDEX($B:$B,MIN(LOOKUP(2,1/((($A$5:$A$120<>"")+($B$5:$B$120<>""))>0),ROW($A$5:$A$120)),G325+1))))*I325^3),INDEX($B:$B,G325-1)+(INDEX($B:$B,G325)-INDEX($B:$B,G325-1))*I325))	=IF(J325="","",IF(AND(J324<>"",J326<>""),(J326-J324)/2,IF(J326<>"",J326-J325,IF(J324<>"",J325-J324,""))))	=IF(K325="","",IF(AND(K324<>"",K326<>""),(K326-K324)/2,IF(K326<>"",K326-K325,IF(K324<>"",K325-K324,""))))	=IF(L325="","",MOD(DEGREES(ATAN2(L325,M325)),360))	=IF(N325="","",N325+$S$2)	=IF(O325="","","G1 X"&TEXT(J325,"0.###")&" Y"&TEXT(K325,"0.###")&" Z"&TEXT(O325,"0.###"))					
					=ROW()-5	=IF(OR(F326="",F326<=0,F326>LOOKUP(9.99999999999999E+307,$E$5:$E$120)),"",LOOKUP(F326-1,$E$5:$E$120,ROW($E$5:$E$120))+1)	=IF(G326="","",F326-INDEX($E:$E,G326-1))	=IF(G326="","",H326/INDEX($D:$D,G326))	=IF(G326="","",IF(INDEX($C:$C,G326)="C",0.5*(2*(INDEX($A:$A,G326-1))+(-(INDEX($A:$A,MAX(5,G326-2)))+(INDEX($A:$A,G326)))*I326+(2*(INDEX($A:$A,MAX(5,G326-2)))-5*(INDEX($A:$A,G326-1))+4*(INDEX($A:$A,G326))-(INDEX($A:$A,MIN(LOOKUP(2,1/((($A$5:$A$120<>"")+($B$5:$B$120<>""))>0),ROW($A$5:$A$120)),G326+1))))*I326^2+(-(INDEX($A:$A,MAX(5,G326-2)))+3*(INDEX($A:$A,G326-1))-3*(INDEX($A:$A,G326))+(INDEX($A:$A,MIN(LOOKUP(2,1/((($A$5:$A$120<>"")+($B$5:$B$120<>""))>0),ROW($A$5:$A$120)),G326+1))))*I326^3),INDEX($A:$A,G326-1)+(INDEX($A:$A,G326)-INDEX($A:$A,G326-1))*I326))	=IF(G326="","",IF(INDEX($C:$C,G326)="C",0.5*(2*(INDEX($B:$B,G326-1))+(-(INDEX($B:$B,MAX(5,G326-2)))+(INDEX($B:$B,G326)))*I326+(2*(INDEX($B:$B,MAX(5,G326-2)))-5*(INDEX($B:$B,G326-1))+4*(INDEX($B:$B,G326))-(INDEX($B:$B,MIN(LOOKUP(2,1/((($A$5:$A$120<>"")+($B$5:$B$120<>""))>0),ROW($A$5:$A$120)),G326+1))))*I326^2+(-(INDEX($B:$B,MAX(5,G326-2)))+3*(INDEX($B:$B,G326-1))-3*(INDEX($B:$B,G326))+(INDEX($B:$B,MIN(LOOKUP(2,1/((($A$5:$A$120<>"")+($B$5:$B$120<>""))>0),ROW($A$5:$A$120)),G326+1))))*I326^3),INDEX($B:$B,G326-1)+(INDEX($B:$B,G326)-INDEX($B:$B,G326-1))*I326))	=IF(J326="","",IF(AND(J325<>"",J327<>""),(J327-J325)/2,IF(J327<>"",J327-J326,IF(J325<>"",J326-J325,""))))	=IF(K326="","",IF(AND(K325<>"",K327<>""),(K327-K325)/2,IF(K327<>"",K327-K326,IF(K325<>"",K326-K325,""))))	=IF(L326="","",MOD(DEGREES(ATAN2(L326,M326)),360))	=IF(N326="","",N326+$S$2)	=IF(O326="","","G1 X"&TEXT(J326,"0.###")&" Y"&TEXT(K326,"0.###")&" Z"&TEXT(O326,"0.###"))					
					=ROW()-5	=IF(OR(F327="",F327<=0,F327>LOOKUP(9.99999999999999E+307,$E$5:$E$120)),"",LOOKUP(F327-1,$E$5:$E$120,ROW($E$5:$E$120))+1)	=IF(G327="","",F327-INDEX($E:$E,G327-1))	=IF(G327="","",H327/INDEX($D:$D,G327))	=IF(G327="","",IF(INDEX($C:$C,G327)="C",0.5*(2*(INDEX($A:$A,G327-1))+(-(INDEX($A:$A,MAX(5,G327-2)))+(INDEX($A:$A,G327)))*I327+(2*(INDEX($A:$A,MAX(5,G327-2)))-5*(INDEX($A:$A,G327-1))+4*(INDEX($A:$A,G327))-(INDEX($A:$A,MIN(LOOKUP(2,1/((($A$5:$A$120<>"")+($B$5:$B$120<>""))>0),ROW($A$5:$A$120)),G327+1))))*I327^2+(-(INDEX($A:$A,MAX(5,G327-2)))+3*(INDEX($A:$A,G327-1))-3*(INDEX($A:$A,G327))+(INDEX($A:$A,MIN(LOOKUP(2,1/((($A$5:$A$120<>"")+($B$5:$B$120<>""))>0),ROW($A$5:$A$120)),G327+1))))*I327^3),INDEX($A:$A,G327-1)+(INDEX($A:$A,G327)-INDEX($A:$A,G327-1))*I327))	=IF(G327="","",IF(INDEX($C:$C,G327)="C",0.5*(2*(INDEX($B:$B,G327-1))+(-(INDEX($B:$B,MAX(5,G327-2)))+(INDEX($B:$B,G327)))*I327+(2*(INDEX($B:$B,MAX(5,G327-2)))-5*(INDEX($B:$B,G327-1))+4*(INDEX($B:$B,G327))-(INDEX($B:$B,MIN(LOOKUP(2,1/((($A$5:$A$120<>"")+($B$5:$B$120<>""))>0),ROW($A$5:$A$120)),G327+1))))*I327^2+(-(INDEX($B:$B,MAX(5,G327-2)))+3*(INDEX($B:$B,G327-1))-3*(INDEX($B:$B,G327))+(INDEX($B:$B,MIN(LOOKUP(2,1/((($A$5:$A$120<>"")+($B$5:$B$120<>""))>0),ROW($A$5:$A$120)),G327+1))))*I327^3),INDEX($B:$B,G327-1)+(INDEX($B:$B,G327)-INDEX($B:$B,G327-1))*I327))	=IF(J327="","",IF(AND(J326<>"",J328<>""),(J328-J326)/2,IF(J328<>"",J328-J327,IF(J326<>"",J327-J326,""))))	=IF(K327="","",IF(AND(K326<>"",K328<>""),(K328-K326)/2,IF(K328<>"",K328-K327,IF(K326<>"",K327-K326,""))))	=IF(L327="","",MOD(DEGREES(ATAN2(L327,M327)),360))	=IF(N327="","",N327+$S$2)	=IF(O327="","","G1 X"&TEXT(J327,"0.###")&" Y"&TEXT(K327,"0.###")&" Z"&TEXT(O327,"0.###"))					
					=ROW()-5	=IF(OR(F328="",F328<=0,F328>LOOKUP(9.99999999999999E+307,$E$5:$E$120)),"",LOOKUP(F328-1,$E$5:$E$120,ROW($E$5:$E$120))+1)	=IF(G328="","",F328-INDEX($E:$E,G328-1))	=IF(G328="","",H328/INDEX($D:$D,G328))	=IF(G328="","",IF(INDEX($C:$C,G328)="C",0.5*(2*(INDEX($A:$A,G328-1))+(-(INDEX($A:$A,MAX(5,G328-2)))+(INDEX($A:$A,G328)))*I328+(2*(INDEX($A:$A,MAX(5,G328-2)))-5*(INDEX($A:$A,G328-1))+4*(INDEX($A:$A,G328))-(INDEX($A:$A,MIN(LOOKUP(2,1/((($A$5:$A$120<>"")+($B$5:$B$120<>""))>0),ROW($A$5:$A$120)),G328+1))))*I328^2+(-(INDEX($A:$A,MAX(5,G328-2)))+3*(INDEX($A:$A,G328-1))-3*(INDEX($A:$A,G328))+(INDEX($A:$A,MIN(LOOKUP(2,1/((($A$5:$A$120<>"")+($B$5:$B$120<>""))>0),ROW($A$5:$A$120)),G328+1))))*I328^3),INDEX($A:$A,G328-1)+(INDEX($A:$A,G328)-INDEX($A:$A,G328-1))*I328))	=IF(G328="","",IF(INDEX($C:$C,G328)="C",0.5*(2*(INDEX($B:$B,G328-1))+(-(INDEX($B:$B,MAX(5,G328-2)))+(INDEX($B:$B,G328)))*I328+(2*(INDEX($B:$B,MAX(5,G328-2)))-5*(INDEX($B:$B,G328-1))+4*(INDEX($B:$B,G328))-(INDEX($B:$B,MIN(LOOKUP(2,1/((($A$5:$A$120<>"")+($B$5:$B$120<>""))>0),ROW($A$5:$A$120)),G328+1))))*I328^2+(-(INDEX($B:$B,MAX(5,G328-2)))+3*(INDEX($B:$B,G328-1))-3*(INDEX($B:$B,G328))+(INDEX($B:$B,MIN(LOOKUP(2,1/((($A$5:$A$120<>"")+($B$5:$B$120<>""))>0),ROW($A$5:$A$120)),G328+1))))*I328^3),INDEX($B:$B,G328-1)+(INDEX($B:$B,G328)-INDEX($B:$B,G328-1))*I328))	=IF(J328="","",IF(AND(J327<>"",J329<>""),(J329-J327)/2,IF(J329<>"",J329-J328,IF(J327<>"",J328-J327,""))))	=IF(K328="","",IF(AND(K327<>"",K329<>""),(K329-K327)/2,IF(K329<>"",K329-K328,IF(K327<>"",K328-K327,""))))	=IF(L328="","",MOD(DEGREES(ATAN2(L328,M328)),360))	=IF(N328="","",N328+$S$2)	=IF(O328="","","G1 X"&TEXT(J328,"0.###")&" Y"&TEXT(K328,"0.###")&" Z"&TEXT(O328,"0.###"))					
					=ROW()-5	=IF(OR(F329="",F329<=0,F329>LOOKUP(9.99999999999999E+307,$E$5:$E$120)),"",LOOKUP(F329-1,$E$5:$E$120,ROW($E$5:$E$120))+1)	=IF(G329="","",F329-INDEX($E:$E,G329-1))	=IF(G329="","",H329/INDEX($D:$D,G329))	=IF(G329="","",IF(INDEX($C:$C,G329)="C",0.5*(2*(INDEX($A:$A,G329-1))+(-(INDEX($A:$A,MAX(5,G329-2)))+(INDEX($A:$A,G329)))*I329+(2*(INDEX($A:$A,MAX(5,G329-2)))-5*(INDEX($A:$A,G329-1))+4*(INDEX($A:$A,G329))-(INDEX($A:$A,MIN(LOOKUP(2,1/((($A$5:$A$120<>"")+($B$5:$B$120<>""))>0),ROW($A$5:$A$120)),G329+1))))*I329^2+(-(INDEX($A:$A,MAX(5,G329-2)))+3*(INDEX($A:$A,G329-1))-3*(INDEX($A:$A,G329))+(INDEX($A:$A,MIN(LOOKUP(2,1/((($A$5:$A$120<>"")+($B$5:$B$120<>""))>0),ROW($A$5:$A$120)),G329+1))))*I329^3),INDEX($A:$A,G329-1)+(INDEX($A:$A,G329)-INDEX($A:$A,G329-1))*I329))	=IF(G329="","",IF(INDEX($C:$C,G329)="C",0.5*(2*(INDEX($B:$B,G329-1))+(-(INDEX($B:$B,MAX(5,G329-2)))+(INDEX($B:$B,G329)))*I329+(2*(INDEX($B:$B,MAX(5,G329-2)))-5*(INDEX($B:$B,G329-1))+4*(INDEX($B:$B,G329))-(INDEX($B:$B,MIN(LOOKUP(2,1/((($A$5:$A$120<>"")+($B$5:$B$120<>""))>0),ROW($A$5:$A$120)),G329+1))))*I329^2+(-(INDEX($B:$B,MAX(5,G329-2)))+3*(INDEX($B:$B,G329-1))-3*(INDEX($B:$B,G329))+(INDEX($B:$B,MIN(LOOKUP(2,1/((($A$5:$A$120<>"")+($B$5:$B$120<>""))>0),ROW($A$5:$A$120)),G329+1))))*I329^3),INDEX($B:$B,G329-1)+(INDEX($B:$B,G329)-INDEX($B:$B,G329-1))*I329))	=IF(J329="","",IF(AND(J328<>"",J330<>""),(J330-J328)/2,IF(J330<>"",J330-J329,IF(J328<>"",J329-J328,""))))	=IF(K329="","",IF(AND(K328<>"",K330<>""),(K330-K328)/2,IF(K330<>"",K330-K329,IF(K328<>"",K329-K328,""))))	=IF(L329="","",MOD(DEGREES(ATAN2(L329,M329)),360))	=IF(N329="","",N329+$S$2)	=IF(O329="","","G1 X"&TEXT(J329,"0.###")&" Y"&TEXT(K329,"0.###")&" Z"&TEXT(O329,"0.###"))					
					=ROW()-5	=IF(OR(F330="",F330<=0,F330>LOOKUP(9.99999999999999E+307,$E$5:$E$120)),"",LOOKUP(F330-1,$E$5:$E$120,ROW($E$5:$E$120))+1)	=IF(G330="","",F330-INDEX($E:$E,G330-1))	=IF(G330="","",H330/INDEX($D:$D,G330))	=IF(G330="","",IF(INDEX($C:$C,G330)="C",0.5*(2*(INDEX($A:$A,G330-1))+(-(INDEX($A:$A,MAX(5,G330-2)))+(INDEX($A:$A,G330)))*I330+(2*(INDEX($A:$A,MAX(5,G330-2)))-5*(INDEX($A:$A,G330-1))+4*(INDEX($A:$A,G330))-(INDEX($A:$A,MIN(LOOKUP(2,1/((($A$5:$A$120<>"")+($B$5:$B$120<>""))>0),ROW($A$5:$A$120)),G330+1))))*I330^2+(-(INDEX($A:$A,MAX(5,G330-2)))+3*(INDEX($A:$A,G330-1))-3*(INDEX($A:$A,G330))+(INDEX($A:$A,MIN(LOOKUP(2,1/((($A$5:$A$120<>"")+($B$5:$B$120<>""))>0),ROW($A$5:$A$120)),G330+1))))*I330^3),INDEX($A:$A,G330-1)+(INDEX($A:$A,G330)-INDEX($A:$A,G330-1))*I330))	=IF(G330="","",IF(INDEX($C:$C,G330)="C",0.5*(2*(INDEX($B:$B,G330-1))+(-(INDEX($B:$B,MAX(5,G330-2)))+(INDEX($B:$B,G330)))*I330+(2*(INDEX($B:$B,MAX(5,G330-2)))-5*(INDEX($B:$B,G330-1))+4*(INDEX($B:$B,G330))-(INDEX($B:$B,MIN(LOOKUP(2,1/((($A$5:$A$120<>"")+($B$5:$B$120<>""))>0),ROW($A$5:$A$120)),G330+1))))*I330^2+(-(INDEX($B:$B,MAX(5,G330-2)))+3*(INDEX($B:$B,G330-1))-3*(INDEX($B:$B,G330))+(INDEX($B:$B,MIN(LOOKUP(2,1/((($A$5:$A$120<>"")+($B$5:$B$120<>""))>0),ROW($A$5:$A$120)),G330+1))))*I330^3),INDEX($B:$B,G330-1)+(INDEX($B:$B,G330)-INDEX($B:$B,G330-1))*I330))	=IF(J330="","",IF(AND(J329<>"",J331<>""),(J331-J329)/2,IF(J331<>"",J331-J330,IF(J329<>"",J330-J329,""))))	=IF(K330="","",IF(AND(K329<>"",K331<>""),(K331-K329)/2,IF(K331<>"",K331-K330,IF(K329<>"",K330-K329,""))))	=IF(L330="","",MOD(DEGREES(ATAN2(L330,M330)),360))	=IF(N330="","",N330+$S$2)	=IF(O330="","","G1 X"&TEXT(J330,"0.###")&" Y"&TEXT(K330,"0.###")&" Z"&TEXT(O330,"0.###"))					
					=ROW()-5	=IF(OR(F331="",F331<=0,F331>LOOKUP(9.99999999999999E+307,$E$5:$E$120)),"",LOOKUP(F331-1,$E$5:$E$120,ROW($E$5:$E$120))+1)	=IF(G331="","",F331-INDEX($E:$E,G331-1))	=IF(G331="","",H331/INDEX($D:$D,G331))	=IF(G331="","",IF(INDEX($C:$C,G331)="C",0.5*(2*(INDEX($A:$A,G331-1))+(-(INDEX($A:$A,MAX(5,G331-2)))+(INDEX($A:$A,G331)))*I331+(2*(INDEX($A:$A,MAX(5,G331-2)))-5*(INDEX($A:$A,G331-1))+4*(INDEX($A:$A,G331))-(INDEX($A:$A,MIN(LOOKUP(2,1/((($A$5:$A$120<>"")+($B$5:$B$120<>""))>0),ROW($A$5:$A$120)),G331+1))))*I331^2+(-(INDEX($A:$A,MAX(5,G331-2)))+3*(INDEX($A:$A,G331-1))-3*(INDEX($A:$A,G331))+(INDEX($A:$A,MIN(LOOKUP(2,1/((($A$5:$A$120<>"")+($B$5:$B$120<>""))>0),ROW($A$5:$A$120)),G331+1))))*I331^3),INDEX($A:$A,G331-1)+(INDEX($A:$A,G331)-INDEX($A:$A,G331-1))*I331))	=IF(G331="","",IF(INDEX($C:$C,G331)="C",0.5*(2*(INDEX($B:$B,G331-1))+(-(INDEX($B:$B,MAX(5,G331-2)))+(INDEX($B:$B,G331)))*I331+(2*(INDEX($B:$B,MAX(5,G331-2)))-5*(INDEX($B:$B,G331-1))+4*(INDEX($B:$B,G331))-(INDEX($B:$B,MIN(LOOKUP(2,1/((($A$5:$A$120<>"")+($B$5:$B$120<>""))>0),ROW($A$5:$A$120)),G331+1))))*I331^2+(-(INDEX($B:$B,MAX(5,G331-2)))+3*(INDEX($B:$B,G331-1))-3*(INDEX($B:$B,G331))+(INDEX($B:$B,MIN(LOOKUP(2,1/((($A$5:$A$120<>"")+($B$5:$B$120<>""))>0),ROW($A$5:$A$120)),G331+1))))*I331^3),INDEX($B:$B,G331-1)+(INDEX($B:$B,G331)-INDEX($B:$B,G331-1))*I331))	=IF(J331="","",IF(AND(J330<>"",J332<>""),(J332-J330)/2,IF(J332<>"",J332-J331,IF(J330<>"",J331-J330,""))))	=IF(K331="","",IF(AND(K330<>"",K332<>""),(K332-K330)/2,IF(K332<>"",K332-K331,IF(K330<>"",K331-K330,""))))	=IF(L331="","",MOD(DEGREES(ATAN2(L331,M331)),360))	=IF(N331="","",N331+$S$2)	=IF(O331="","","G1 X"&TEXT(J331,"0.###")&" Y"&TEXT(K331,"0.###")&" Z"&TEXT(O331,"0.###"))					
					=ROW()-5	=IF(OR(F332="",F332<=0,F332>LOOKUP(9.99999999999999E+307,$E$5:$E$120)),"",LOOKUP(F332-1,$E$5:$E$120,ROW($E$5:$E$120))+1)	=IF(G332="","",F332-INDEX($E:$E,G332-1))	=IF(G332="","",H332/INDEX($D:$D,G332))	=IF(G332="","",IF(INDEX($C:$C,G332)="C",0.5*(2*(INDEX($A:$A,G332-1))+(-(INDEX($A:$A,MAX(5,G332-2)))+(INDEX($A:$A,G332)))*I332+(2*(INDEX($A:$A,MAX(5,G332-2)))-5*(INDEX($A:$A,G332-1))+4*(INDEX($A:$A,G332))-(INDEX($A:$A,MIN(LOOKUP(2,1/((($A$5:$A$120<>"")+($B$5:$B$120<>""))>0),ROW($A$5:$A$120)),G332+1))))*I332^2+(-(INDEX($A:$A,MAX(5,G332-2)))+3*(INDEX($A:$A,G332-1))-3*(INDEX($A:$A,G332))+(INDEX($A:$A,MIN(LOOKUP(2,1/((($A$5:$A$120<>"")+($B$5:$B$120<>""))>0),ROW($A$5:$A$120)),G332+1))))*I332^3),INDEX($A:$A,G332-1)+(INDEX($A:$A,G332)-INDEX($A:$A,G332-1))*I332))	=IF(G332="","",IF(INDEX($C:$C,G332)="C",0.5*(2*(INDEX($B:$B,G332-1))+(-(INDEX($B:$B,MAX(5,G332-2)))+(INDEX($B:$B,G332)))*I332+(2*(INDEX($B:$B,MAX(5,G332-2)))-5*(INDEX($B:$B,G332-1))+4*(INDEX($B:$B,G332))-(INDEX($B:$B,MIN(LOOKUP(2,1/((($A$5:$A$120<>"")+($B$5:$B$120<>""))>0),ROW($A$5:$A$120)),G332+1))))*I332^2+(-(INDEX($B:$B,MAX(5,G332-2)))+3*(INDEX($B:$B,G332-1))-3*(INDEX($B:$B,G332))+(INDEX($B:$B,MIN(LOOKUP(2,1/((($A$5:$A$120<>"")+($B$5:$B$120<>""))>0),ROW($A$5:$A$120)),G332+1))))*I332^3),INDEX($B:$B,G332-1)+(INDEX($B:$B,G332)-INDEX($B:$B,G332-1))*I332))	=IF(J332="","",IF(AND(J331<>"",J333<>""),(J333-J331)/2,IF(J333<>"",J333-J332,IF(J331<>"",J332-J331,""))))	=IF(K332="","",IF(AND(K331<>"",K333<>""),(K333-K331)/2,IF(K333<>"",K333-K332,IF(K331<>"",K332-K331,""))))	=IF(L332="","",MOD(DEGREES(ATAN2(L332,M332)),360))	=IF(N332="","",N332+$S$2)	=IF(O332="","","G1 X"&TEXT(J332,"0.###")&" Y"&TEXT(K332,"0.###")&" Z"&TEXT(O332,"0.###"))					
					=ROW()-5	=IF(OR(F333="",F333<=0,F333>LOOKUP(9.99999999999999E+307,$E$5:$E$120)),"",LOOKUP(F333-1,$E$5:$E$120,ROW($E$5:$E$120))+1)	=IF(G333="","",F333-INDEX($E:$E,G333-1))	=IF(G333="","",H333/INDEX($D:$D,G333))	=IF(G333="","",IF(INDEX($C:$C,G333)="C",0.5*(2*(INDEX($A:$A,G333-1))+(-(INDEX($A:$A,MAX(5,G333-2)))+(INDEX($A:$A,G333)))*I333+(2*(INDEX($A:$A,MAX(5,G333-2)))-5*(INDEX($A:$A,G333-1))+4*(INDEX($A:$A,G333))-(INDEX($A:$A,MIN(LOOKUP(2,1/((($A$5:$A$120<>"")+($B$5:$B$120<>""))>0),ROW($A$5:$A$120)),G333+1))))*I333^2+(-(INDEX($A:$A,MAX(5,G333-2)))+3*(INDEX($A:$A,G333-1))-3*(INDEX($A:$A,G333))+(INDEX($A:$A,MIN(LOOKUP(2,1/((($A$5:$A$120<>"")+($B$5:$B$120<>""))>0),ROW($A$5:$A$120)),G333+1))))*I333^3),INDEX($A:$A,G333-1)+(INDEX($A:$A,G333)-INDEX($A:$A,G333-1))*I333))	=IF(G333="","",IF(INDEX($C:$C,G333)="C",0.5*(2*(INDEX($B:$B,G333-1))+(-(INDEX($B:$B,MAX(5,G333-2)))+(INDEX($B:$B,G333)))*I333+(2*(INDEX($B:$B,MAX(5,G333-2)))-5*(INDEX($B:$B,G333-1))+4*(INDEX($B:$B,G333))-(INDEX($B:$B,MIN(LOOKUP(2,1/((($A$5:$A$120<>"")+($B$5:$B$120<>""))>0),ROW($A$5:$A$120)),G333+1))))*I333^2+(-(INDEX($B:$B,MAX(5,G333-2)))+3*(INDEX($B:$B,G333-1))-3*(INDEX($B:$B,G333))+(INDEX($B:$B,MIN(LOOKUP(2,1/((($A$5:$A$120<>"")+($B$5:$B$120<>""))>0),ROW($A$5:$A$120)),G333+1))))*I333^3),INDEX($B:$B,G333-1)+(INDEX($B:$B,G333)-INDEX($B:$B,G333-1))*I333))	=IF(J333="","",IF(AND(J332<>"",J334<>""),(J334-J332)/2,IF(J334<>"",J334-J333,IF(J332<>"",J333-J332,""))))	=IF(K333="","",IF(AND(K332<>"",K334<>""),(K334-K332)/2,IF(K334<>"",K334-K333,IF(K332<>"",K333-K332,""))))	=IF(L333="","",MOD(DEGREES(ATAN2(L333,M333)),360))	=IF(N333="","",N333+$S$2)	=IF(O333="","","G1 X"&TEXT(J333,"0.###")&" Y"&TEXT(K333,"0.###")&" Z"&TEXT(O333,"0.###"))					
					=ROW()-5	=IF(OR(F334="",F334<=0,F334>LOOKUP(9.99999999999999E+307,$E$5:$E$120)),"",LOOKUP(F334-1,$E$5:$E$120,ROW($E$5:$E$120))+1)	=IF(G334="","",F334-INDEX($E:$E,G334-1))	=IF(G334="","",H334/INDEX($D:$D,G334))	=IF(G334="","",IF(INDEX($C:$C,G334)="C",0.5*(2*(INDEX($A:$A,G334-1))+(-(INDEX($A:$A,MAX(5,G334-2)))+(INDEX($A:$A,G334)))*I334+(2*(INDEX($A:$A,MAX(5,G334-2)))-5*(INDEX($A:$A,G334-1))+4*(INDEX($A:$A,G334))-(INDEX($A:$A,MIN(LOOKUP(2,1/((($A$5:$A$120<>"")+($B$5:$B$120<>""))>0),ROW($A$5:$A$120)),G334+1))))*I334^2+(-(INDEX($A:$A,MAX(5,G334-2)))+3*(INDEX($A:$A,G334-1))-3*(INDEX($A:$A,G334))+(INDEX($A:$A,MIN(LOOKUP(2,1/((($A$5:$A$120<>"")+($B$5:$B$120<>""))>0),ROW($A$5:$A$120)),G334+1))))*I334^3),INDEX($A:$A,G334-1)+(INDEX($A:$A,G334)-INDEX($A:$A,G334-1))*I334))	=IF(G334="","",IF(INDEX($C:$C,G334)="C",0.5*(2*(INDEX($B:$B,G334-1))+(-(INDEX($B:$B,MAX(5,G334-2)))+(INDEX($B:$B,G334)))*I334+(2*(INDEX($B:$B,MAX(5,G334-2)))-5*(INDEX($B:$B,G334-1))+4*(INDEX($B:$B,G334))-(INDEX($B:$B,MIN(LOOKUP(2,1/((($A$5:$A$120<>"")+($B$5:$B$120<>""))>0),ROW($A$5:$A$120)),G334+1))))*I334^2+(-(INDEX($B:$B,MAX(5,G334-2)))+3*(INDEX($B:$B,G334-1))-3*(INDEX($B:$B,G334))+(INDEX($B:$B,MIN(LOOKUP(2,1/((($A$5:$A$120<>"")+($B$5:$B$120<>""))>0),ROW($A$5:$A$120)),G334+1))))*I334^3),INDEX($B:$B,G334-1)+(INDEX($B:$B,G334)-INDEX($B:$B,G334-1))*I334))	=IF(J334="","",IF(AND(J333<>"",J335<>""),(J335-J333)/2,IF(J335<>"",J335-J334,IF(J333<>"",J334-J333,""))))	=IF(K334="","",IF(AND(K333<>"",K335<>""),(K335-K333)/2,IF(K335<>"",K335-K334,IF(K333<>"",K334-K333,""))))	=IF(L334="","",MOD(DEGREES(ATAN2(L334,M334)),360))	=IF(N334="","",N334+$S$2)	=IF(O334="","","G1 X"&TEXT(J334,"0.###")&" Y"&TEXT(K334,"0.###")&" Z"&TEXT(O334,"0.###"))					
					=ROW()-5	=IF(OR(F335="",F335<=0,F335>LOOKUP(9.99999999999999E+307,$E$5:$E$120)),"",LOOKUP(F335-1,$E$5:$E$120,ROW($E$5:$E$120))+1)	=IF(G335="","",F335-INDEX($E:$E,G335-1))	=IF(G335="","",H335/INDEX($D:$D,G335))	=IF(G335="","",IF(INDEX($C:$C,G335)="C",0.5*(2*(INDEX($A:$A,G335-1))+(-(INDEX($A:$A,MAX(5,G335-2)))+(INDEX($A:$A,G335)))*I335+(2*(INDEX($A:$A,MAX(5,G335-2)))-5*(INDEX($A:$A,G335-1))+4*(INDEX($A:$A,G335))-(INDEX($A:$A,MIN(LOOKUP(2,1/((($A$5:$A$120<>"")+($B$5:$B$120<>""))>0),ROW($A$5:$A$120)),G335+1))))*I335^2+(-(INDEX($A:$A,MAX(5,G335-2)))+3*(INDEX($A:$A,G335-1))-3*(INDEX($A:$A,G335))+(INDEX($A:$A,MIN(LOOKUP(2,1/((($A$5:$A$120<>"")+($B$5:$B$120<>""))>0),ROW($A$5:$A$120)),G335+1))))*I335^3),INDEX($A:$A,G335-1)+(INDEX($A:$A,G335)-INDEX($A:$A,G335-1))*I335))	=IF(G335="","",IF(INDEX($C:$C,G335)="C",0.5*(2*(INDEX($B:$B,G335-1))+(-(INDEX($B:$B,MAX(5,G335-2)))+(INDEX($B:$B,G335)))*I335+(2*(INDEX($B:$B,MAX(5,G335-2)))-5*(INDEX($B:$B,G335-1))+4*(INDEX($B:$B,G335))-(INDEX($B:$B,MIN(LOOKUP(2,1/((($A$5:$A$120<>"")+($B$5:$B$120<>""))>0),ROW($A$5:$A$120)),G335+1))))*I335^2+(-(INDEX($B:$B,MAX(5,G335-2)))+3*(INDEX($B:$B,G335-1))-3*(INDEX($B:$B,G335))+(INDEX($B:$B,MIN(LOOKUP(2,1/((($A$5:$A$120<>"")+($B$5:$B$120<>""))>0),ROW($A$5:$A$120)),G335+1))))*I335^3),INDEX($B:$B,G335-1)+(INDEX($B:$B,G335)-INDEX($B:$B,G335-1))*I335))	=IF(J335="","",IF(AND(J334<>"",J336<>""),(J336-J334)/2,IF(J336<>"",J336-J335,IF(J334<>"",J335-J334,""))))	=IF(K335="","",IF(AND(K334<>"",K336<>""),(K336-K334)/2,IF(K336<>"",K336-K335,IF(K334<>"",K335-K334,""))))	=IF(L335="","",MOD(DEGREES(ATAN2(L335,M335)),360))	=IF(N335="","",N335+$S$2)	=IF(O335="","","G1 X"&TEXT(J335,"0.###")&" Y"&TEXT(K335,"0.###")&" Z"&TEXT(O335,"0.###"))					
					=ROW()-5	=IF(OR(F336="",F336<=0,F336>LOOKUP(9.99999999999999E+307,$E$5:$E$120)),"",LOOKUP(F336-1,$E$5:$E$120,ROW($E$5:$E$120))+1)	=IF(G336="","",F336-INDEX($E:$E,G336-1))	=IF(G336="","",H336/INDEX($D:$D,G336))	=IF(G336="","",IF(INDEX($C:$C,G336)="C",0.5*(2*(INDEX($A:$A,G336-1))+(-(INDEX($A:$A,MAX(5,G336-2)))+(INDEX($A:$A,G336)))*I336+(2*(INDEX($A:$A,MAX(5,G336-2)))-5*(INDEX($A:$A,G336-1))+4*(INDEX($A:$A,G336))-(INDEX($A:$A,MIN(LOOKUP(2,1/((($A$5:$A$120<>"")+($B$5:$B$120<>""))>0),ROW($A$5:$A$120)),G336+1))))*I336^2+(-(INDEX($A:$A,MAX(5,G336-2)))+3*(INDEX($A:$A,G336-1))-3*(INDEX($A:$A,G336))+(INDEX($A:$A,MIN(LOOKUP(2,1/((($A$5:$A$120<>"")+($B$5:$B$120<>""))>0),ROW($A$5:$A$120)),G336+1))))*I336^3),INDEX($A:$A,G336-1)+(INDEX($A:$A,G336)-INDEX($A:$A,G336-1))*I336))	=IF(G336="","",IF(INDEX($C:$C,G336)="C",0.5*(2*(INDEX($B:$B,G336-1))+(-(INDEX($B:$B,MAX(5,G336-2)))+(INDEX($B:$B,G336)))*I336+(2*(INDEX($B:$B,MAX(5,G336-2)))-5*(INDEX($B:$B,G336-1))+4*(INDEX($B:$B,G336))-(INDEX($B:$B,MIN(LOOKUP(2,1/((($A$5:$A$120<>"")+($B$5:$B$120<>""))>0),ROW($A$5:$A$120)),G336+1))))*I336^2+(-(INDEX($B:$B,MAX(5,G336-2)))+3*(INDEX($B:$B,G336-1))-3*(INDEX($B:$B,G336))+(INDEX($B:$B,MIN(LOOKUP(2,1/((($A$5:$A$120<>"")+($B$5:$B$120<>""))>0),ROW($A$5:$A$120)),G336+1))))*I336^3),INDEX($B:$B,G336-1)+(INDEX($B:$B,G336)-INDEX($B:$B,G336-1))*I336))	=IF(J336="","",IF(AND(J335<>"",J337<>""),(J337-J335)/2,IF(J337<>"",J337-J336,IF(J335<>"",J336-J335,""))))	=IF(K336="","",IF(AND(K335<>"",K337<>""),(K337-K335)/2,IF(K337<>"",K337-K336,IF(K335<>"",K336-K335,""))))	=IF(L336="","",MOD(DEGREES(ATAN2(L336,M336)),360))	=IF(N336="","",N336+$S$2)	=IF(O336="","","G1 X"&TEXT(J336,"0.###")&" Y"&TEXT(K336,"0.###")&" Z"&TEXT(O336,"0.###"))					
					=ROW()-5	=IF(OR(F337="",F337<=0,F337>LOOKUP(9.99999999999999E+307,$E$5:$E$120)),"",LOOKUP(F337-1,$E$5:$E$120,ROW($E$5:$E$120))+1)	=IF(G337="","",F337-INDEX($E:$E,G337-1))	=IF(G337="","",H337/INDEX($D:$D,G337))	=IF(G337="","",IF(INDEX($C:$C,G337)="C",0.5*(2*(INDEX($A:$A,G337-1))+(-(INDEX($A:$A,MAX(5,G337-2)))+(INDEX($A:$A,G337)))*I337+(2*(INDEX($A:$A,MAX(5,G337-2)))-5*(INDEX($A:$A,G337-1))+4*(INDEX($A:$A,G337))-(INDEX($A:$A,MIN(LOOKUP(2,1/((($A$5:$A$120<>"")+($B$5:$B$120<>""))>0),ROW($A$5:$A$120)),G337+1))))*I337^2+(-(INDEX($A:$A,MAX(5,G337-2)))+3*(INDEX($A:$A,G337-1))-3*(INDEX($A:$A,G337))+(INDEX($A:$A,MIN(LOOKUP(2,1/((($A$5:$A$120<>"")+($B$5:$B$120<>""))>0),ROW($A$5:$A$120)),G337+1))))*I337^3),INDEX($A:$A,G337-1)+(INDEX($A:$A,G337)-INDEX($A:$A,G337-1))*I337))	=IF(G337="","",IF(INDEX($C:$C,G337)="C",0.5*(2*(INDEX($B:$B,G337-1))+(-(INDEX($B:$B,MAX(5,G337-2)))+(INDEX($B:$B,G337)))*I337+(2*(INDEX($B:$B,MAX(5,G337-2)))-5*(INDEX($B:$B,G337-1))+4*(INDEX($B:$B,G337))-(INDEX($B:$B,MIN(LOOKUP(2,1/((($A$5:$A$120<>"")+($B$5:$B$120<>""))>0),ROW($A$5:$A$120)),G337+1))))*I337^2+(-(INDEX($B:$B,MAX(5,G337-2)))+3*(INDEX($B:$B,G337-1))-3*(INDEX($B:$B,G337))+(INDEX($B:$B,MIN(LOOKUP(2,1/((($A$5:$A$120<>"")+($B$5:$B$120<>""))>0),ROW($A$5:$A$120)),G337+1))))*I337^3),INDEX($B:$B,G337-1)+(INDEX($B:$B,G337)-INDEX($B:$B,G337-1))*I337))	=IF(J337="","",IF(AND(J336<>"",J338<>""),(J338-J336)/2,IF(J338<>"",J338-J337,IF(J336<>"",J337-J336,""))))	=IF(K337="","",IF(AND(K336<>"",K338<>""),(K338-K336)/2,IF(K338<>"",K338-K337,IF(K336<>"",K337-K336,""))))	=IF(L337="","",MOD(DEGREES(ATAN2(L337,M337)),360))	=IF(N337="","",N337+$S$2)	=IF(O337="","","G1 X"&TEXT(J337,"0.###")&" Y"&TEXT(K337,"0.###")&" Z"&TEXT(O337,"0.###"))					
					=ROW()-5	=IF(OR(F338="",F338<=0,F338>LOOKUP(9.99999999999999E+307,$E$5:$E$120)),"",LOOKUP(F338-1,$E$5:$E$120,ROW($E$5:$E$120))+1)	=IF(G338="","",F338-INDEX($E:$E,G338-1))	=IF(G338="","",H338/INDEX($D:$D,G338))	=IF(G338="","",IF(INDEX($C:$C,G338)="C",0.5*(2*(INDEX($A:$A,G338-1))+(-(INDEX($A:$A,MAX(5,G338-2)))+(INDEX($A:$A,G338)))*I338+(2*(INDEX($A:$A,MAX(5,G338-2)))-5*(INDEX($A:$A,G338-1))+4*(INDEX($A:$A,G338))-(INDEX($A:$A,MIN(LOOKUP(2,1/((($A$5:$A$120<>"")+($B$5:$B$120<>""))>0),ROW($A$5:$A$120)),G338+1))))*I338^2+(-(INDEX($A:$A,MAX(5,G338-2)))+3*(INDEX($A:$A,G338-1))-3*(INDEX($A:$A,G338))+(INDEX($A:$A,MIN(LOOKUP(2,1/((($A$5:$A$120<>"")+($B$5:$B$120<>""))>0),ROW($A$5:$A$120)),G338+1))))*I338^3),INDEX($A:$A,G338-1)+(INDEX($A:$A,G338)-INDEX($A:$A,G338-1))*I338))	=IF(G338="","",IF(INDEX($C:$C,G338)="C",0.5*(2*(INDEX($B:$B,G338-1))+(-(INDEX($B:$B,MAX(5,G338-2)))+(INDEX($B:$B,G338)))*I338+(2*(INDEX($B:$B,MAX(5,G338-2)))-5*(INDEX($B:$B,G338-1))+4*(INDEX($B:$B,G338))-(INDEX($B:$B,MIN(LOOKUP(2,1/((($A$5:$A$120<>"")+($B$5:$B$120<>""))>0),ROW($A$5:$A$120)),G338+1))))*I338^2+(-(INDEX($B:$B,MAX(5,G338-2)))+3*(INDEX($B:$B,G338-1))-3*(INDEX($B:$B,G338))+(INDEX($B:$B,MIN(LOOKUP(2,1/((($A$5:$A$120<>"")+($B$5:$B$120<>""))>0),ROW($A$5:$A$120)),G338+1))))*I338^3),INDEX($B:$B,G338-1)+(INDEX($B:$B,G338)-INDEX($B:$B,G338-1))*I338))	=IF(J338="","",IF(AND(J337<>"",J339<>""),(J339-J337)/2,IF(J339<>"",J339-J338,IF(J337<>"",J338-J337,""))))	=IF(K338="","",IF(AND(K337<>"",K339<>""),(K339-K337)/2,IF(K339<>"",K339-K338,IF(K337<>"",K338-K337,""))))	=IF(L338="","",MOD(DEGREES(ATAN2(L338,M338)),360))	=IF(N338="","",N338+$S$2)	=IF(O338="","","G1 X"&TEXT(J338,"0.###")&" Y"&TEXT(K338,"0.###")&" Z"&TEXT(O338,"0.###"))					
					=ROW()-5	=IF(OR(F339="",F339<=0,F339>LOOKUP(9.99999999999999E+307,$E$5:$E$120)),"",LOOKUP(F339-1,$E$5:$E$120,ROW($E$5:$E$120))+1)	=IF(G339="","",F339-INDEX($E:$E,G339-1))	=IF(G339="","",H339/INDEX($D:$D,G339))	=IF(G339="","",IF(INDEX($C:$C,G339)="C",0.5*(2*(INDEX($A:$A,G339-1))+(-(INDEX($A:$A,MAX(5,G339-2)))+(INDEX($A:$A,G339)))*I339+(2*(INDEX($A:$A,MAX(5,G339-2)))-5*(INDEX($A:$A,G339-1))+4*(INDEX($A:$A,G339))-(INDEX($A:$A,MIN(LOOKUP(2,1/((($A$5:$A$120<>"")+($B$5:$B$120<>""))>0),ROW($A$5:$A$120)),G339+1))))*I339^2+(-(INDEX($A:$A,MAX(5,G339-2)))+3*(INDEX($A:$A,G339-1))-3*(INDEX($A:$A,G339))+(INDEX($A:$A,MIN(LOOKUP(2,1/((($A$5:$A$120<>"")+($B$5:$B$120<>""))>0),ROW($A$5:$A$120)),G339+1))))*I339^3),INDEX($A:$A,G339-1)+(INDEX($A:$A,G339)-INDEX($A:$A,G339-1))*I339))	=IF(G339="","",IF(INDEX($C:$C,G339)="C",0.5*(2*(INDEX($B:$B,G339-1))+(-(INDEX($B:$B,MAX(5,G339-2)))+(INDEX($B:$B,G339)))*I339+(2*(INDEX($B:$B,MAX(5,G339-2)))-5*(INDEX($B:$B,G339-1))+4*(INDEX($B:$B,G339))-(INDEX($B:$B,MIN(LOOKUP(2,1/((($A$5:$A$120<>"")+($B$5:$B$120<>""))>0),ROW($A$5:$A$120)),G339+1))))*I339^2+(-(INDEX($B:$B,MAX(5,G339-2)))+3*(INDEX($B:$B,G339-1))-3*(INDEX($B:$B,G339))+(INDEX($B:$B,MIN(LOOKUP(2,1/((($A$5:$A$120<>"")+($B$5:$B$120<>""))>0),ROW($A$5:$A$120)),G339+1))))*I339^3),INDEX($B:$B,G339-1)+(INDEX($B:$B,G339)-INDEX($B:$B,G339-1))*I339))	=IF(J339="","",IF(AND(J338<>"",J340<>""),(J340-J338)/2,IF(J340<>"",J340-J339,IF(J338<>"",J339-J338,""))))	=IF(K339="","",IF(AND(K338<>"",K340<>""),(K340-K338)/2,IF(K340<>"",K340-K339,IF(K338<>"",K339-K338,""))))	=IF(L339="","",MOD(DEGREES(ATAN2(L339,M339)),360))	=IF(N339="","",N339+$S$2)	=IF(O339="","","G1 X"&TEXT(J339,"0.###")&" Y"&TEXT(K339,"0.###")&" Z"&TEXT(O339,"0.###"))					
					=ROW()-5	=IF(OR(F340="",F340<=0,F340>LOOKUP(9.99999999999999E+307,$E$5:$E$120)),"",LOOKUP(F340-1,$E$5:$E$120,ROW($E$5:$E$120))+1)	=IF(G340="","",F340-INDEX($E:$E,G340-1))	=IF(G340="","",H340/INDEX($D:$D,G340))	=IF(G340="","",IF(INDEX($C:$C,G340)="C",0.5*(2*(INDEX($A:$A,G340-1))+(-(INDEX($A:$A,MAX(5,G340-2)))+(INDEX($A:$A,G340)))*I340+(2*(INDEX($A:$A,MAX(5,G340-2)))-5*(INDEX($A:$A,G340-1))+4*(INDEX($A:$A,G340))-(INDEX($A:$A,MIN(LOOKUP(2,1/((($A$5:$A$120<>"")+($B$5:$B$120<>""))>0),ROW($A$5:$A$120)),G340+1))))*I340^2+(-(INDEX($A:$A,MAX(5,G340-2)))+3*(INDEX($A:$A,G340-1))-3*(INDEX($A:$A,G340))+(INDEX($A:$A,MIN(LOOKUP(2,1/((($A$5:$A$120<>"")+($B$5:$B$120<>""))>0),ROW($A$5:$A$120)),G340+1))))*I340^3),INDEX($A:$A,G340-1)+(INDEX($A:$A,G340)-INDEX($A:$A,G340-1))*I340))	=IF(G340="","",IF(INDEX($C:$C,G340)="C",0.5*(2*(INDEX($B:$B,G340-1))+(-(INDEX($B:$B,MAX(5,G340-2)))+(INDEX($B:$B,G340)))*I340+(2*(INDEX($B:$B,MAX(5,G340-2)))-5*(INDEX($B:$B,G340-1))+4*(INDEX($B:$B,G340))-(INDEX($B:$B,MIN(LOOKUP(2,1/((($A$5:$A$120<>"")+($B$5:$B$120<>""))>0),ROW($A$5:$A$120)),G340+1))))*I340^2+(-(INDEX($B:$B,MAX(5,G340-2)))+3*(INDEX($B:$B,G340-1))-3*(INDEX($B:$B,G340))+(INDEX($B:$B,MIN(LOOKUP(2,1/((($A$5:$A$120<>"")+($B$5:$B$120<>""))>0),ROW($A$5:$A$120)),G340+1))))*I340^3),INDEX($B:$B,G340-1)+(INDEX($B:$B,G340)-INDEX($B:$B,G340-1))*I340))	=IF(J340="","",IF(AND(J339<>"",J341<>""),(J341-J339)/2,IF(J341<>"",J341-J340,IF(J339<>"",J340-J339,""))))	=IF(K340="","",IF(AND(K339<>"",K341<>""),(K341-K339)/2,IF(K341<>"",K341-K340,IF(K339<>"",K340-K339,""))))	=IF(L340="","",MOD(DEGREES(ATAN2(L340,M340)),360))	=IF(N340="","",N340+$S$2)	=IF(O340="","","G1 X"&TEXT(J340,"0.###")&" Y"&TEXT(K340,"0.###")&" Z"&TEXT(O340,"0.###"))					
					=ROW()-5	=IF(OR(F341="",F341<=0,F341>LOOKUP(9.99999999999999E+307,$E$5:$E$120)),"",LOOKUP(F341-1,$E$5:$E$120,ROW($E$5:$E$120))+1)	=IF(G341="","",F341-INDEX($E:$E,G341-1))	=IF(G341="","",H341/INDEX($D:$D,G341))	=IF(G341="","",IF(INDEX($C:$C,G341)="C",0.5*(2*(INDEX($A:$A,G341-1))+(-(INDEX($A:$A,MAX(5,G341-2)))+(INDEX($A:$A,G341)))*I341+(2*(INDEX($A:$A,MAX(5,G341-2)))-5*(INDEX($A:$A,G341-1))+4*(INDEX($A:$A,G341))-(INDEX($A:$A,MIN(LOOKUP(2,1/((($A$5:$A$120<>"")+($B$5:$B$120<>""))>0),ROW($A$5:$A$120)),G341+1))))*I341^2+(-(INDEX($A:$A,MAX(5,G341-2)))+3*(INDEX($A:$A,G341-1))-3*(INDEX($A:$A,G341))+(INDEX($A:$A,MIN(LOOKUP(2,1/((($A$5:$A$120<>"")+($B$5:$B$120<>""))>0),ROW($A$5:$A$120)),G341+1))))*I341^3),INDEX($A:$A,G341-1)+(INDEX($A:$A,G341)-INDEX($A:$A,G341-1))*I341))	=IF(G341="","",IF(INDEX($C:$C,G341)="C",0.5*(2*(INDEX($B:$B,G341-1))+(-(INDEX($B:$B,MAX(5,G341-2)))+(INDEX($B:$B,G341)))*I341+(2*(INDEX($B:$B,MAX(5,G341-2)))-5*(INDEX($B:$B,G341-1))+4*(INDEX($B:$B,G341))-(INDEX($B:$B,MIN(LOOKUP(2,1/((($A$5:$A$120<>"")+($B$5:$B$120<>""))>0),ROW($A$5:$A$120)),G341+1))))*I341^2+(-(INDEX($B:$B,MAX(5,G341-2)))+3*(INDEX($B:$B,G341-1))-3*(INDEX($B:$B,G341))+(INDEX($B:$B,MIN(LOOKUP(2,1/((($A$5:$A$120<>"")+($B$5:$B$120<>""))>0),ROW($A$5:$A$120)),G341+1))))*I341^3),INDEX($B:$B,G341-1)+(INDEX($B:$B,G341)-INDEX($B:$B,G341-1))*I341))	=IF(J341="","",IF(AND(J340<>"",J342<>""),(J342-J340)/2,IF(J342<>"",J342-J341,IF(J340<>"",J341-J340,""))))	=IF(K341="","",IF(AND(K340<>"",K342<>""),(K342-K340)/2,IF(K342<>"",K342-K341,IF(K340<>"",K341-K340,""))))	=IF(L341="","",MOD(DEGREES(ATAN2(L341,M341)),360))	=IF(N341="","",N341+$S$2)	=IF(O341="","","G1 X"&TEXT(J341,"0.###")&" Y"&TEXT(K341,"0.###")&" Z"&TEXT(O341,"0.###"))					
					=ROW()-5	=IF(OR(F342="",F342<=0,F342>LOOKUP(9.99999999999999E+307,$E$5:$E$120)),"",LOOKUP(F342-1,$E$5:$E$120,ROW($E$5:$E$120))+1)	=IF(G342="","",F342-INDEX($E:$E,G342-1))	=IF(G342="","",H342/INDEX($D:$D,G342))	=IF(G342="","",IF(INDEX($C:$C,G342)="C",0.5*(2*(INDEX($A:$A,G342-1))+(-(INDEX($A:$A,MAX(5,G342-2)))+(INDEX($A:$A,G342)))*I342+(2*(INDEX($A:$A,MAX(5,G342-2)))-5*(INDEX($A:$A,G342-1))+4*(INDEX($A:$A,G342))-(INDEX($A:$A,MIN(LOOKUP(2,1/((($A$5:$A$120<>"")+($B$5:$B$120<>""))>0),ROW($A$5:$A$120)),G342+1))))*I342^2+(-(INDEX($A:$A,MAX(5,G342-2)))+3*(INDEX($A:$A,G342-1))-3*(INDEX($A:$A,G342))+(INDEX($A:$A,MIN(LOOKUP(2,1/((($A$5:$A$120<>"")+($B$5:$B$120<>""))>0),ROW($A$5:$A$120)),G342+1))))*I342^3),INDEX($A:$A,G342-1)+(INDEX($A:$A,G342)-INDEX($A:$A,G342-1))*I342))	=IF(G342="","",IF(INDEX($C:$C,G342)="C",0.5*(2*(INDEX($B:$B,G342-1))+(-(INDEX($B:$B,MAX(5,G342-2)))+(INDEX($B:$B,G342)))*I342+(2*(INDEX($B:$B,MAX(5,G342-2)))-5*(INDEX($B:$B,G342-1))+4*(INDEX($B:$B,G342))-(INDEX($B:$B,MIN(LOOKUP(2,1/((($A$5:$A$120<>"")+($B$5:$B$120<>""))>0),ROW($A$5:$A$120)),G342+1))))*I342^2+(-(INDEX($B:$B,MAX(5,G342-2)))+3*(INDEX($B:$B,G342-1))-3*(INDEX($B:$B,G342))+(INDEX($B:$B,MIN(LOOKUP(2,1/((($A$5:$A$120<>"")+($B$5:$B$120<>""))>0),ROW($A$5:$A$120)),G342+1))))*I342^3),INDEX($B:$B,G342-1)+(INDEX($B:$B,G342)-INDEX($B:$B,G342-1))*I342))	=IF(J342="","",IF(AND(J341<>"",J343<>""),(J343-J341)/2,IF(J343<>"",J343-J342,IF(J341<>"",J342-J341,""))))	=IF(K342="","",IF(AND(K341<>"",K343<>""),(K343-K341)/2,IF(K343<>"",K343-K342,IF(K341<>"",K342-K341,""))))	=IF(L342="","",MOD(DEGREES(ATAN2(L342,M342)),360))	=IF(N342="","",N342+$S$2)	=IF(O342="","","G1 X"&TEXT(J342,"0.###")&" Y"&TEXT(K342,"0.###")&" Z"&TEXT(O342,"0.###"))					
					=ROW()-5	=IF(OR(F343="",F343<=0,F343>LOOKUP(9.99999999999999E+307,$E$5:$E$120)),"",LOOKUP(F343-1,$E$5:$E$120,ROW($E$5:$E$120))+1)	=IF(G343="","",F343-INDEX($E:$E,G343-1))	=IF(G343="","",H343/INDEX($D:$D,G343))	=IF(G343="","",IF(INDEX($C:$C,G343)="C",0.5*(2*(INDEX($A:$A,G343-1))+(-(INDEX($A:$A,MAX(5,G343-2)))+(INDEX($A:$A,G343)))*I343+(2*(INDEX($A:$A,MAX(5,G343-2)))-5*(INDEX($A:$A,G343-1))+4*(INDEX($A:$A,G343))-(INDEX($A:$A,MIN(LOOKUP(2,1/((($A$5:$A$120<>"")+($B$5:$B$120<>""))>0),ROW($A$5:$A$120)),G343+1))))*I343^2+(-(INDEX($A:$A,MAX(5,G343-2)))+3*(INDEX($A:$A,G343-1))-3*(INDEX($A:$A,G343))+(INDEX($A:$A,MIN(LOOKUP(2,1/((($A$5:$A$120<>"")+($B$5:$B$120<>""))>0),ROW($A$5:$A$120)),G343+1))))*I343^3),INDEX($A:$A,G343-1)+(INDEX($A:$A,G343)-INDEX($A:$A,G343-1))*I343))	=IF(G343="","",IF(INDEX($C:$C,G343)="C",0.5*(2*(INDEX($B:$B,G343-1))+(-(INDEX($B:$B,MAX(5,G343-2)))+(INDEX($B:$B,G343)))*I343+(2*(INDEX($B:$B,MAX(5,G343-2)))-5*(INDEX($B:$B,G343-1))+4*(INDEX($B:$B,G343))-(INDEX($B:$B,MIN(LOOKUP(2,1/((($A$5:$A$120<>"")+($B$5:$B$120<>""))>0),ROW($A$5:$A$120)),G343+1))))*I343^2+(-(INDEX($B:$B,MAX(5,G343-2)))+3*(INDEX($B:$B,G343-1))-3*(INDEX($B:$B,G343))+(INDEX($B:$B,MIN(LOOKUP(2,1/((($A$5:$A$120<>"")+($B$5:$B$120<>""))>0),ROW($A$5:$A$120)),G343+1))))*I343^3),INDEX($B:$B,G343-1)+(INDEX($B:$B,G343)-INDEX($B:$B,G343-1))*I343))	=IF(J343="","",IF(AND(J342<>"",J344<>""),(J344-J342)/2,IF(J344<>"",J344-J343,IF(J342<>"",J343-J342,""))))	=IF(K343="","",IF(AND(K342<>"",K344<>""),(K344-K342)/2,IF(K344<>"",K344-K343,IF(K342<>"",K343-K342,""))))	=IF(L343="","",MOD(DEGREES(ATAN2(L343,M343)),360))	=IF(N343="","",N343+$S$2)	=IF(O343="","","G1 X"&TEXT(J343,"0.###")&" Y"&TEXT(K343,"0.###")&" Z"&TEXT(O343,"0.###"))					
					=ROW()-5	=IF(OR(F344="",F344<=0,F344>LOOKUP(9.99999999999999E+307,$E$5:$E$120)),"",LOOKUP(F344-1,$E$5:$E$120,ROW($E$5:$E$120))+1)	=IF(G344="","",F344-INDEX($E:$E,G344-1))	=IF(G344="","",H344/INDEX($D:$D,G344))	=IF(G344="","",IF(INDEX($C:$C,G344)="C",0.5*(2*(INDEX($A:$A,G344-1))+(-(INDEX($A:$A,MAX(5,G344-2)))+(INDEX($A:$A,G344)))*I344+(2*(INDEX($A:$A,MAX(5,G344-2)))-5*(INDEX($A:$A,G344-1))+4*(INDEX($A:$A,G344))-(INDEX($A:$A,MIN(LOOKUP(2,1/((($A$5:$A$120<>"")+($B$5:$B$120<>""))>0),ROW($A$5:$A$120)),G344+1))))*I344^2+(-(INDEX($A:$A,MAX(5,G344-2)))+3*(INDEX($A:$A,G344-1))-3*(INDEX($A:$A,G344))+(INDEX($A:$A,MIN(LOOKUP(2,1/((($A$5:$A$120<>"")+($B$5:$B$120<>""))>0),ROW($A$5:$A$120)),G344+1))))*I344^3),INDEX($A:$A,G344-1)+(INDEX($A:$A,G344)-INDEX($A:$A,G344-1))*I344))	=IF(G344="","",IF(INDEX($C:$C,G344)="C",0.5*(2*(INDEX($B:$B,G344-1))+(-(INDEX($B:$B,MAX(5,G344-2)))+(INDEX($B:$B,G344)))*I344+(2*(INDEX($B:$B,MAX(5,G344-2)))-5*(INDEX($B:$B,G344-1))+4*(INDEX($B:$B,G344))-(INDEX($B:$B,MIN(LOOKUP(2,1/((($A$5:$A$120<>"")+($B$5:$B$120<>""))>0),ROW($A$5:$A$120)),G344+1))))*I344^2+(-(INDEX($B:$B,MAX(5,G344-2)))+3*(INDEX($B:$B,G344-1))-3*(INDEX($B:$B,G344))+(INDEX($B:$B,MIN(LOOKUP(2,1/((($A$5:$A$120<>"")+($B$5:$B$120<>""))>0),ROW($A$5:$A$120)),G344+1))))*I344^3),INDEX($B:$B,G344-1)+(INDEX($B:$B,G344)-INDEX($B:$B,G344-1))*I344))	=IF(J344="","",IF(AND(J343<>"",J345<>""),(J345-J343)/2,IF(J345<>"",J345-J344,IF(J343<>"",J344-J343,""))))	=IF(K344="","",IF(AND(K343<>"",K345<>""),(K345-K343)/2,IF(K345<>"",K345-K344,IF(K343<>"",K344-K343,""))))	=IF(L344="","",MOD(DEGREES(ATAN2(L344,M344)),360))	=IF(N344="","",N344+$S$2)	=IF(O344="","","G1 X"&TEXT(J344,"0.###")&" Y"&TEXT(K344,"0.###")&" Z"&TEXT(O344,"0.###"))					
					=ROW()-5	=IF(OR(F345="",F345<=0,F345>LOOKUP(9.99999999999999E+307,$E$5:$E$120)),"",LOOKUP(F345-1,$E$5:$E$120,ROW($E$5:$E$120))+1)	=IF(G345="","",F345-INDEX($E:$E,G345-1))	=IF(G345="","",H345/INDEX($D:$D,G345))	=IF(G345="","",IF(INDEX($C:$C,G345)="C",0.5*(2*(INDEX($A:$A,G345-1))+(-(INDEX($A:$A,MAX(5,G345-2)))+(INDEX($A:$A,G345)))*I345+(2*(INDEX($A:$A,MAX(5,G345-2)))-5*(INDEX($A:$A,G345-1))+4*(INDEX($A:$A,G345))-(INDEX($A:$A,MIN(LOOKUP(2,1/((($A$5:$A$120<>"")+($B$5:$B$120<>""))>0),ROW($A$5:$A$120)),G345+1))))*I345^2+(-(INDEX($A:$A,MAX(5,G345-2)))+3*(INDEX($A:$A,G345-1))-3*(INDEX($A:$A,G345))+(INDEX($A:$A,MIN(LOOKUP(2,1/((($A$5:$A$120<>"")+($B$5:$B$120<>""))>0),ROW($A$5:$A$120)),G345+1))))*I345^3),INDEX($A:$A,G345-1)+(INDEX($A:$A,G345)-INDEX($A:$A,G345-1))*I345))	=IF(G345="","",IF(INDEX($C:$C,G345)="C",0.5*(2*(INDEX($B:$B,G345-1))+(-(INDEX($B:$B,MAX(5,G345-2)))+(INDEX($B:$B,G345)))*I345+(2*(INDEX($B:$B,MAX(5,G345-2)))-5*(INDEX($B:$B,G345-1))+4*(INDEX($B:$B,G345))-(INDEX($B:$B,MIN(LOOKUP(2,1/((($A$5:$A$120<>"")+($B$5:$B$120<>""))>0),ROW($A$5:$A$120)),G345+1))))*I345^2+(-(INDEX($B:$B,MAX(5,G345-2)))+3*(INDEX($B:$B,G345-1))-3*(INDEX($B:$B,G345))+(INDEX($B:$B,MIN(LOOKUP(2,1/((($A$5:$A$120<>"")+($B$5:$B$120<>""))>0),ROW($A$5:$A$120)),G345+1))))*I345^3),INDEX($B:$B,G345-1)+(INDEX($B:$B,G345)-INDEX($B:$B,G345-1))*I345))	=IF(J345="","",IF(AND(J344<>"",J346<>""),(J346-J344)/2,IF(J346<>"",J346-J345,IF(J344<>"",J345-J344,""))))	=IF(K345="","",IF(AND(K344<>"",K346<>""),(K346-K344)/2,IF(K346<>"",K346-K345,IF(K344<>"",K345-K344,""))))	=IF(L345="","",MOD(DEGREES(ATAN2(L345,M345)),360))	=IF(N345="","",N345+$S$2)	=IF(O345="","","G1 X"&TEXT(J345,"0.###")&" Y"&TEXT(K345,"0.###")&" Z"&TEXT(O345,"0.###"))					
					=ROW()-5	=IF(OR(F346="",F346<=0,F346>LOOKUP(9.99999999999999E+307,$E$5:$E$120)),"",LOOKUP(F346-1,$E$5:$E$120,ROW($E$5:$E$120))+1)	=IF(G346="","",F346-INDEX($E:$E,G346-1))	=IF(G346="","",H346/INDEX($D:$D,G346))	=IF(G346="","",IF(INDEX($C:$C,G346)="C",0.5*(2*(INDEX($A:$A,G346-1))+(-(INDEX($A:$A,MAX(5,G346-2)))+(INDEX($A:$A,G346)))*I346+(2*(INDEX($A:$A,MAX(5,G346-2)))-5*(INDEX($A:$A,G346-1))+4*(INDEX($A:$A,G346))-(INDEX($A:$A,MIN(LOOKUP(2,1/((($A$5:$A$120<>"")+($B$5:$B$120<>""))>0),ROW($A$5:$A$120)),G346+1))))*I346^2+(-(INDEX($A:$A,MAX(5,G346-2)))+3*(INDEX($A:$A,G346-1))-3*(INDEX($A:$A,G346))+(INDEX($A:$A,MIN(LOOKUP(2,1/((($A$5:$A$120<>"")+($B$5:$B$120<>""))>0),ROW($A$5:$A$120)),G346+1))))*I346^3),INDEX($A:$A,G346-1)+(INDEX($A:$A,G346)-INDEX($A:$A,G346-1))*I346))	=IF(G346="","",IF(INDEX($C:$C,G346)="C",0.5*(2*(INDEX($B:$B,G346-1))+(-(INDEX($B:$B,MAX(5,G346-2)))+(INDEX($B:$B,G346)))*I346+(2*(INDEX($B:$B,MAX(5,G346-2)))-5*(INDEX($B:$B,G346-1))+4*(INDEX($B:$B,G346))-(INDEX($B:$B,MIN(LOOKUP(2,1/((($A$5:$A$120<>"")+($B$5:$B$120<>""))>0),ROW($A$5:$A$120)),G346+1))))*I346^2+(-(INDEX($B:$B,MAX(5,G346-2)))+3*(INDEX($B:$B,G346-1))-3*(INDEX($B:$B,G346))+(INDEX($B:$B,MIN(LOOKUP(2,1/((($A$5:$A$120<>"")+($B$5:$B$120<>""))>0),ROW($A$5:$A$120)),G346+1))))*I346^3),INDEX($B:$B,G346-1)+(INDEX($B:$B,G346)-INDEX($B:$B,G346-1))*I346))	=IF(J346="","",IF(AND(J345<>"",J347<>""),(J347-J345)/2,IF(J347<>"",J347-J346,IF(J345<>"",J346-J345,""))))	=IF(K346="","",IF(AND(K345<>"",K347<>""),(K347-K345)/2,IF(K347<>"",K347-K346,IF(K345<>"",K346-K345,""))))	=IF(L346="","",MOD(DEGREES(ATAN2(L346,M346)),360))	=IF(N346="","",N346+$S$2)	=IF(O346="","","G1 X"&TEXT(J346,"0.###")&" Y"&TEXT(K346,"0.###")&" Z"&TEXT(O346,"0.###"))					
					=ROW()-5	=IF(OR(F347="",F347<=0,F347>LOOKUP(9.99999999999999E+307,$E$5:$E$120)),"",LOOKUP(F347-1,$E$5:$E$120,ROW($E$5:$E$120))+1)	=IF(G347="","",F347-INDEX($E:$E,G347-1))	=IF(G347="","",H347/INDEX($D:$D,G347))	=IF(G347="","",IF(INDEX($C:$C,G347)="C",0.5*(2*(INDEX($A:$A,G347-1))+(-(INDEX($A:$A,MAX(5,G347-2)))+(INDEX($A:$A,G347)))*I347+(2*(INDEX($A:$A,MAX(5,G347-2)))-5*(INDEX($A:$A,G347-1))+4*(INDEX($A:$A,G347))-(INDEX($A:$A,MIN(LOOKUP(2,1/((($A$5:$A$120<>"")+($B$5:$B$120<>""))>0),ROW($A$5:$A$120)),G347+1))))*I347^2+(-(INDEX($A:$A,MAX(5,G347-2)))+3*(INDEX($A:$A,G347-1))-3*(INDEX($A:$A,G347))+(INDEX($A:$A,MIN(LOOKUP(2,1/((($A$5:$A$120<>"")+($B$5:$B$120<>""))>0),ROW($A$5:$A$120)),G347+1))))*I347^3),INDEX($A:$A,G347-1)+(INDEX($A:$A,G347)-INDEX($A:$A,G347-1))*I347))	=IF(G347="","",IF(INDEX($C:$C,G347)="C",0.5*(2*(INDEX($B:$B,G347-1))+(-(INDEX($B:$B,MAX(5,G347-2)))+(INDEX($B:$B,G347)))*I347+(2*(INDEX($B:$B,MAX(5,G347-2)))-5*(INDEX($B:$B,G347-1))+4*(INDEX($B:$B,G347))-(INDEX($B:$B,MIN(LOOKUP(2,1/((($A$5:$A$120<>"")+($B$5:$B$120<>""))>0),ROW($A$5:$A$120)),G347+1))))*I347^2+(-(INDEX($B:$B,MAX(5,G347-2)))+3*(INDEX($B:$B,G347-1))-3*(INDEX($B:$B,G347))+(INDEX($B:$B,MIN(LOOKUP(2,1/((($A$5:$A$120<>"")+($B$5:$B$120<>""))>0),ROW($A$5:$A$120)),G347+1))))*I347^3),INDEX($B:$B,G347-1)+(INDEX($B:$B,G347)-INDEX($B:$B,G347-1))*I347))	=IF(J347="","",IF(AND(J346<>"",J348<>""),(J348-J346)/2,IF(J348<>"",J348-J347,IF(J346<>"",J347-J346,""))))	=IF(K347="","",IF(AND(K346<>"",K348<>""),(K348-K346)/2,IF(K348<>"",K348-K347,IF(K346<>"",K347-K346,""))))	=IF(L347="","",MOD(DEGREES(ATAN2(L347,M347)),360))	=IF(N347="","",N347+$S$2)	=IF(O347="","","G1 X"&TEXT(J347,"0.###")&" Y"&TEXT(K347,"0.###")&" Z"&TEXT(O347,"0.###"))					
					=ROW()-5	=IF(OR(F348="",F348<=0,F348>LOOKUP(9.99999999999999E+307,$E$5:$E$120)),"",LOOKUP(F348-1,$E$5:$E$120,ROW($E$5:$E$120))+1)	=IF(G348="","",F348-INDEX($E:$E,G348-1))	=IF(G348="","",H348/INDEX($D:$D,G348))	=IF(G348="","",IF(INDEX($C:$C,G348)="C",0.5*(2*(INDEX($A:$A,G348-1))+(-(INDEX($A:$A,MAX(5,G348-2)))+(INDEX($A:$A,G348)))*I348+(2*(INDEX($A:$A,MAX(5,G348-2)))-5*(INDEX($A:$A,G348-1))+4*(INDEX($A:$A,G348))-(INDEX($A:$A,MIN(LOOKUP(2,1/((($A$5:$A$120<>"")+($B$5:$B$120<>""))>0),ROW($A$5:$A$120)),G348+1))))*I348^2+(-(INDEX($A:$A,MAX(5,G348-2)))+3*(INDEX($A:$A,G348-1))-3*(INDEX($A:$A,G348))+(INDEX($A:$A,MIN(LOOKUP(2,1/((($A$5:$A$120<>"")+($B$5:$B$120<>""))>0),ROW($A$5:$A$120)),G348+1))))*I348^3),INDEX($A:$A,G348-1)+(INDEX($A:$A,G348)-INDEX($A:$A,G348-1))*I348))	=IF(G348="","",IF(INDEX($C:$C,G348)="C",0.5*(2*(INDEX($B:$B,G348-1))+(-(INDEX($B:$B,MAX(5,G348-2)))+(INDEX($B:$B,G348)))*I348+(2*(INDEX($B:$B,MAX(5,G348-2)))-5*(INDEX($B:$B,G348-1))+4*(INDEX($B:$B,G348))-(INDEX($B:$B,MIN(LOOKUP(2,1/((($A$5:$A$120<>"")+($B$5:$B$120<>""))>0),ROW($A$5:$A$120)),G348+1))))*I348^2+(-(INDEX($B:$B,MAX(5,G348-2)))+3*(INDEX($B:$B,G348-1))-3*(INDEX($B:$B,G348))+(INDEX($B:$B,MIN(LOOKUP(2,1/((($A$5:$A$120<>"")+($B$5:$B$120<>""))>0),ROW($A$5:$A$120)),G348+1))))*I348^3),INDEX($B:$B,G348-1)+(INDEX($B:$B,G348)-INDEX($B:$B,G348-1))*I348))	=IF(J348="","",IF(AND(J347<>"",J349<>""),(J349-J347)/2,IF(J349<>"",J349-J348,IF(J347<>"",J348-J347,""))))	=IF(K348="","",IF(AND(K347<>"",K349<>""),(K349-K347)/2,IF(K349<>"",K349-K348,IF(K347<>"",K348-K347,""))))	=IF(L348="","",MOD(DEGREES(ATAN2(L348,M348)),360))	=IF(N348="","",N348+$S$2)	=IF(O348="","","G1 X"&TEXT(J348,"0.###")&" Y"&TEXT(K348,"0.###")&" Z"&TEXT(O348,"0.###"))					
					=ROW()-5	=IF(OR(F349="",F349<=0,F349>LOOKUP(9.99999999999999E+307,$E$5:$E$120)),"",LOOKUP(F349-1,$E$5:$E$120,ROW($E$5:$E$120))+1)	=IF(G349="","",F349-INDEX($E:$E,G349-1))	=IF(G349="","",H349/INDEX($D:$D,G349))	=IF(G349="","",IF(INDEX($C:$C,G349)="C",0.5*(2*(INDEX($A:$A,G349-1))+(-(INDEX($A:$A,MAX(5,G349-2)))+(INDEX($A:$A,G349)))*I349+(2*(INDEX($A:$A,MAX(5,G349-2)))-5*(INDEX($A:$A,G349-1))+4*(INDEX($A:$A,G349))-(INDEX($A:$A,MIN(LOOKUP(2,1/((($A$5:$A$120<>"")+($B$5:$B$120<>""))>0),ROW($A$5:$A$120)),G349+1))))*I349^2+(-(INDEX($A:$A,MAX(5,G349-2)))+3*(INDEX($A:$A,G349-1))-3*(INDEX($A:$A,G349))+(INDEX($A:$A,MIN(LOOKUP(2,1/((($A$5:$A$120<>"")+($B$5:$B$120<>""))>0),ROW($A$5:$A$120)),G349+1))))*I349^3),INDEX($A:$A,G349-1)+(INDEX($A:$A,G349)-INDEX($A:$A,G349-1))*I349))	=IF(G349="","",IF(INDEX($C:$C,G349)="C",0.5*(2*(INDEX($B:$B,G349-1))+(-(INDEX($B:$B,MAX(5,G349-2)))+(INDEX($B:$B,G349)))*I349+(2*(INDEX($B:$B,MAX(5,G349-2)))-5*(INDEX($B:$B,G349-1))+4*(INDEX($B:$B,G349))-(INDEX($B:$B,MIN(LOOKUP(2,1/((($A$5:$A$120<>"")+($B$5:$B$120<>""))>0),ROW($A$5:$A$120)),G349+1))))*I349^2+(-(INDEX($B:$B,MAX(5,G349-2)))+3*(INDEX($B:$B,G349-1))-3*(INDEX($B:$B,G349))+(INDEX($B:$B,MIN(LOOKUP(2,1/((($A$5:$A$120<>"")+($B$5:$B$120<>""))>0),ROW($A$5:$A$120)),G349+1))))*I349^3),INDEX($B:$B,G349-1)+(INDEX($B:$B,G349)-INDEX($B:$B,G349-1))*I349))	=IF(J349="","",IF(AND(J348<>"",J350<>""),(J350-J348)/2,IF(J350<>"",J350-J349,IF(J348<>"",J349-J348,""))))	=IF(K349="","",IF(AND(K348<>"",K350<>""),(K350-K348)/2,IF(K350<>"",K350-K349,IF(K348<>"",K349-K348,""))))	=IF(L349="","",MOD(DEGREES(ATAN2(L349,M349)),360))	=IF(N349="","",N349+$S$2)	=IF(O349="","","G1 X"&TEXT(J349,"0.###")&" Y"&TEXT(K349,"0.###")&" Z"&TEXT(O349,"0.###"))					
					=ROW()-5	=IF(OR(F350="",F350<=0,F350>LOOKUP(9.99999999999999E+307,$E$5:$E$120)),"",LOOKUP(F350-1,$E$5:$E$120,ROW($E$5:$E$120))+1)	=IF(G350="","",F350-INDEX($E:$E,G350-1))	=IF(G350="","",H350/INDEX($D:$D,G350))	=IF(G350="","",IF(INDEX($C:$C,G350)="C",0.5*(2*(INDEX($A:$A,G350-1))+(-(INDEX($A:$A,MAX(5,G350-2)))+(INDEX($A:$A,G350)))*I350+(2*(INDEX($A:$A,MAX(5,G350-2)))-5*(INDEX($A:$A,G350-1))+4*(INDEX($A:$A,G350))-(INDEX($A:$A,MIN(LOOKUP(2,1/((($A$5:$A$120<>"")+($B$5:$B$120<>""))>0),ROW($A$5:$A$120)),G350+1))))*I350^2+(-(INDEX($A:$A,MAX(5,G350-2)))+3*(INDEX($A:$A,G350-1))-3*(INDEX($A:$A,G350))+(INDEX($A:$A,MIN(LOOKUP(2,1/((($A$5:$A$120<>"")+($B$5:$B$120<>""))>0),ROW($A$5:$A$120)),G350+1))))*I350^3),INDEX($A:$A,G350-1)+(INDEX($A:$A,G350)-INDEX($A:$A,G350-1))*I350))	=IF(G350="","",IF(INDEX($C:$C,G350)="C",0.5*(2*(INDEX($B:$B,G350-1))+(-(INDEX($B:$B,MAX(5,G350-2)))+(INDEX($B:$B,G350)))*I350+(2*(INDEX($B:$B,MAX(5,G350-2)))-5*(INDEX($B:$B,G350-1))+4*(INDEX($B:$B,G350))-(INDEX($B:$B,MIN(LOOKUP(2,1/((($A$5:$A$120<>"")+($B$5:$B$120<>""))>0),ROW($A$5:$A$120)),G350+1))))*I350^2+(-(INDEX($B:$B,MAX(5,G350-2)))+3*(INDEX($B:$B,G350-1))-3*(INDEX($B:$B,G350))+(INDEX($B:$B,MIN(LOOKUP(2,1/((($A$5:$A$120<>"")+($B$5:$B$120<>""))>0),ROW($A$5:$A$120)),G350+1))))*I350^3),INDEX($B:$B,G350-1)+(INDEX($B:$B,G350)-INDEX($B:$B,G350-1))*I350))	=IF(J350="","",IF(AND(J349<>"",J351<>""),(J351-J349)/2,IF(J351<>"",J351-J350,IF(J349<>"",J350-J349,""))))	=IF(K350="","",IF(AND(K349<>"",K351<>""),(K351-K349)/2,IF(K351<>"",K351-K350,IF(K349<>"",K350-K349,""))))	=IF(L350="","",MOD(DEGREES(ATAN2(L350,M350)),360))	=IF(N350="","",N350+$S$2)	=IF(O350="","","G1 X"&TEXT(J350,"0.###")&" Y"&TEXT(K350,"0.###")&" Z"&TEXT(O350,"0.###"))					
					=ROW()-5	=IF(OR(F351="",F351<=0,F351>LOOKUP(9.99999999999999E+307,$E$5:$E$120)),"",LOOKUP(F351-1,$E$5:$E$120,ROW($E$5:$E$120))+1)	=IF(G351="","",F351-INDEX($E:$E,G351-1))	=IF(G351="","",H351/INDEX($D:$D,G351))	=IF(G351="","",IF(INDEX($C:$C,G351)="C",0.5*(2*(INDEX($A:$A,G351-1))+(-(INDEX($A:$A,MAX(5,G351-2)))+(INDEX($A:$A,G351)))*I351+(2*(INDEX($A:$A,MAX(5,G351-2)))-5*(INDEX($A:$A,G351-1))+4*(INDEX($A:$A,G351))-(INDEX($A:$A,MIN(LOOKUP(2,1/((($A$5:$A$120<>"")+($B$5:$B$120<>""))>0),ROW($A$5:$A$120)),G351+1))))*I351^2+(-(INDEX($A:$A,MAX(5,G351-2)))+3*(INDEX($A:$A,G351-1))-3*(INDEX($A:$A,G351))+(INDEX($A:$A,MIN(LOOKUP(2,1/((($A$5:$A$120<>"")+($B$5:$B$120<>""))>0),ROW($A$5:$A$120)),G351+1))))*I351^3),INDEX($A:$A,G351-1)+(INDEX($A:$A,G351)-INDEX($A:$A,G351-1))*I351))	=IF(G351="","",IF(INDEX($C:$C,G351)="C",0.5*(2*(INDEX($B:$B,G351-1))+(-(INDEX($B:$B,MAX(5,G351-2)))+(INDEX($B:$B,G351)))*I351+(2*(INDEX($B:$B,MAX(5,G351-2)))-5*(INDEX($B:$B,G351-1))+4*(INDEX($B:$B,G351))-(INDEX($B:$B,MIN(LOOKUP(2,1/((($A$5:$A$120<>"")+($B$5:$B$120<>""))>0),ROW($A$5:$A$120)),G351+1))))*I351^2+(-(INDEX($B:$B,MAX(5,G351-2)))+3*(INDEX($B:$B,G351-1))-3*(INDEX($B:$B,G351))+(INDEX($B:$B,MIN(LOOKUP(2,1/((($A$5:$A$120<>"")+($B$5:$B$120<>""))>0),ROW($A$5:$A$120)),G351+1))))*I351^3),INDEX($B:$B,G351-1)+(INDEX($B:$B,G351)-INDEX($B:$B,G351-1))*I351))	=IF(J351="","",IF(AND(J350<>"",J352<>""),(J352-J350)/2,IF(J352<>"",J352-J351,IF(J350<>"",J351-J350,""))))	=IF(K351="","",IF(AND(K350<>"",K352<>""),(K352-K350)/2,IF(K352<>"",K352-K351,IF(K350<>"",K351-K350,""))))	=IF(L351="","",MOD(DEGREES(ATAN2(L351,M351)),360))	=IF(N351="","",N351+$S$2)	=IF(O351="","","G1 X"&TEXT(J351,"0.###")&" Y"&TEXT(K351,"0.###")&" Z"&TEXT(O351,"0.###"))					
					=ROW()-5	=IF(OR(F352="",F352<=0,F352>LOOKUP(9.99999999999999E+307,$E$5:$E$120)),"",LOOKUP(F352-1,$E$5:$E$120,ROW($E$5:$E$120))+1)	=IF(G352="","",F352-INDEX($E:$E,G352-1))	=IF(G352="","",H352/INDEX($D:$D,G352))	=IF(G352="","",IF(INDEX($C:$C,G352)="C",0.5*(2*(INDEX($A:$A,G352-1))+(-(INDEX($A:$A,MAX(5,G352-2)))+(INDEX($A:$A,G352)))*I352+(2*(INDEX($A:$A,MAX(5,G352-2)))-5*(INDEX($A:$A,G352-1))+4*(INDEX($A:$A,G352))-(INDEX($A:$A,MIN(LOOKUP(2,1/((($A$5:$A$120<>"")+($B$5:$B$120<>""))>0),ROW($A$5:$A$120)),G352+1))))*I352^2+(-(INDEX($A:$A,MAX(5,G352-2)))+3*(INDEX($A:$A,G352-1))-3*(INDEX($A:$A,G352))+(INDEX($A:$A,MIN(LOOKUP(2,1/((($A$5:$A$120<>"")+($B$5:$B$120<>""))>0),ROW($A$5:$A$120)),G352+1))))*I352^3),INDEX($A:$A,G352-1)+(INDEX($A:$A,G352)-INDEX($A:$A,G352-1))*I352))	=IF(G352="","",IF(INDEX($C:$C,G352)="C",0.5*(2*(INDEX($B:$B,G352-1))+(-(INDEX($B:$B,MAX(5,G352-2)))+(INDEX($B:$B,G352)))*I352+(2*(INDEX($B:$B,MAX(5,G352-2)))-5*(INDEX($B:$B,G352-1))+4*(INDEX($B:$B,G352))-(INDEX($B:$B,MIN(LOOKUP(2,1/((($A$5:$A$120<>"")+($B$5:$B$120<>""))>0),ROW($A$5:$A$120)),G352+1))))*I352^2+(-(INDEX($B:$B,MAX(5,G352-2)))+3*(INDEX($B:$B,G352-1))-3*(INDEX($B:$B,G352))+(INDEX($B:$B,MIN(LOOKUP(2,1/((($A$5:$A$120<>"")+($B$5:$B$120<>""))>0),ROW($A$5:$A$120)),G352+1))))*I352^3),INDEX($B:$B,G352-1)+(INDEX($B:$B,G352)-INDEX($B:$B,G352-1))*I352))	=IF(J352="","",IF(AND(J351<>"",J353<>""),(J353-J351)/2,IF(J353<>"",J353-J352,IF(J351<>"",J352-J351,""))))	=IF(K352="","",IF(AND(K351<>"",K353<>""),(K353-K351)/2,IF(K353<>"",K353-K352,IF(K351<>"",K352-K351,""))))	=IF(L352="","",MOD(DEGREES(ATAN2(L352,M352)),360))	=IF(N352="","",N352+$S$2)	=IF(O352="","","G1 X"&TEXT(J352,"0.###")&" Y"&TEXT(K352,"0.###")&" Z"&TEXT(O352,"0.###"))					
					=ROW()-5	=IF(OR(F353="",F353<=0,F353>LOOKUP(9.99999999999999E+307,$E$5:$E$120)),"",LOOKUP(F353-1,$E$5:$E$120,ROW($E$5:$E$120))+1)	=IF(G353="","",F353-INDEX($E:$E,G353-1))	=IF(G353="","",H353/INDEX($D:$D,G353))	=IF(G353="","",IF(INDEX($C:$C,G353)="C",0.5*(2*(INDEX($A:$A,G353-1))+(-(INDEX($A:$A,MAX(5,G353-2)))+(INDEX($A:$A,G353)))*I353+(2*(INDEX($A:$A,MAX(5,G353-2)))-5*(INDEX($A:$A,G353-1))+4*(INDEX($A:$A,G353))-(INDEX($A:$A,MIN(LOOKUP(2,1/((($A$5:$A$120<>"")+($B$5:$B$120<>""))>0),ROW($A$5:$A$120)),G353+1))))*I353^2+(-(INDEX($A:$A,MAX(5,G353-2)))+3*(INDEX($A:$A,G353-1))-3*(INDEX($A:$A,G353))+(INDEX($A:$A,MIN(LOOKUP(2,1/((($A$5:$A$120<>"")+($B$5:$B$120<>""))>0),ROW($A$5:$A$120)),G353+1))))*I353^3),INDEX($A:$A,G353-1)+(INDEX($A:$A,G353)-INDEX($A:$A,G353-1))*I353))	=IF(G353="","",IF(INDEX($C:$C,G353)="C",0.5*(2*(INDEX($B:$B,G353-1))+(-(INDEX($B:$B,MAX(5,G353-2)))+(INDEX($B:$B,G353)))*I353+(2*(INDEX($B:$B,MAX(5,G353-2)))-5*(INDEX($B:$B,G353-1))+4*(INDEX($B:$B,G353))-(INDEX($B:$B,MIN(LOOKUP(2,1/((($A$5:$A$120<>"")+($B$5:$B$120<>""))>0),ROW($A$5:$A$120)),G353+1))))*I353^2+(-(INDEX($B:$B,MAX(5,G353-2)))+3*(INDEX($B:$B,G353-1))-3*(INDEX($B:$B,G353))+(INDEX($B:$B,MIN(LOOKUP(2,1/((($A$5:$A$120<>"")+($B$5:$B$120<>""))>0),ROW($A$5:$A$120)),G353+1))))*I353^3),INDEX($B:$B,G353-1)+(INDEX($B:$B,G353)-INDEX($B:$B,G353-1))*I353))	=IF(J353="","",IF(AND(J352<>"",J354<>""),(J354-J352)/2,IF(J354<>"",J354-J353,IF(J352<>"",J353-J352,""))))	=IF(K353="","",IF(AND(K352<>"",K354<>""),(K354-K352)/2,IF(K354<>"",K354-K353,IF(K352<>"",K353-K352,""))))	=IF(L353="","",MOD(DEGREES(ATAN2(L353,M353)),360))	=IF(N353="","",N353+$S$2)	=IF(O353="","","G1 X"&TEXT(J353,"0.###")&" Y"&TEXT(K353,"0.###")&" Z"&TEXT(O353,"0.###"))					
					=ROW()-5	=IF(OR(F354="",F354<=0,F354>LOOKUP(9.99999999999999E+307,$E$5:$E$120)),"",LOOKUP(F354-1,$E$5:$E$120,ROW($E$5:$E$120))+1)	=IF(G354="","",F354-INDEX($E:$E,G354-1))	=IF(G354="","",H354/INDEX($D:$D,G354))	=IF(G354="","",IF(INDEX($C:$C,G354)="C",0.5*(2*(INDEX($A:$A,G354-1))+(-(INDEX($A:$A,MAX(5,G354-2)))+(INDEX($A:$A,G354)))*I354+(2*(INDEX($A:$A,MAX(5,G354-2)))-5*(INDEX($A:$A,G354-1))+4*(INDEX($A:$A,G354))-(INDEX($A:$A,MIN(LOOKUP(2,1/((($A$5:$A$120<>"")+($B$5:$B$120<>""))>0),ROW($A$5:$A$120)),G354+1))))*I354^2+(-(INDEX($A:$A,MAX(5,G354-2)))+3*(INDEX($A:$A,G354-1))-3*(INDEX($A:$A,G354))+(INDEX($A:$A,MIN(LOOKUP(2,1/((($A$5:$A$120<>"")+($B$5:$B$120<>""))>0),ROW($A$5:$A$120)),G354+1))))*I354^3),INDEX($A:$A,G354-1)+(INDEX($A:$A,G354)-INDEX($A:$A,G354-1))*I354))	=IF(G354="","",IF(INDEX($C:$C,G354)="C",0.5*(2*(INDEX($B:$B,G354-1))+(-(INDEX($B:$B,MAX(5,G354-2)))+(INDEX($B:$B,G354)))*I354+(2*(INDEX($B:$B,MAX(5,G354-2)))-5*(INDEX($B:$B,G354-1))+4*(INDEX($B:$B,G354))-(INDEX($B:$B,MIN(LOOKUP(2,1/((($A$5:$A$120<>"")+($B$5:$B$120<>""))>0),ROW($A$5:$A$120)),G354+1))))*I354^2+(-(INDEX($B:$B,MAX(5,G354-2)))+3*(INDEX($B:$B,G354-1))-3*(INDEX($B:$B,G354))+(INDEX($B:$B,MIN(LOOKUP(2,1/((($A$5:$A$120<>"")+($B$5:$B$120<>""))>0),ROW($A$5:$A$120)),G354+1))))*I354^3),INDEX($B:$B,G354-1)+(INDEX($B:$B,G354)-INDEX($B:$B,G354-1))*I354))	=IF(J354="","",IF(AND(J353<>"",J355<>""),(J355-J353)/2,IF(J355<>"",J355-J354,IF(J353<>"",J354-J353,""))))	=IF(K354="","",IF(AND(K353<>"",K355<>""),(K355-K353)/2,IF(K355<>"",K355-K354,IF(K353<>"",K354-K353,""))))	=IF(L354="","",MOD(DEGREES(ATAN2(L354,M354)),360))	=IF(N354="","",N354+$S$2)	=IF(O354="","","G1 X"&TEXT(J354,"0.###")&" Y"&TEXT(K354,"0.###")&" Z"&TEXT(O354,"0.###"))					
					=ROW()-5	=IF(OR(F355="",F355<=0,F355>LOOKUP(9.99999999999999E+307,$E$5:$E$120)),"",LOOKUP(F355-1,$E$5:$E$120,ROW($E$5:$E$120))+1)	=IF(G355="","",F355-INDEX($E:$E,G355-1))	=IF(G355="","",H355/INDEX($D:$D,G355))	=IF(G355="","",IF(INDEX($C:$C,G355)="C",0.5*(2*(INDEX($A:$A,G355-1))+(-(INDEX($A:$A,MAX(5,G355-2)))+(INDEX($A:$A,G355)))*I355+(2*(INDEX($A:$A,MAX(5,G355-2)))-5*(INDEX($A:$A,G355-1))+4*(INDEX($A:$A,G355))-(INDEX($A:$A,MIN(LOOKUP(2,1/((($A$5:$A$120<>"")+($B$5:$B$120<>""))>0),ROW($A$5:$A$120)),G355+1))))*I355^2+(-(INDEX($A:$A,MAX(5,G355-2)))+3*(INDEX($A:$A,G355-1))-3*(INDEX($A:$A,G355))+(INDEX($A:$A,MIN(LOOKUP(2,1/((($A$5:$A$120<>"")+($B$5:$B$120<>""))>0),ROW($A$5:$A$120)),G355+1))))*I355^3),INDEX($A:$A,G355-1)+(INDEX($A:$A,G355)-INDEX($A:$A,G355-1))*I355))	=IF(G355="","",IF(INDEX($C:$C,G355)="C",0.5*(2*(INDEX($B:$B,G355-1))+(-(INDEX($B:$B,MAX(5,G355-2)))+(INDEX($B:$B,G355)))*I355+(2*(INDEX($B:$B,MAX(5,G355-2)))-5*(INDEX($B:$B,G355-1))+4*(INDEX($B:$B,G355))-(INDEX($B:$B,MIN(LOOKUP(2,1/((($A$5:$A$120<>"")+($B$5:$B$120<>""))>0),ROW($A$5:$A$120)),G355+1))))*I355^2+(-(INDEX($B:$B,MAX(5,G355-2)))+3*(INDEX($B:$B,G355-1))-3*(INDEX($B:$B,G355))+(INDEX($B:$B,MIN(LOOKUP(2,1/((($A$5:$A$120<>"")+($B$5:$B$120<>""))>0),ROW($A$5:$A$120)),G355+1))))*I355^3),INDEX($B:$B,G355-1)+(INDEX($B:$B,G355)-INDEX($B:$B,G355-1))*I355))	=IF(J355="","",IF(AND(J354<>"",J356<>""),(J356-J354)/2,IF(J356<>"",J356-J355,IF(J354<>"",J355-J354,""))))	=IF(K355="","",IF(AND(K354<>"",K356<>""),(K356-K354)/2,IF(K356<>"",K356-K355,IF(K354<>"",K355-K354,""))))	=IF(L355="","",MOD(DEGREES(ATAN2(L355,M355)),360))	=IF(N355="","",N355+$S$2)	=IF(O355="","","G1 X"&TEXT(J355,"0.###")&" Y"&TEXT(K355,"0.###")&" Z"&TEXT(O355,"0.###"))					
					=ROW()-5	=IF(OR(F356="",F356<=0,F356>LOOKUP(9.99999999999999E+307,$E$5:$E$120)),"",LOOKUP(F356-1,$E$5:$E$120,ROW($E$5:$E$120))+1)	=IF(G356="","",F356-INDEX($E:$E,G356-1))	=IF(G356="","",H356/INDEX($D:$D,G356))	=IF(G356="","",IF(INDEX($C:$C,G356)="C",0.5*(2*(INDEX($A:$A,G356-1))+(-(INDEX($A:$A,MAX(5,G356-2)))+(INDEX($A:$A,G356)))*I356+(2*(INDEX($A:$A,MAX(5,G356-2)))-5*(INDEX($A:$A,G356-1))+4*(INDEX($A:$A,G356))-(INDEX($A:$A,MIN(LOOKUP(2,1/((($A$5:$A$120<>"")+($B$5:$B$120<>""))>0),ROW($A$5:$A$120)),G356+1))))*I356^2+(-(INDEX($A:$A,MAX(5,G356-2)))+3*(INDEX($A:$A,G356-1))-3*(INDEX($A:$A,G356))+(INDEX($A:$A,MIN(LOOKUP(2,1/((($A$5:$A$120<>"")+($B$5:$B$120<>""))>0),ROW($A$5:$A$120)),G356+1))))*I356^3),INDEX($A:$A,G356-1)+(INDEX($A:$A,G356)-INDEX($A:$A,G356-1))*I356))	=IF(G356="","",IF(INDEX($C:$C,G356)="C",0.5*(2*(INDEX($B:$B,G356-1))+(-(INDEX($B:$B,MAX(5,G356-2)))+(INDEX($B:$B,G356)))*I356+(2*(INDEX($B:$B,MAX(5,G356-2)))-5*(INDEX($B:$B,G356-1))+4*(INDEX($B:$B,G356))-(INDEX($B:$B,MIN(LOOKUP(2,1/((($A$5:$A$120<>"")+($B$5:$B$120<>""))>0),ROW($A$5:$A$120)),G356+1))))*I356^2+(-(INDEX($B:$B,MAX(5,G356-2)))+3*(INDEX($B:$B,G356-1))-3*(INDEX($B:$B,G356))+(INDEX($B:$B,MIN(LOOKUP(2,1/((($A$5:$A$120<>"")+($B$5:$B$120<>""))>0),ROW($A$5:$A$120)),G356+1))))*I356^3),INDEX($B:$B,G356-1)+(INDEX($B:$B,G356)-INDEX($B:$B,G356-1))*I356))	=IF(J356="","",IF(AND(J355<>"",J357<>""),(J357-J355)/2,IF(J357<>"",J357-J356,IF(J355<>"",J356-J355,""))))	=IF(K356="","",IF(AND(K355<>"",K357<>""),(K357-K355)/2,IF(K357<>"",K357-K356,IF(K355<>"",K356-K355,""))))	=IF(L356="","",MOD(DEGREES(ATAN2(L356,M356)),360))	=IF(N356="","",N356+$S$2)	=IF(O356="","","G1 X"&TEXT(J356,"0.###")&" Y"&TEXT(K356,"0.###")&" Z"&TEXT(O356,"0.###"))					
					=ROW()-5	=IF(OR(F357="",F357<=0,F357>LOOKUP(9.99999999999999E+307,$E$5:$E$120)),"",LOOKUP(F357-1,$E$5:$E$120,ROW($E$5:$E$120))+1)	=IF(G357="","",F357-INDEX($E:$E,G357-1))	=IF(G357="","",H357/INDEX($D:$D,G357))	=IF(G357="","",IF(INDEX($C:$C,G357)="C",0.5*(2*(INDEX($A:$A,G357-1))+(-(INDEX($A:$A,MAX(5,G357-2)))+(INDEX($A:$A,G357)))*I357+(2*(INDEX($A:$A,MAX(5,G357-2)))-5*(INDEX($A:$A,G357-1))+4*(INDEX($A:$A,G357))-(INDEX($A:$A,MIN(LOOKUP(2,1/((($A$5:$A$120<>"")+($B$5:$B$120<>""))>0),ROW($A$5:$A$120)),G357+1))))*I357^2+(-(INDEX($A:$A,MAX(5,G357-2)))+3*(INDEX($A:$A,G357-1))-3*(INDEX($A:$A,G357))+(INDEX($A:$A,MIN(LOOKUP(2,1/((($A$5:$A$120<>"")+($B$5:$B$120<>""))>0),ROW($A$5:$A$120)),G357+1))))*I357^3),INDEX($A:$A,G357-1)+(INDEX($A:$A,G357)-INDEX($A:$A,G357-1))*I357))	=IF(G357="","",IF(INDEX($C:$C,G357)="C",0.5*(2*(INDEX($B:$B,G357-1))+(-(INDEX($B:$B,MAX(5,G357-2)))+(INDEX($B:$B,G357)))*I357+(2*(INDEX($B:$B,MAX(5,G357-2)))-5*(INDEX($B:$B,G357-1))+4*(INDEX($B:$B,G357))-(INDEX($B:$B,MIN(LOOKUP(2,1/((($A$5:$A$120<>"")+($B$5:$B$120<>""))>0),ROW($A$5:$A$120)),G357+1))))*I357^2+(-(INDEX($B:$B,MAX(5,G357-2)))+3*(INDEX($B:$B,G357-1))-3*(INDEX($B:$B,G357))+(INDEX($B:$B,MIN(LOOKUP(2,1/((($A$5:$A$120<>"")+($B$5:$B$120<>""))>0),ROW($A$5:$A$120)),G357+1))))*I357^3),INDEX($B:$B,G357-1)+(INDEX($B:$B,G357)-INDEX($B:$B,G357-1))*I357))	=IF(J357="","",IF(AND(J356<>"",J358<>""),(J358-J356)/2,IF(J358<>"",J358-J357,IF(J356<>"",J357-J356,""))))	=IF(K357="","",IF(AND(K356<>"",K358<>""),(K358-K356)/2,IF(K358<>"",K358-K357,IF(K356<>"",K357-K356,""))))	=IF(L357="","",MOD(DEGREES(ATAN2(L357,M357)),360))	=IF(N357="","",N357+$S$2)	=IF(O357="","","G1 X"&TEXT(J357,"0.###")&" Y"&TEXT(K357,"0.###")&" Z"&TEXT(O357,"0.###"))					
					=ROW()-5	=IF(OR(F358="",F358<=0,F358>LOOKUP(9.99999999999999E+307,$E$5:$E$120)),"",LOOKUP(F358-1,$E$5:$E$120,ROW($E$5:$E$120))+1)	=IF(G358="","",F358-INDEX($E:$E,G358-1))	=IF(G358="","",H358/INDEX($D:$D,G358))	=IF(G358="","",IF(INDEX($C:$C,G358)="C",0.5*(2*(INDEX($A:$A,G358-1))+(-(INDEX($A:$A,MAX(5,G358-2)))+(INDEX($A:$A,G358)))*I358+(2*(INDEX($A:$A,MAX(5,G358-2)))-5*(INDEX($A:$A,G358-1))+4*(INDEX($A:$A,G358))-(INDEX($A:$A,MIN(LOOKUP(2,1/((($A$5:$A$120<>"")+($B$5:$B$120<>""))>0),ROW($A$5:$A$120)),G358+1))))*I358^2+(-(INDEX($A:$A,MAX(5,G358-2)))+3*(INDEX($A:$A,G358-1))-3*(INDEX($A:$A,G358))+(INDEX($A:$A,MIN(LOOKUP(2,1/((($A$5:$A$120<>"")+($B$5:$B$120<>""))>0),ROW($A$5:$A$120)),G358+1))))*I358^3),INDEX($A:$A,G358-1)+(INDEX($A:$A,G358)-INDEX($A:$A,G358-1))*I358))	=IF(G358="","",IF(INDEX($C:$C,G358)="C",0.5*(2*(INDEX($B:$B,G358-1))+(-(INDEX($B:$B,MAX(5,G358-2)))+(INDEX($B:$B,G358)))*I358+(2*(INDEX($B:$B,MAX(5,G358-2)))-5*(INDEX($B:$B,G358-1))+4*(INDEX($B:$B,G358))-(INDEX($B:$B,MIN(LOOKUP(2,1/((($A$5:$A$120<>"")+($B$5:$B$120<>""))>0),ROW($A$5:$A$120)),G358+1))))*I358^2+(-(INDEX($B:$B,MAX(5,G358-2)))+3*(INDEX($B:$B,G358-1))-3*(INDEX($B:$B,G358))+(INDEX($B:$B,MIN(LOOKUP(2,1/((($A$5:$A$120<>"")+($B$5:$B$120<>""))>0),ROW($A$5:$A$120)),G358+1))))*I358^3),INDEX($B:$B,G358-1)+(INDEX($B:$B,G358)-INDEX($B:$B,G358-1))*I358))	=IF(J358="","",IF(AND(J357<>"",J359<>""),(J359-J357)/2,IF(J359<>"",J359-J358,IF(J357<>"",J358-J357,""))))	=IF(K358="","",IF(AND(K357<>"",K359<>""),(K359-K357)/2,IF(K359<>"",K359-K358,IF(K357<>"",K358-K357,""))))	=IF(L358="","",MOD(DEGREES(ATAN2(L358,M358)),360))	=IF(N358="","",N358+$S$2)	=IF(O358="","","G1 X"&TEXT(J358,"0.###")&" Y"&TEXT(K358,"0.###")&" Z"&TEXT(O358,"0.###"))					
					=ROW()-5	=IF(OR(F359="",F359<=0,F359>LOOKUP(9.99999999999999E+307,$E$5:$E$120)),"",LOOKUP(F359-1,$E$5:$E$120,ROW($E$5:$E$120))+1)	=IF(G359="","",F359-INDEX($E:$E,G359-1))	=IF(G359="","",H359/INDEX($D:$D,G359))	=IF(G359="","",IF(INDEX($C:$C,G359)="C",0.5*(2*(INDEX($A:$A,G359-1))+(-(INDEX($A:$A,MAX(5,G359-2)))+(INDEX($A:$A,G359)))*I359+(2*(INDEX($A:$A,MAX(5,G359-2)))-5*(INDEX($A:$A,G359-1))+4*(INDEX($A:$A,G359))-(INDEX($A:$A,MIN(LOOKUP(2,1/((($A$5:$A$120<>"")+($B$5:$B$120<>""))>0),ROW($A$5:$A$120)),G359+1))))*I359^2+(-(INDEX($A:$A,MAX(5,G359-2)))+3*(INDEX($A:$A,G359-1))-3*(INDEX($A:$A,G359))+(INDEX($A:$A,MIN(LOOKUP(2,1/((($A$5:$A$120<>"")+($B$5:$B$120<>""))>0),ROW($A$5:$A$120)),G359+1))))*I359^3),INDEX($A:$A,G359-1)+(INDEX($A:$A,G359)-INDEX($A:$A,G359-1))*I359))	=IF(G359="","",IF(INDEX($C:$C,G359)="C",0.5*(2*(INDEX($B:$B,G359-1))+(-(INDEX($B:$B,MAX(5,G359-2)))+(INDEX($B:$B,G359)))*I359+(2*(INDEX($B:$B,MAX(5,G359-2)))-5*(INDEX($B:$B,G359-1))+4*(INDEX($B:$B,G359))-(INDEX($B:$B,MIN(LOOKUP(2,1/((($A$5:$A$120<>"")+($B$5:$B$120<>""))>0),ROW($A$5:$A$120)),G359+1))))*I359^2+(-(INDEX($B:$B,MAX(5,G359-2)))+3*(INDEX($B:$B,G359-1))-3*(INDEX($B:$B,G359))+(INDEX($B:$B,MIN(LOOKUP(2,1/((($A$5:$A$120<>"")+($B$5:$B$120<>""))>0),ROW($A$5:$A$120)),G359+1))))*I359^3),INDEX($B:$B,G359-1)+(INDEX($B:$B,G359)-INDEX($B:$B,G359-1))*I359))	=IF(J359="","",IF(AND(J358<>"",J360<>""),(J360-J358)/2,IF(J360<>"",J360-J359,IF(J358<>"",J359-J358,""))))	=IF(K359="","",IF(AND(K358<>"",K360<>""),(K360-K358)/2,IF(K360<>"",K360-K359,IF(K358<>"",K359-K358,""))))	=IF(L359="","",MOD(DEGREES(ATAN2(L359,M359)),360))	=IF(N359="","",N359+$S$2)	=IF(O359="","","G1 X"&TEXT(J359,"0.###")&" Y"&TEXT(K359,"0.###")&" Z"&TEXT(O359,"0.###"))					
					=ROW()-5	=IF(OR(F360="",F360<=0,F360>LOOKUP(9.99999999999999E+307,$E$5:$E$120)),"",LOOKUP(F360-1,$E$5:$E$120,ROW($E$5:$E$120))+1)	=IF(G360="","",F360-INDEX($E:$E,G360-1))	=IF(G360="","",H360/INDEX($D:$D,G360))	=IF(G360="","",IF(INDEX($C:$C,G360)="C",0.5*(2*(INDEX($A:$A,G360-1))+(-(INDEX($A:$A,MAX(5,G360-2)))+(INDEX($A:$A,G360)))*I360+(2*(INDEX($A:$A,MAX(5,G360-2)))-5*(INDEX($A:$A,G360-1))+4*(INDEX($A:$A,G360))-(INDEX($A:$A,MIN(LOOKUP(2,1/((($A$5:$A$120<>"")+($B$5:$B$120<>""))>0),ROW($A$5:$A$120)),G360+1))))*I360^2+(-(INDEX($A:$A,MAX(5,G360-2)))+3*(INDEX($A:$A,G360-1))-3*(INDEX($A:$A,G360))+(INDEX($A:$A,MIN(LOOKUP(2,1/((($A$5:$A$120<>"")+($B$5:$B$120<>""))>0),ROW($A$5:$A$120)),G360+1))))*I360^3),INDEX($A:$A,G360-1)+(INDEX($A:$A,G360)-INDEX($A:$A,G360-1))*I360))	=IF(G360="","",IF(INDEX($C:$C,G360)="C",0.5*(2*(INDEX($B:$B,G360-1))+(-(INDEX($B:$B,MAX(5,G360-2)))+(INDEX($B:$B,G360)))*I360+(2*(INDEX($B:$B,MAX(5,G360-2)))-5*(INDEX($B:$B,G360-1))+4*(INDEX($B:$B,G360))-(INDEX($B:$B,MIN(LOOKUP(2,1/((($A$5:$A$120<>"")+($B$5:$B$120<>""))>0),ROW($A$5:$A$120)),G360+1))))*I360^2+(-(INDEX($B:$B,MAX(5,G360-2)))+3*(INDEX($B:$B,G360-1))-3*(INDEX($B:$B,G360))+(INDEX($B:$B,MIN(LOOKUP(2,1/((($A$5:$A$120<>"")+($B$5:$B$120<>""))>0),ROW($A$5:$A$120)),G360+1))))*I360^3),INDEX($B:$B,G360-1)+(INDEX($B:$B,G360)-INDEX($B:$B,G360-1))*I360))	=IF(J360="","",IF(AND(J359<>"",J361<>""),(J361-J359)/2,IF(J361<>"",J361-J360,IF(J359<>"",J360-J359,""))))	=IF(K360="","",IF(AND(K359<>"",K361<>""),(K361-K359)/2,IF(K361<>"",K361-K360,IF(K359<>"",K360-K359,""))))	=IF(L360="","",MOD(DEGREES(ATAN2(L360,M360)),360))	=IF(N360="","",N360+$S$2)	=IF(O360="","","G1 X"&TEXT(J360,"0.###")&" Y"&TEXT(K360,"0.###")&" Z"&TEXT(O360,"0.###"))					
					=ROW()-5	=IF(OR(F361="",F361<=0,F361>LOOKUP(9.99999999999999E+307,$E$5:$E$120)),"",LOOKUP(F361-1,$E$5:$E$120,ROW($E$5:$E$120))+1)	=IF(G361="","",F361-INDEX($E:$E,G361-1))	=IF(G361="","",H361/INDEX($D:$D,G361))	=IF(G361="","",IF(INDEX($C:$C,G361)="C",0.5*(2*(INDEX($A:$A,G361-1))+(-(INDEX($A:$A,MAX(5,G361-2)))+(INDEX($A:$A,G361)))*I361+(2*(INDEX($A:$A,MAX(5,G361-2)))-5*(INDEX($A:$A,G361-1))+4*(INDEX($A:$A,G361))-(INDEX($A:$A,MIN(LOOKUP(2,1/((($A$5:$A$120<>"")+($B$5:$B$120<>""))>0),ROW($A$5:$A$120)),G361+1))))*I361^2+(-(INDEX($A:$A,MAX(5,G361-2)))+3*(INDEX($A:$A,G361-1))-3*(INDEX($A:$A,G361))+(INDEX($A:$A,MIN(LOOKUP(2,1/((($A$5:$A$120<>"")+($B$5:$B$120<>""))>0),ROW($A$5:$A$120)),G361+1))))*I361^3),INDEX($A:$A,G361-1)+(INDEX($A:$A,G361)-INDEX($A:$A,G361-1))*I361))	=IF(G361="","",IF(INDEX($C:$C,G361)="C",0.5*(2*(INDEX($B:$B,G361-1))+(-(INDEX($B:$B,MAX(5,G361-2)))+(INDEX($B:$B,G361)))*I361+(2*(INDEX($B:$B,MAX(5,G361-2)))-5*(INDEX($B:$B,G361-1))+4*(INDEX($B:$B,G361))-(INDEX($B:$B,MIN(LOOKUP(2,1/((($A$5:$A$120<>"")+($B$5:$B$120<>""))>0),ROW($A$5:$A$120)),G361+1))))*I361^2+(-(INDEX($B:$B,MAX(5,G361-2)))+3*(INDEX($B:$B,G361-1))-3*(INDEX($B:$B,G361))+(INDEX($B:$B,MIN(LOOKUP(2,1/((($A$5:$A$120<>"")+($B$5:$B$120<>""))>0),ROW($A$5:$A$120)),G361+1))))*I361^3),INDEX($B:$B,G361-1)+(INDEX($B:$B,G361)-INDEX($B:$B,G361-1))*I361))	=IF(J361="","",IF(AND(J360<>"",J362<>""),(J362-J360)/2,IF(J362<>"",J362-J361,IF(J360<>"",J361-J360,""))))	=IF(K361="","",IF(AND(K360<>"",K362<>""),(K362-K360)/2,IF(K362<>"",K362-K361,IF(K360<>"",K361-K360,""))))	=IF(L361="","",MOD(DEGREES(ATAN2(L361,M361)),360))	=IF(N361="","",N361+$S$2)	=IF(O361="","","G1 X"&TEXT(J361,"0.###")&" Y"&TEXT(K361,"0.###")&" Z"&TEXT(O361,"0.###"))					
					=ROW()-5	=IF(OR(F362="",F362<=0,F362>LOOKUP(9.99999999999999E+307,$E$5:$E$120)),"",LOOKUP(F362-1,$E$5:$E$120,ROW($E$5:$E$120))+1)	=IF(G362="","",F362-INDEX($E:$E,G362-1))	=IF(G362="","",H362/INDEX($D:$D,G362))	=IF(G362="","",IF(INDEX($C:$C,G362)="C",0.5*(2*(INDEX($A:$A,G362-1))+(-(INDEX($A:$A,MAX(5,G362-2)))+(INDEX($A:$A,G362)))*I362+(2*(INDEX($A:$A,MAX(5,G362-2)))-5*(INDEX($A:$A,G362-1))+4*(INDEX($A:$A,G362))-(INDEX($A:$A,MIN(LOOKUP(2,1/((($A$5:$A$120<>"")+($B$5:$B$120<>""))>0),ROW($A$5:$A$120)),G362+1))))*I362^2+(-(INDEX($A:$A,MAX(5,G362-2)))+3*(INDEX($A:$A,G362-1))-3*(INDEX($A:$A,G362))+(INDEX($A:$A,MIN(LOOKUP(2,1/((($A$5:$A$120<>"")+($B$5:$B$120<>""))>0),ROW($A$5:$A$120)),G362+1))))*I362^3),INDEX($A:$A,G362-1)+(INDEX($A:$A,G362)-INDEX($A:$A,G362-1))*I362))	=IF(G362="","",IF(INDEX($C:$C,G362)="C",0.5*(2*(INDEX($B:$B,G362-1))+(-(INDEX($B:$B,MAX(5,G362-2)))+(INDEX($B:$B,G362)))*I362+(2*(INDEX($B:$B,MAX(5,G362-2)))-5*(INDEX($B:$B,G362-1))+4*(INDEX($B:$B,G362))-(INDEX($B:$B,MIN(LOOKUP(2,1/((($A$5:$A$120<>"")+($B$5:$B$120<>""))>0),ROW($A$5:$A$120)),G362+1))))*I362^2+(-(INDEX($B:$B,MAX(5,G362-2)))+3*(INDEX($B:$B,G362-1))-3*(INDEX($B:$B,G362))+(INDEX($B:$B,MIN(LOOKUP(2,1/((($A$5:$A$120<>"")+($B$5:$B$120<>""))>0),ROW($A$5:$A$120)),G362+1))))*I362^3),INDEX($B:$B,G362-1)+(INDEX($B:$B,G362)-INDEX($B:$B,G362-1))*I362))	=IF(J362="","",IF(AND(J361<>"",J363<>""),(J363-J361)/2,IF(J363<>"",J363-J362,IF(J361<>"",J362-J361,""))))	=IF(K362="","",IF(AND(K361<>"",K363<>""),(K363-K361)/2,IF(K363<>"",K363-K362,IF(K361<>"",K362-K361,""))))	=IF(L362="","",MOD(DEGREES(ATAN2(L362,M362)),360))	=IF(N362="","",N362+$S$2)	=IF(O362="","","G1 X"&TEXT(J362,"0.###")&" Y"&TEXT(K362,"0.###")&" Z"&TEXT(O362,"0.###"))					
					=ROW()-5	=IF(OR(F363="",F363<=0,F363>LOOKUP(9.99999999999999E+307,$E$5:$E$120)),"",LOOKUP(F363-1,$E$5:$E$120,ROW($E$5:$E$120))+1)	=IF(G363="","",F363-INDEX($E:$E,G363-1))	=IF(G363="","",H363/INDEX($D:$D,G363))	=IF(G363="","",IF(INDEX($C:$C,G363)="C",0.5*(2*(INDEX($A:$A,G363-1))+(-(INDEX($A:$A,MAX(5,G363-2)))+(INDEX($A:$A,G363)))*I363+(2*(INDEX($A:$A,MAX(5,G363-2)))-5*(INDEX($A:$A,G363-1))+4*(INDEX($A:$A,G363))-(INDEX($A:$A,MIN(LOOKUP(2,1/((($A$5:$A$120<>"")+($B$5:$B$120<>""))>0),ROW($A$5:$A$120)),G363+1))))*I363^2+(-(INDEX($A:$A,MAX(5,G363-2)))+3*(INDEX($A:$A,G363-1))-3*(INDEX($A:$A,G363))+(INDEX($A:$A,MIN(LOOKUP(2,1/((($A$5:$A$120<>"")+($B$5:$B$120<>""))>0),ROW($A$5:$A$120)),G363+1))))*I363^3),INDEX($A:$A,G363-1)+(INDEX($A:$A,G363)-INDEX($A:$A,G363-1))*I363))	=IF(G363="","",IF(INDEX($C:$C,G363)="C",0.5*(2*(INDEX($B:$B,G363-1))+(-(INDEX($B:$B,MAX(5,G363-2)))+(INDEX($B:$B,G363)))*I363+(2*(INDEX($B:$B,MAX(5,G363-2)))-5*(INDEX($B:$B,G363-1))+4*(INDEX($B:$B,G363))-(INDEX($B:$B,MIN(LOOKUP(2,1/((($A$5:$A$120<>"")+($B$5:$B$120<>""))>0),ROW($A$5:$A$120)),G363+1))))*I363^2+(-(INDEX($B:$B,MAX(5,G363-2)))+3*(INDEX($B:$B,G363-1))-3*(INDEX($B:$B,G363))+(INDEX($B:$B,MIN(LOOKUP(2,1/((($A$5:$A$120<>"")+($B$5:$B$120<>""))>0),ROW($A$5:$A$120)),G363+1))))*I363^3),INDEX($B:$B,G363-1)+(INDEX($B:$B,G363)-INDEX($B:$B,G363-1))*I363))	=IF(J363="","",IF(AND(J362<>"",J364<>""),(J364-J362)/2,IF(J364<>"",J364-J363,IF(J362<>"",J363-J362,""))))	=IF(K363="","",IF(AND(K362<>"",K364<>""),(K364-K362)/2,IF(K364<>"",K364-K363,IF(K362<>"",K363-K362,""))))	=IF(L363="","",MOD(DEGREES(ATAN2(L363,M363)),360))	=IF(N363="","",N363+$S$2)	=IF(O363="","","G1 X"&TEXT(J363,"0.###")&" Y"&TEXT(K363,"0.###")&" Z"&TEXT(O363,"0.###"))					
					=ROW()-5	=IF(OR(F364="",F364<=0,F364>LOOKUP(9.99999999999999E+307,$E$5:$E$120)),"",LOOKUP(F364-1,$E$5:$E$120,ROW($E$5:$E$120))+1)	=IF(G364="","",F364-INDEX($E:$E,G364-1))	=IF(G364="","",H364/INDEX($D:$D,G364))	=IF(G364="","",IF(INDEX($C:$C,G364)="C",0.5*(2*(INDEX($A:$A,G364-1))+(-(INDEX($A:$A,MAX(5,G364-2)))+(INDEX($A:$A,G364)))*I364+(2*(INDEX($A:$A,MAX(5,G364-2)))-5*(INDEX($A:$A,G364-1))+4*(INDEX($A:$A,G364))-(INDEX($A:$A,MIN(LOOKUP(2,1/((($A$5:$A$120<>"")+($B$5:$B$120<>""))>0),ROW($A$5:$A$120)),G364+1))))*I364^2+(-(INDEX($A:$A,MAX(5,G364-2)))+3*(INDEX($A:$A,G364-1))-3*(INDEX($A:$A,G364))+(INDEX($A:$A,MIN(LOOKUP(2,1/((($A$5:$A$120<>"")+($B$5:$B$120<>""))>0),ROW($A$5:$A$120)),G364+1))))*I364^3),INDEX($A:$A,G364-1)+(INDEX($A:$A,G364)-INDEX($A:$A,G364-1))*I364))	=IF(G364="","",IF(INDEX($C:$C,G364)="C",0.5*(2*(INDEX($B:$B,G364-1))+(-(INDEX($B:$B,MAX(5,G364-2)))+(INDEX($B:$B,G364)))*I364+(2*(INDEX($B:$B,MAX(5,G364-2)))-5*(INDEX($B:$B,G364-1))+4*(INDEX($B:$B,G364))-(INDEX($B:$B,MIN(LOOKUP(2,1/((($A$5:$A$120<>"")+($B$5:$B$120<>""))>0),ROW($A$5:$A$120)),G364+1))))*I364^2+(-(INDEX($B:$B,MAX(5,G364-2)))+3*(INDEX($B:$B,G364-1))-3*(INDEX($B:$B,G364))+(INDEX($B:$B,MIN(LOOKUP(2,1/((($A$5:$A$120<>"")+($B$5:$B$120<>""))>0),ROW($A$5:$A$120)),G364+1))))*I364^3),INDEX($B:$B,G364-1)+(INDEX($B:$B,G364)-INDEX($B:$B,G364-1))*I364))	=IF(J364="","",IF(AND(J363<>"",J365<>""),(J365-J363)/2,IF(J365<>"",J365-J364,IF(J363<>"",J364-J363,""))))	=IF(K364="","",IF(AND(K363<>"",K365<>""),(K365-K363)/2,IF(K365<>"",K365-K364,IF(K363<>"",K364-K363,""))))	=IF(L364="","",MOD(DEGREES(ATAN2(L364,M364)),360))	=IF(N364="","",N364+$S$2)	=IF(O364="","","G1 X"&TEXT(J364,"0.###")&" Y"&TEXT(K364,"0.###")&" Z"&TEXT(O364,"0.###"))					
					=ROW()-5	=IF(OR(F365="",F365<=0,F365>LOOKUP(9.99999999999999E+307,$E$5:$E$120)),"",LOOKUP(F365-1,$E$5:$E$120,ROW($E$5:$E$120))+1)	=IF(G365="","",F365-INDEX($E:$E,G365-1))	=IF(G365="","",H365/INDEX($D:$D,G365))	=IF(G365="","",IF(INDEX($C:$C,G365)="C",0.5*(2*(INDEX($A:$A,G365-1))+(-(INDEX($A:$A,MAX(5,G365-2)))+(INDEX($A:$A,G365)))*I365+(2*(INDEX($A:$A,MAX(5,G365-2)))-5*(INDEX($A:$A,G365-1))+4*(INDEX($A:$A,G365))-(INDEX($A:$A,MIN(LOOKUP(2,1/((($A$5:$A$120<>"")+($B$5:$B$120<>""))>0),ROW($A$5:$A$120)),G365+1))))*I365^2+(-(INDEX($A:$A,MAX(5,G365-2)))+3*(INDEX($A:$A,G365-1))-3*(INDEX($A:$A,G365))+(INDEX($A:$A,MIN(LOOKUP(2,1/((($A$5:$A$120<>"")+($B$5:$B$120<>""))>0),ROW($A$5:$A$120)),G365+1))))*I365^3),INDEX($A:$A,G365-1)+(INDEX($A:$A,G365)-INDEX($A:$A,G365-1))*I365))	=IF(G365="","",IF(INDEX($C:$C,G365)="C",0.5*(2*(INDEX($B:$B,G365-1))+(-(INDEX($B:$B,MAX(5,G365-2)))+(INDEX($B:$B,G365)))*I365+(2*(INDEX($B:$B,MAX(5,G365-2)))-5*(INDEX($B:$B,G365-1))+4*(INDEX($B:$B,G365))-(INDEX($B:$B,MIN(LOOKUP(2,1/((($A$5:$A$120<>"")+($B$5:$B$120<>""))>0),ROW($A$5:$A$120)),G365+1))))*I365^2+(-(INDEX($B:$B,MAX(5,G365-2)))+3*(INDEX($B:$B,G365-1))-3*(INDEX($B:$B,G365))+(INDEX($B:$B,MIN(LOOKUP(2,1/((($A$5:$A$120<>"")+($B$5:$B$120<>""))>0),ROW($A$5:$A$120)),G365+1))))*I365^3),INDEX($B:$B,G365-1)+(INDEX($B:$B,G365)-INDEX($B:$B,G365-1))*I365))	=IF(J365="","",IF(AND(J364<>"",J366<>""),(J366-J364)/2,IF(J366<>"",J366-J365,IF(J364<>"",J365-J364,""))))	=IF(K365="","",IF(AND(K364<>"",K366<>""),(K366-K364)/2,IF(K366<>"",K366-K365,IF(K364<>"",K365-K364,""))))	=IF(L365="","",MOD(DEGREES(ATAN2(L365,M365)),360))	=IF(N365="","",N365+$S$2)	=IF(O365="","","G1 X"&TEXT(J365,"0.###")&" Y"&TEXT(K365,"0.###")&" Z"&TEXT(O365,"0.###"))					
					=ROW()-5	=IF(OR(F366="",F366<=0,F366>LOOKUP(9.99999999999999E+307,$E$5:$E$120)),"",LOOKUP(F366-1,$E$5:$E$120,ROW($E$5:$E$120))+1)	=IF(G366="","",F366-INDEX($E:$E,G366-1))	=IF(G366="","",H366/INDEX($D:$D,G366))	=IF(G366="","",IF(INDEX($C:$C,G366)="C",0.5*(2*(INDEX($A:$A,G366-1))+(-(INDEX($A:$A,MAX(5,G366-2)))+(INDEX($A:$A,G366)))*I366+(2*(INDEX($A:$A,MAX(5,G366-2)))-5*(INDEX($A:$A,G366-1))+4*(INDEX($A:$A,G366))-(INDEX($A:$A,MIN(LOOKUP(2,1/((($A$5:$A$120<>"")+($B$5:$B$120<>""))>0),ROW($A$5:$A$120)),G366+1))))*I366^2+(-(INDEX($A:$A,MAX(5,G366-2)))+3*(INDEX($A:$A,G366-1))-3*(INDEX($A:$A,G366))+(INDEX($A:$A,MIN(LOOKUP(2,1/((($A$5:$A$120<>"")+($B$5:$B$120<>""))>0),ROW($A$5:$A$120)),G366+1))))*I366^3),INDEX($A:$A,G366-1)+(INDEX($A:$A,G366)-INDEX($A:$A,G366-1))*I366))	=IF(G366="","",IF(INDEX($C:$C,G366)="C",0.5*(2*(INDEX($B:$B,G366-1))+(-(INDEX($B:$B,MAX(5,G366-2)))+(INDEX($B:$B,G366)))*I366+(2*(INDEX($B:$B,MAX(5,G366-2)))-5*(INDEX($B:$B,G366-1))+4*(INDEX($B:$B,G366))-(INDEX($B:$B,MIN(LOOKUP(2,1/((($A$5:$A$120<>"")+($B$5:$B$120<>""))>0),ROW($A$5:$A$120)),G366+1))))*I366^2+(-(INDEX($B:$B,MAX(5,G366-2)))+3*(INDEX($B:$B,G366-1))-3*(INDEX($B:$B,G366))+(INDEX($B:$B,MIN(LOOKUP(2,1/((($A$5:$A$120<>"")+($B$5:$B$120<>""))>0),ROW($A$5:$A$120)),G366+1))))*I366^3),INDEX($B:$B,G366-1)+(INDEX($B:$B,G366)-INDEX($B:$B,G366-1))*I366))	=IF(J366="","",IF(AND(J365<>"",J367<>""),(J367-J365)/2,IF(J367<>"",J367-J366,IF(J365<>"",J366-J365,""))))	=IF(K366="","",IF(AND(K365<>"",K367<>""),(K367-K365)/2,IF(K367<>"",K367-K366,IF(K365<>"",K366-K365,""))))	=IF(L366="","",MOD(DEGREES(ATAN2(L366,M366)),360))	=IF(N366="","",N366+$S$2)	=IF(O366="","","G1 X"&TEXT(J366,"0.###")&" Y"&TEXT(K366,"0.###")&" Z"&TEXT(O366,"0.###"))					
					=ROW()-5	=IF(OR(F367="",F367<=0,F367>LOOKUP(9.99999999999999E+307,$E$5:$E$120)),"",LOOKUP(F367-1,$E$5:$E$120,ROW($E$5:$E$120))+1)	=IF(G367="","",F367-INDEX($E:$E,G367-1))	=IF(G367="","",H367/INDEX($D:$D,G367))	=IF(G367="","",IF(INDEX($C:$C,G367)="C",0.5*(2*(INDEX($A:$A,G367-1))+(-(INDEX($A:$A,MAX(5,G367-2)))+(INDEX($A:$A,G367)))*I367+(2*(INDEX($A:$A,MAX(5,G367-2)))-5*(INDEX($A:$A,G367-1))+4*(INDEX($A:$A,G367))-(INDEX($A:$A,MIN(LOOKUP(2,1/((($A$5:$A$120<>"")+($B$5:$B$120<>""))>0),ROW($A$5:$A$120)),G367+1))))*I367^2+(-(INDEX($A:$A,MAX(5,G367-2)))+3*(INDEX($A:$A,G367-1))-3*(INDEX($A:$A,G367))+(INDEX($A:$A,MIN(LOOKUP(2,1/((($A$5:$A$120<>"")+($B$5:$B$120<>""))>0),ROW($A$5:$A$120)),G367+1))))*I367^3),INDEX($A:$A,G367-1)+(INDEX($A:$A,G367)-INDEX($A:$A,G367-1))*I367))	=IF(G367="","",IF(INDEX($C:$C,G367)="C",0.5*(2*(INDEX($B:$B,G367-1))+(-(INDEX($B:$B,MAX(5,G367-2)))+(INDEX($B:$B,G367)))*I367+(2*(INDEX($B:$B,MAX(5,G367-2)))-5*(INDEX($B:$B,G367-1))+4*(INDEX($B:$B,G367))-(INDEX($B:$B,MIN(LOOKUP(2,1/((($A$5:$A$120<>"")+($B$5:$B$120<>""))>0),ROW($A$5:$A$120)),G367+1))))*I367^2+(-(INDEX($B:$B,MAX(5,G367-2)))+3*(INDEX($B:$B,G367-1))-3*(INDEX($B:$B,G367))+(INDEX($B:$B,MIN(LOOKUP(2,1/((($A$5:$A$120<>"")+($B$5:$B$120<>""))>0),ROW($A$5:$A$120)),G367+1))))*I367^3),INDEX($B:$B,G367-1)+(INDEX($B:$B,G367)-INDEX($B:$B,G367-1))*I367))	=IF(J367="","",IF(AND(J366<>"",J368<>""),(J368-J366)/2,IF(J368<>"",J368-J367,IF(J366<>"",J367-J366,""))))	=IF(K367="","",IF(AND(K366<>"",K368<>""),(K368-K366)/2,IF(K368<>"",K368-K367,IF(K366<>"",K367-K366,""))))	=IF(L367="","",MOD(DEGREES(ATAN2(L367,M367)),360))	=IF(N367="","",N367+$S$2)	=IF(O367="","","G1 X"&TEXT(J367,"0.###")&" Y"&TEXT(K367,"0.###")&" Z"&TEXT(O367,"0.###"))					
					=ROW()-5	=IF(OR(F368="",F368<=0,F368>LOOKUP(9.99999999999999E+307,$E$5:$E$120)),"",LOOKUP(F368-1,$E$5:$E$120,ROW($E$5:$E$120))+1)	=IF(G368="","",F368-INDEX($E:$E,G368-1))	=IF(G368="","",H368/INDEX($D:$D,G368))	=IF(G368="","",IF(INDEX($C:$C,G368)="C",0.5*(2*(INDEX($A:$A,G368-1))+(-(INDEX($A:$A,MAX(5,G368-2)))+(INDEX($A:$A,G368)))*I368+(2*(INDEX($A:$A,MAX(5,G368-2)))-5*(INDEX($A:$A,G368-1))+4*(INDEX($A:$A,G368))-(INDEX($A:$A,MIN(LOOKUP(2,1/((($A$5:$A$120<>"")+($B$5:$B$120<>""))>0),ROW($A$5:$A$120)),G368+1))))*I368^2+(-(INDEX($A:$A,MAX(5,G368-2)))+3*(INDEX($A:$A,G368-1))-3*(INDEX($A:$A,G368))+(INDEX($A:$A,MIN(LOOKUP(2,1/((($A$5:$A$120<>"")+($B$5:$B$120<>""))>0),ROW($A$5:$A$120)),G368+1))))*I368^3),INDEX($A:$A,G368-1)+(INDEX($A:$A,G368)-INDEX($A:$A,G368-1))*I368))	=IF(G368="","",IF(INDEX($C:$C,G368)="C",0.5*(2*(INDEX($B:$B,G368-1))+(-(INDEX($B:$B,MAX(5,G368-2)))+(INDEX($B:$B,G368)))*I368+(2*(INDEX($B:$B,MAX(5,G368-2)))-5*(INDEX($B:$B,G368-1))+4*(INDEX($B:$B,G368))-(INDEX($B:$B,MIN(LOOKUP(2,1/((($A$5:$A$120<>"")+($B$5:$B$120<>""))>0),ROW($A$5:$A$120)),G368+1))))*I368^2+(-(INDEX($B:$B,MAX(5,G368-2)))+3*(INDEX($B:$B,G368-1))-3*(INDEX($B:$B,G368))+(INDEX($B:$B,MIN(LOOKUP(2,1/((($A$5:$A$120<>"")+($B$5:$B$120<>""))>0),ROW($A$5:$A$120)),G368+1))))*I368^3),INDEX($B:$B,G368-1)+(INDEX($B:$B,G368)-INDEX($B:$B,G368-1))*I368))	=IF(J368="","",IF(AND(J367<>"",J369<>""),(J369-J367)/2,IF(J369<>"",J369-J368,IF(J367<>"",J368-J367,""))))	=IF(K368="","",IF(AND(K367<>"",K369<>""),(K369-K367)/2,IF(K369<>"",K369-K368,IF(K367<>"",K368-K367,""))))	=IF(L368="","",MOD(DEGREES(ATAN2(L368,M368)),360))	=IF(N368="","",N368+$S$2)	=IF(O368="","","G1 X"&TEXT(J368,"0.###")&" Y"&TEXT(K368,"0.###")&" Z"&TEXT(O368,"0.###"))					
					=ROW()-5	=IF(OR(F369="",F369<=0,F369>LOOKUP(9.99999999999999E+307,$E$5:$E$120)),"",LOOKUP(F369-1,$E$5:$E$120,ROW($E$5:$E$120))+1)	=IF(G369="","",F369-INDEX($E:$E,G369-1))	=IF(G369="","",H369/INDEX($D:$D,G369))	=IF(G369="","",IF(INDEX($C:$C,G369)="C",0.5*(2*(INDEX($A:$A,G369-1))+(-(INDEX($A:$A,MAX(5,G369-2)))+(INDEX($A:$A,G369)))*I369+(2*(INDEX($A:$A,MAX(5,G369-2)))-5*(INDEX($A:$A,G369-1))+4*(INDEX($A:$A,G369))-(INDEX($A:$A,MIN(LOOKUP(2,1/((($A$5:$A$120<>"")+($B$5:$B$120<>""))>0),ROW($A$5:$A$120)),G369+1))))*I369^2+(-(INDEX($A:$A,MAX(5,G369-2)))+3*(INDEX($A:$A,G369-1))-3*(INDEX($A:$A,G369))+(INDEX($A:$A,MIN(LOOKUP(2,1/((($A$5:$A$120<>"")+($B$5:$B$120<>""))>0),ROW($A$5:$A$120)),G369+1))))*I369^3),INDEX($A:$A,G369-1)+(INDEX($A:$A,G369)-INDEX($A:$A,G369-1))*I369))	=IF(G369="","",IF(INDEX($C:$C,G369)="C",0.5*(2*(INDEX($B:$B,G369-1))+(-(INDEX($B:$B,MAX(5,G369-2)))+(INDEX($B:$B,G369)))*I369+(2*(INDEX($B:$B,MAX(5,G369-2)))-5*(INDEX($B:$B,G369-1))+4*(INDEX($B:$B,G369))-(INDEX($B:$B,MIN(LOOKUP(2,1/((($A$5:$A$120<>"")+($B$5:$B$120<>""))>0),ROW($A$5:$A$120)),G369+1))))*I369^2+(-(INDEX($B:$B,MAX(5,G369-2)))+3*(INDEX($B:$B,G369-1))-3*(INDEX($B:$B,G369))+(INDEX($B:$B,MIN(LOOKUP(2,1/((($A$5:$A$120<>"")+($B$5:$B$120<>""))>0),ROW($A$5:$A$120)),G369+1))))*I369^3),INDEX($B:$B,G369-1)+(INDEX($B:$B,G369)-INDEX($B:$B,G369-1))*I369))	=IF(J369="","",IF(AND(J368<>"",J370<>""),(J370-J368)/2,IF(J370<>"",J370-J369,IF(J368<>"",J369-J368,""))))	=IF(K369="","",IF(AND(K368<>"",K370<>""),(K370-K368)/2,IF(K370<>"",K370-K369,IF(K368<>"",K369-K368,""))))	=IF(L369="","",MOD(DEGREES(ATAN2(L369,M369)),360))	=IF(N369="","",N369+$S$2)	=IF(O369="","","G1 X"&TEXT(J369,"0.###")&" Y"&TEXT(K369,"0.###")&" Z"&TEXT(O369,"0.###"))					
					=ROW()-5	=IF(OR(F370="",F370<=0,F370>LOOKUP(9.99999999999999E+307,$E$5:$E$120)),"",LOOKUP(F370-1,$E$5:$E$120,ROW($E$5:$E$120))+1)	=IF(G370="","",F370-INDEX($E:$E,G370-1))	=IF(G370="","",H370/INDEX($D:$D,G370))	=IF(G370="","",IF(INDEX($C:$C,G370)="C",0.5*(2*(INDEX($A:$A,G370-1))+(-(INDEX($A:$A,MAX(5,G370-2)))+(INDEX($A:$A,G370)))*I370+(2*(INDEX($A:$A,MAX(5,G370-2)))-5*(INDEX($A:$A,G370-1))+4*(INDEX($A:$A,G370))-(INDEX($A:$A,MIN(LOOKUP(2,1/((($A$5:$A$120<>"")+($B$5:$B$120<>""))>0),ROW($A$5:$A$120)),G370+1))))*I370^2+(-(INDEX($A:$A,MAX(5,G370-2)))+3*(INDEX($A:$A,G370-1))-3*(INDEX($A:$A,G370))+(INDEX($A:$A,MIN(LOOKUP(2,1/((($A$5:$A$120<>"")+($B$5:$B$120<>""))>0),ROW($A$5:$A$120)),G370+1))))*I370^3),INDEX($A:$A,G370-1)+(INDEX($A:$A,G370)-INDEX($A:$A,G370-1))*I370))	=IF(G370="","",IF(INDEX($C:$C,G370)="C",0.5*(2*(INDEX($B:$B,G370-1))+(-(INDEX($B:$B,MAX(5,G370-2)))+(INDEX($B:$B,G370)))*I370+(2*(INDEX($B:$B,MAX(5,G370-2)))-5*(INDEX($B:$B,G370-1))+4*(INDEX($B:$B,G370))-(INDEX($B:$B,MIN(LOOKUP(2,1/((($A$5:$A$120<>"")+($B$5:$B$120<>""))>0),ROW($A$5:$A$120)),G370+1))))*I370^2+(-(INDEX($B:$B,MAX(5,G370-2)))+3*(INDEX($B:$B,G370-1))-3*(INDEX($B:$B,G370))+(INDEX($B:$B,MIN(LOOKUP(2,1/((($A$5:$A$120<>"")+($B$5:$B$120<>""))>0),ROW($A$5:$A$120)),G370+1))))*I370^3),INDEX($B:$B,G370-1)+(INDEX($B:$B,G370)-INDEX($B:$B,G370-1))*I370))	=IF(J370="","",IF(AND(J369<>"",J371<>""),(J371-J369)/2,IF(J371<>"",J371-J370,IF(J369<>"",J370-J369,""))))	=IF(K370="","",IF(AND(K369<>"",K371<>""),(K371-K369)/2,IF(K371<>"",K371-K370,IF(K369<>"",K370-K369,""))))	=IF(L370="","",MOD(DEGREES(ATAN2(L370,M370)),360))	=IF(N370="","",N370+$S$2)	=IF(O370="","","G1 X"&TEXT(J370,"0.###")&" Y"&TEXT(K370,"0.###")&" Z"&TEXT(O370,"0.###"))					
					=ROW()-5	=IF(OR(F371="",F371<=0,F371>LOOKUP(9.99999999999999E+307,$E$5:$E$120)),"",LOOKUP(F371-1,$E$5:$E$120,ROW($E$5:$E$120))+1)	=IF(G371="","",F371-INDEX($E:$E,G371-1))	=IF(G371="","",H371/INDEX($D:$D,G371))	=IF(G371="","",IF(INDEX($C:$C,G371)="C",0.5*(2*(INDEX($A:$A,G371-1))+(-(INDEX($A:$A,MAX(5,G371-2)))+(INDEX($A:$A,G371)))*I371+(2*(INDEX($A:$A,MAX(5,G371-2)))-5*(INDEX($A:$A,G371-1))+4*(INDEX($A:$A,G371))-(INDEX($A:$A,MIN(LOOKUP(2,1/((($A$5:$A$120<>"")+($B$5:$B$120<>""))>0),ROW($A$5:$A$120)),G371+1))))*I371^2+(-(INDEX($A:$A,MAX(5,G371-2)))+3*(INDEX($A:$A,G371-1))-3*(INDEX($A:$A,G371))+(INDEX($A:$A,MIN(LOOKUP(2,1/((($A$5:$A$120<>"")+($B$5:$B$120<>""))>0),ROW($A$5:$A$120)),G371+1))))*I371^3),INDEX($A:$A,G371-1)+(INDEX($A:$A,G371)-INDEX($A:$A,G371-1))*I371))	=IF(G371="","",IF(INDEX($C:$C,G371)="C",0.5*(2*(INDEX($B:$B,G371-1))+(-(INDEX($B:$B,MAX(5,G371-2)))+(INDEX($B:$B,G371)))*I371+(2*(INDEX($B:$B,MAX(5,G371-2)))-5*(INDEX($B:$B,G371-1))+4*(INDEX($B:$B,G371))-(INDEX($B:$B,MIN(LOOKUP(2,1/((($A$5:$A$120<>"")+($B$5:$B$120<>""))>0),ROW($A$5:$A$120)),G371+1))))*I371^2+(-(INDEX($B:$B,MAX(5,G371-2)))+3*(INDEX($B:$B,G371-1))-3*(INDEX($B:$B,G371))+(INDEX($B:$B,MIN(LOOKUP(2,1/((($A$5:$A$120<>"")+($B$5:$B$120<>""))>0),ROW($A$5:$A$120)),G371+1))))*I371^3),INDEX($B:$B,G371-1)+(INDEX($B:$B,G371)-INDEX($B:$B,G371-1))*I371))	=IF(J371="","",IF(AND(J370<>"",J372<>""),(J372-J370)/2,IF(J372<>"",J372-J371,IF(J370<>"",J371-J370,""))))	=IF(K371="","",IF(AND(K370<>"",K372<>""),(K372-K370)/2,IF(K372<>"",K372-K371,IF(K370<>"",K371-K370,""))))	=IF(L371="","",MOD(DEGREES(ATAN2(L371,M371)),360))	=IF(N371="","",N371+$S$2)	=IF(O371="","","G1 X"&TEXT(J371,"0.###")&" Y"&TEXT(K371,"0.###")&" Z"&TEXT(O371,"0.###"))					
					=ROW()-5	=IF(OR(F372="",F372<=0,F372>LOOKUP(9.99999999999999E+307,$E$5:$E$120)),"",LOOKUP(F372-1,$E$5:$E$120,ROW($E$5:$E$120))+1)	=IF(G372="","",F372-INDEX($E:$E,G372-1))	=IF(G372="","",H372/INDEX($D:$D,G372))	=IF(G372="","",IF(INDEX($C:$C,G372)="C",0.5*(2*(INDEX($A:$A,G372-1))+(-(INDEX($A:$A,MAX(5,G372-2)))+(INDEX($A:$A,G372)))*I372+(2*(INDEX($A:$A,MAX(5,G372-2)))-5*(INDEX($A:$A,G372-1))+4*(INDEX($A:$A,G372))-(INDEX($A:$A,MIN(LOOKUP(2,1/((($A$5:$A$120<>"")+($B$5:$B$120<>""))>0),ROW($A$5:$A$120)),G372+1))))*I372^2+(-(INDEX($A:$A,MAX(5,G372-2)))+3*(INDEX($A:$A,G372-1))-3*(INDEX($A:$A,G372))+(INDEX($A:$A,MIN(LOOKUP(2,1/((($A$5:$A$120<>"")+($B$5:$B$120<>""))>0),ROW($A$5:$A$120)),G372+1))))*I372^3),INDEX($A:$A,G372-1)+(INDEX($A:$A,G372)-INDEX($A:$A,G372-1))*I372))	=IF(G372="","",IF(INDEX($C:$C,G372)="C",0.5*(2*(INDEX($B:$B,G372-1))+(-(INDEX($B:$B,MAX(5,G372-2)))+(INDEX($B:$B,G372)))*I372+(2*(INDEX($B:$B,MAX(5,G372-2)))-5*(INDEX($B:$B,G372-1))+4*(INDEX($B:$B,G372))-(INDEX($B:$B,MIN(LOOKUP(2,1/((($A$5:$A$120<>"")+($B$5:$B$120<>""))>0),ROW($A$5:$A$120)),G372+1))))*I372^2+(-(INDEX($B:$B,MAX(5,G372-2)))+3*(INDEX($B:$B,G372-1))-3*(INDEX($B:$B,G372))+(INDEX($B:$B,MIN(LOOKUP(2,1/((($A$5:$A$120<>"")+($B$5:$B$120<>""))>0),ROW($A$5:$A$120)),G372+1))))*I372^3),INDEX($B:$B,G372-1)+(INDEX($B:$B,G372)-INDEX($B:$B,G372-1))*I372))	=IF(J372="","",IF(AND(J371<>"",J373<>""),(J373-J371)/2,IF(J373<>"",J373-J372,IF(J371<>"",J372-J371,""))))	=IF(K372="","",IF(AND(K371<>"",K373<>""),(K373-K371)/2,IF(K373<>"",K373-K372,IF(K371<>"",K372-K371,""))))	=IF(L372="","",MOD(DEGREES(ATAN2(L372,M372)),360))	=IF(N372="","",N372+$S$2)	=IF(O372="","","G1 X"&TEXT(J372,"0.###")&" Y"&TEXT(K372,"0.###")&" Z"&TEXT(O372,"0.###"))					
					=ROW()-5	=IF(OR(F373="",F373<=0,F373>LOOKUP(9.99999999999999E+307,$E$5:$E$120)),"",LOOKUP(F373-1,$E$5:$E$120,ROW($E$5:$E$120))+1)	=IF(G373="","",F373-INDEX($E:$E,G373-1))	=IF(G373="","",H373/INDEX($D:$D,G373))	=IF(G373="","",IF(INDEX($C:$C,G373)="C",0.5*(2*(INDEX($A:$A,G373-1))+(-(INDEX($A:$A,MAX(5,G373-2)))+(INDEX($A:$A,G373)))*I373+(2*(INDEX($A:$A,MAX(5,G373-2)))-5*(INDEX($A:$A,G373-1))+4*(INDEX($A:$A,G373))-(INDEX($A:$A,MIN(LOOKUP(2,1/((($A$5:$A$120<>"")+($B$5:$B$120<>""))>0),ROW($A$5:$A$120)),G373+1))))*I373^2+(-(INDEX($A:$A,MAX(5,G373-2)))+3*(INDEX($A:$A,G373-1))-3*(INDEX($A:$A,G373))+(INDEX($A:$A,MIN(LOOKUP(2,1/((($A$5:$A$120<>"")+($B$5:$B$120<>""))>0),ROW($A$5:$A$120)),G373+1))))*I373^3),INDEX($A:$A,G373-1)+(INDEX($A:$A,G373)-INDEX($A:$A,G373-1))*I373))	=IF(G373="","",IF(INDEX($C:$C,G373)="C",0.5*(2*(INDEX($B:$B,G373-1))+(-(INDEX($B:$B,MAX(5,G373-2)))+(INDEX($B:$B,G373)))*I373+(2*(INDEX($B:$B,MAX(5,G373-2)))-5*(INDEX($B:$B,G373-1))+4*(INDEX($B:$B,G373))-(INDEX($B:$B,MIN(LOOKUP(2,1/((($A$5:$A$120<>"")+($B$5:$B$120<>""))>0),ROW($A$5:$A$120)),G373+1))))*I373^2+(-(INDEX($B:$B,MAX(5,G373-2)))+3*(INDEX($B:$B,G373-1))-3*(INDEX($B:$B,G373))+(INDEX($B:$B,MIN(LOOKUP(2,1/((($A$5:$A$120<>"")+($B$5:$B$120<>""))>0),ROW($A$5:$A$120)),G373+1))))*I373^3),INDEX($B:$B,G373-1)+(INDEX($B:$B,G373)-INDEX($B:$B,G373-1))*I373))	=IF(J373="","",IF(AND(J372<>"",J374<>""),(J374-J372)/2,IF(J374<>"",J374-J373,IF(J372<>"",J373-J372,""))))	=IF(K373="","",IF(AND(K372<>"",K374<>""),(K374-K372)/2,IF(K374<>"",K374-K373,IF(K372<>"",K373-K372,""))))	=IF(L373="","",MOD(DEGREES(ATAN2(L373,M373)),360))	=IF(N373="","",N373+$S$2)	=IF(O373="","","G1 X"&TEXT(J373,"0.###")&" Y"&TEXT(K373,"0.###")&" Z"&TEXT(O373,"0.###"))					
					=ROW()-5	=IF(OR(F374="",F374<=0,F374>LOOKUP(9.99999999999999E+307,$E$5:$E$120)),"",LOOKUP(F374-1,$E$5:$E$120,ROW($E$5:$E$120))+1)	=IF(G374="","",F374-INDEX($E:$E,G374-1))	=IF(G374="","",H374/INDEX($D:$D,G374))	=IF(G374="","",IF(INDEX($C:$C,G374)="C",0.5*(2*(INDEX($A:$A,G374-1))+(-(INDEX($A:$A,MAX(5,G374-2)))+(INDEX($A:$A,G374)))*I374+(2*(INDEX($A:$A,MAX(5,G374-2)))-5*(INDEX($A:$A,G374-1))+4*(INDEX($A:$A,G374))-(INDEX($A:$A,MIN(LOOKUP(2,1/((($A$5:$A$120<>"")+($B$5:$B$120<>""))>0),ROW($A$5:$A$120)),G374+1))))*I374^2+(-(INDEX($A:$A,MAX(5,G374-2)))+3*(INDEX($A:$A,G374-1))-3*(INDEX($A:$A,G374))+(INDEX($A:$A,MIN(LOOKUP(2,1/((($A$5:$A$120<>"")+($B$5:$B$120<>""))>0),ROW($A$5:$A$120)),G374+1))))*I374^3),INDEX($A:$A,G374-1)+(INDEX($A:$A,G374)-INDEX($A:$A,G374-1))*I374))	=IF(G374="","",IF(INDEX($C:$C,G374)="C",0.5*(2*(INDEX($B:$B,G374-1))+(-(INDEX($B:$B,MAX(5,G374-2)))+(INDEX($B:$B,G374)))*I374+(2*(INDEX($B:$B,MAX(5,G374-2)))-5*(INDEX($B:$B,G374-1))+4*(INDEX($B:$B,G374))-(INDEX($B:$B,MIN(LOOKUP(2,1/((($A$5:$A$120<>"")+($B$5:$B$120<>""))>0),ROW($A$5:$A$120)),G374+1))))*I374^2+(-(INDEX($B:$B,MAX(5,G374-2)))+3*(INDEX($B:$B,G374-1))-3*(INDEX($B:$B,G374))+(INDEX($B:$B,MIN(LOOKUP(2,1/((($A$5:$A$120<>"")+($B$5:$B$120<>""))>0),ROW($A$5:$A$120)),G374+1))))*I374^3),INDEX($B:$B,G374-1)+(INDEX($B:$B,G374)-INDEX($B:$B,G374-1))*I374))	=IF(J374="","",IF(AND(J373<>"",J375<>""),(J375-J373)/2,IF(J375<>"",J375-J374,IF(J373<>"",J374-J373,""))))	=IF(K374="","",IF(AND(K373<>"",K375<>""),(K375-K373)/2,IF(K375<>"",K375-K374,IF(K373<>"",K374-K373,""))))	=IF(L374="","",MOD(DEGREES(ATAN2(L374,M374)),360))	=IF(N374="","",N374+$S$2)	=IF(O374="","","G1 X"&TEXT(J374,"0.###")&" Y"&TEXT(K374,"0.###")&" Z"&TEXT(O374,"0.###"))					
					=ROW()-5	=IF(OR(F375="",F375<=0,F375>LOOKUP(9.99999999999999E+307,$E$5:$E$120)),"",LOOKUP(F375-1,$E$5:$E$120,ROW($E$5:$E$120))+1)	=IF(G375="","",F375-INDEX($E:$E,G375-1))	=IF(G375="","",H375/INDEX($D:$D,G375))	=IF(G375="","",IF(INDEX($C:$C,G375)="C",0.5*(2*(INDEX($A:$A,G375-1))+(-(INDEX($A:$A,MAX(5,G375-2)))+(INDEX($A:$A,G375)))*I375+(2*(INDEX($A:$A,MAX(5,G375-2)))-5*(INDEX($A:$A,G375-1))+4*(INDEX($A:$A,G375))-(INDEX($A:$A,MIN(LOOKUP(2,1/((($A$5:$A$120<>"")+($B$5:$B$120<>""))>0),ROW($A$5:$A$120)),G375+1))))*I375^2+(-(INDEX($A:$A,MAX(5,G375-2)))+3*(INDEX($A:$A,G375-1))-3*(INDEX($A:$A,G375))+(INDEX($A:$A,MIN(LOOKUP(2,1/((($A$5:$A$120<>"")+($B$5:$B$120<>""))>0),ROW($A$5:$A$120)),G375+1))))*I375^3),INDEX($A:$A,G375-1)+(INDEX($A:$A,G375)-INDEX($A:$A,G375-1))*I375))	=IF(G375="","",IF(INDEX($C:$C,G375)="C",0.5*(2*(INDEX($B:$B,G375-1))+(-(INDEX($B:$B,MAX(5,G375-2)))+(INDEX($B:$B,G375)))*I375+(2*(INDEX($B:$B,MAX(5,G375-2)))-5*(INDEX($B:$B,G375-1))+4*(INDEX($B:$B,G375))-(INDEX($B:$B,MIN(LOOKUP(2,1/((($A$5:$A$120<>"")+($B$5:$B$120<>""))>0),ROW($A$5:$A$120)),G375+1))))*I375^2+(-(INDEX($B:$B,MAX(5,G375-2)))+3*(INDEX($B:$B,G375-1))-3*(INDEX($B:$B,G375))+(INDEX($B:$B,MIN(LOOKUP(2,1/((($A$5:$A$120<>"")+($B$5:$B$120<>""))>0),ROW($A$5:$A$120)),G375+1))))*I375^3),INDEX($B:$B,G375-1)+(INDEX($B:$B,G375)-INDEX($B:$B,G375-1))*I375))	=IF(J375="","",IF(AND(J374<>"",J376<>""),(J376-J374)/2,IF(J376<>"",J376-J375,IF(J374<>"",J375-J374,""))))	=IF(K375="","",IF(AND(K374<>"",K376<>""),(K376-K374)/2,IF(K376<>"",K376-K375,IF(K374<>"",K375-K374,""))))	=IF(L375="","",MOD(DEGREES(ATAN2(L375,M375)),360))	=IF(N375="","",N375+$S$2)	=IF(O375="","","G1 X"&TEXT(J375,"0.###")&" Y"&TEXT(K375,"0.###")&" Z"&TEXT(O375,"0.###"))					
					=ROW()-5	=IF(OR(F376="",F376<=0,F376>LOOKUP(9.99999999999999E+307,$E$5:$E$120)),"",LOOKUP(F376-1,$E$5:$E$120,ROW($E$5:$E$120))+1)	=IF(G376="","",F376-INDEX($E:$E,G376-1))	=IF(G376="","",H376/INDEX($D:$D,G376))	=IF(G376="","",IF(INDEX($C:$C,G376)="C",0.5*(2*(INDEX($A:$A,G376-1))+(-(INDEX($A:$A,MAX(5,G376-2)))+(INDEX($A:$A,G376)))*I376+(2*(INDEX($A:$A,MAX(5,G376-2)))-5*(INDEX($A:$A,G376-1))+4*(INDEX($A:$A,G376))-(INDEX($A:$A,MIN(LOOKUP(2,1/((($A$5:$A$120<>"")+($B$5:$B$120<>""))>0),ROW($A$5:$A$120)),G376+1))))*I376^2+(-(INDEX($A:$A,MAX(5,G376-2)))+3*(INDEX($A:$A,G376-1))-3*(INDEX($A:$A,G376))+(INDEX($A:$A,MIN(LOOKUP(2,1/((($A$5:$A$120<>"")+($B$5:$B$120<>""))>0),ROW($A$5:$A$120)),G376+1))))*I376^3),INDEX($A:$A,G376-1)+(INDEX($A:$A,G376)-INDEX($A:$A,G376-1))*I376))	=IF(G376="","",IF(INDEX($C:$C,G376)="C",0.5*(2*(INDEX($B:$B,G376-1))+(-(INDEX($B:$B,MAX(5,G376-2)))+(INDEX($B:$B,G376)))*I376+(2*(INDEX($B:$B,MAX(5,G376-2)))-5*(INDEX($B:$B,G376-1))+4*(INDEX($B:$B,G376))-(INDEX($B:$B,MIN(LOOKUP(2,1/((($A$5:$A$120<>"")+($B$5:$B$120<>""))>0),ROW($A$5:$A$120)),G376+1))))*I376^2+(-(INDEX($B:$B,MAX(5,G376-2)))+3*(INDEX($B:$B,G376-1))-3*(INDEX($B:$B,G376))+(INDEX($B:$B,MIN(LOOKUP(2,1/((($A$5:$A$120<>"")+($B$5:$B$120<>""))>0),ROW($A$5:$A$120)),G376+1))))*I376^3),INDEX($B:$B,G376-1)+(INDEX($B:$B,G376)-INDEX($B:$B,G376-1))*I376))	=IF(J376="","",IF(AND(J375<>"",J377<>""),(J377-J375)/2,IF(J377<>"",J377-J376,IF(J375<>"",J376-J375,""))))	=IF(K376="","",IF(AND(K375<>"",K377<>""),(K377-K375)/2,IF(K377<>"",K377-K376,IF(K375<>"",K376-K375,""))))	=IF(L376="","",MOD(DEGREES(ATAN2(L376,M376)),360))	=IF(N376="","",N376+$S$2)	=IF(O376="","","G1 X"&TEXT(J376,"0.###")&" Y"&TEXT(K376,"0.###")&" Z"&TEXT(O376,"0.###"))					
					=ROW()-5	=IF(OR(F377="",F377<=0,F377>LOOKUP(9.99999999999999E+307,$E$5:$E$120)),"",LOOKUP(F377-1,$E$5:$E$120,ROW($E$5:$E$120))+1)	=IF(G377="","",F377-INDEX($E:$E,G377-1))	=IF(G377="","",H377/INDEX($D:$D,G377))	=IF(G377="","",IF(INDEX($C:$C,G377)="C",0.5*(2*(INDEX($A:$A,G377-1))+(-(INDEX($A:$A,MAX(5,G377-2)))+(INDEX($A:$A,G377)))*I377+(2*(INDEX($A:$A,MAX(5,G377-2)))-5*(INDEX($A:$A,G377-1))+4*(INDEX($A:$A,G377))-(INDEX($A:$A,MIN(LOOKUP(2,1/((($A$5:$A$120<>"")+($B$5:$B$120<>""))>0),ROW($A$5:$A$120)),G377+1))))*I377^2+(-(INDEX($A:$A,MAX(5,G377-2)))+3*(INDEX($A:$A,G377-1))-3*(INDEX($A:$A,G377))+(INDEX($A:$A,MIN(LOOKUP(2,1/((($A$5:$A$120<>"")+($B$5:$B$120<>""))>0),ROW($A$5:$A$120)),G377+1))))*I377^3),INDEX($A:$A,G377-1)+(INDEX($A:$A,G377)-INDEX($A:$A,G377-1))*I377))	=IF(G377="","",IF(INDEX($C:$C,G377)="C",0.5*(2*(INDEX($B:$B,G377-1))+(-(INDEX($B:$B,MAX(5,G377-2)))+(INDEX($B:$B,G377)))*I377+(2*(INDEX($B:$B,MAX(5,G377-2)))-5*(INDEX($B:$B,G377-1))+4*(INDEX($B:$B,G377))-(INDEX($B:$B,MIN(LOOKUP(2,1/((($A$5:$A$120<>"")+($B$5:$B$120<>""))>0),ROW($A$5:$A$120)),G377+1))))*I377^2+(-(INDEX($B:$B,MAX(5,G377-2)))+3*(INDEX($B:$B,G377-1))-3*(INDEX($B:$B,G377))+(INDEX($B:$B,MIN(LOOKUP(2,1/((($A$5:$A$120<>"")+($B$5:$B$120<>""))>0),ROW($A$5:$A$120)),G377+1))))*I377^3),INDEX($B:$B,G377-1)+(INDEX($B:$B,G377)-INDEX($B:$B,G377-1))*I377))	=IF(J377="","",IF(AND(J376<>"",J378<>""),(J378-J376)/2,IF(J378<>"",J378-J377,IF(J376<>"",J377-J376,""))))	=IF(K377="","",IF(AND(K376<>"",K378<>""),(K378-K376)/2,IF(K378<>"",K378-K377,IF(K376<>"",K377-K376,""))))	=IF(L377="","",MOD(DEGREES(ATAN2(L377,M377)),360))	=IF(N377="","",N377+$S$2)	=IF(O377="","","G1 X"&TEXT(J377,"0.###")&" Y"&TEXT(K377,"0.###")&" Z"&TEXT(O377,"0.###"))					
					=ROW()-5	=IF(OR(F378="",F378<=0,F378>LOOKUP(9.99999999999999E+307,$E$5:$E$120)),"",LOOKUP(F378-1,$E$5:$E$120,ROW($E$5:$E$120))+1)	=IF(G378="","",F378-INDEX($E:$E,G378-1))	=IF(G378="","",H378/INDEX($D:$D,G378))	=IF(G378="","",IF(INDEX($C:$C,G378)="C",0.5*(2*(INDEX($A:$A,G378-1))+(-(INDEX($A:$A,MAX(5,G378-2)))+(INDEX($A:$A,G378)))*I378+(2*(INDEX($A:$A,MAX(5,G378-2)))-5*(INDEX($A:$A,G378-1))+4*(INDEX($A:$A,G378))-(INDEX($A:$A,MIN(LOOKUP(2,1/((($A$5:$A$120<>"")+($B$5:$B$120<>""))>0),ROW($A$5:$A$120)),G378+1))))*I378^2+(-(INDEX($A:$A,MAX(5,G378-2)))+3*(INDEX($A:$A,G378-1))-3*(INDEX($A:$A,G378))+(INDEX($A:$A,MIN(LOOKUP(2,1/((($A$5:$A$120<>"")+($B$5:$B$120<>""))>0),ROW($A$5:$A$120)),G378+1))))*I378^3),INDEX($A:$A,G378-1)+(INDEX($A:$A,G378)-INDEX($A:$A,G378-1))*I378))	=IF(G378="","",IF(INDEX($C:$C,G378)="C",0.5*(2*(INDEX($B:$B,G378-1))+(-(INDEX($B:$B,MAX(5,G378-2)))+(INDEX($B:$B,G378)))*I378+(2*(INDEX($B:$B,MAX(5,G378-2)))-5*(INDEX($B:$B,G378-1))+4*(INDEX($B:$B,G378))-(INDEX($B:$B,MIN(LOOKUP(2,1/((($A$5:$A$120<>"")+($B$5:$B$120<>""))>0),ROW($A$5:$A$120)),G378+1))))*I378^2+(-(INDEX($B:$B,MAX(5,G378-2)))+3*(INDEX($B:$B,G378-1))-3*(INDEX($B:$B,G378))+(INDEX($B:$B,MIN(LOOKUP(2,1/((($A$5:$A$120<>"")+($B$5:$B$120<>""))>0),ROW($A$5:$A$120)),G378+1))))*I378^3),INDEX($B:$B,G378-1)+(INDEX($B:$B,G378)-INDEX($B:$B,G378-1))*I378))	=IF(J378="","",IF(AND(J377<>"",J379<>""),(J379-J377)/2,IF(J379<>"",J379-J378,IF(J377<>"",J378-J377,""))))	=IF(K378="","",IF(AND(K377<>"",K379<>""),(K379-K377)/2,IF(K379<>"",K379-K378,IF(K377<>"",K378-K377,""))))	=IF(L378="","",MOD(DEGREES(ATAN2(L378,M378)),360))	=IF(N378="","",N378+$S$2)	=IF(O378="","","G1 X"&TEXT(J378,"0.###")&" Y"&TEXT(K378,"0.###")&" Z"&TEXT(O378,"0.###"))					
					=ROW()-5	=IF(OR(F379="",F379<=0,F379>LOOKUP(9.99999999999999E+307,$E$5:$E$120)),"",LOOKUP(F379-1,$E$5:$E$120,ROW($E$5:$E$120))+1)	=IF(G379="","",F379-INDEX($E:$E,G379-1))	=IF(G379="","",H379/INDEX($D:$D,G379))	=IF(G379="","",IF(INDEX($C:$C,G379)="C",0.5*(2*(INDEX($A:$A,G379-1))+(-(INDEX($A:$A,MAX(5,G379-2)))+(INDEX($A:$A,G379)))*I379+(2*(INDEX($A:$A,MAX(5,G379-2)))-5*(INDEX($A:$A,G379-1))+4*(INDEX($A:$A,G379))-(INDEX($A:$A,MIN(LOOKUP(2,1/((($A$5:$A$120<>"")+($B$5:$B$120<>""))>0),ROW($A$5:$A$120)),G379+1))))*I379^2+(-(INDEX($A:$A,MAX(5,G379-2)))+3*(INDEX($A:$A,G379-1))-3*(INDEX($A:$A,G379))+(INDEX($A:$A,MIN(LOOKUP(2,1/((($A$5:$A$120<>"")+($B$5:$B$120<>""))>0),ROW($A$5:$A$120)),G379+1))))*I379^3),INDEX($A:$A,G379-1)+(INDEX($A:$A,G379)-INDEX($A:$A,G379-1))*I379))	=IF(G379="","",IF(INDEX($C:$C,G379)="C",0.5*(2*(INDEX($B:$B,G379-1))+(-(INDEX($B:$B,MAX(5,G379-2)))+(INDEX($B:$B,G379)))*I379+(2*(INDEX($B:$B,MAX(5,G379-2)))-5*(INDEX($B:$B,G379-1))+4*(INDEX($B:$B,G379))-(INDEX($B:$B,MIN(LOOKUP(2,1/((($A$5:$A$120<>"")+($B$5:$B$120<>""))>0),ROW($A$5:$A$120)),G379+1))))*I379^2+(-(INDEX($B:$B,MAX(5,G379-2)))+3*(INDEX($B:$B,G379-1))-3*(INDEX($B:$B,G379))+(INDEX($B:$B,MIN(LOOKUP(2,1/((($A$5:$A$120<>"")+($B$5:$B$120<>""))>0),ROW($A$5:$A$120)),G379+1))))*I379^3),INDEX($B:$B,G379-1)+(INDEX($B:$B,G379)-INDEX($B:$B,G379-1))*I379))	=IF(J379="","",IF(AND(J378<>"",J380<>""),(J380-J378)/2,IF(J380<>"",J380-J379,IF(J378<>"",J379-J378,""))))	=IF(K379="","",IF(AND(K378<>"",K380<>""),(K380-K378)/2,IF(K380<>"",K380-K379,IF(K378<>"",K379-K378,""))))	=IF(L379="","",MOD(DEGREES(ATAN2(L379,M379)),360))	=IF(N379="","",N379+$S$2)	=IF(O379="","","G1 X"&TEXT(J379,"0.###")&" Y"&TEXT(K379,"0.###")&" Z"&TEXT(O379,"0.###"))					
					=ROW()-5	=IF(OR(F380="",F380<=0,F380>LOOKUP(9.99999999999999E+307,$E$5:$E$120)),"",LOOKUP(F380-1,$E$5:$E$120,ROW($E$5:$E$120))+1)	=IF(G380="","",F380-INDEX($E:$E,G380-1))	=IF(G380="","",H380/INDEX($D:$D,G380))	=IF(G380="","",IF(INDEX($C:$C,G380)="C",0.5*(2*(INDEX($A:$A,G380-1))+(-(INDEX($A:$A,MAX(5,G380-2)))+(INDEX($A:$A,G380)))*I380+(2*(INDEX($A:$A,MAX(5,G380-2)))-5*(INDEX($A:$A,G380-1))+4*(INDEX($A:$A,G380))-(INDEX($A:$A,MIN(LOOKUP(2,1/((($A$5:$A$120<>"")+($B$5:$B$120<>""))>0),ROW($A$5:$A$120)),G380+1))))*I380^2+(-(INDEX($A:$A,MAX(5,G380-2)))+3*(INDEX($A:$A,G380-1))-3*(INDEX($A:$A,G380))+(INDEX($A:$A,MIN(LOOKUP(2,1/((($A$5:$A$120<>"")+($B$5:$B$120<>""))>0),ROW($A$5:$A$120)),G380+1))))*I380^3),INDEX($A:$A,G380-1)+(INDEX($A:$A,G380)-INDEX($A:$A,G380-1))*I380))	=IF(G380="","",IF(INDEX($C:$C,G380)="C",0.5*(2*(INDEX($B:$B,G380-1))+(-(INDEX($B:$B,MAX(5,G380-2)))+(INDEX($B:$B,G380)))*I380+(2*(INDEX($B:$B,MAX(5,G380-2)))-5*(INDEX($B:$B,G380-1))+4*(INDEX($B:$B,G380))-(INDEX($B:$B,MIN(LOOKUP(2,1/((($A$5:$A$120<>"")+($B$5:$B$120<>""))>0),ROW($A$5:$A$120)),G380+1))))*I380^2+(-(INDEX($B:$B,MAX(5,G380-2)))+3*(INDEX($B:$B,G380-1))-3*(INDEX($B:$B,G380))+(INDEX($B:$B,MIN(LOOKUP(2,1/((($A$5:$A$120<>"")+($B$5:$B$120<>""))>0),ROW($A$5:$A$120)),G380+1))))*I380^3),INDEX($B:$B,G380-1)+(INDEX($B:$B,G380)-INDEX($B:$B,G380-1))*I380))	=IF(J380="","",IF(AND(J379<>"",J381<>""),(J381-J379)/2,IF(J381<>"",J381-J380,IF(J379<>"",J380-J379,""))))	=IF(K380="","",IF(AND(K379<>"",K381<>""),(K381-K379)/2,IF(K381<>"",K381-K380,IF(K379<>"",K380-K379,""))))	=IF(L380="","",MOD(DEGREES(ATAN2(L380,M380)),360))	=IF(N380="","",N380+$S$2)	=IF(O380="","","G1 X"&TEXT(J380,"0.###")&" Y"&TEXT(K380,"0.###")&" Z"&TEXT(O380,"0.###"))					
					=ROW()-5	=IF(OR(F381="",F381<=0,F381>LOOKUP(9.99999999999999E+307,$E$5:$E$120)),"",LOOKUP(F381-1,$E$5:$E$120,ROW($E$5:$E$120))+1)	=IF(G381="","",F381-INDEX($E:$E,G381-1))	=IF(G381="","",H381/INDEX($D:$D,G381))	=IF(G381="","",IF(INDEX($C:$C,G381)="C",0.5*(2*(INDEX($A:$A,G381-1))+(-(INDEX($A:$A,MAX(5,G381-2)))+(INDEX($A:$A,G381)))*I381+(2*(INDEX($A:$A,MAX(5,G381-2)))-5*(INDEX($A:$A,G381-1))+4*(INDEX($A:$A,G381))-(INDEX($A:$A,MIN(LOOKUP(2,1/((($A$5:$A$120<>"")+($B$5:$B$120<>""))>0),ROW($A$5:$A$120)),G381+1))))*I381^2+(-(INDEX($A:$A,MAX(5,G381-2)))+3*(INDEX($A:$A,G381-1))-3*(INDEX($A:$A,G381))+(INDEX($A:$A,MIN(LOOKUP(2,1/((($A$5:$A$120<>"")+($B$5:$B$120<>""))>0),ROW($A$5:$A$120)),G381+1))))*I381^3),INDEX($A:$A,G381-1)+(INDEX($A:$A,G381)-INDEX($A:$A,G381-1))*I381))	=IF(G381="","",IF(INDEX($C:$C,G381)="C",0.5*(2*(INDEX($B:$B,G381-1))+(-(INDEX($B:$B,MAX(5,G381-2)))+(INDEX($B:$B,G381)))*I381+(2*(INDEX($B:$B,MAX(5,G381-2)))-5*(INDEX($B:$B,G381-1))+4*(INDEX($B:$B,G381))-(INDEX($B:$B,MIN(LOOKUP(2,1/((($A$5:$A$120<>"")+($B$5:$B$120<>""))>0),ROW($A$5:$A$120)),G381+1))))*I381^2+(-(INDEX($B:$B,MAX(5,G381-2)))+3*(INDEX($B:$B,G381-1))-3*(INDEX($B:$B,G381))+(INDEX($B:$B,MIN(LOOKUP(2,1/((($A$5:$A$120<>"")+($B$5:$B$120<>""))>0),ROW($A$5:$A$120)),G381+1))))*I381^3),INDEX($B:$B,G381-1)+(INDEX($B:$B,G381)-INDEX($B:$B,G381-1))*I381))	=IF(J381="","",IF(AND(J380<>"",J382<>""),(J382-J380)/2,IF(J382<>"",J382-J381,IF(J380<>"",J381-J380,""))))	=IF(K381="","",IF(AND(K380<>"",K382<>""),(K382-K380)/2,IF(K382<>"",K382-K381,IF(K380<>"",K381-K380,""))))	=IF(L381="","",MOD(DEGREES(ATAN2(L381,M381)),360))	=IF(N381="","",N381+$S$2)	=IF(O381="","","G1 X"&TEXT(J381,"0.###")&" Y"&TEXT(K381,"0.###")&" Z"&TEXT(O381,"0.###"))					
					=ROW()-5	=IF(OR(F382="",F382<=0,F382>LOOKUP(9.99999999999999E+307,$E$5:$E$120)),"",LOOKUP(F382-1,$E$5:$E$120,ROW($E$5:$E$120))+1)	=IF(G382="","",F382-INDEX($E:$E,G382-1))	=IF(G382="","",H382/INDEX($D:$D,G382))	=IF(G382="","",IF(INDEX($C:$C,G382)="C",0.5*(2*(INDEX($A:$A,G382-1))+(-(INDEX($A:$A,MAX(5,G382-2)))+(INDEX($A:$A,G382)))*I382+(2*(INDEX($A:$A,MAX(5,G382-2)))-5*(INDEX($A:$A,G382-1))+4*(INDEX($A:$A,G382))-(INDEX($A:$A,MIN(LOOKUP(2,1/((($A$5:$A$120<>"")+($B$5:$B$120<>""))>0),ROW($A$5:$A$120)),G382+1))))*I382^2+(-(INDEX($A:$A,MAX(5,G382-2)))+3*(INDEX($A:$A,G382-1))-3*(INDEX($A:$A,G382))+(INDEX($A:$A,MIN(LOOKUP(2,1/((($A$5:$A$120<>"")+($B$5:$B$120<>""))>0),ROW($A$5:$A$120)),G382+1))))*I382^3),INDEX($A:$A,G382-1)+(INDEX($A:$A,G382)-INDEX($A:$A,G382-1))*I382))	=IF(G382="","",IF(INDEX($C:$C,G382)="C",0.5*(2*(INDEX($B:$B,G382-1))+(-(INDEX($B:$B,MAX(5,G382-2)))+(INDEX($B:$B,G382)))*I382+(2*(INDEX($B:$B,MAX(5,G382-2)))-5*(INDEX($B:$B,G382-1))+4*(INDEX($B:$B,G382))-(INDEX($B:$B,MIN(LOOKUP(2,1/((($A$5:$A$120<>"")+($B$5:$B$120<>""))>0),ROW($A$5:$A$120)),G382+1))))*I382^2+(-(INDEX($B:$B,MAX(5,G382-2)))+3*(INDEX($B:$B,G382-1))-3*(INDEX($B:$B,G382))+(INDEX($B:$B,MIN(LOOKUP(2,1/((($A$5:$A$120<>"")+($B$5:$B$120<>""))>0),ROW($A$5:$A$120)),G382+1))))*I382^3),INDEX($B:$B,G382-1)+(INDEX($B:$B,G382)-INDEX($B:$B,G382-1))*I382))	=IF(J382="","",IF(AND(J381<>"",J383<>""),(J383-J381)/2,IF(J383<>"",J383-J382,IF(J381<>"",J382-J381,""))))	=IF(K382="","",IF(AND(K381<>"",K383<>""),(K383-K381)/2,IF(K383<>"",K383-K382,IF(K381<>"",K382-K381,""))))	=IF(L382="","",MOD(DEGREES(ATAN2(L382,M382)),360))	=IF(N382="","",N382+$S$2)	=IF(O382="","","G1 X"&TEXT(J382,"0.###")&" Y"&TEXT(K382,"0.###")&" Z"&TEXT(O382,"0.###"))					
					=ROW()-5	=IF(OR(F383="",F383<=0,F383>LOOKUP(9.99999999999999E+307,$E$5:$E$120)),"",LOOKUP(F383-1,$E$5:$E$120,ROW($E$5:$E$120))+1)	=IF(G383="","",F383-INDEX($E:$E,G383-1))	=IF(G383="","",H383/INDEX($D:$D,G383))	=IF(G383="","",IF(INDEX($C:$C,G383)="C",0.5*(2*(INDEX($A:$A,G383-1))+(-(INDEX($A:$A,MAX(5,G383-2)))+(INDEX($A:$A,G383)))*I383+(2*(INDEX($A:$A,MAX(5,G383-2)))-5*(INDEX($A:$A,G383-1))+4*(INDEX($A:$A,G383))-(INDEX($A:$A,MIN(LOOKUP(2,1/((($A$5:$A$120<>"")+($B$5:$B$120<>""))>0),ROW($A$5:$A$120)),G383+1))))*I383^2+(-(INDEX($A:$A,MAX(5,G383-2)))+3*(INDEX($A:$A,G383-1))-3*(INDEX($A:$A,G383))+(INDEX($A:$A,MIN(LOOKUP(2,1/((($A$5:$A$120<>"")+($B$5:$B$120<>""))>0),ROW($A$5:$A$120)),G383+1))))*I383^3),INDEX($A:$A,G383-1)+(INDEX($A:$A,G383)-INDEX($A:$A,G383-1))*I383))	=IF(G383="","",IF(INDEX($C:$C,G383)="C",0.5*(2*(INDEX($B:$B,G383-1))+(-(INDEX($B:$B,MAX(5,G383-2)))+(INDEX($B:$B,G383)))*I383+(2*(INDEX($B:$B,MAX(5,G383-2)))-5*(INDEX($B:$B,G383-1))+4*(INDEX($B:$B,G383))-(INDEX($B:$B,MIN(LOOKUP(2,1/((($A$5:$A$120<>"")+($B$5:$B$120<>""))>0),ROW($A$5:$A$120)),G383+1))))*I383^2+(-(INDEX($B:$B,MAX(5,G383-2)))+3*(INDEX($B:$B,G383-1))-3*(INDEX($B:$B,G383))+(INDEX($B:$B,MIN(LOOKUP(2,1/((($A$5:$A$120<>"")+($B$5:$B$120<>""))>0),ROW($A$5:$A$120)),G383+1))))*I383^3),INDEX($B:$B,G383-1)+(INDEX($B:$B,G383)-INDEX($B:$B,G383-1))*I383))	=IF(J383="","",IF(AND(J382<>"",J384<>""),(J384-J382)/2,IF(J384<>"",J384-J383,IF(J382<>"",J383-J382,""))))	=IF(K383="","",IF(AND(K382<>"",K384<>""),(K384-K382)/2,IF(K384<>"",K384-K383,IF(K382<>"",K383-K382,""))))	=IF(L383="","",MOD(DEGREES(ATAN2(L383,M383)),360))	=IF(N383="","",N383+$S$2)	=IF(O383="","","G1 X"&TEXT(J383,"0.###")&" Y"&TEXT(K383,"0.###")&" Z"&TEXT(O383,"0.###"))					
					=ROW()-5	=IF(OR(F384="",F384<=0,F384>LOOKUP(9.99999999999999E+307,$E$5:$E$120)),"",LOOKUP(F384-1,$E$5:$E$120,ROW($E$5:$E$120))+1)	=IF(G384="","",F384-INDEX($E:$E,G384-1))	=IF(G384="","",H384/INDEX($D:$D,G384))	=IF(G384="","",IF(INDEX($C:$C,G384)="C",0.5*(2*(INDEX($A:$A,G384-1))+(-(INDEX($A:$A,MAX(5,G384-2)))+(INDEX($A:$A,G384)))*I384+(2*(INDEX($A:$A,MAX(5,G384-2)))-5*(INDEX($A:$A,G384-1))+4*(INDEX($A:$A,G384))-(INDEX($A:$A,MIN(LOOKUP(2,1/((($A$5:$A$120<>"")+($B$5:$B$120<>""))>0),ROW($A$5:$A$120)),G384+1))))*I384^2+(-(INDEX($A:$A,MAX(5,G384-2)))+3*(INDEX($A:$A,G384-1))-3*(INDEX($A:$A,G384))+(INDEX($A:$A,MIN(LOOKUP(2,1/((($A$5:$A$120<>"")+($B$5:$B$120<>""))>0),ROW($A$5:$A$120)),G384+1))))*I384^3),INDEX($A:$A,G384-1)+(INDEX($A:$A,G384)-INDEX($A:$A,G384-1))*I384))	=IF(G384="","",IF(INDEX($C:$C,G384)="C",0.5*(2*(INDEX($B:$B,G384-1))+(-(INDEX($B:$B,MAX(5,G384-2)))+(INDEX($B:$B,G384)))*I384+(2*(INDEX($B:$B,MAX(5,G384-2)))-5*(INDEX($B:$B,G384-1))+4*(INDEX($B:$B,G384))-(INDEX($B:$B,MIN(LOOKUP(2,1/((($A$5:$A$120<>"")+($B$5:$B$120<>""))>0),ROW($A$5:$A$120)),G384+1))))*I384^2+(-(INDEX($B:$B,MAX(5,G384-2)))+3*(INDEX($B:$B,G384-1))-3*(INDEX($B:$B,G384))+(INDEX($B:$B,MIN(LOOKUP(2,1/((($A$5:$A$120<>"")+($B$5:$B$120<>""))>0),ROW($A$5:$A$120)),G384+1))))*I384^3),INDEX($B:$B,G384-1)+(INDEX($B:$B,G384)-INDEX($B:$B,G384-1))*I384))	=IF(J384="","",IF(AND(J383<>"",J385<>""),(J385-J383)/2,IF(J385<>"",J385-J384,IF(J383<>"",J384-J383,""))))	=IF(K384="","",IF(AND(K383<>"",K385<>""),(K385-K383)/2,IF(K385<>"",K385-K384,IF(K383<>"",K384-K383,""))))	=IF(L384="","",MOD(DEGREES(ATAN2(L384,M384)),360))	=IF(N384="","",N384+$S$2)	=IF(O384="","","G1 X"&TEXT(J384,"0.###")&" Y"&TEXT(K384,"0.###")&" Z"&TEXT(O384,"0.###"))					
					=ROW()-5	=IF(OR(F385="",F385<=0,F385>LOOKUP(9.99999999999999E+307,$E$5:$E$120)),"",LOOKUP(F385-1,$E$5:$E$120,ROW($E$5:$E$120))+1)	=IF(G385="","",F385-INDEX($E:$E,G385-1))	=IF(G385="","",H385/INDEX($D:$D,G385))	=IF(G385="","",IF(INDEX($C:$C,G385)="C",0.5*(2*(INDEX($A:$A,G385-1))+(-(INDEX($A:$A,MAX(5,G385-2)))+(INDEX($A:$A,G385)))*I385+(2*(INDEX($A:$A,MAX(5,G385-2)))-5*(INDEX($A:$A,G385-1))+4*(INDEX($A:$A,G385))-(INDEX($A:$A,MIN(LOOKUP(2,1/((($A$5:$A$120<>"")+($B$5:$B$120<>""))>0),ROW($A$5:$A$120)),G385+1))))*I385^2+(-(INDEX($A:$A,MAX(5,G385-2)))+3*(INDEX($A:$A,G385-1))-3*(INDEX($A:$A,G385))+(INDEX($A:$A,MIN(LOOKUP(2,1/((($A$5:$A$120<>"")+($B$5:$B$120<>""))>0),ROW($A$5:$A$120)),G385+1))))*I385^3),INDEX($A:$A,G385-1)+(INDEX($A:$A,G385)-INDEX($A:$A,G385-1))*I385))	=IF(G385="","",IF(INDEX($C:$C,G385)="C",0.5*(2*(INDEX($B:$B,G385-1))+(-(INDEX($B:$B,MAX(5,G385-2)))+(INDEX($B:$B,G385)))*I385+(2*(INDEX($B:$B,MAX(5,G385-2)))-5*(INDEX($B:$B,G385-1))+4*(INDEX($B:$B,G385))-(INDEX($B:$B,MIN(LOOKUP(2,1/((($A$5:$A$120<>"")+($B$5:$B$120<>""))>0),ROW($A$5:$A$120)),G385+1))))*I385^2+(-(INDEX($B:$B,MAX(5,G385-2)))+3*(INDEX($B:$B,G385-1))-3*(INDEX($B:$B,G385))+(INDEX($B:$B,MIN(LOOKUP(2,1/((($A$5:$A$120<>"")+($B$5:$B$120<>""))>0),ROW($A$5:$A$120)),G385+1))))*I385^3),INDEX($B:$B,G385-1)+(INDEX($B:$B,G385)-INDEX($B:$B,G385-1))*I385))	=IF(J385="","",IF(AND(J384<>"",J386<>""),(J386-J384)/2,IF(J386<>"",J386-J385,IF(J384<>"",J385-J384,""))))	=IF(K385="","",IF(AND(K384<>"",K386<>""),(K386-K384)/2,IF(K386<>"",K386-K385,IF(K384<>"",K385-K384,""))))	=IF(L385="","",MOD(DEGREES(ATAN2(L385,M385)),360))	=IF(N385="","",N385+$S$2)	=IF(O385="","","G1 X"&TEXT(J385,"0.###")&" Y"&TEXT(K385,"0.###")&" Z"&TEXT(O385,"0.###"))					
					=ROW()-5	=IF(OR(F386="",F386<=0,F386>LOOKUP(9.99999999999999E+307,$E$5:$E$120)),"",LOOKUP(F386-1,$E$5:$E$120,ROW($E$5:$E$120))+1)	=IF(G386="","",F386-INDEX($E:$E,G386-1))	=IF(G386="","",H386/INDEX($D:$D,G386))	=IF(G386="","",IF(INDEX($C:$C,G386)="C",0.5*(2*(INDEX($A:$A,G386-1))+(-(INDEX($A:$A,MAX(5,G386-2)))+(INDEX($A:$A,G386)))*I386+(2*(INDEX($A:$A,MAX(5,G386-2)))-5*(INDEX($A:$A,G386-1))+4*(INDEX($A:$A,G386))-(INDEX($A:$A,MIN(LOOKUP(2,1/((($A$5:$A$120<>"")+($B$5:$B$120<>""))>0),ROW($A$5:$A$120)),G386+1))))*I386^2+(-(INDEX($A:$A,MAX(5,G386-2)))+3*(INDEX($A:$A,G386-1))-3*(INDEX($A:$A,G386))+(INDEX($A:$A,MIN(LOOKUP(2,1/((($A$5:$A$120<>"")+($B$5:$B$120<>""))>0),ROW($A$5:$A$120)),G386+1))))*I386^3),INDEX($A:$A,G386-1)+(INDEX($A:$A,G386)-INDEX($A:$A,G386-1))*I386))	=IF(G386="","",IF(INDEX($C:$C,G386)="C",0.5*(2*(INDEX($B:$B,G386-1))+(-(INDEX($B:$B,MAX(5,G386-2)))+(INDEX($B:$B,G386)))*I386+(2*(INDEX($B:$B,MAX(5,G386-2)))-5*(INDEX($B:$B,G386-1))+4*(INDEX($B:$B,G386))-(INDEX($B:$B,MIN(LOOKUP(2,1/((($A$5:$A$120<>"")+($B$5:$B$120<>""))>0),ROW($A$5:$A$120)),G386+1))))*I386^2+(-(INDEX($B:$B,MAX(5,G386-2)))+3*(INDEX($B:$B,G386-1))-3*(INDEX($B:$B,G386))+(INDEX($B:$B,MIN(LOOKUP(2,1/((($A$5:$A$120<>"")+($B$5:$B$120<>""))>0),ROW($A$5:$A$120)),G386+1))))*I386^3),INDEX($B:$B,G386-1)+(INDEX($B:$B,G386)-INDEX($B:$B,G386-1))*I386))	=IF(J386="","",IF(AND(J385<>"",J387<>""),(J387-J385)/2,IF(J387<>"",J387-J386,IF(J385<>"",J386-J385,""))))	=IF(K386="","",IF(AND(K385<>"",K387<>""),(K387-K385)/2,IF(K387<>"",K387-K386,IF(K385<>"",K386-K385,""))))	=IF(L386="","",MOD(DEGREES(ATAN2(L386,M386)),360))	=IF(N386="","",N386+$S$2)	=IF(O386="","","G1 X"&TEXT(J386,"0.###")&" Y"&TEXT(K386,"0.###")&" Z"&TEXT(O386,"0.###"))					
					=ROW()-5	=IF(OR(F387="",F387<=0,F387>LOOKUP(9.99999999999999E+307,$E$5:$E$120)),"",LOOKUP(F387-1,$E$5:$E$120,ROW($E$5:$E$120))+1)	=IF(G387="","",F387-INDEX($E:$E,G387-1))	=IF(G387="","",H387/INDEX($D:$D,G387))	=IF(G387="","",IF(INDEX($C:$C,G387)="C",0.5*(2*(INDEX($A:$A,G387-1))+(-(INDEX($A:$A,MAX(5,G387-2)))+(INDEX($A:$A,G387)))*I387+(2*(INDEX($A:$A,MAX(5,G387-2)))-5*(INDEX($A:$A,G387-1))+4*(INDEX($A:$A,G387))-(INDEX($A:$A,MIN(LOOKUP(2,1/((($A$5:$A$120<>"")+($B$5:$B$120<>""))>0),ROW($A$5:$A$120)),G387+1))))*I387^2+(-(INDEX($A:$A,MAX(5,G387-2)))+3*(INDEX($A:$A,G387-1))-3*(INDEX($A:$A,G387))+(INDEX($A:$A,MIN(LOOKUP(2,1/((($A$5:$A$120<>"")+($B$5:$B$120<>""))>0),ROW($A$5:$A$120)),G387+1))))*I387^3),INDEX($A:$A,G387-1)+(INDEX($A:$A,G387)-INDEX($A:$A,G387-1))*I387))	=IF(G387="","",IF(INDEX($C:$C,G387)="C",0.5*(2*(INDEX($B:$B,G387-1))+(-(INDEX($B:$B,MAX(5,G387-2)))+(INDEX($B:$B,G387)))*I387+(2*(INDEX($B:$B,MAX(5,G387-2)))-5*(INDEX($B:$B,G387-1))+4*(INDEX($B:$B,G387))-(INDEX($B:$B,MIN(LOOKUP(2,1/((($A$5:$A$120<>"")+($B$5:$B$120<>""))>0),ROW($A$5:$A$120)),G387+1))))*I387^2+(-(INDEX($B:$B,MAX(5,G387-2)))+3*(INDEX($B:$B,G387-1))-3*(INDEX($B:$B,G387))+(INDEX($B:$B,MIN(LOOKUP(2,1/((($A$5:$A$120<>"")+($B$5:$B$120<>""))>0),ROW($A$5:$A$120)),G387+1))))*I387^3),INDEX($B:$B,G387-1)+(INDEX($B:$B,G387)-INDEX($B:$B,G387-1))*I387))	=IF(J387="","",IF(AND(J386<>"",J388<>""),(J388-J386)/2,IF(J388<>"",J388-J387,IF(J386<>"",J387-J386,""))))	=IF(K387="","",IF(AND(K386<>"",K388<>""),(K388-K386)/2,IF(K388<>"",K388-K387,IF(K386<>"",K387-K386,""))))	=IF(L387="","",MOD(DEGREES(ATAN2(L387,M387)),360))	=IF(N387="","",N387+$S$2)	=IF(O387="","","G1 X"&TEXT(J387,"0.###")&" Y"&TEXT(K387,"0.###")&" Z"&TEXT(O387,"0.###"))					
					=ROW()-5	=IF(OR(F388="",F388<=0,F388>LOOKUP(9.99999999999999E+307,$E$5:$E$120)),"",LOOKUP(F388-1,$E$5:$E$120,ROW($E$5:$E$120))+1)	=IF(G388="","",F388-INDEX($E:$E,G388-1))	=IF(G388="","",H388/INDEX($D:$D,G388))	=IF(G388="","",IF(INDEX($C:$C,G388)="C",0.5*(2*(INDEX($A:$A,G388-1))+(-(INDEX($A:$A,MAX(5,G388-2)))+(INDEX($A:$A,G388)))*I388+(2*(INDEX($A:$A,MAX(5,G388-2)))-5*(INDEX($A:$A,G388-1))+4*(INDEX($A:$A,G388))-(INDEX($A:$A,MIN(LOOKUP(2,1/((($A$5:$A$120<>"")+($B$5:$B$120<>""))>0),ROW($A$5:$A$120)),G388+1))))*I388^2+(-(INDEX($A:$A,MAX(5,G388-2)))+3*(INDEX($A:$A,G388-1))-3*(INDEX($A:$A,G388))+(INDEX($A:$A,MIN(LOOKUP(2,1/((($A$5:$A$120<>"")+($B$5:$B$120<>""))>0),ROW($A$5:$A$120)),G388+1))))*I388^3),INDEX($A:$A,G388-1)+(INDEX($A:$A,G388)-INDEX($A:$A,G388-1))*I388))	=IF(G388="","",IF(INDEX($C:$C,G388)="C",0.5*(2*(INDEX($B:$B,G388-1))+(-(INDEX($B:$B,MAX(5,G388-2)))+(INDEX($B:$B,G388)))*I388+(2*(INDEX($B:$B,MAX(5,G388-2)))-5*(INDEX($B:$B,G388-1))+4*(INDEX($B:$B,G388))-(INDEX($B:$B,MIN(LOOKUP(2,1/((($A$5:$A$120<>"")+($B$5:$B$120<>""))>0),ROW($A$5:$A$120)),G388+1))))*I388^2+(-(INDEX($B:$B,MAX(5,G388-2)))+3*(INDEX($B:$B,G388-1))-3*(INDEX($B:$B,G388))+(INDEX($B:$B,MIN(LOOKUP(2,1/((($A$5:$A$120<>"")+($B$5:$B$120<>""))>0),ROW($A$5:$A$120)),G388+1))))*I388^3),INDEX($B:$B,G388-1)+(INDEX($B:$B,G388)-INDEX($B:$B,G388-1))*I388))	=IF(J388="","",IF(AND(J387<>"",J389<>""),(J389-J387)/2,IF(J389<>"",J389-J388,IF(J387<>"",J388-J387,""))))	=IF(K388="","",IF(AND(K387<>"",K389<>""),(K389-K387)/2,IF(K389<>"",K389-K388,IF(K387<>"",K388-K387,""))))	=IF(L388="","",MOD(DEGREES(ATAN2(L388,M388)),360))	=IF(N388="","",N388+$S$2)	=IF(O388="","","G1 X"&TEXT(J388,"0.###")&" Y"&TEXT(K388,"0.###")&" Z"&TEXT(O388,"0.###"))					
					=ROW()-5	=IF(OR(F389="",F389<=0,F389>LOOKUP(9.99999999999999E+307,$E$5:$E$120)),"",LOOKUP(F389-1,$E$5:$E$120,ROW($E$5:$E$120))+1)	=IF(G389="","",F389-INDEX($E:$E,G389-1))	=IF(G389="","",H389/INDEX($D:$D,G389))	=IF(G389="","",IF(INDEX($C:$C,G389)="C",0.5*(2*(INDEX($A:$A,G389-1))+(-(INDEX($A:$A,MAX(5,G389-2)))+(INDEX($A:$A,G389)))*I389+(2*(INDEX($A:$A,MAX(5,G389-2)))-5*(INDEX($A:$A,G389-1))+4*(INDEX($A:$A,G389))-(INDEX($A:$A,MIN(LOOKUP(2,1/((($A$5:$A$120<>"")+($B$5:$B$120<>""))>0),ROW($A$5:$A$120)),G389+1))))*I389^2+(-(INDEX($A:$A,MAX(5,G389-2)))+3*(INDEX($A:$A,G389-1))-3*(INDEX($A:$A,G389))+(INDEX($A:$A,MIN(LOOKUP(2,1/((($A$5:$A$120<>"")+($B$5:$B$120<>""))>0),ROW($A$5:$A$120)),G389+1))))*I389^3),INDEX($A:$A,G389-1)+(INDEX($A:$A,G389)-INDEX($A:$A,G389-1))*I389))	=IF(G389="","",IF(INDEX($C:$C,G389)="C",0.5*(2*(INDEX($B:$B,G389-1))+(-(INDEX($B:$B,MAX(5,G389-2)))+(INDEX($B:$B,G389)))*I389+(2*(INDEX($B:$B,MAX(5,G389-2)))-5*(INDEX($B:$B,G389-1))+4*(INDEX($B:$B,G389))-(INDEX($B:$B,MIN(LOOKUP(2,1/((($A$5:$A$120<>"")+($B$5:$B$120<>""))>0),ROW($A$5:$A$120)),G389+1))))*I389^2+(-(INDEX($B:$B,MAX(5,G389-2)))+3*(INDEX($B:$B,G389-1))-3*(INDEX($B:$B,G389))+(INDEX($B:$B,MIN(LOOKUP(2,1/((($A$5:$A$120<>"")+($B$5:$B$120<>""))>0),ROW($A$5:$A$120)),G389+1))))*I389^3),INDEX($B:$B,G389-1)+(INDEX($B:$B,G389)-INDEX($B:$B,G389-1))*I389))	=IF(J389="","",IF(AND(J388<>"",J390<>""),(J390-J388)/2,IF(J390<>"",J390-J389,IF(J388<>"",J389-J388,""))))	=IF(K389="","",IF(AND(K388<>"",K390<>""),(K390-K388)/2,IF(K390<>"",K390-K389,IF(K388<>"",K389-K388,""))))	=IF(L389="","",MOD(DEGREES(ATAN2(L389,M389)),360))	=IF(N389="","",N389+$S$2)	=IF(O389="","","G1 X"&TEXT(J389,"0.###")&" Y"&TEXT(K389,"0.###")&" Z"&TEXT(O389,"0.###"))					
					=ROW()-5	=IF(OR(F390="",F390<=0,F390>LOOKUP(9.99999999999999E+307,$E$5:$E$120)),"",LOOKUP(F390-1,$E$5:$E$120,ROW($E$5:$E$120))+1)	=IF(G390="","",F390-INDEX($E:$E,G390-1))	=IF(G390="","",H390/INDEX($D:$D,G390))	=IF(G390="","",IF(INDEX($C:$C,G390)="C",0.5*(2*(INDEX($A:$A,G390-1))+(-(INDEX($A:$A,MAX(5,G390-2)))+(INDEX($A:$A,G390)))*I390+(2*(INDEX($A:$A,MAX(5,G390-2)))-5*(INDEX($A:$A,G390-1))+4*(INDEX($A:$A,G390))-(INDEX($A:$A,MIN(LOOKUP(2,1/((($A$5:$A$120<>"")+($B$5:$B$120<>""))>0),ROW($A$5:$A$120)),G390+1))))*I390^2+(-(INDEX($A:$A,MAX(5,G390-2)))+3*(INDEX($A:$A,G390-1))-3*(INDEX($A:$A,G390))+(INDEX($A:$A,MIN(LOOKUP(2,1/((($A$5:$A$120<>"")+($B$5:$B$120<>""))>0),ROW($A$5:$A$120)),G390+1))))*I390^3),INDEX($A:$A,G390-1)+(INDEX($A:$A,G390)-INDEX($A:$A,G390-1))*I390))	=IF(G390="","",IF(INDEX($C:$C,G390)="C",0.5*(2*(INDEX($B:$B,G390-1))+(-(INDEX($B:$B,MAX(5,G390-2)))+(INDEX($B:$B,G390)))*I390+(2*(INDEX($B:$B,MAX(5,G390-2)))-5*(INDEX($B:$B,G390-1))+4*(INDEX($B:$B,G390))-(INDEX($B:$B,MIN(LOOKUP(2,1/((($A$5:$A$120<>"")+($B$5:$B$120<>""))>0),ROW($A$5:$A$120)),G390+1))))*I390^2+(-(INDEX($B:$B,MAX(5,G390-2)))+3*(INDEX($B:$B,G390-1))-3*(INDEX($B:$B,G390))+(INDEX($B:$B,MIN(LOOKUP(2,1/((($A$5:$A$120<>"")+($B$5:$B$120<>""))>0),ROW($A$5:$A$120)),G390+1))))*I390^3),INDEX($B:$B,G390-1)+(INDEX($B:$B,G390)-INDEX($B:$B,G390-1))*I390))	=IF(J390="","",IF(AND(J389<>"",J391<>""),(J391-J389)/2,IF(J391<>"",J391-J390,IF(J389<>"",J390-J389,""))))	=IF(K390="","",IF(AND(K389<>"",K391<>""),(K391-K389)/2,IF(K391<>"",K391-K390,IF(K389<>"",K390-K389,""))))	=IF(L390="","",MOD(DEGREES(ATAN2(L390,M390)),360))	=IF(N390="","",N390+$S$2)	=IF(O390="","","G1 X"&TEXT(J390,"0.###")&" Y"&TEXT(K390,"0.###")&" Z"&TEXT(O390,"0.###"))					
					=ROW()-5	=IF(OR(F391="",F391<=0,F391>LOOKUP(9.99999999999999E+307,$E$5:$E$120)),"",LOOKUP(F391-1,$E$5:$E$120,ROW($E$5:$E$120))+1)	=IF(G391="","",F391-INDEX($E:$E,G391-1))	=IF(G391="","",H391/INDEX($D:$D,G391))	=IF(G391="","",IF(INDEX($C:$C,G391)="C",0.5*(2*(INDEX($A:$A,G391-1))+(-(INDEX($A:$A,MAX(5,G391-2)))+(INDEX($A:$A,G391)))*I391+(2*(INDEX($A:$A,MAX(5,G391-2)))-5*(INDEX($A:$A,G391-1))+4*(INDEX($A:$A,G391))-(INDEX($A:$A,MIN(LOOKUP(2,1/((($A$5:$A$120<>"")+($B$5:$B$120<>""))>0),ROW($A$5:$A$120)),G391+1))))*I391^2+(-(INDEX($A:$A,MAX(5,G391-2)))+3*(INDEX($A:$A,G391-1))-3*(INDEX($A:$A,G391))+(INDEX($A:$A,MIN(LOOKUP(2,1/((($A$5:$A$120<>"")+($B$5:$B$120<>""))>0),ROW($A$5:$A$120)),G391+1))))*I391^3),INDEX($A:$A,G391-1)+(INDEX($A:$A,G391)-INDEX($A:$A,G391-1))*I391))	=IF(G391="","",IF(INDEX($C:$C,G391)="C",0.5*(2*(INDEX($B:$B,G391-1))+(-(INDEX($B:$B,MAX(5,G391-2)))+(INDEX($B:$B,G391)))*I391+(2*(INDEX($B:$B,MAX(5,G391-2)))-5*(INDEX($B:$B,G391-1))+4*(INDEX($B:$B,G391))-(INDEX($B:$B,MIN(LOOKUP(2,1/((($A$5:$A$120<>"")+($B$5:$B$120<>""))>0),ROW($A$5:$A$120)),G391+1))))*I391^2+(-(INDEX($B:$B,MAX(5,G391-2)))+3*(INDEX($B:$B,G391-1))-3*(INDEX($B:$B,G391))+(INDEX($B:$B,MIN(LOOKUP(2,1/((($A$5:$A$120<>"")+($B$5:$B$120<>""))>0),ROW($A$5:$A$120)),G391+1))))*I391^3),INDEX($B:$B,G391-1)+(INDEX($B:$B,G391)-INDEX($B:$B,G391-1))*I391))	=IF(J391="","",IF(AND(J390<>"",J392<>""),(J392-J390)/2,IF(J392<>"",J392-J391,IF(J390<>"",J391-J390,""))))	=IF(K391="","",IF(AND(K390<>"",K392<>""),(K392-K390)/2,IF(K392<>"",K392-K391,IF(K390<>"",K391-K390,""))))	=IF(L391="","",MOD(DEGREES(ATAN2(L391,M391)),360))	=IF(N391="","",N391+$S$2)	=IF(O391="","","G1 X"&TEXT(J391,"0.###")&" Y"&TEXT(K391,"0.###")&" Z"&TEXT(O391,"0.###"))					
					=ROW()-5	=IF(OR(F392="",F392<=0,F392>LOOKUP(9.99999999999999E+307,$E$5:$E$120)),"",LOOKUP(F392-1,$E$5:$E$120,ROW($E$5:$E$120))+1)	=IF(G392="","",F392-INDEX($E:$E,G392-1))	=IF(G392="","",H392/INDEX($D:$D,G392))	=IF(G392="","",IF(INDEX($C:$C,G392)="C",0.5*(2*(INDEX($A:$A,G392-1))+(-(INDEX($A:$A,MAX(5,G392-2)))+(INDEX($A:$A,G392)))*I392+(2*(INDEX($A:$A,MAX(5,G392-2)))-5*(INDEX($A:$A,G392-1))+4*(INDEX($A:$A,G392))-(INDEX($A:$A,MIN(LOOKUP(2,1/((($A$5:$A$120<>"")+($B$5:$B$120<>""))>0),ROW($A$5:$A$120)),G392+1))))*I392^2+(-(INDEX($A:$A,MAX(5,G392-2)))+3*(INDEX($A:$A,G392-1))-3*(INDEX($A:$A,G392))+(INDEX($A:$A,MIN(LOOKUP(2,1/((($A$5:$A$120<>"")+($B$5:$B$120<>""))>0),ROW($A$5:$A$120)),G392+1))))*I392^3),INDEX($A:$A,G392-1)+(INDEX($A:$A,G392)-INDEX($A:$A,G392-1))*I392))	=IF(G392="","",IF(INDEX($C:$C,G392)="C",0.5*(2*(INDEX($B:$B,G392-1))+(-(INDEX($B:$B,MAX(5,G392-2)))+(INDEX($B:$B,G392)))*I392+(2*(INDEX($B:$B,MAX(5,G392-2)))-5*(INDEX($B:$B,G392-1))+4*(INDEX($B:$B,G392))-(INDEX($B:$B,MIN(LOOKUP(2,1/((($A$5:$A$120<>"")+($B$5:$B$120<>""))>0),ROW($A$5:$A$120)),G392+1))))*I392^2+(-(INDEX($B:$B,MAX(5,G392-2)))+3*(INDEX($B:$B,G392-1))-3*(INDEX($B:$B,G392))+(INDEX($B:$B,MIN(LOOKUP(2,1/((($A$5:$A$120<>"")+($B$5:$B$120<>""))>0),ROW($A$5:$A$120)),G392+1))))*I392^3),INDEX($B:$B,G392-1)+(INDEX($B:$B,G392)-INDEX($B:$B,G392-1))*I392))	=IF(J392="","",IF(AND(J391<>"",J393<>""),(J393-J391)/2,IF(J393<>"",J393-J392,IF(J391<>"",J392-J391,""))))	=IF(K392="","",IF(AND(K391<>"",K393<>""),(K393-K391)/2,IF(K393<>"",K393-K392,IF(K391<>"",K392-K391,""))))	=IF(L392="","",MOD(DEGREES(ATAN2(L392,M392)),360))	=IF(N392="","",N392+$S$2)	=IF(O392="","","G1 X"&TEXT(J392,"0.###")&" Y"&TEXT(K392,"0.###")&" Z"&TEXT(O392,"0.###"))					
					=ROW()-5	=IF(OR(F393="",F393<=0,F393>LOOKUP(9.99999999999999E+307,$E$5:$E$120)),"",LOOKUP(F393-1,$E$5:$E$120,ROW($E$5:$E$120))+1)	=IF(G393="","",F393-INDEX($E:$E,G393-1))	=IF(G393="","",H393/INDEX($D:$D,G393))	=IF(G393="","",IF(INDEX($C:$C,G393)="C",0.5*(2*(INDEX($A:$A,G393-1))+(-(INDEX($A:$A,MAX(5,G393-2)))+(INDEX($A:$A,G393)))*I393+(2*(INDEX($A:$A,MAX(5,G393-2)))-5*(INDEX($A:$A,G393-1))+4*(INDEX($A:$A,G393))-(INDEX($A:$A,MIN(LOOKUP(2,1/((($A$5:$A$120<>"")+($B$5:$B$120<>""))>0),ROW($A$5:$A$120)),G393+1))))*I393^2+(-(INDEX($A:$A,MAX(5,G393-2)))+3*(INDEX($A:$A,G393-1))-3*(INDEX($A:$A,G393))+(INDEX($A:$A,MIN(LOOKUP(2,1/((($A$5:$A$120<>"")+($B$5:$B$120<>""))>0),ROW($A$5:$A$120)),G393+1))))*I393^3),INDEX($A:$A,G393-1)+(INDEX($A:$A,G393)-INDEX($A:$A,G393-1))*I393))	=IF(G393="","",IF(INDEX($C:$C,G393)="C",0.5*(2*(INDEX($B:$B,G393-1))+(-(INDEX($B:$B,MAX(5,G393-2)))+(INDEX($B:$B,G393)))*I393+(2*(INDEX($B:$B,MAX(5,G393-2)))-5*(INDEX($B:$B,G393-1))+4*(INDEX($B:$B,G393))-(INDEX($B:$B,MIN(LOOKUP(2,1/((($A$5:$A$120<>"")+($B$5:$B$120<>""))>0),ROW($A$5:$A$120)),G393+1))))*I393^2+(-(INDEX($B:$B,MAX(5,G393-2)))+3*(INDEX($B:$B,G393-1))-3*(INDEX($B:$B,G393))+(INDEX($B:$B,MIN(LOOKUP(2,1/((($A$5:$A$120<>"")+($B$5:$B$120<>""))>0),ROW($A$5:$A$120)),G393+1))))*I393^3),INDEX($B:$B,G393-1)+(INDEX($B:$B,G393)-INDEX($B:$B,G393-1))*I393))	=IF(J393="","",IF(AND(J392<>"",J394<>""),(J394-J392)/2,IF(J394<>"",J394-J393,IF(J392<>"",J393-J392,""))))	=IF(K393="","",IF(AND(K392<>"",K394<>""),(K394-K392)/2,IF(K394<>"",K394-K393,IF(K392<>"",K393-K392,""))))	=IF(L393="","",MOD(DEGREES(ATAN2(L393,M393)),360))	=IF(N393="","",N393+$S$2)	=IF(O393="","","G1 X"&TEXT(J393,"0.###")&" Y"&TEXT(K393,"0.###")&" Z"&TEXT(O393,"0.###"))					
					=ROW()-5	=IF(OR(F394="",F394<=0,F394>LOOKUP(9.99999999999999E+307,$E$5:$E$120)),"",LOOKUP(F394-1,$E$5:$E$120,ROW($E$5:$E$120))+1)	=IF(G394="","",F394-INDEX($E:$E,G394-1))	=IF(G394="","",H394/INDEX($D:$D,G394))	=IF(G394="","",IF(INDEX($C:$C,G394)="C",0.5*(2*(INDEX($A:$A,G394-1))+(-(INDEX($A:$A,MAX(5,G394-2)))+(INDEX($A:$A,G394)))*I394+(2*(INDEX($A:$A,MAX(5,G394-2)))-5*(INDEX($A:$A,G394-1))+4*(INDEX($A:$A,G394))-(INDEX($A:$A,MIN(LOOKUP(2,1/((($A$5:$A$120<>"")+($B$5:$B$120<>""))>0),ROW($A$5:$A$120)),G394+1))))*I394^2+(-(INDEX($A:$A,MAX(5,G394-2)))+3*(INDEX($A:$A,G394-1))-3*(INDEX($A:$A,G394))+(INDEX($A:$A,MIN(LOOKUP(2,1/((($A$5:$A$120<>"")+($B$5:$B$120<>""))>0),ROW($A$5:$A$120)),G394+1))))*I394^3),INDEX($A:$A,G394-1)+(INDEX($A:$A,G394)-INDEX($A:$A,G394-1))*I394))	=IF(G394="","",IF(INDEX($C:$C,G394)="C",0.5*(2*(INDEX($B:$B,G394-1))+(-(INDEX($B:$B,MAX(5,G394-2)))+(INDEX($B:$B,G394)))*I394+(2*(INDEX($B:$B,MAX(5,G394-2)))-5*(INDEX($B:$B,G394-1))+4*(INDEX($B:$B,G394))-(INDEX($B:$B,MIN(LOOKUP(2,1/((($A$5:$A$120<>"")+($B$5:$B$120<>""))>0),ROW($A$5:$A$120)),G394+1))))*I394^2+(-(INDEX($B:$B,MAX(5,G394-2)))+3*(INDEX($B:$B,G394-1))-3*(INDEX($B:$B,G394))+(INDEX($B:$B,MIN(LOOKUP(2,1/((($A$5:$A$120<>"")+($B$5:$B$120<>""))>0),ROW($A$5:$A$120)),G394+1))))*I394^3),INDEX($B:$B,G394-1)+(INDEX($B:$B,G394)-INDEX($B:$B,G394-1))*I394))	=IF(J394="","",IF(AND(J393<>"",J395<>""),(J395-J393)/2,IF(J395<>"",J395-J394,IF(J393<>"",J394-J393,""))))	=IF(K394="","",IF(AND(K393<>"",K395<>""),(K395-K393)/2,IF(K395<>"",K395-K394,IF(K393<>"",K394-K393,""))))	=IF(L394="","",MOD(DEGREES(ATAN2(L394,M394)),360))	=IF(N394="","",N394+$S$2)	=IF(O394="","","G1 X"&TEXT(J394,"0.###")&" Y"&TEXT(K394,"0.###")&" Z"&TEXT(O394,"0.###"))					
					=ROW()-5	=IF(OR(F395="",F395<=0,F395>LOOKUP(9.99999999999999E+307,$E$5:$E$120)),"",LOOKUP(F395-1,$E$5:$E$120,ROW($E$5:$E$120))+1)	=IF(G395="","",F395-INDEX($E:$E,G395-1))	=IF(G395="","",H395/INDEX($D:$D,G395))	=IF(G395="","",IF(INDEX($C:$C,G395)="C",0.5*(2*(INDEX($A:$A,G395-1))+(-(INDEX($A:$A,MAX(5,G395-2)))+(INDEX($A:$A,G395)))*I395+(2*(INDEX($A:$A,MAX(5,G395-2)))-5*(INDEX($A:$A,G395-1))+4*(INDEX($A:$A,G395))-(INDEX($A:$A,MIN(LOOKUP(2,1/((($A$5:$A$120<>"")+($B$5:$B$120<>""))>0),ROW($A$5:$A$120)),G395+1))))*I395^2+(-(INDEX($A:$A,MAX(5,G395-2)))+3*(INDEX($A:$A,G395-1))-3*(INDEX($A:$A,G395))+(INDEX($A:$A,MIN(LOOKUP(2,1/((($A$5:$A$120<>"")+($B$5:$B$120<>""))>0),ROW($A$5:$A$120)),G395+1))))*I395^3),INDEX($A:$A,G395-1)+(INDEX($A:$A,G395)-INDEX($A:$A,G395-1))*I395))	=IF(G395="","",IF(INDEX($C:$C,G395)="C",0.5*(2*(INDEX($B:$B,G395-1))+(-(INDEX($B:$B,MAX(5,G395-2)))+(INDEX($B:$B,G395)))*I395+(2*(INDEX($B:$B,MAX(5,G395-2)))-5*(INDEX($B:$B,G395-1))+4*(INDEX($B:$B,G395))-(INDEX($B:$B,MIN(LOOKUP(2,1/((($A$5:$A$120<>"")+($B$5:$B$120<>""))>0),ROW($A$5:$A$120)),G395+1))))*I395^2+(-(INDEX($B:$B,MAX(5,G395-2)))+3*(INDEX($B:$B,G395-1))-3*(INDEX($B:$B,G395))+(INDEX($B:$B,MIN(LOOKUP(2,1/((($A$5:$A$120<>"")+($B$5:$B$120<>""))>0),ROW($A$5:$A$120)),G395+1))))*I395^3),INDEX($B:$B,G395-1)+(INDEX($B:$B,G395)-INDEX($B:$B,G395-1))*I395))	=IF(J395="","",IF(AND(J394<>"",J396<>""),(J396-J394)/2,IF(J396<>"",J396-J395,IF(J394<>"",J395-J394,""))))	=IF(K395="","",IF(AND(K394<>"",K396<>""),(K396-K394)/2,IF(K396<>"",K396-K395,IF(K394<>"",K395-K394,""))))	=IF(L395="","",MOD(DEGREES(ATAN2(L395,M395)),360))	=IF(N395="","",N395+$S$2)	=IF(O395="","","G1 X"&TEXT(J395,"0.###")&" Y"&TEXT(K395,"0.###")&" Z"&TEXT(O395,"0.###"))					
					=ROW()-5	=IF(OR(F396="",F396<=0,F396>LOOKUP(9.99999999999999E+307,$E$5:$E$120)),"",LOOKUP(F396-1,$E$5:$E$120,ROW($E$5:$E$120))+1)	=IF(G396="","",F396-INDEX($E:$E,G396-1))	=IF(G396="","",H396/INDEX($D:$D,G396))	=IF(G396="","",IF(INDEX($C:$C,G396)="C",0.5*(2*(INDEX($A:$A,G396-1))+(-(INDEX($A:$A,MAX(5,G396-2)))+(INDEX($A:$A,G396)))*I396+(2*(INDEX($A:$A,MAX(5,G396-2)))-5*(INDEX($A:$A,G396-1))+4*(INDEX($A:$A,G396))-(INDEX($A:$A,MIN(LOOKUP(2,1/((($A$5:$A$120<>"")+($B$5:$B$120<>""))>0),ROW($A$5:$A$120)),G396+1))))*I396^2+(-(INDEX($A:$A,MAX(5,G396-2)))+3*(INDEX($A:$A,G396-1))-3*(INDEX($A:$A,G396))+(INDEX($A:$A,MIN(LOOKUP(2,1/((($A$5:$A$120<>"")+($B$5:$B$120<>""))>0),ROW($A$5:$A$120)),G396+1))))*I396^3),INDEX($A:$A,G396-1)+(INDEX($A:$A,G396)-INDEX($A:$A,G396-1))*I396))	=IF(G396="","",IF(INDEX($C:$C,G396)="C",0.5*(2*(INDEX($B:$B,G396-1))+(-(INDEX($B:$B,MAX(5,G396-2)))+(INDEX($B:$B,G396)))*I396+(2*(INDEX($B:$B,MAX(5,G396-2)))-5*(INDEX($B:$B,G396-1))+4*(INDEX($B:$B,G396))-(INDEX($B:$B,MIN(LOOKUP(2,1/((($A$5:$A$120<>"")+($B$5:$B$120<>""))>0),ROW($A$5:$A$120)),G396+1))))*I396^2+(-(INDEX($B:$B,MAX(5,G396-2)))+3*(INDEX($B:$B,G396-1))-3*(INDEX($B:$B,G396))+(INDEX($B:$B,MIN(LOOKUP(2,1/((($A$5:$A$120<>"")+($B$5:$B$120<>""))>0),ROW($A$5:$A$120)),G396+1))))*I396^3),INDEX($B:$B,G396-1)+(INDEX($B:$B,G396)-INDEX($B:$B,G396-1))*I396))	=IF(J396="","",IF(AND(J395<>"",J397<>""),(J397-J395)/2,IF(J397<>"",J397-J396,IF(J395<>"",J396-J395,""))))	=IF(K396="","",IF(AND(K395<>"",K397<>""),(K397-K395)/2,IF(K397<>"",K397-K396,IF(K395<>"",K396-K395,""))))	=IF(L396="","",MOD(DEGREES(ATAN2(L396,M396)),360))	=IF(N396="","",N396+$S$2)	=IF(O396="","","G1 X"&TEXT(J396,"0.###")&" Y"&TEXT(K396,"0.###")&" Z"&TEXT(O396,"0.###"))					
					=ROW()-5	=IF(OR(F397="",F397<=0,F397>LOOKUP(9.99999999999999E+307,$E$5:$E$120)),"",LOOKUP(F397-1,$E$5:$E$120,ROW($E$5:$E$120))+1)	=IF(G397="","",F397-INDEX($E:$E,G397-1))	=IF(G397="","",H397/INDEX($D:$D,G397))	=IF(G397="","",IF(INDEX($C:$C,G397)="C",0.5*(2*(INDEX($A:$A,G397-1))+(-(INDEX($A:$A,MAX(5,G397-2)))+(INDEX($A:$A,G397)))*I397+(2*(INDEX($A:$A,MAX(5,G397-2)))-5*(INDEX($A:$A,G397-1))+4*(INDEX($A:$A,G397))-(INDEX($A:$A,MIN(LOOKUP(2,1/((($A$5:$A$120<>"")+($B$5:$B$120<>""))>0),ROW($A$5:$A$120)),G397+1))))*I397^2+(-(INDEX($A:$A,MAX(5,G397-2)))+3*(INDEX($A:$A,G397-1))-3*(INDEX($A:$A,G397))+(INDEX($A:$A,MIN(LOOKUP(2,1/((($A$5:$A$120<>"")+($B$5:$B$120<>""))>0),ROW($A$5:$A$120)),G397+1))))*I397^3),INDEX($A:$A,G397-1)+(INDEX($A:$A,G397)-INDEX($A:$A,G397-1))*I397))	=IF(G397="","",IF(INDEX($C:$C,G397)="C",0.5*(2*(INDEX($B:$B,G397-1))+(-(INDEX($B:$B,MAX(5,G397-2)))+(INDEX($B:$B,G397)))*I397+(2*(INDEX($B:$B,MAX(5,G397-2)))-5*(INDEX($B:$B,G397-1))+4*(INDEX($B:$B,G397))-(INDEX($B:$B,MIN(LOOKUP(2,1/((($A$5:$A$120<>"")+($B$5:$B$120<>""))>0),ROW($A$5:$A$120)),G397+1))))*I397^2+(-(INDEX($B:$B,MAX(5,G397-2)))+3*(INDEX($B:$B,G397-1))-3*(INDEX($B:$B,G397))+(INDEX($B:$B,MIN(LOOKUP(2,1/((($A$5:$A$120<>"")+($B$5:$B$120<>""))>0),ROW($A$5:$A$120)),G397+1))))*I397^3),INDEX($B:$B,G397-1)+(INDEX($B:$B,G397)-INDEX($B:$B,G397-1))*I397))	=IF(J397="","",IF(AND(J396<>"",J398<>""),(J398-J396)/2,IF(J398<>"",J398-J397,IF(J396<>"",J397-J396,""))))	=IF(K397="","",IF(AND(K396<>"",K398<>""),(K398-K396)/2,IF(K398<>"",K398-K397,IF(K396<>"",K397-K396,""))))	=IF(L397="","",MOD(DEGREES(ATAN2(L397,M397)),360))	=IF(N397="","",N397+$S$2)	=IF(O397="","","G1 X"&TEXT(J397,"0.###")&" Y"&TEXT(K397,"0.###")&" Z"&TEXT(O397,"0.###"))					
					=ROW()-5	=IF(OR(F398="",F398<=0,F398>LOOKUP(9.99999999999999E+307,$E$5:$E$120)),"",LOOKUP(F398-1,$E$5:$E$120,ROW($E$5:$E$120))+1)	=IF(G398="","",F398-INDEX($E:$E,G398-1))	=IF(G398="","",H398/INDEX($D:$D,G398))	=IF(G398="","",IF(INDEX($C:$C,G398)="C",0.5*(2*(INDEX($A:$A,G398-1))+(-(INDEX($A:$A,MAX(5,G398-2)))+(INDEX($A:$A,G398)))*I398+(2*(INDEX($A:$A,MAX(5,G398-2)))-5*(INDEX($A:$A,G398-1))+4*(INDEX($A:$A,G398))-(INDEX($A:$A,MIN(LOOKUP(2,1/((($A$5:$A$120<>"")+($B$5:$B$120<>""))>0),ROW($A$5:$A$120)),G398+1))))*I398^2+(-(INDEX($A:$A,MAX(5,G398-2)))+3*(INDEX($A:$A,G398-1))-3*(INDEX($A:$A,G398))+(INDEX($A:$A,MIN(LOOKUP(2,1/((($A$5:$A$120<>"")+($B$5:$B$120<>""))>0),ROW($A$5:$A$120)),G398+1))))*I398^3),INDEX($A:$A,G398-1)+(INDEX($A:$A,G398)-INDEX($A:$A,G398-1))*I398))	=IF(G398="","",IF(INDEX($C:$C,G398)="C",0.5*(2*(INDEX($B:$B,G398-1))+(-(INDEX($B:$B,MAX(5,G398-2)))+(INDEX($B:$B,G398)))*I398+(2*(INDEX($B:$B,MAX(5,G398-2)))-5*(INDEX($B:$B,G398-1))+4*(INDEX($B:$B,G398))-(INDEX($B:$B,MIN(LOOKUP(2,1/((($A$5:$A$120<>"")+($B$5:$B$120<>""))>0),ROW($A$5:$A$120)),G398+1))))*I398^2+(-(INDEX($B:$B,MAX(5,G398-2)))+3*(INDEX($B:$B,G398-1))-3*(INDEX($B:$B,G398))+(INDEX($B:$B,MIN(LOOKUP(2,1/((($A$5:$A$120<>"")+($B$5:$B$120<>""))>0),ROW($A$5:$A$120)),G398+1))))*I398^3),INDEX($B:$B,G398-1)+(INDEX($B:$B,G398)-INDEX($B:$B,G398-1))*I398))	=IF(J398="","",IF(AND(J397<>"",J399<>""),(J399-J397)/2,IF(J399<>"",J399-J398,IF(J397<>"",J398-J397,""))))	=IF(K398="","",IF(AND(K397<>"",K399<>""),(K399-K397)/2,IF(K399<>"",K399-K398,IF(K397<>"",K398-K397,""))))	=IF(L398="","",MOD(DEGREES(ATAN2(L398,M398)),360))	=IF(N398="","",N398+$S$2)	=IF(O398="","","G1 X"&TEXT(J398,"0.###")&" Y"&TEXT(K398,"0.###")&" Z"&TEXT(O398,"0.###"))					
					=ROW()-5	=IF(OR(F399="",F399<=0,F399>LOOKUP(9.99999999999999E+307,$E$5:$E$120)),"",LOOKUP(F399-1,$E$5:$E$120,ROW($E$5:$E$120))+1)	=IF(G399="","",F399-INDEX($E:$E,G399-1))	=IF(G399="","",H399/INDEX($D:$D,G399))	=IF(G399="","",IF(INDEX($C:$C,G399)="C",0.5*(2*(INDEX($A:$A,G399-1))+(-(INDEX($A:$A,MAX(5,G399-2)))+(INDEX($A:$A,G399)))*I399+(2*(INDEX($A:$A,MAX(5,G399-2)))-5*(INDEX($A:$A,G399-1))+4*(INDEX($A:$A,G399))-(INDEX($A:$A,MIN(LOOKUP(2,1/((($A$5:$A$120<>"")+($B$5:$B$120<>""))>0),ROW($A$5:$A$120)),G399+1))))*I399^2+(-(INDEX($A:$A,MAX(5,G399-2)))+3*(INDEX($A:$A,G399-1))-3*(INDEX($A:$A,G399))+(INDEX($A:$A,MIN(LOOKUP(2,1/((($A$5:$A$120<>"")+($B$5:$B$120<>""))>0),ROW($A$5:$A$120)),G399+1))))*I399^3),INDEX($A:$A,G399-1)+(INDEX($A:$A,G399)-INDEX($A:$A,G399-1))*I399))	=IF(G399="","",IF(INDEX($C:$C,G399)="C",0.5*(2*(INDEX($B:$B,G399-1))+(-(INDEX($B:$B,MAX(5,G399-2)))+(INDEX($B:$B,G399)))*I399+(2*(INDEX($B:$B,MAX(5,G399-2)))-5*(INDEX($B:$B,G399-1))+4*(INDEX($B:$B,G399))-(INDEX($B:$B,MIN(LOOKUP(2,1/((($A$5:$A$120<>"")+($B$5:$B$120<>""))>0),ROW($A$5:$A$120)),G399+1))))*I399^2+(-(INDEX($B:$B,MAX(5,G399-2)))+3*(INDEX($B:$B,G399-1))-3*(INDEX($B:$B,G399))+(INDEX($B:$B,MIN(LOOKUP(2,1/((($A$5:$A$120<>"")+($B$5:$B$120<>""))>0),ROW($A$5:$A$120)),G399+1))))*I399^3),INDEX($B:$B,G399-1)+(INDEX($B:$B,G399)-INDEX($B:$B,G399-1))*I399))	=IF(J399="","",IF(AND(J398<>"",J400<>""),(J400-J398)/2,IF(J400<>"",J400-J399,IF(J398<>"",J399-J398,""))))	=IF(K399="","",IF(AND(K398<>"",K400<>""),(K400-K398)/2,IF(K400<>"",K400-K399,IF(K398<>"",K399-K398,""))))	=IF(L399="","",MOD(DEGREES(ATAN2(L399,M399)),360))	=IF(N399="","",N399+$S$2)	=IF(O399="","","G1 X"&TEXT(J399,"0.###")&" Y"&TEXT(K399,"0.###")&" Z"&TEXT(O399,"0.###"))					
					=ROW()-5	=IF(OR(F400="",F400<=0,F400>LOOKUP(9.99999999999999E+307,$E$5:$E$120)),"",LOOKUP(F400-1,$E$5:$E$120,ROW($E$5:$E$120))+1)	=IF(G400="","",F400-INDEX($E:$E,G400-1))	=IF(G400="","",H400/INDEX($D:$D,G400))	=IF(G400="","",IF(INDEX($C:$C,G400)="C",0.5*(2*(INDEX($A:$A,G400-1))+(-(INDEX($A:$A,MAX(5,G400-2)))+(INDEX($A:$A,G400)))*I400+(2*(INDEX($A:$A,MAX(5,G400-2)))-5*(INDEX($A:$A,G400-1))+4*(INDEX($A:$A,G400))-(INDEX($A:$A,MIN(LOOKUP(2,1/((($A$5:$A$120<>"")+($B$5:$B$120<>""))>0),ROW($A$5:$A$120)),G400+1))))*I400^2+(-(INDEX($A:$A,MAX(5,G400-2)))+3*(INDEX($A:$A,G400-1))-3*(INDEX($A:$A,G400))+(INDEX($A:$A,MIN(LOOKUP(2,1/((($A$5:$A$120<>"")+($B$5:$B$120<>""))>0),ROW($A$5:$A$120)),G400+1))))*I400^3),INDEX($A:$A,G400-1)+(INDEX($A:$A,G400)-INDEX($A:$A,G400-1))*I400))	=IF(G400="","",IF(INDEX($C:$C,G400)="C",0.5*(2*(INDEX($B:$B,G400-1))+(-(INDEX($B:$B,MAX(5,G400-2)))+(INDEX($B:$B,G400)))*I400+(2*(INDEX($B:$B,MAX(5,G400-2)))-5*(INDEX($B:$B,G400-1))+4*(INDEX($B:$B,G400))-(INDEX($B:$B,MIN(LOOKUP(2,1/((($A$5:$A$120<>"")+($B$5:$B$120<>""))>0),ROW($A$5:$A$120)),G400+1))))*I400^2+(-(INDEX($B:$B,MAX(5,G400-2)))+3*(INDEX($B:$B,G400-1))-3*(INDEX($B:$B,G400))+(INDEX($B:$B,MIN(LOOKUP(2,1/((($A$5:$A$120<>"")+($B$5:$B$120<>""))>0),ROW($A$5:$A$120)),G400+1))))*I400^3),INDEX($B:$B,G400-1)+(INDEX($B:$B,G400)-INDEX($B:$B,G400-1))*I400))	=IF(J400="","",IF(AND(J399<>"",J401<>""),(J401-J399)/2,IF(J401<>"",J401-J400,IF(J399<>"",J400-J399,""))))	=IF(K400="","",IF(AND(K399<>"",K401<>""),(K401-K399)/2,IF(K401<>"",K401-K400,IF(K399<>"",K400-K399,""))))	=IF(L400="","",MOD(DEGREES(ATAN2(L400,M400)),360))	=IF(N400="","",N400+$S$2)	=IF(O400="","","G1 X"&TEXT(J400,"0.###")&" Y"&TEXT(K400,"0.###")&" Z"&TEXT(O400,"0.###"))					
					=ROW()-5	=IF(OR(F401="",F401<=0,F401>LOOKUP(9.99999999999999E+307,$E$5:$E$120)),"",LOOKUP(F401-1,$E$5:$E$120,ROW($E$5:$E$120))+1)	=IF(G401="","",F401-INDEX($E:$E,G401-1))	=IF(G401="","",H401/INDEX($D:$D,G401))	=IF(G401="","",IF(INDEX($C:$C,G401)="C",0.5*(2*(INDEX($A:$A,G401-1))+(-(INDEX($A:$A,MAX(5,G401-2)))+(INDEX($A:$A,G401)))*I401+(2*(INDEX($A:$A,MAX(5,G401-2)))-5*(INDEX($A:$A,G401-1))+4*(INDEX($A:$A,G401))-(INDEX($A:$A,MIN(LOOKUP(2,1/((($A$5:$A$120<>"")+($B$5:$B$120<>""))>0),ROW($A$5:$A$120)),G401+1))))*I401^2+(-(INDEX($A:$A,MAX(5,G401-2)))+3*(INDEX($A:$A,G401-1))-3*(INDEX($A:$A,G401))+(INDEX($A:$A,MIN(LOOKUP(2,1/((($A$5:$A$120<>"")+($B$5:$B$120<>""))>0),ROW($A$5:$A$120)),G401+1))))*I401^3),INDEX($A:$A,G401-1)+(INDEX($A:$A,G401)-INDEX($A:$A,G401-1))*I401))	=IF(G401="","",IF(INDEX($C:$C,G401)="C",0.5*(2*(INDEX($B:$B,G401-1))+(-(INDEX($B:$B,MAX(5,G401-2)))+(INDEX($B:$B,G401)))*I401+(2*(INDEX($B:$B,MAX(5,G401-2)))-5*(INDEX($B:$B,G401-1))+4*(INDEX($B:$B,G401))-(INDEX($B:$B,MIN(LOOKUP(2,1/((($A$5:$A$120<>"")+($B$5:$B$120<>""))>0),ROW($A$5:$A$120)),G401+1))))*I401^2+(-(INDEX($B:$B,MAX(5,G401-2)))+3*(INDEX($B:$B,G401-1))-3*(INDEX($B:$B,G401))+(INDEX($B:$B,MIN(LOOKUP(2,1/((($A$5:$A$120<>"")+($B$5:$B$120<>""))>0),ROW($A$5:$A$120)),G401+1))))*I401^3),INDEX($B:$B,G401-1)+(INDEX($B:$B,G401)-INDEX($B:$B,G401-1))*I401))	=IF(J401="","",IF(AND(J400<>"",J402<>""),(J402-J400)/2,IF(J402<>"",J402-J401,IF(J400<>"",J401-J400,""))))	=IF(K401="","",IF(AND(K400<>"",K402<>""),(K402-K400)/2,IF(K402<>"",K402-K401,IF(K400<>"",K401-K400,""))))	=IF(L401="","",MOD(DEGREES(ATAN2(L401,M401)),360))	=IF(N401="","",N401+$S$2)	=IF(O401="","","G1 X"&TEXT(J401,"0.###")&" Y"&TEXT(K401,"0.###")&" Z"&TEXT(O401,"0.###"))					
					=ROW()-5	=IF(OR(F402="",F402<=0,F402>LOOKUP(9.99999999999999E+307,$E$5:$E$120)),"",LOOKUP(F402-1,$E$5:$E$120,ROW($E$5:$E$120))+1)	=IF(G402="","",F402-INDEX($E:$E,G402-1))	=IF(G402="","",H402/INDEX($D:$D,G402))	=IF(G402="","",IF(INDEX($C:$C,G402)="C",0.5*(2*(INDEX($A:$A,G402-1))+(-(INDEX($A:$A,MAX(5,G402-2)))+(INDEX($A:$A,G402)))*I402+(2*(INDEX($A:$A,MAX(5,G402-2)))-5*(INDEX($A:$A,G402-1))+4*(INDEX($A:$A,G402))-(INDEX($A:$A,MIN(LOOKUP(2,1/((($A$5:$A$120<>"")+($B$5:$B$120<>""))>0),ROW($A$5:$A$120)),G402+1))))*I402^2+(-(INDEX($A:$A,MAX(5,G402-2)))+3*(INDEX($A:$A,G402-1))-3*(INDEX($A:$A,G402))+(INDEX($A:$A,MIN(LOOKUP(2,1/((($A$5:$A$120<>"")+($B$5:$B$120<>""))>0),ROW($A$5:$A$120)),G402+1))))*I402^3),INDEX($A:$A,G402-1)+(INDEX($A:$A,G402)-INDEX($A:$A,G402-1))*I402))	=IF(G402="","",IF(INDEX($C:$C,G402)="C",0.5*(2*(INDEX($B:$B,G402-1))+(-(INDEX($B:$B,MAX(5,G402-2)))+(INDEX($B:$B,G402)))*I402+(2*(INDEX($B:$B,MAX(5,G402-2)))-5*(INDEX($B:$B,G402-1))+4*(INDEX($B:$B,G402))-(INDEX($B:$B,MIN(LOOKUP(2,1/((($A$5:$A$120<>"")+($B$5:$B$120<>""))>0),ROW($A$5:$A$120)),G402+1))))*I402^2+(-(INDEX($B:$B,MAX(5,G402-2)))+3*(INDEX($B:$B,G402-1))-3*(INDEX($B:$B,G402))+(INDEX($B:$B,MIN(LOOKUP(2,1/((($A$5:$A$120<>"")+($B$5:$B$120<>""))>0),ROW($A$5:$A$120)),G402+1))))*I402^3),INDEX($B:$B,G402-1)+(INDEX($B:$B,G402)-INDEX($B:$B,G402-1))*I402))	=IF(J402="","",IF(AND(J401<>"",J403<>""),(J403-J401)/2,IF(J403<>"",J403-J402,IF(J401<>"",J402-J401,""))))	=IF(K402="","",IF(AND(K401<>"",K403<>""),(K403-K401)/2,IF(K403<>"",K403-K402,IF(K401<>"",K402-K401,""))))	=IF(L402="","",MOD(DEGREES(ATAN2(L402,M402)),360))	=IF(N402="","",N402+$S$2)	=IF(O402="","","G1 X"&TEXT(J402,"0.###")&" Y"&TEXT(K402,"0.###")&" Z"&TEXT(O402,"0.###"))					
					=ROW()-5	=IF(OR(F403="",F403<=0,F403>LOOKUP(9.99999999999999E+307,$E$5:$E$120)),"",LOOKUP(F403-1,$E$5:$E$120,ROW($E$5:$E$120))+1)	=IF(G403="","",F403-INDEX($E:$E,G403-1))	=IF(G403="","",H403/INDEX($D:$D,G403))	=IF(G403="","",IF(INDEX($C:$C,G403)="C",0.5*(2*(INDEX($A:$A,G403-1))+(-(INDEX($A:$A,MAX(5,G403-2)))+(INDEX($A:$A,G403)))*I403+(2*(INDEX($A:$A,MAX(5,G403-2)))-5*(INDEX($A:$A,G403-1))+4*(INDEX($A:$A,G403))-(INDEX($A:$A,MIN(LOOKUP(2,1/((($A$5:$A$120<>"")+($B$5:$B$120<>""))>0),ROW($A$5:$A$120)),G403+1))))*I403^2+(-(INDEX($A:$A,MAX(5,G403-2)))+3*(INDEX($A:$A,G403-1))-3*(INDEX($A:$A,G403))+(INDEX($A:$A,MIN(LOOKUP(2,1/((($A$5:$A$120<>"")+($B$5:$B$120<>""))>0),ROW($A$5:$A$120)),G403+1))))*I403^3),INDEX($A:$A,G403-1)+(INDEX($A:$A,G403)-INDEX($A:$A,G403-1))*I403))	=IF(G403="","",IF(INDEX($C:$C,G403)="C",0.5*(2*(INDEX($B:$B,G403-1))+(-(INDEX($B:$B,MAX(5,G403-2)))+(INDEX($B:$B,G403)))*I403+(2*(INDEX($B:$B,MAX(5,G403-2)))-5*(INDEX($B:$B,G403-1))+4*(INDEX($B:$B,G403))-(INDEX($B:$B,MIN(LOOKUP(2,1/((($A$5:$A$120<>"")+($B$5:$B$120<>""))>0),ROW($A$5:$A$120)),G403+1))))*I403^2+(-(INDEX($B:$B,MAX(5,G403-2)))+3*(INDEX($B:$B,G403-1))-3*(INDEX($B:$B,G403))+(INDEX($B:$B,MIN(LOOKUP(2,1/((($A$5:$A$120<>"")+($B$5:$B$120<>""))>0),ROW($A$5:$A$120)),G403+1))))*I403^3),INDEX($B:$B,G403-1)+(INDEX($B:$B,G403)-INDEX($B:$B,G403-1))*I403))	=IF(J403="","",IF(AND(J402<>"",J404<>""),(J404-J402)/2,IF(J404<>"",J404-J403,IF(J402<>"",J403-J402,""))))	=IF(K403="","",IF(AND(K402<>"",K404<>""),(K404-K402)/2,IF(K404<>"",K404-K403,IF(K402<>"",K403-K402,""))))	=IF(L403="","",MOD(DEGREES(ATAN2(L403,M403)),360))	=IF(N403="","",N403+$S$2)	=IF(O403="","","G1 X"&TEXT(J403,"0.###")&" Y"&TEXT(K403,"0.###")&" Z"&TEXT(O403,"0.###"))					
					=ROW()-5	=IF(OR(F404="",F404<=0,F404>LOOKUP(9.99999999999999E+307,$E$5:$E$120)),"",LOOKUP(F404-1,$E$5:$E$120,ROW($E$5:$E$120))+1)	=IF(G404="","",F404-INDEX($E:$E,G404-1))	=IF(G404="","",H404/INDEX($D:$D,G404))	=IF(G404="","",IF(INDEX($C:$C,G404)="C",0.5*(2*(INDEX($A:$A,G404-1))+(-(INDEX($A:$A,MAX(5,G404-2)))+(INDEX($A:$A,G404)))*I404+(2*(INDEX($A:$A,MAX(5,G404-2)))-5*(INDEX($A:$A,G404-1))+4*(INDEX($A:$A,G404))-(INDEX($A:$A,MIN(LOOKUP(2,1/((($A$5:$A$120<>"")+($B$5:$B$120<>""))>0),ROW($A$5:$A$120)),G404+1))))*I404^2+(-(INDEX($A:$A,MAX(5,G404-2)))+3*(INDEX($A:$A,G404-1))-3*(INDEX($A:$A,G404))+(INDEX($A:$A,MIN(LOOKUP(2,1/((($A$5:$A$120<>"")+($B$5:$B$120<>""))>0),ROW($A$5:$A$120)),G404+1))))*I404^3),INDEX($A:$A,G404-1)+(INDEX($A:$A,G404)-INDEX($A:$A,G404-1))*I404))	=IF(G404="","",IF(INDEX($C:$C,G404)="C",0.5*(2*(INDEX($B:$B,G404-1))+(-(INDEX($B:$B,MAX(5,G404-2)))+(INDEX($B:$B,G404)))*I404+(2*(INDEX($B:$B,MAX(5,G404-2)))-5*(INDEX($B:$B,G404-1))+4*(INDEX($B:$B,G404))-(INDEX($B:$B,MIN(LOOKUP(2,1/((($A$5:$A$120<>"")+($B$5:$B$120<>""))>0),ROW($A$5:$A$120)),G404+1))))*I404^2+(-(INDEX($B:$B,MAX(5,G404-2)))+3*(INDEX($B:$B,G404-1))-3*(INDEX($B:$B,G404))+(INDEX($B:$B,MIN(LOOKUP(2,1/((($A$5:$A$120<>"")+($B$5:$B$120<>""))>0),ROW($A$5:$A$120)),G404+1))))*I404^3),INDEX($B:$B,G404-1)+(INDEX($B:$B,G404)-INDEX($B:$B,G404-1))*I404))	=IF(J404="","",IF(AND(J403<>"",J405<>""),(J405-J403)/2,IF(J405<>"",J405-J404,IF(J403<>"",J404-J403,""))))	=IF(K404="","",IF(AND(K403<>"",K405<>""),(K405-K403)/2,IF(K405<>"",K405-K404,IF(K403<>"",K404-K403,""))))	=IF(L404="","",MOD(DEGREES(ATAN2(L404,M404)),360))	=IF(N404="","",N404+$S$2)	=IF(O404="","","G1 X"&TEXT(J404,"0.###")&" Y"&TEXT(K404,"0.###")&" Z"&TEXT(O404,"0.###"))					
					=ROW()-5	=IF(OR(F405="",F405<=0,F405>LOOKUP(9.99999999999999E+307,$E$5:$E$120)),"",LOOKUP(F405-1,$E$5:$E$120,ROW($E$5:$E$120))+1)	=IF(G405="","",F405-INDEX($E:$E,G405-1))	=IF(G405="","",H405/INDEX($D:$D,G405))	=IF(G405="","",IF(INDEX($C:$C,G405)="C",0.5*(2*(INDEX($A:$A,G405-1))+(-(INDEX($A:$A,MAX(5,G405-2)))+(INDEX($A:$A,G405)))*I405+(2*(INDEX($A:$A,MAX(5,G405-2)))-5*(INDEX($A:$A,G405-1))+4*(INDEX($A:$A,G405))-(INDEX($A:$A,MIN(LOOKUP(2,1/((($A$5:$A$120<>"")+($B$5:$B$120<>""))>0),ROW($A$5:$A$120)),G405+1))))*I405^2+(-(INDEX($A:$A,MAX(5,G405-2)))+3*(INDEX($A:$A,G405-1))-3*(INDEX($A:$A,G405))+(INDEX($A:$A,MIN(LOOKUP(2,1/((($A$5:$A$120<>"")+($B$5:$B$120<>""))>0),ROW($A$5:$A$120)),G405+1))))*I405^3),INDEX($A:$A,G405-1)+(INDEX($A:$A,G405)-INDEX($A:$A,G405-1))*I405))	=IF(G405="","",IF(INDEX($C:$C,G405)="C",0.5*(2*(INDEX($B:$B,G405-1))+(-(INDEX($B:$B,MAX(5,G405-2)))+(INDEX($B:$B,G405)))*I405+(2*(INDEX($B:$B,MAX(5,G405-2)))-5*(INDEX($B:$B,G405-1))+4*(INDEX($B:$B,G405))-(INDEX($B:$B,MIN(LOOKUP(2,1/((($A$5:$A$120<>"")+($B$5:$B$120<>""))>0),ROW($A$5:$A$120)),G405+1))))*I405^2+(-(INDEX($B:$B,MAX(5,G405-2)))+3*(INDEX($B:$B,G405-1))-3*(INDEX($B:$B,G405))+(INDEX($B:$B,MIN(LOOKUP(2,1/((($A$5:$A$120<>"")+($B$5:$B$120<>""))>0),ROW($A$5:$A$120)),G405+1))))*I405^3),INDEX($B:$B,G405-1)+(INDEX($B:$B,G405)-INDEX($B:$B,G405-1))*I405))	=IF(J405="","",IF(AND(J404<>"",J406<>""),(J406-J404)/2,IF(J406<>"",J406-J405,IF(J404<>"",J405-J404,""))))	=IF(K405="","",IF(AND(K404<>"",K406<>""),(K406-K404)/2,IF(K406<>"",K406-K405,IF(K404<>"",K405-K404,""))))	=IF(L405="","",MOD(DEGREES(ATAN2(L405,M405)),360))	=IF(N405="","",N405+$S$2)	=IF(O405="","","G1 X"&TEXT(J405,"0.###")&" Y"&TEXT(K405,"0.###")&" Z"&TEXT(O405,"0.###"))					
					=ROW()-5	=IF(OR(F406="",F406<=0,F406>LOOKUP(9.99999999999999E+307,$E$5:$E$120)),"",LOOKUP(F406-1,$E$5:$E$120,ROW($E$5:$E$120))+1)	=IF(G406="","",F406-INDEX($E:$E,G406-1))	=IF(G406="","",H406/INDEX($D:$D,G406))	=IF(G406="","",IF(INDEX($C:$C,G406)="C",0.5*(2*(INDEX($A:$A,G406-1))+(-(INDEX($A:$A,MAX(5,G406-2)))+(INDEX($A:$A,G406)))*I406+(2*(INDEX($A:$A,MAX(5,G406-2)))-5*(INDEX($A:$A,G406-1))+4*(INDEX($A:$A,G406))-(INDEX($A:$A,MIN(LOOKUP(2,1/((($A$5:$A$120<>"")+($B$5:$B$120<>""))>0),ROW($A$5:$A$120)),G406+1))))*I406^2+(-(INDEX($A:$A,MAX(5,G406-2)))+3*(INDEX($A:$A,G406-1))-3*(INDEX($A:$A,G406))+(INDEX($A:$A,MIN(LOOKUP(2,1/((($A$5:$A$120<>"")+($B$5:$B$120<>""))>0),ROW($A$5:$A$120)),G406+1))))*I406^3),INDEX($A:$A,G406-1)+(INDEX($A:$A,G406)-INDEX($A:$A,G406-1))*I406))	=IF(G406="","",IF(INDEX($C:$C,G406)="C",0.5*(2*(INDEX($B:$B,G406-1))+(-(INDEX($B:$B,MAX(5,G406-2)))+(INDEX($B:$B,G406)))*I406+(2*(INDEX($B:$B,MAX(5,G406-2)))-5*(INDEX($B:$B,G406-1))+4*(INDEX($B:$B,G406))-(INDEX($B:$B,MIN(LOOKUP(2,1/((($A$5:$A$120<>"")+($B$5:$B$120<>""))>0),ROW($A$5:$A$120)),G406+1))))*I406^2+(-(INDEX($B:$B,MAX(5,G406-2)))+3*(INDEX($B:$B,G406-1))-3*(INDEX($B:$B,G406))+(INDEX($B:$B,MIN(LOOKUP(2,1/((($A$5:$A$120<>"")+($B$5:$B$120<>""))>0),ROW($A$5:$A$120)),G406+1))))*I406^3),INDEX($B:$B,G406-1)+(INDEX($B:$B,G406)-INDEX($B:$B,G406-1))*I406))	=IF(J406="","",IF(AND(J405<>"",J407<>""),(J407-J405)/2,IF(J407<>"",J407-J406,IF(J405<>"",J406-J405,""))))	=IF(K406="","",IF(AND(K405<>"",K407<>""),(K407-K405)/2,IF(K407<>"",K407-K406,IF(K405<>"",K406-K405,""))))	=IF(L406="","",MOD(DEGREES(ATAN2(L406,M406)),360))	=IF(N406="","",N406+$S$2)	=IF(O406="","","G1 X"&TEXT(J406,"0.###")&" Y"&TEXT(K406,"0.###")&" Z"&TEXT(O406,"0.###"))					
					=ROW()-5	=IF(OR(F407="",F407<=0,F407>LOOKUP(9.99999999999999E+307,$E$5:$E$120)),"",LOOKUP(F407-1,$E$5:$E$120,ROW($E$5:$E$120))+1)	=IF(G407="","",F407-INDEX($E:$E,G407-1))	=IF(G407="","",H407/INDEX($D:$D,G407))	=IF(G407="","",IF(INDEX($C:$C,G407)="C",0.5*(2*(INDEX($A:$A,G407-1))+(-(INDEX($A:$A,MAX(5,G407-2)))+(INDEX($A:$A,G407)))*I407+(2*(INDEX($A:$A,MAX(5,G407-2)))-5*(INDEX($A:$A,G407-1))+4*(INDEX($A:$A,G407))-(INDEX($A:$A,MIN(LOOKUP(2,1/((($A$5:$A$120<>"")+($B$5:$B$120<>""))>0),ROW($A$5:$A$120)),G407+1))))*I407^2+(-(INDEX($A:$A,MAX(5,G407-2)))+3*(INDEX($A:$A,G407-1))-3*(INDEX($A:$A,G407))+(INDEX($A:$A,MIN(LOOKUP(2,1/((($A$5:$A$120<>"")+($B$5:$B$120<>""))>0),ROW($A$5:$A$120)),G407+1))))*I407^3),INDEX($A:$A,G407-1)+(INDEX($A:$A,G407)-INDEX($A:$A,G407-1))*I407))	=IF(G407="","",IF(INDEX($C:$C,G407)="C",0.5*(2*(INDEX($B:$B,G407-1))+(-(INDEX($B:$B,MAX(5,G407-2)))+(INDEX($B:$B,G407)))*I407+(2*(INDEX($B:$B,MAX(5,G407-2)))-5*(INDEX($B:$B,G407-1))+4*(INDEX($B:$B,G407))-(INDEX($B:$B,MIN(LOOKUP(2,1/((($A$5:$A$120<>"")+($B$5:$B$120<>""))>0),ROW($A$5:$A$120)),G407+1))))*I407^2+(-(INDEX($B:$B,MAX(5,G407-2)))+3*(INDEX($B:$B,G407-1))-3*(INDEX($B:$B,G407))+(INDEX($B:$B,MIN(LOOKUP(2,1/((($A$5:$A$120<>"")+($B$5:$B$120<>""))>0),ROW($A$5:$A$120)),G407+1))))*I407^3),INDEX($B:$B,G407-1)+(INDEX($B:$B,G407)-INDEX($B:$B,G407-1))*I407))	=IF(J407="","",IF(AND(J406<>"",J408<>""),(J408-J406)/2,IF(J408<>"",J408-J407,IF(J406<>"",J407-J406,""))))	=IF(K407="","",IF(AND(K406<>"",K408<>""),(K408-K406)/2,IF(K408<>"",K408-K407,IF(K406<>"",K407-K406,""))))	=IF(L407="","",MOD(DEGREES(ATAN2(L407,M407)),360))	=IF(N407="","",N407+$S$2)	=IF(O407="","","G1 X"&TEXT(J407,"0.###")&" Y"&TEXT(K407,"0.###")&" Z"&TEXT(O407,"0.###"))					
					=ROW()-5	=IF(OR(F408="",F408<=0,F408>LOOKUP(9.99999999999999E+307,$E$5:$E$120)),"",LOOKUP(F408-1,$E$5:$E$120,ROW($E$5:$E$120))+1)	=IF(G408="","",F408-INDEX($E:$E,G408-1))	=IF(G408="","",H408/INDEX($D:$D,G408))	=IF(G408="","",IF(INDEX($C:$C,G408)="C",0.5*(2*(INDEX($A:$A,G408-1))+(-(INDEX($A:$A,MAX(5,G408-2)))+(INDEX($A:$A,G408)))*I408+(2*(INDEX($A:$A,MAX(5,G408-2)))-5*(INDEX($A:$A,G408-1))+4*(INDEX($A:$A,G408))-(INDEX($A:$A,MIN(LOOKUP(2,1/((($A$5:$A$120<>"")+($B$5:$B$120<>""))>0),ROW($A$5:$A$120)),G408+1))))*I408^2+(-(INDEX($A:$A,MAX(5,G408-2)))+3*(INDEX($A:$A,G408-1))-3*(INDEX($A:$A,G408))+(INDEX($A:$A,MIN(LOOKUP(2,1/((($A$5:$A$120<>"")+($B$5:$B$120<>""))>0),ROW($A$5:$A$120)),G408+1))))*I408^3),INDEX($A:$A,G408-1)+(INDEX($A:$A,G408)-INDEX($A:$A,G408-1))*I408))	=IF(G408="","",IF(INDEX($C:$C,G408)="C",0.5*(2*(INDEX($B:$B,G408-1))+(-(INDEX($B:$B,MAX(5,G408-2)))+(INDEX($B:$B,G408)))*I408+(2*(INDEX($B:$B,MAX(5,G408-2)))-5*(INDEX($B:$B,G408-1))+4*(INDEX($B:$B,G408))-(INDEX($B:$B,MIN(LOOKUP(2,1/((($A$5:$A$120<>"")+($B$5:$B$120<>""))>0),ROW($A$5:$A$120)),G408+1))))*I408^2+(-(INDEX($B:$B,MAX(5,G408-2)))+3*(INDEX($B:$B,G408-1))-3*(INDEX($B:$B,G408))+(INDEX($B:$B,MIN(LOOKUP(2,1/((($A$5:$A$120<>"")+($B$5:$B$120<>""))>0),ROW($A$5:$A$120)),G408+1))))*I408^3),INDEX($B:$B,G408-1)+(INDEX($B:$B,G408)-INDEX($B:$B,G408-1))*I408))	=IF(J408="","",IF(AND(J407<>"",J409<>""),(J409-J407)/2,IF(J409<>"",J409-J408,IF(J407<>"",J408-J407,""))))	=IF(K408="","",IF(AND(K407<>"",K409<>""),(K409-K407)/2,IF(K409<>"",K409-K408,IF(K407<>"",K408-K407,""))))	=IF(L408="","",MOD(DEGREES(ATAN2(L408,M408)),360))	=IF(N408="","",N408+$S$2)	=IF(O408="","","G1 X"&TEXT(J408,"0.###")&" Y"&TEXT(K408,"0.###")&" Z"&TEXT(O408,"0.###"))					
					=ROW()-5	=IF(OR(F409="",F409<=0,F409>LOOKUP(9.99999999999999E+307,$E$5:$E$120)),"",LOOKUP(F409-1,$E$5:$E$120,ROW($E$5:$E$120))+1)	=IF(G409="","",F409-INDEX($E:$E,G409-1))	=IF(G409="","",H409/INDEX($D:$D,G409))	=IF(G409="","",IF(INDEX($C:$C,G409)="C",0.5*(2*(INDEX($A:$A,G409-1))+(-(INDEX($A:$A,MAX(5,G409-2)))+(INDEX($A:$A,G409)))*I409+(2*(INDEX($A:$A,MAX(5,G409-2)))-5*(INDEX($A:$A,G409-1))+4*(INDEX($A:$A,G409))-(INDEX($A:$A,MIN(LOOKUP(2,1/((($A$5:$A$120<>"")+($B$5:$B$120<>""))>0),ROW($A$5:$A$120)),G409+1))))*I409^2+(-(INDEX($A:$A,MAX(5,G409-2)))+3*(INDEX($A:$A,G409-1))-3*(INDEX($A:$A,G409))+(INDEX($A:$A,MIN(LOOKUP(2,1/((($A$5:$A$120<>"")+($B$5:$B$120<>""))>0),ROW($A$5:$A$120)),G409+1))))*I409^3),INDEX($A:$A,G409-1)+(INDEX($A:$A,G409)-INDEX($A:$A,G409-1))*I409))	=IF(G409="","",IF(INDEX($C:$C,G409)="C",0.5*(2*(INDEX($B:$B,G409-1))+(-(INDEX($B:$B,MAX(5,G409-2)))+(INDEX($B:$B,G409)))*I409+(2*(INDEX($B:$B,MAX(5,G409-2)))-5*(INDEX($B:$B,G409-1))+4*(INDEX($B:$B,G409))-(INDEX($B:$B,MIN(LOOKUP(2,1/((($A$5:$A$120<>"")+($B$5:$B$120<>""))>0),ROW($A$5:$A$120)),G409+1))))*I409^2+(-(INDEX($B:$B,MAX(5,G409-2)))+3*(INDEX($B:$B,G409-1))-3*(INDEX($B:$B,G409))+(INDEX($B:$B,MIN(LOOKUP(2,1/((($A$5:$A$120<>"")+($B$5:$B$120<>""))>0),ROW($A$5:$A$120)),G409+1))))*I409^3),INDEX($B:$B,G409-1)+(INDEX($B:$B,G409)-INDEX($B:$B,G409-1))*I409))	=IF(J409="","",IF(AND(J408<>"",J410<>""),(J410-J408)/2,IF(J410<>"",J410-J409,IF(J408<>"",J409-J408,""))))	=IF(K409="","",IF(AND(K408<>"",K410<>""),(K410-K408)/2,IF(K410<>"",K410-K409,IF(K408<>"",K409-K408,""))))	=IF(L409="","",MOD(DEGREES(ATAN2(L409,M409)),360))	=IF(N409="","",N409+$S$2)	=IF(O409="","","G1 X"&TEXT(J409,"0.###")&" Y"&TEXT(K409,"0.###")&" Z"&TEXT(O409,"0.###"))					
					=ROW()-5	=IF(OR(F410="",F410<=0,F410>LOOKUP(9.99999999999999E+307,$E$5:$E$120)),"",LOOKUP(F410-1,$E$5:$E$120,ROW($E$5:$E$120))+1)	=IF(G410="","",F410-INDEX($E:$E,G410-1))	=IF(G410="","",H410/INDEX($D:$D,G410))	=IF(G410="","",IF(INDEX($C:$C,G410)="C",0.5*(2*(INDEX($A:$A,G410-1))+(-(INDEX($A:$A,MAX(5,G410-2)))+(INDEX($A:$A,G410)))*I410+(2*(INDEX($A:$A,MAX(5,G410-2)))-5*(INDEX($A:$A,G410-1))+4*(INDEX($A:$A,G410))-(INDEX($A:$A,MIN(LOOKUP(2,1/((($A$5:$A$120<>"")+($B$5:$B$120<>""))>0),ROW($A$5:$A$120)),G410+1))))*I410^2+(-(INDEX($A:$A,MAX(5,G410-2)))+3*(INDEX($A:$A,G410-1))-3*(INDEX($A:$A,G410))+(INDEX($A:$A,MIN(LOOKUP(2,1/((($A$5:$A$120<>"")+($B$5:$B$120<>""))>0),ROW($A$5:$A$120)),G410+1))))*I410^3),INDEX($A:$A,G410-1)+(INDEX($A:$A,G410)-INDEX($A:$A,G410-1))*I410))	=IF(G410="","",IF(INDEX($C:$C,G410)="C",0.5*(2*(INDEX($B:$B,G410-1))+(-(INDEX($B:$B,MAX(5,G410-2)))+(INDEX($B:$B,G410)))*I410+(2*(INDEX($B:$B,MAX(5,G410-2)))-5*(INDEX($B:$B,G410-1))+4*(INDEX($B:$B,G410))-(INDEX($B:$B,MIN(LOOKUP(2,1/((($A$5:$A$120<>"")+($B$5:$B$120<>""))>0),ROW($A$5:$A$120)),G410+1))))*I410^2+(-(INDEX($B:$B,MAX(5,G410-2)))+3*(INDEX($B:$B,G410-1))-3*(INDEX($B:$B,G410))+(INDEX($B:$B,MIN(LOOKUP(2,1/((($A$5:$A$120<>"")+($B$5:$B$120<>""))>0),ROW($A$5:$A$120)),G410+1))))*I410^3),INDEX($B:$B,G410-1)+(INDEX($B:$B,G410)-INDEX($B:$B,G410-1))*I410))	=IF(J410="","",IF(AND(J409<>"",J411<>""),(J411-J409)/2,IF(J411<>"",J411-J410,IF(J409<>"",J410-J409,""))))	=IF(K410="","",IF(AND(K409<>"",K411<>""),(K411-K409)/2,IF(K411<>"",K411-K410,IF(K409<>"",K410-K409,""))))	=IF(L410="","",MOD(DEGREES(ATAN2(L410,M410)),360))	=IF(N410="","",N410+$S$2)	=IF(O410="","","G1 X"&TEXT(J410,"0.###")&" Y"&TEXT(K410,"0.###")&" Z"&TEXT(O410,"0.###"))					
					=ROW()-5	=IF(OR(F411="",F411<=0,F411>LOOKUP(9.99999999999999E+307,$E$5:$E$120)),"",LOOKUP(F411-1,$E$5:$E$120,ROW($E$5:$E$120))+1)	=IF(G411="","",F411-INDEX($E:$E,G411-1))	=IF(G411="","",H411/INDEX($D:$D,G411))	=IF(G411="","",IF(INDEX($C:$C,G411)="C",0.5*(2*(INDEX($A:$A,G411-1))+(-(INDEX($A:$A,MAX(5,G411-2)))+(INDEX($A:$A,G411)))*I411+(2*(INDEX($A:$A,MAX(5,G411-2)))-5*(INDEX($A:$A,G411-1))+4*(INDEX($A:$A,G411))-(INDEX($A:$A,MIN(LOOKUP(2,1/((($A$5:$A$120<>"")+($B$5:$B$120<>""))>0),ROW($A$5:$A$120)),G411+1))))*I411^2+(-(INDEX($A:$A,MAX(5,G411-2)))+3*(INDEX($A:$A,G411-1))-3*(INDEX($A:$A,G411))+(INDEX($A:$A,MIN(LOOKUP(2,1/((($A$5:$A$120<>"")+($B$5:$B$120<>""))>0),ROW($A$5:$A$120)),G411+1))))*I411^3),INDEX($A:$A,G411-1)+(INDEX($A:$A,G411)-INDEX($A:$A,G411-1))*I411))	=IF(G411="","",IF(INDEX($C:$C,G411)="C",0.5*(2*(INDEX($B:$B,G411-1))+(-(INDEX($B:$B,MAX(5,G411-2)))+(INDEX($B:$B,G411)))*I411+(2*(INDEX($B:$B,MAX(5,G411-2)))-5*(INDEX($B:$B,G411-1))+4*(INDEX($B:$B,G411))-(INDEX($B:$B,MIN(LOOKUP(2,1/((($A$5:$A$120<>"")+($B$5:$B$120<>""))>0),ROW($A$5:$A$120)),G411+1))))*I411^2+(-(INDEX($B:$B,MAX(5,G411-2)))+3*(INDEX($B:$B,G411-1))-3*(INDEX($B:$B,G411))+(INDEX($B:$B,MIN(LOOKUP(2,1/((($A$5:$A$120<>"")+($B$5:$B$120<>""))>0),ROW($A$5:$A$120)),G411+1))))*I411^3),INDEX($B:$B,G411-1)+(INDEX($B:$B,G411)-INDEX($B:$B,G411-1))*I411))	=IF(J411="","",IF(AND(J410<>"",J412<>""),(J412-J410)/2,IF(J412<>"",J412-J411,IF(J410<>"",J411-J410,""))))	=IF(K411="","",IF(AND(K410<>"",K412<>""),(K412-K410)/2,IF(K412<>"",K412-K411,IF(K410<>"",K411-K410,""))))	=IF(L411="","",MOD(DEGREES(ATAN2(L411,M411)),360))	=IF(N411="","",N411+$S$2)	=IF(O411="","","G1 X"&TEXT(J411,"0.###")&" Y"&TEXT(K411,"0.###")&" Z"&TEXT(O411,"0.###"))					
					=ROW()-5	=IF(OR(F412="",F412<=0,F412>LOOKUP(9.99999999999999E+307,$E$5:$E$120)),"",LOOKUP(F412-1,$E$5:$E$120,ROW($E$5:$E$120))+1)	=IF(G412="","",F412-INDEX($E:$E,G412-1))	=IF(G412="","",H412/INDEX($D:$D,G412))	=IF(G412="","",IF(INDEX($C:$C,G412)="C",0.5*(2*(INDEX($A:$A,G412-1))+(-(INDEX($A:$A,MAX(5,G412-2)))+(INDEX($A:$A,G412)))*I412+(2*(INDEX($A:$A,MAX(5,G412-2)))-5*(INDEX($A:$A,G412-1))+4*(INDEX($A:$A,G412))-(INDEX($A:$A,MIN(LOOKUP(2,1/((($A$5:$A$120<>"")+($B$5:$B$120<>""))>0),ROW($A$5:$A$120)),G412+1))))*I412^2+(-(INDEX($A:$A,MAX(5,G412-2)))+3*(INDEX($A:$A,G412-1))-3*(INDEX($A:$A,G412))+(INDEX($A:$A,MIN(LOOKUP(2,1/((($A$5:$A$120<>"")+($B$5:$B$120<>""))>0),ROW($A$5:$A$120)),G412+1))))*I412^3),INDEX($A:$A,G412-1)+(INDEX($A:$A,G412)-INDEX($A:$A,G412-1))*I412))	=IF(G412="","",IF(INDEX($C:$C,G412)="C",0.5*(2*(INDEX($B:$B,G412-1))+(-(INDEX($B:$B,MAX(5,G412-2)))+(INDEX($B:$B,G412)))*I412+(2*(INDEX($B:$B,MAX(5,G412-2)))-5*(INDEX($B:$B,G412-1))+4*(INDEX($B:$B,G412))-(INDEX($B:$B,MIN(LOOKUP(2,1/((($A$5:$A$120<>"")+($B$5:$B$120<>""))>0),ROW($A$5:$A$120)),G412+1))))*I412^2+(-(INDEX($B:$B,MAX(5,G412-2)))+3*(INDEX($B:$B,G412-1))-3*(INDEX($B:$B,G412))+(INDEX($B:$B,MIN(LOOKUP(2,1/((($A$5:$A$120<>"")+($B$5:$B$120<>""))>0),ROW($A$5:$A$120)),G412+1))))*I412^3),INDEX($B:$B,G412-1)+(INDEX($B:$B,G412)-INDEX($B:$B,G412-1))*I412))	=IF(J412="","",IF(AND(J411<>"",J413<>""),(J413-J411)/2,IF(J413<>"",J413-J412,IF(J411<>"",J412-J411,""))))	=IF(K412="","",IF(AND(K411<>"",K413<>""),(K413-K411)/2,IF(K413<>"",K413-K412,IF(K411<>"",K412-K411,""))))	=IF(L412="","",MOD(DEGREES(ATAN2(L412,M412)),360))	=IF(N412="","",N412+$S$2)	=IF(O412="","","G1 X"&TEXT(J412,"0.###")&" Y"&TEXT(K412,"0.###")&" Z"&TEXT(O412,"0.###"))					
					=ROW()-5	=IF(OR(F413="",F413<=0,F413>LOOKUP(9.99999999999999E+307,$E$5:$E$120)),"",LOOKUP(F413-1,$E$5:$E$120,ROW($E$5:$E$120))+1)	=IF(G413="","",F413-INDEX($E:$E,G413-1))	=IF(G413="","",H413/INDEX($D:$D,G413))	=IF(G413="","",IF(INDEX($C:$C,G413)="C",0.5*(2*(INDEX($A:$A,G413-1))+(-(INDEX($A:$A,MAX(5,G413-2)))+(INDEX($A:$A,G413)))*I413+(2*(INDEX($A:$A,MAX(5,G413-2)))-5*(INDEX($A:$A,G413-1))+4*(INDEX($A:$A,G413))-(INDEX($A:$A,MIN(LOOKUP(2,1/((($A$5:$A$120<>"")+($B$5:$B$120<>""))>0),ROW($A$5:$A$120)),G413+1))))*I413^2+(-(INDEX($A:$A,MAX(5,G413-2)))+3*(INDEX($A:$A,G413-1))-3*(INDEX($A:$A,G413))+(INDEX($A:$A,MIN(LOOKUP(2,1/((($A$5:$A$120<>"")+($B$5:$B$120<>""))>0),ROW($A$5:$A$120)),G413+1))))*I413^3),INDEX($A:$A,G413-1)+(INDEX($A:$A,G413)-INDEX($A:$A,G413-1))*I413))	=IF(G413="","",IF(INDEX($C:$C,G413)="C",0.5*(2*(INDEX($B:$B,G413-1))+(-(INDEX($B:$B,MAX(5,G413-2)))+(INDEX($B:$B,G413)))*I413+(2*(INDEX($B:$B,MAX(5,G413-2)))-5*(INDEX($B:$B,G413-1))+4*(INDEX($B:$B,G413))-(INDEX($B:$B,MIN(LOOKUP(2,1/((($A$5:$A$120<>"")+($B$5:$B$120<>""))>0),ROW($A$5:$A$120)),G413+1))))*I413^2+(-(INDEX($B:$B,MAX(5,G413-2)))+3*(INDEX($B:$B,G413-1))-3*(INDEX($B:$B,G413))+(INDEX($B:$B,MIN(LOOKUP(2,1/((($A$5:$A$120<>"")+($B$5:$B$120<>""))>0),ROW($A$5:$A$120)),G413+1))))*I413^3),INDEX($B:$B,G413-1)+(INDEX($B:$B,G413)-INDEX($B:$B,G413-1))*I413))	=IF(J413="","",IF(AND(J412<>"",J414<>""),(J414-J412)/2,IF(J414<>"",J414-J413,IF(J412<>"",J413-J412,""))))	=IF(K413="","",IF(AND(K412<>"",K414<>""),(K414-K412)/2,IF(K414<>"",K414-K413,IF(K412<>"",K413-K412,""))))	=IF(L413="","",MOD(DEGREES(ATAN2(L413,M413)),360))	=IF(N413="","",N413+$S$2)	=IF(O413="","","G1 X"&TEXT(J413,"0.###")&" Y"&TEXT(K413,"0.###")&" Z"&TEXT(O413,"0.###"))					
					=ROW()-5	=IF(OR(F414="",F414<=0,F414>LOOKUP(9.99999999999999E+307,$E$5:$E$120)),"",LOOKUP(F414-1,$E$5:$E$120,ROW($E$5:$E$120))+1)	=IF(G414="","",F414-INDEX($E:$E,G414-1))	=IF(G414="","",H414/INDEX($D:$D,G414))	=IF(G414="","",IF(INDEX($C:$C,G414)="C",0.5*(2*(INDEX($A:$A,G414-1))+(-(INDEX($A:$A,MAX(5,G414-2)))+(INDEX($A:$A,G414)))*I414+(2*(INDEX($A:$A,MAX(5,G414-2)))-5*(INDEX($A:$A,G414-1))+4*(INDEX($A:$A,G414))-(INDEX($A:$A,MIN(LOOKUP(2,1/((($A$5:$A$120<>"")+($B$5:$B$120<>""))>0),ROW($A$5:$A$120)),G414+1))))*I414^2+(-(INDEX($A:$A,MAX(5,G414-2)))+3*(INDEX($A:$A,G414-1))-3*(INDEX($A:$A,G414))+(INDEX($A:$A,MIN(LOOKUP(2,1/((($A$5:$A$120<>"")+($B$5:$B$120<>""))>0),ROW($A$5:$A$120)),G414+1))))*I414^3),INDEX($A:$A,G414-1)+(INDEX($A:$A,G414)-INDEX($A:$A,G414-1))*I414))	=IF(G414="","",IF(INDEX($C:$C,G414)="C",0.5*(2*(INDEX($B:$B,G414-1))+(-(INDEX($B:$B,MAX(5,G414-2)))+(INDEX($B:$B,G414)))*I414+(2*(INDEX($B:$B,MAX(5,G414-2)))-5*(INDEX($B:$B,G414-1))+4*(INDEX($B:$B,G414))-(INDEX($B:$B,MIN(LOOKUP(2,1/((($A$5:$A$120<>"")+($B$5:$B$120<>""))>0),ROW($A$5:$A$120)),G414+1))))*I414^2+(-(INDEX($B:$B,MAX(5,G414-2)))+3*(INDEX($B:$B,G414-1))-3*(INDEX($B:$B,G414))+(INDEX($B:$B,MIN(LOOKUP(2,1/((($A$5:$A$120<>"")+($B$5:$B$120<>""))>0),ROW($A$5:$A$120)),G414+1))))*I414^3),INDEX($B:$B,G414-1)+(INDEX($B:$B,G414)-INDEX($B:$B,G414-1))*I414))	=IF(J414="","",IF(AND(J413<>"",J415<>""),(J415-J413)/2,IF(J415<>"",J415-J414,IF(J413<>"",J414-J413,""))))	=IF(K414="","",IF(AND(K413<>"",K415<>""),(K415-K413)/2,IF(K415<>"",K415-K414,IF(K413<>"",K414-K413,""))))	=IF(L414="","",MOD(DEGREES(ATAN2(L414,M414)),360))	=IF(N414="","",N414+$S$2)	=IF(O414="","","G1 X"&TEXT(J414,"0.###")&" Y"&TEXT(K414,"0.###")&" Z"&TEXT(O414,"0.###"))					
					=ROW()-5	=IF(OR(F415="",F415<=0,F415>LOOKUP(9.99999999999999E+307,$E$5:$E$120)),"",LOOKUP(F415-1,$E$5:$E$120,ROW($E$5:$E$120))+1)	=IF(G415="","",F415-INDEX($E:$E,G415-1))	=IF(G415="","",H415/INDEX($D:$D,G415))	=IF(G415="","",IF(INDEX($C:$C,G415)="C",0.5*(2*(INDEX($A:$A,G415-1))+(-(INDEX($A:$A,MAX(5,G415-2)))+(INDEX($A:$A,G415)))*I415+(2*(INDEX($A:$A,MAX(5,G415-2)))-5*(INDEX($A:$A,G415-1))+4*(INDEX($A:$A,G415))-(INDEX($A:$A,MIN(LOOKUP(2,1/((($A$5:$A$120<>"")+($B$5:$B$120<>""))>0),ROW($A$5:$A$120)),G415+1))))*I415^2+(-(INDEX($A:$A,MAX(5,G415-2)))+3*(INDEX($A:$A,G415-1))-3*(INDEX($A:$A,G415))+(INDEX($A:$A,MIN(LOOKUP(2,1/((($A$5:$A$120<>"")+($B$5:$B$120<>""))>0),ROW($A$5:$A$120)),G415+1))))*I415^3),INDEX($A:$A,G415-1)+(INDEX($A:$A,G415)-INDEX($A:$A,G415-1))*I415))	=IF(G415="","",IF(INDEX($C:$C,G415)="C",0.5*(2*(INDEX($B:$B,G415-1))+(-(INDEX($B:$B,MAX(5,G415-2)))+(INDEX($B:$B,G415)))*I415+(2*(INDEX($B:$B,MAX(5,G415-2)))-5*(INDEX($B:$B,G415-1))+4*(INDEX($B:$B,G415))-(INDEX($B:$B,MIN(LOOKUP(2,1/((($A$5:$A$120<>"")+($B$5:$B$120<>""))>0),ROW($A$5:$A$120)),G415+1))))*I415^2+(-(INDEX($B:$B,MAX(5,G415-2)))+3*(INDEX($B:$B,G415-1))-3*(INDEX($B:$B,G415))+(INDEX($B:$B,MIN(LOOKUP(2,1/((($A$5:$A$120<>"")+($B$5:$B$120<>""))>0),ROW($A$5:$A$120)),G415+1))))*I415^3),INDEX($B:$B,G415-1)+(INDEX($B:$B,G415)-INDEX($B:$B,G415-1))*I415))	=IF(J415="","",IF(AND(J414<>"",J416<>""),(J416-J414)/2,IF(J416<>"",J416-J415,IF(J414<>"",J415-J414,""))))	=IF(K415="","",IF(AND(K414<>"",K416<>""),(K416-K414)/2,IF(K416<>"",K416-K415,IF(K414<>"",K415-K414,""))))	=IF(L415="","",MOD(DEGREES(ATAN2(L415,M415)),360))	=IF(N415="","",N415+$S$2)	=IF(O415="","","G1 X"&TEXT(J415,"0.###")&" Y"&TEXT(K415,"0.###")&" Z"&TEXT(O415,"0.###"))					
					=ROW()-5	=IF(OR(F416="",F416<=0,F416>LOOKUP(9.99999999999999E+307,$E$5:$E$120)),"",LOOKUP(F416-1,$E$5:$E$120,ROW($E$5:$E$120))+1)	=IF(G416="","",F416-INDEX($E:$E,G416-1))	=IF(G416="","",H416/INDEX($D:$D,G416))	=IF(G416="","",IF(INDEX($C:$C,G416)="C",0.5*(2*(INDEX($A:$A,G416-1))+(-(INDEX($A:$A,MAX(5,G416-2)))+(INDEX($A:$A,G416)))*I416+(2*(INDEX($A:$A,MAX(5,G416-2)))-5*(INDEX($A:$A,G416-1))+4*(INDEX($A:$A,G416))-(INDEX($A:$A,MIN(LOOKUP(2,1/((($A$5:$A$120<>"")+($B$5:$B$120<>""))>0),ROW($A$5:$A$120)),G416+1))))*I416^2+(-(INDEX($A:$A,MAX(5,G416-2)))+3*(INDEX($A:$A,G416-1))-3*(INDEX($A:$A,G416))+(INDEX($A:$A,MIN(LOOKUP(2,1/((($A$5:$A$120<>"")+($B$5:$B$120<>""))>0),ROW($A$5:$A$120)),G416+1))))*I416^3),INDEX($A:$A,G416-1)+(INDEX($A:$A,G416)-INDEX($A:$A,G416-1))*I416))	=IF(G416="","",IF(INDEX($C:$C,G416)="C",0.5*(2*(INDEX($B:$B,G416-1))+(-(INDEX($B:$B,MAX(5,G416-2)))+(INDEX($B:$B,G416)))*I416+(2*(INDEX($B:$B,MAX(5,G416-2)))-5*(INDEX($B:$B,G416-1))+4*(INDEX($B:$B,G416))-(INDEX($B:$B,MIN(LOOKUP(2,1/((($A$5:$A$120<>"")+($B$5:$B$120<>""))>0),ROW($A$5:$A$120)),G416+1))))*I416^2+(-(INDEX($B:$B,MAX(5,G416-2)))+3*(INDEX($B:$B,G416-1))-3*(INDEX($B:$B,G416))+(INDEX($B:$B,MIN(LOOKUP(2,1/((($A$5:$A$120<>"")+($B$5:$B$120<>""))>0),ROW($A$5:$A$120)),G416+1))))*I416^3),INDEX($B:$B,G416-1)+(INDEX($B:$B,G416)-INDEX($B:$B,G416-1))*I416))	=IF(J416="","",IF(AND(J415<>"",J417<>""),(J417-J415)/2,IF(J417<>"",J417-J416,IF(J415<>"",J416-J415,""))))	=IF(K416="","",IF(AND(K415<>"",K417<>""),(K417-K415)/2,IF(K417<>"",K417-K416,IF(K415<>"",K416-K415,""))))	=IF(L416="","",MOD(DEGREES(ATAN2(L416,M416)),360))	=IF(N416="","",N416+$S$2)	=IF(O416="","","G1 X"&TEXT(J416,"0.###")&" Y"&TEXT(K416,"0.###")&" Z"&TEXT(O416,"0.###"))					
					=ROW()-5	=IF(OR(F417="",F417<=0,F417>LOOKUP(9.99999999999999E+307,$E$5:$E$120)),"",LOOKUP(F417-1,$E$5:$E$120,ROW($E$5:$E$120))+1)	=IF(G417="","",F417-INDEX($E:$E,G417-1))	=IF(G417="","",H417/INDEX($D:$D,G417))	=IF(G417="","",IF(INDEX($C:$C,G417)="C",0.5*(2*(INDEX($A:$A,G417-1))+(-(INDEX($A:$A,MAX(5,G417-2)))+(INDEX($A:$A,G417)))*I417+(2*(INDEX($A:$A,MAX(5,G417-2)))-5*(INDEX($A:$A,G417-1))+4*(INDEX($A:$A,G417))-(INDEX($A:$A,MIN(LOOKUP(2,1/((($A$5:$A$120<>"")+($B$5:$B$120<>""))>0),ROW($A$5:$A$120)),G417+1))))*I417^2+(-(INDEX($A:$A,MAX(5,G417-2)))+3*(INDEX($A:$A,G417-1))-3*(INDEX($A:$A,G417))+(INDEX($A:$A,MIN(LOOKUP(2,1/((($A$5:$A$120<>"")+($B$5:$B$120<>""))>0),ROW($A$5:$A$120)),G417+1))))*I417^3),INDEX($A:$A,G417-1)+(INDEX($A:$A,G417)-INDEX($A:$A,G417-1))*I417))	=IF(G417="","",IF(INDEX($C:$C,G417)="C",0.5*(2*(INDEX($B:$B,G417-1))+(-(INDEX($B:$B,MAX(5,G417-2)))+(INDEX($B:$B,G417)))*I417+(2*(INDEX($B:$B,MAX(5,G417-2)))-5*(INDEX($B:$B,G417-1))+4*(INDEX($B:$B,G417))-(INDEX($B:$B,MIN(LOOKUP(2,1/((($A$5:$A$120<>"")+($B$5:$B$120<>""))>0),ROW($A$5:$A$120)),G417+1))))*I417^2+(-(INDEX($B:$B,MAX(5,G417-2)))+3*(INDEX($B:$B,G417-1))-3*(INDEX($B:$B,G417))+(INDEX($B:$B,MIN(LOOKUP(2,1/((($A$5:$A$120<>"")+($B$5:$B$120<>""))>0),ROW($A$5:$A$120)),G417+1))))*I417^3),INDEX($B:$B,G417-1)+(INDEX($B:$B,G417)-INDEX($B:$B,G417-1))*I417))	=IF(J417="","",IF(AND(J416<>"",J418<>""),(J418-J416)/2,IF(J418<>"",J418-J417,IF(J416<>"",J417-J416,""))))	=IF(K417="","",IF(AND(K416<>"",K418<>""),(K418-K416)/2,IF(K418<>"",K418-K417,IF(K416<>"",K417-K416,""))))	=IF(L417="","",MOD(DEGREES(ATAN2(L417,M417)),360))	=IF(N417="","",N417+$S$2)	=IF(O417="","","G1 X"&TEXT(J417,"0.###")&" Y"&TEXT(K417,"0.###")&" Z"&TEXT(O417,"0.###"))					
					=ROW()-5	=IF(OR(F418="",F418<=0,F418>LOOKUP(9.99999999999999E+307,$E$5:$E$120)),"",LOOKUP(F418-1,$E$5:$E$120,ROW($E$5:$E$120))+1)	=IF(G418="","",F418-INDEX($E:$E,G418-1))	=IF(G418="","",H418/INDEX($D:$D,G418))	=IF(G418="","",IF(INDEX($C:$C,G418)="C",0.5*(2*(INDEX($A:$A,G418-1))+(-(INDEX($A:$A,MAX(5,G418-2)))+(INDEX($A:$A,G418)))*I418+(2*(INDEX($A:$A,MAX(5,G418-2)))-5*(INDEX($A:$A,G418-1))+4*(INDEX($A:$A,G418))-(INDEX($A:$A,MIN(LOOKUP(2,1/((($A$5:$A$120<>"")+($B$5:$B$120<>""))>0),ROW($A$5:$A$120)),G418+1))))*I418^2+(-(INDEX($A:$A,MAX(5,G418-2)))+3*(INDEX($A:$A,G418-1))-3*(INDEX($A:$A,G418))+(INDEX($A:$A,MIN(LOOKUP(2,1/((($A$5:$A$120<>"")+($B$5:$B$120<>""))>0),ROW($A$5:$A$120)),G418+1))))*I418^3),INDEX($A:$A,G418-1)+(INDEX($A:$A,G418)-INDEX($A:$A,G418-1))*I418))	=IF(G418="","",IF(INDEX($C:$C,G418)="C",0.5*(2*(INDEX($B:$B,G418-1))+(-(INDEX($B:$B,MAX(5,G418-2)))+(INDEX($B:$B,G418)))*I418+(2*(INDEX($B:$B,MAX(5,G418-2)))-5*(INDEX($B:$B,G418-1))+4*(INDEX($B:$B,G418))-(INDEX($B:$B,MIN(LOOKUP(2,1/((($A$5:$A$120<>"")+($B$5:$B$120<>""))>0),ROW($A$5:$A$120)),G418+1))))*I418^2+(-(INDEX($B:$B,MAX(5,G418-2)))+3*(INDEX($B:$B,G418-1))-3*(INDEX($B:$B,G418))+(INDEX($B:$B,MIN(LOOKUP(2,1/((($A$5:$A$120<>"")+($B$5:$B$120<>""))>0),ROW($A$5:$A$120)),G418+1))))*I418^3),INDEX($B:$B,G418-1)+(INDEX($B:$B,G418)-INDEX($B:$B,G418-1))*I418))	=IF(J418="","",IF(AND(J417<>"",J419<>""),(J419-J417)/2,IF(J419<>"",J419-J418,IF(J417<>"",J418-J417,""))))	=IF(K418="","",IF(AND(K417<>"",K419<>""),(K419-K417)/2,IF(K419<>"",K419-K418,IF(K417<>"",K418-K417,""))))	=IF(L418="","",MOD(DEGREES(ATAN2(L418,M418)),360))	=IF(N418="","",N418+$S$2)	=IF(O418="","","G1 X"&TEXT(J418,"0.###")&" Y"&TEXT(K418,"0.###")&" Z"&TEXT(O418,"0.###"))					
					=ROW()-5	=IF(OR(F419="",F419<=0,F419>LOOKUP(9.99999999999999E+307,$E$5:$E$120)),"",LOOKUP(F419-1,$E$5:$E$120,ROW($E$5:$E$120))+1)	=IF(G419="","",F419-INDEX($E:$E,G419-1))	=IF(G419="","",H419/INDEX($D:$D,G419))	=IF(G419="","",IF(INDEX($C:$C,G419)="C",0.5*(2*(INDEX($A:$A,G419-1))+(-(INDEX($A:$A,MAX(5,G419-2)))+(INDEX($A:$A,G419)))*I419+(2*(INDEX($A:$A,MAX(5,G419-2)))-5*(INDEX($A:$A,G419-1))+4*(INDEX($A:$A,G419))-(INDEX($A:$A,MIN(LOOKUP(2,1/((($A$5:$A$120<>"")+($B$5:$B$120<>""))>0),ROW($A$5:$A$120)),G419+1))))*I419^2+(-(INDEX($A:$A,MAX(5,G419-2)))+3*(INDEX($A:$A,G419-1))-3*(INDEX($A:$A,G419))+(INDEX($A:$A,MIN(LOOKUP(2,1/((($A$5:$A$120<>"")+($B$5:$B$120<>""))>0),ROW($A$5:$A$120)),G419+1))))*I419^3),INDEX($A:$A,G419-1)+(INDEX($A:$A,G419)-INDEX($A:$A,G419-1))*I419))	=IF(G419="","",IF(INDEX($C:$C,G419)="C",0.5*(2*(INDEX($B:$B,G419-1))+(-(INDEX($B:$B,MAX(5,G419-2)))+(INDEX($B:$B,G419)))*I419+(2*(INDEX($B:$B,MAX(5,G419-2)))-5*(INDEX($B:$B,G419-1))+4*(INDEX($B:$B,G419))-(INDEX($B:$B,MIN(LOOKUP(2,1/((($A$5:$A$120<>"")+($B$5:$B$120<>""))>0),ROW($A$5:$A$120)),G419+1))))*I419^2+(-(INDEX($B:$B,MAX(5,G419-2)))+3*(INDEX($B:$B,G419-1))-3*(INDEX($B:$B,G419))+(INDEX($B:$B,MIN(LOOKUP(2,1/((($A$5:$A$120<>"")+($B$5:$B$120<>""))>0),ROW($A$5:$A$120)),G419+1))))*I419^3),INDEX($B:$B,G419-1)+(INDEX($B:$B,G419)-INDEX($B:$B,G419-1))*I419))	=IF(J419="","",IF(AND(J418<>"",J420<>""),(J420-J418)/2,IF(J420<>"",J420-J419,IF(J418<>"",J419-J418,""))))	=IF(K419="","",IF(AND(K418<>"",K420<>""),(K420-K418)/2,IF(K420<>"",K420-K419,IF(K418<>"",K419-K418,""))))	=IF(L419="","",MOD(DEGREES(ATAN2(L419,M419)),360))	=IF(N419="","",N419+$S$2)	=IF(O419="","","G1 X"&TEXT(J419,"0.###")&" Y"&TEXT(K419,"0.###")&" Z"&TEXT(O419,"0.###"))					
					=ROW()-5	=IF(OR(F420="",F420<=0,F420>LOOKUP(9.99999999999999E+307,$E$5:$E$120)),"",LOOKUP(F420-1,$E$5:$E$120,ROW($E$5:$E$120))+1)	=IF(G420="","",F420-INDEX($E:$E,G420-1))	=IF(G420="","",H420/INDEX($D:$D,G420))	=IF(G420="","",IF(INDEX($C:$C,G420)="C",0.5*(2*(INDEX($A:$A,G420-1))+(-(INDEX($A:$A,MAX(5,G420-2)))+(INDEX($A:$A,G420)))*I420+(2*(INDEX($A:$A,MAX(5,G420-2)))-5*(INDEX($A:$A,G420-1))+4*(INDEX($A:$A,G420))-(INDEX($A:$A,MIN(LOOKUP(2,1/((($A$5:$A$120<>"")+($B$5:$B$120<>""))>0),ROW($A$5:$A$120)),G420+1))))*I420^2+(-(INDEX($A:$A,MAX(5,G420-2)))+3*(INDEX($A:$A,G420-1))-3*(INDEX($A:$A,G420))+(INDEX($A:$A,MIN(LOOKUP(2,1/((($A$5:$A$120<>"")+($B$5:$B$120<>""))>0),ROW($A$5:$A$120)),G420+1))))*I420^3),INDEX($A:$A,G420-1)+(INDEX($A:$A,G420)-INDEX($A:$A,G420-1))*I420))	=IF(G420="","",IF(INDEX($C:$C,G420)="C",0.5*(2*(INDEX($B:$B,G420-1))+(-(INDEX($B:$B,MAX(5,G420-2)))+(INDEX($B:$B,G420)))*I420+(2*(INDEX($B:$B,MAX(5,G420-2)))-5*(INDEX($B:$B,G420-1))+4*(INDEX($B:$B,G420))-(INDEX($B:$B,MIN(LOOKUP(2,1/((($A$5:$A$120<>"")+($B$5:$B$120<>""))>0),ROW($A$5:$A$120)),G420+1))))*I420^2+(-(INDEX($B:$B,MAX(5,G420-2)))+3*(INDEX($B:$B,G420-1))-3*(INDEX($B:$B,G420))+(INDEX($B:$B,MIN(LOOKUP(2,1/((($A$5:$A$120<>"")+($B$5:$B$120<>""))>0),ROW($A$5:$A$120)),G420+1))))*I420^3),INDEX($B:$B,G420-1)+(INDEX($B:$B,G420)-INDEX($B:$B,G420-1))*I420))	=IF(J420="","",IF(AND(J419<>"",J421<>""),(J421-J419)/2,IF(J421<>"",J421-J420,IF(J419<>"",J420-J419,""))))	=IF(K420="","",IF(AND(K419<>"",K421<>""),(K421-K419)/2,IF(K421<>"",K421-K420,IF(K419<>"",K420-K419,""))))	=IF(L420="","",MOD(DEGREES(ATAN2(L420,M420)),360))	=IF(N420="","",N420+$S$2)	=IF(O420="","","G1 X"&TEXT(J420,"0.###")&" Y"&TEXT(K420,"0.###")&" Z"&TEXT(O420,"0.###"))					
