Input_X,Input_Y,Path,SegCount,CumSeg,OutIdx,SrcRow,SegIdx,OutX,OutY,BaseZ_Deg,Z_Deg_Offset,GCODE,,,,Z_OFFSET_DEG,0
,,,,,,,,,,,,,,,CURVE_SEGMENTS,20
,,,,,,,,,,,,,,,,
Input_X,Input_Y,Path,SegCount,CumSeg,OutIdx,SrcRow,SegIdx,OutX,OutY,BaseZ_Deg,Z_Deg_Offset,GCODE
0,0,,0,0,=(ROW()-4),"=IF(F5>LOOKUP(9E+307,$E$5:$E$120),"""",LOOKUP(F5-1,$E$5:$E$120,ROW($E$5:$E$120))+1)","=IF(G5="""","""",F5-INDEX($E:$E,G5-1))","=IF(G5="""","""",INDEX($A:$A,G5-1)+(INDEX($A:$A,G5)-INDEX($A:$A,G5-1))*H5/INDEX($D:$D,G5))","=IF(G5="""","""",INDEX($B:$B,G5-1)+(INDEX($B:$B,G5)-INDEX($B:$B,G5-1))*H5/INDEX($D:$D,G5))","=IF(G5="""","""",MOD(DEGREES(ATAN2(INDEX($A:$A,G5)-INDEX($A:$A,G5-1),INDEX($B:$B,G5)-INDEX($B:$B,G5-1))),360))","=IF(K5="""","""",K5+$Q$1)","=IF(L5="""","""",""G1 X""&TEXT(I5,""0.###"")&"" Y""&TEXT(J5,""0.###"")&"" Z""&TEXT(L5,""0.###""))"
20,0,S,"=IF(C6=""C"",$Q$2,IF(C6=""S"",1,0))","=E5+D6",=(ROW()-4),"=IF(F6>LOOKUP(9E+307,$E$5:$E$120),"""",LOOKUP(F6-1,$E$5:$E$120,ROW($E$5:$E$120))+1)","=IF(G6="""","""",F6-INDEX($E:$E,G6-1))","=IF(G6="""","""",INDEX($A:$A,G6-1)+(INDEX($A:$A,G6)-INDEX($A:$A,G6-1))*H6/INDEX($D:$D,G6))","=IF(G6="""","""",INDEX($B:$B,G6-1)+(INDEX($B:$B,G6)-INDEX($B:$B,G6-1))*H6/INDEX($D:$D,G6))","=IF(G6="""","""",MOD(DEGREES(ATAN2(INDEX($A:$A,G6)-INDEX($A:$A,G6-1),INDEX($B:$B,G6)-INDEX($B:$B,G6-1))),360))","=IF(K6="""","""",K6+$Q$1)","=IF(L6="""","""",""G1 X""&TEXT(I6,""0.###"")&"" Y""&TEXT(J6,""0.###"")&"" Z""&TEXT(L6,""0.###""))"
40,20,C,"=IF(C7=""C"",$Q$2,IF(C7=""S"",1,0))","=E6+D7",=(ROW()-4),"=IF(F7>LOOKUP(9E+307,$E$5:$E$120),"""",LOOKUP(F7-1,$E$5:$E$120,ROW($E$5:$E$120))+1)","=IF(G7="""","""",F7-INDEX($E:$E,G7-1))","=IF(G7="""","""",INDEX($A:$A,G7-1)+(INDEX($A:$A,G7)-INDEX($A:$A,G7-1))*H7/INDEX($D:$D,G7))","=IF(G7="""","""",INDEX($B:$B,G7-1)+(INDEX($B:$B,G7)-INDEX($B:$B,G7-1))*H7/INDEX($D:$D,G7))","=IF(G7="""","""",MOD(DEGREES(ATAN2(INDEX($A:$A,G7)-INDEX($A:$A,G7-1),INDEX($B:$B,G7)-INDEX($B:$B,G7-1))),360))","=IF(K7="""","""",K7+$Q$1)","=IF(L7="""","""",""G1 X""&TEXT(I7,""0.###"")&"" Y""&TEXT(J7,""0.###"")&"" Z""&TEXT(L7,""0.###""))"
60,20,S,"=IF(C8=""C"",$Q$2,IF(C8=""S"",1,0))","=E7+D8",=(ROW()-4),"=IF(F8>LOOKUP(9E+307,$E$5:$E$120),"""",LOOKUP(F8-1,$E$5:$E$120,ROW($E$5:$E$120))+1)","=IF(G8="""","""",F8-INDEX($E:$E,G8-1))","=IF(G8="""","""",INDEX($A:$A,G8-1)+(INDEX($A:$A,G8)-INDEX($A:$A,G8-1))*H8/INDEX($D:$D,G8))","=IF(G8="""","""",INDEX($B:$B,G8-1)+(INDEX($B:$B,G8)-INDEX($B:$B,G8-1))*H8/INDEX($D:$D,G8))","=IF(G8="""","""",MOD(DEGREES(ATAN2(INDEX($A:$A,G8)-INDEX($A:$A,G8-1),INDEX($B:$B,G8)-INDEX($B:$B,G8-1))),360))","=IF(K8="""","""",K8+$Q$1)","=IF(L8="""","""",""G1 X""&TEXT(I8,""0.###"")&"" Y""&TEXT(J8,""0.###"")&"" Z""&TEXT(L8,""0.###""))"
,,,"=IF(C9=""C"",$Q$2,IF(C9=""S"",1,0))","=E8+D9",=(ROW()-4),"=IF(F9>LOOKUP(9E+307,$E$5:$E$120),"""",LOOKUP(F9-1,$E$5:$E$120,ROW($E$5:$E$120))+1)","=IF(G9="""","""",F9-INDEX($E:$E,G9-1))","=IF(G9="""","""",INDEX($A:$A,G9-1)+(INDEX($A:$A,G9)-INDEX($A:$A,G9-1))*H9/INDEX($D:$D,G9))","=IF(G9="""","""",INDEX($B:$B,G9-1)+(INDEX($B:$B,G9)-INDEX($B:$B,G9-1))*H9/INDEX($D:$D,G9))","=IF(G9="""","""",MOD(DEGREES(ATAN2(INDEX($A:$A,G9)-INDEX($A:$A,G9-1),INDEX($B:$B,G9)-INDEX($B:$B,G9-1))),360))","=IF(K9="""","""",K9+$Q$1)","=IF(L9="""","""",""G1 X""&TEXT(I9,""0.###"")&"" Y""&TEXT(J9,""0.###"")&"" Z""&TEXT(L9,""0.###""))"
,,,"=IF(C10=""C"",$Q$2,IF(C10=""S"",1,0))","=E9+D10",=(ROW()-4),"=IF(F10>LOOKUP(9E+307,$E$5:$E$120),"""",LOOKUP(F10-1,$E$5:$E$120,ROW($E$5:$E$120))+1)","=IF(G10="""","""",F10-INDEX($E:$E,G10-1))","=IF(G10="""","""",INDEX($A:$A,G10-1)+(INDEX($A:$A,G10)-INDEX($A:$A,G10-1))*H10/INDEX($D:$D,G10))","=IF(G10="""","""",INDEX($B:$B,G10-1)+(INDEX($B:$B,G10)-INDEX($B:$B,G10-1))*H10/INDEX($D:$D,G10))","=IF(G10="""","""",MOD(DEGREES(ATAN2(INDEX($A:$A,G10)-INDEX($A:$A,G10-1),INDEX($B:$B,G10)-INDEX($B:$B,G10-1))),360))","=IF(K10="""","""",K10+$Q$1)","=IF(L10="""","""",""G1 X""&TEXT(I10,""0.###"")&"" Y""&TEXT(J10,""0.###"")&"" Z""&TEXT(L10,""0.###""))"
,,,"=IF(C11=""C"",$Q$2,IF(C11=""S"",1,0))","=E10+D11",=(ROW()-4),"=IF(F11>LOOKUP(9E+307,$E$5:$E$120),"""",LOOKUP(F11-1,$E$5:$E$120,ROW($E$5:$E$120))+1)","=IF(G11="""","""",F11-INDEX($E:$E,G11-1))","=IF(G11="""","""",INDEX($A:$A,G11-1)+(INDEX($A:$A,G11)-INDEX($A:$A,G11-1))*H11/INDEX($D:$D,G11))","=IF(G11="""","""",INDEX($B:$B,G11-1)+(INDEX($B:$B,G11)-INDEX($B:$B,G11-1))*H11/INDEX($D:$D,G11))","=IF(G11="""","""",MOD(DEGREES(ATAN2(INDEX($A:$A,G11)-INDEX($A:$A,G11-1),INDEX($B:$B,G11)-INDEX($B:$B,G11-1))),360))","=IF(K11="""","""",K11+$Q$1)","=IF(L11="""","""",""G1 X""&TEXT(I11,""0.###"")&"" Y""&TEXT(J11,""0.###"")&"" Z""&TEXT(L11,""0.###""))"
,,,"=IF(C12=""C"",$Q$2,IF(C12=""S"",1,0))","=E11+D12",=(ROW()-4),"=IF(F12>LOOKUP(9E+307,$E$5:$E$120),"""",LOOKUP(F12-1,$E$5:$E$120,ROW($E$5:$E$120))+1)","=IF(G12="""","""",F12-INDEX($E:$E,G12-1))","=IF(G12="""","""",INDEX($A:$A,G12-1)+(INDEX($A:$A,G12)-INDEX($A:$A,G12-1))*H12/INDEX($D:$D,G12))","=IF(G12="""","""",INDEX($B:$B,G12-1)+(INDEX($B:$B,G12)-INDEX($B:$B,G12-1))*H12/INDEX($D:$D,G12))","=IF(G12="""","""",MOD(DEGREES(ATAN2(INDEX($A:$A,G12)-INDEX($A:$A,G12-1),INDEX($B:$B,G12)-INDEX($B:$B,G12-1))),360))","=IF(K12="""","""",K12+$Q$1)","=IF(L12="""","""",""G1 X""&TEXT(I12,""0.###"")&"" Y""&TEXT(J12,""0.###"")&"" Z""&TEXT(L12,""0.###""))"
,,,"=IF(C13=""C"",$Q$2,IF(C13=""S"",1,0))","=E12+D13",=(ROW()-4),"=IF(F13>LOOKUP(9E+307,$E$5:$E$120),"""",LOOKUP(F13-1,$E$5:$E$120,ROW($E$5:$E$120))+1)","=IF(G13="""","""",F13-INDEX($E:$E,G13-1))","=IF(G13="""","""",INDEX($A:$A,G13-1)+(INDEX($A:$A,G13)-INDEX($A:$A,G13-1))*H13/INDEX($D:$D,G13))","=IF(G13="""","""",INDEX($B:$B,G13-1)+(INDEX($B:$B,G13)-INDEX($B:$B,G13-1))*H13/INDEX($D:$D,G13))","=IF(G13="""","""",MOD(DEGREES(ATAN2(INDEX($A:$A,G13)-INDEX($A:$A,G13-1),INDEX($B:$B,G13)-INDEX($B:$B,G13-1))),360))","=IF(K13="""","""",K13+$Q$1)","=IF(L13="""","""",""G1 X""&TEXT(I13,""0.###"")&"" Y""&TEXT(J13,""0.###"")&"" Z""&TEXT(L13,""0.###""))"
,,,"=IF(C14=""C"",$Q$2,IF(C14=""S"",1,0))","=E13+D14",=(ROW()-4),"=IF(F14>LOOKUP(9E+307,$E$5:$E$120),"""",LOOKUP(F14-1,$E$5:$E$120,ROW($E$5:$E$120))+1)","=IF(G14="""","""",F14-INDEX($E:$E,G14-1))","=IF(G14="""","""",INDEX($A:$A,G14-1)+(INDEX($A:$A,G14)-INDEX($A:$A,G14-1))*H14/INDEX($D:$D,G14))","=IF(G14="""","""",INDEX($B:$B,G14-1)+(INDEX($B:$B,G14)-INDEX($B:$B,G14-1))*H14/INDEX($D:$D,G14))","=IF(G14="""","""",MOD(DEGREES(ATAN2(INDEX($A:$A,G14)-INDEX($A:$A,G14-1),INDEX($B:$B,G14)-INDEX($B:$B,G14-1))),360))","=IF(K14="""","""",K14+$Q$1)","=IF(L14="""","""",""G1 X""&TEXT(I14,""0.###"")&"" Y""&TEXT(J14,""0.###"")&"" Z""&TEXT(L14,""0.###""))"
,,,"=IF(C15=""C"",$Q$2,IF(C15=""S"",1,0))","=E14+D15",=(ROW()-4),"=IF(F15>LOOKUP(9E+307,$E$5:$E$120),"""",LOOKUP(F15-1,$E$5:$E$120,ROW($E$5:$E$120))+1)","=IF(G15="""","""",F15-INDEX($E:$E,G15-1))","=IF(G15="""","""",INDEX($A:$A,G15-1)+(INDEX($A:$A,G15)-INDEX($A:$A,G15-1))*H15/INDEX($D:$D,G15))","=IF(G15="""","""",INDEX($B:$B,G15-1)+(INDEX($B:$B,G15)-INDEX($B:$B,G15-1))*H15/INDEX($D:$D,G15))","=IF(G15="""","""",MOD(DEGREES(ATAN2(INDEX($A:$A,G15)-INDEX($A:$A,G15-1),INDEX($B:$B,G15)-INDEX($B:$B,G15-1))),360))","=IF(K15="""","""",K15+$Q$1)","=IF(L15="""","""",""G1 X""&TEXT(I15,""0.###"")&"" Y""&TEXT(J15,""0.###"")&"" Z""&TEXT(L15,""0.###""))"
,,,"=IF(C16=""C"",$Q$2,IF(C16=""S"",1,0))","=E15+D16",=(ROW()-4),"=IF(F16>LOOKUP(9E+307,$E$5:$E$120),"""",LOOKUP(F16-1,$E$5:$E$120,ROW($E$5:$E$120))+1)","=IF(G16="""","""",F16-INDEX($E:$E,G16-1))","=IF(G16="""","""",INDEX($A:$A,G16-1)+(INDEX($A:$A,G16)-INDEX($A:$A,G16-1))*H16/INDEX($D:$D,G16))","=IF(G16="""","""",INDEX($B:$B,G16-1)+(INDEX($B:$B,G16)-INDEX($B:$B,G16-1))*H16/INDEX($D:$D,G16))","=IF(G16="""","""",MOD(DEGREES(ATAN2(INDEX($A:$A,G16)-INDEX($A:$A,G16-1),INDEX($B:$B,G16)-INDEX($B:$B,G16-1))),360))","=IF(K16="""","""",K16+$Q$1)","=IF(L16="""","""",""G1 X""&TEXT(I16,""0.###"")&"" Y""&TEXT(J16,""0.###"")&"" Z""&TEXT(L16,""0.###""))"
,,,"=IF(C17=""C"",$Q$2,IF(C17=""S"",1,0))","=E16+D17",=(ROW()-4),"=IF(F17>LOOKUP(9E+307,$E$5:$E$120),"""",LOOKUP(F17-1,$E$5:$E$120,ROW($E$5:$E$120))+1)","=IF(G17="""","""",F17-INDEX($E:$E,G17-1))","=IF(G17="""","""",INDEX($A:$A,G17-1)+(INDEX($A:$A,G17)-INDEX($A:$A,G17-1))*H17/INDEX($D:$D,G17))","=IF(G17="""","""",INDEX($B:$B,G17-1)+(INDEX($B:$B,G17)-INDEX($B:$B,G17-1))*H17/INDEX($D:$D,G17))","=IF(G17="""","""",MOD(DEGREES(ATAN2(INDEX($A:$A,G17)-INDEX($A:$A,G17-1),INDEX($B:$B,G17)-INDEX($B:$B,G17-1))),360))","=IF(K17="""","""",K17+$Q$1)","=IF(L17="""","""",""G1 X""&TEXT(I17,""0.###"")&"" Y""&TEXT(J17,""0.###"")&"" Z""&TEXT(L17,""0.###""))"
,,,"=IF(C18=""C"",$Q$2,IF(C18=""S"",1,0))","=E17+D18",=(ROW()-4),"=IF(F18>LOOKUP(9E+307,$E$5:$E$120),"""",LOOKUP(F18-1,$E$5:$E$120,ROW($E$5:$E$120))+1)","=IF(G18="""","""",F18-INDEX($E:$E,G18-1))","=IF(G18="""","""",INDEX($A:$A,G18-1)+(INDEX($A:$A,G18)-INDEX($A:$A,G18-1))*H18/INDEX($D:$D,G18))","=IF(G18="""","""",INDEX($B:$B,G18-1)+(INDEX($B:$B,G18)-INDEX($B:$B,G18-1))*H18/INDEX($D:$D,G18))","=IF(G18="""","""",MOD(DEGREES(ATAN2(INDEX($A:$A,G18)-INDEX($A:$A,G18-1),INDEX($B:$B,G18)-INDEX($B:$B,G18-1))),360))","=IF(K18="""","""",K18+$Q$1)","=IF(L18="""","""",""G1 X""&TEXT(I18,""0.###"")&"" Y""&TEXT(J18,""0.###"")&"" Z""&TEXT(L18,""0.###""))"
,,,"=IF(C19=""C"",$Q$2,IF(C19=""S"",1,0))","=E18+D19",=(ROW()-4),"=IF(F19>LOOKUP(9E+307,$E$5:$E$120),"""",LOOKUP(F19-1,$E$5:$E$120,ROW($E$5:$E$120))+1)","=IF(G19="""","""",F19-INDEX($E:$E,G19-1))","=IF(G19="""","""",INDEX($A:$A,G19-1)+(INDEX($A:$A,G19)-INDEX($A:$A,G19-1))*H19/INDEX($D:$D,G19))","=IF(G19="""","""",INDEX($B:$B,G19-1)+(INDEX($B:$B,G19)-INDEX($B:$B,G19-1))*H19/INDEX($D:$D,G19))","=IF(G19="""","""",MOD(DEGREES(ATAN2(INDEX($A:$A,G19)-INDEX($A:$A,G19-1),INDEX($B:$B,G19)-INDEX($B:$B,G19-1))),360))","=IF(K19="""","""",K19+$Q$1)","=IF(L19="""","""",""G1 X""&TEXT(I19,""0.###"")&"" Y""&TEXT(J19,""0.###"")&"" Z""&TEXT(L19,""0.###""))"
,,,"=IF(C20=""C"",$Q$2,IF(C20=""S"",1,0))","=E19+D20",=(ROW()-4),"=IF(F20>LOOKUP(9E+307,$E$5:$E$120),"""",LOOKUP(F20-1,$E$5:$E$120,ROW($E$5:$E$120))+1)","=IF(G20="""","""",F20-INDEX($E:$E,G20-1))","=IF(G20="""","""",INDEX($A:$A,G20-1)+(INDEX($A:$A,G20)-INDEX($A:$A,G20-1))*H20/INDEX($D:$D,G20))","=IF(G20="""","""",INDEX($B:$B,G20-1)+(INDEX($B:$B,G20)-INDEX($B:$B,G20-1))*H20/INDEX($D:$D,G20))","=IF(G20="""","""",MOD(DEGREES(ATAN2(INDEX($A:$A,G20)-INDEX($A:$A,G20-1),INDEX($B:$B,G20)-INDEX($B:$B,G20-1))),360))","=IF(K20="""","""",K20+$Q$1)","=IF(L20="""","""",""G1 X""&TEXT(I20,""0.###"")&"" Y""&TEXT(J20,""0.###"")&"" Z""&TEXT(L20,""0.###""))"
,,,"=IF(C21=""C"",$Q$2,IF(C21=""S"",1,0))","=E20+D21",=(ROW()-4),"=IF(F21>LOOKUP(9E+307,$E$5:$E$120),"""",LOOKUP(F21-1,$E$5:$E$120,ROW($E$5:$E$120))+1)","=IF(G21="""","""",F21-INDEX($E:$E,G21-1))","=IF(G21="""","""",INDEX($A:$A,G21-1)+(INDEX($A:$A,G21)-INDEX($A:$A,G21-1))*H21/INDEX($D:$D,G21))","=IF(G21="""","""",INDEX($B:$B,G21-1)+(INDEX($B:$B,G21)-INDEX($B:$B,G21-1))*H21/INDEX($D:$D,G21))","=IF(G21="""","""",MOD(DEGREES(ATAN2(INDEX($A:$A,G21)-INDEX($A:$A,G21-1),INDEX($B:$B,G21)-INDEX($B:$B,G21-1))),360))","=IF(K21="""","""",K21+$Q$1)","=IF(L21="""","""",""G1 X""&TEXT(I21,""0.###"")&"" Y""&TEXT(J21,""0.###"")&"" Z""&TEXT(L21,""0.###""))"
,,,"=IF(C22=""C"",$Q$2,IF(C22=""S"",1,0))","=E21+D22",=(ROW()-4),"=IF(F22>LOOKUP(9E+307,$E$5:$E$120),"""",LOOKUP(F22-1,$E$5:$E$120,ROW($E$5:$E$120))+1)","=IF(G22="""","""",F22-INDEX($E:$E,G22-1))","=IF(G22="""","""",INDEX($A:$A,G22-1)+(INDEX($A:$A,G22)-INDEX($A:$A,G22-1))*H22/INDEX($D:$D,G22))","=IF(G22="""","""",INDEX($B:$B,G22-1)+(INDEX($B:$B,G22)-INDEX($B:$B,G22-1))*H22/INDEX($D:$D,G22))","=IF(G22="""","""",MOD(DEGREES(ATAN2(INDEX($A:$A,G22)-INDEX($A:$A,G22-1),INDEX($B:$B,G22)-INDEX($B:$B,G22-1))),360))","=IF(K22="""","""",K22+$Q$1)","=IF(L22="""","""",""G1 X""&TEXT(I22,""0.###"")&"" Y""&TEXT(J22,""0.###"")&"" Z""&TEXT(L22,""0.###""))"
,,,"=IF(C23=""C"",$Q$2,IF(C23=""S"",1,0))","=E22+D23",=(ROW()-4),"=IF(F23>LOOKUP(9E+307,$E$5:$E$120),"""",LOOKUP(F23-1,$E$5:$E$120,ROW($E$5:$E$120))+1)","=IF(G23="""","""",F23-INDEX($E:$E,G23-1))","=IF(G23="""","""",INDEX($A:$A,G23-1)+(INDEX($A:$A,G23)-INDEX($A:$A,G23-1))*H23/INDEX($D:$D,G23))","=IF(G23="""","""",INDEX($B:$B,G23-1)+(INDEX($B:$B,G23)-INDEX($B:$B,G23-1))*H23/INDEX($D:$D,G23))","=IF(G23="""","""",MOD(DEGREES(ATAN2(INDEX($A:$A,G23)-INDEX($A:$A,G23-1),INDEX($B:$B,G23)-INDEX($B:$B,G23-1))),360))","=IF(K23="""","""",K23+$Q$1)","=IF(L23="""","""",""G1 X""&TEXT(I23,""0.###"")&"" Y""&TEXT(J23,""0.###"")&"" Z""&TEXT(L23,""0.###""))"
,,,"=IF(C24=""C"",$Q$2,IF(C24=""S"",1,0))","=E23+D24",=(ROW()-4),"=IF(F24>LOOKUP(9E+307,$E$5:$E$120),"""",LOOKUP(F24-1,$E$5:$E$120,ROW($E$5:$E$120))+1)","=IF(G24="""","""",F24-INDEX($E:$E,G24-1))","=IF(G24="""","""",INDEX($A:$A,G24-1)+(INDEX($A:$A,G24)-INDEX($A:$A,G24-1))*H24/INDEX($D:$D,G24))","=IF(G24="""","""",INDEX($B:$B,G24-1)+(INDEX($B:$B,G24)-INDEX($B:$B,G24-1))*H24/INDEX($D:$D,G24))","=IF(G24="""","""",MOD(DEGREES(ATAN2(INDEX($A:$A,G24)-INDEX($A:$A,G24-1),INDEX($B:$B,G24)-INDEX($B:$B,G24-1))),360))","=IF(K24="""","""",K24+$Q$1)","=IF(L24="""","""",""G1 X""&TEXT(I24,""0.###"")&"" Y""&TEXT(J24,""0.###"")&"" Z""&TEXT(L24,""0.###""))"
,,,"=IF(C25=""C"",$Q$2,IF(C25=""S"",1,0))","=E24+D25",=(ROW()-4),"=IF(F25>LOOKUP(9E+307,$E$5:$E$120),"""",LOOKUP(F25-1,$E$5:$E$120,ROW($E$5:$E$120))+1)","=IF(G25="""","""",F25-INDEX($E:$E,G25-1))","=IF(G25="""","""",INDEX($A:$A,G25-1)+(INDEX($A:$A,G25)-INDEX($A:$A,G25-1))*H25/INDEX($D:$D,G25))","=IF(G25="""","""",INDEX($B:$B,G25-1)+(INDEX($B:$B,G25)-INDEX($B:$B,G25-1))*H25/INDEX($D:$D,G25))","=IF(G25="""","""",MOD(DEGREES(ATAN2(INDEX($A:$A,G25)-INDEX($A:$A,G25-1),INDEX($B:$B,G25)-INDEX($B:$B,G25-1))),360))","=IF(K25="""","""",K25+$Q$1)","=IF(L25="""","""",""G1 X""&TEXT(I25,""0.###"")&"" Y""&TEXT(J25,""0.###"")&"" Z""&TEXT(L25,""0.###""))"
,,,"=IF(C26=""C"",$Q$2,IF(C26=""S"",1,0))","=E25+D26",=(ROW()-4),"=IF(F26>LOOKUP(9E+307,$E$5:$E$120),"""",LOOKUP(F26-1,$E$5:$E$120,ROW($E$5:$E$120))+1)","=IF(G26="""","""",F26-INDEX($E:$E,G26-1))","=IF(G26="""","""",INDEX($A:$A,G26-1)+(INDEX($A:$A,G26)-INDEX($A:$A,G26-1))*H26/INDEX($D:$D,G26))","=IF(G26="""","""",INDEX($B:$B,G26-1)+(INDEX($B:$B,G26)-INDEX($B:$B,G26-1))*H26/INDEX($D:$D,G26))","=IF(G26="""","""",MOD(DEGREES(ATAN2(INDEX($A:$A,G26)-INDEX($A:$A,G26-1),INDEX($B:$B,G26)-INDEX($B:$B,G26-1))),360))","=IF(K26="""","""",K26+$Q$1)","=IF(L26="""","""",""G1 X""&TEXT(I26,""0.###"")&"" Y""&TEXT(J26,""0.###"")&"" Z""&TEXT(L26,""0.###""))"
,,,"=IF(C27=""C"",$Q$2,IF(C27=""S"",1,0))","=E26+D27",=(ROW()-4),"=IF(F27>LOOKUP(9E+307,$E$5:$E$120),"""",LOOKUP(F27-1,$E$5:$E$120,ROW($E$5:$E$120))+1)","=IF(G27="""","""",F27-INDEX($E:$E,G27-1))","=IF(G27="""","""",INDEX($A:$A,G27-1)+(INDEX($A:$A,G27)-INDEX($A:$A,G27-1))*H27/INDEX($D:$D,G27))","=IF(G27="""","""",INDEX($B:$B,G27-1)+(INDEX($B:$B,G27)-INDEX($B:$B,G27-1))*H27/INDEX($D:$D,G27))","=IF(G27="""","""",MOD(DEGREES(ATAN2(INDEX($A:$A,G27)-INDEX($A:$A,G27-1),INDEX($B:$B,G27)-INDEX($B:$B,G27-1))),360))","=IF(K27="""","""",K27+$Q$1)","=IF(L27="""","""",""G1 X""&TEXT(I27,""0.###"")&"" Y""&TEXT(J27,""0.###"")&"" Z""&TEXT(L27,""0.###""))"
,,,"=IF(C28=""C"",$Q$2,IF(C28=""S"",1,0))","=E27+D28",=(ROW()-4),"=IF(F28>LOOKUP(9E+307,$E$5:$E$120),"""",LOOKUP(F28-1,$E$5:$E$120,ROW($E$5:$E$120))+1)","=IF(G28="""","""",F28-INDEX($E:$E,G28-1))","=IF(G28="""","""",INDEX($A:$A,G28-1)+(INDEX($A:$A,G28)-INDEX($A:$A,G28-1))*H28/INDEX($D:$D,G28))","=IF(G28="""","""",INDEX($B:$B,G28-1)+(INDEX($B:$B,G28)-INDEX($B:$B,G28-1))*H28/INDEX($D:$D,G28))","=IF(G28="""","""",MOD(DEGREES(ATAN2(INDEX($A:$A,G28)-INDEX($A:$A,G28-1),INDEX($B:$B,G28)-INDEX($B:$B,G28-1))),360))","=IF(K28="""","""",K28+$Q$1)","=IF(L28="""","""",""G1 X""&TEXT(I28,""0.###"")&"" Y""&TEXT(J28,""0.###"")&"" Z""&TEXT(L28,""0.###""))"
,,,"=IF(C29=""C"",$Q$2,IF(C29=""S"",1,0))","=E28+D29",=(ROW()-4),"=IF(F29>LOOKUP(9E+307,$E$5:$E$120),"""",LOOKUP(F29-1,$E$5:$E$120,ROW($E$5:$E$120))+1)","=IF(G29="""","""",F29-INDEX($E:$E,G29-1))","=IF(G29="""","""",INDEX($A:$A,G29-1)+(INDEX($A:$A,G29)-INDEX($A:$A,G29-1))*H29/INDEX($D:$D,G29))","=IF(G29="""","""",INDEX($B:$B,G29-1)+(INDEX($B:$B,G29)-INDEX($B:$B,G29-1))*H29/INDEX($D:$D,G29))","=IF(G29="""","""",MOD(DEGREES(ATAN2(INDEX($A:$A,G29)-INDEX($A:$A,G29-1),INDEX($B:$B,G29)-INDEX($B:$B,G29-1))),360))","=IF(K29="""","""",K29+$Q$1)","=IF(L29="""","""",""G1 X""&TEXT(I29,""0.###"")&"" Y""&TEXT(J29,""0.###"")&"" Z""&TEXT(L29,""0.###""))"
,,,"=IF(C30=""C"",$Q$2,IF(C30=""S"",1,0))","=E29+D30",=(ROW()-4),"=IF(F30>LOOKUP(9E+307,$E$5:$E$120),"""",LOOKUP(F30-1,$E$5:$E$120,ROW($E$5:$E$120))+1)","=IF(G30="""","""",F30-INDEX($E:$E,G30-1))","=IF(G30="""","""",INDEX($A:$A,G30-1)+(INDEX($A:$A,G30)-INDEX($A:$A,G30-1))*H30/INDEX($D:$D,G30))","=IF(G30="""","""",INDEX($B:$B,G30-1)+(INDEX($B:$B,G30)-INDEX($B:$B,G30-1))*H30/INDEX($D:$D,G30))","=IF(G30="""","""",MOD(DEGREES(ATAN2(INDEX($A:$A,G30)-INDEX($A:$A,G30-1),INDEX($B:$B,G30)-INDEX($B:$B,G30-1))),360))","=IF(K30="""","""",K30+$Q$1)","=IF(L30="""","""",""G1 X""&TEXT(I30,""0.###"")&"" Y""&TEXT(J30,""0.###"")&"" Z""&TEXT(L30,""0.###""))"
,,,"=IF(C31=""C"",$Q$2,IF(C31=""S"",1,0))","=E30+D31",=(ROW()-4),"=IF(F31>LOOKUP(9E+307,$E$5:$E$120),"""",LOOKUP(F31-1,$E$5:$E$120,ROW($E$5:$E$120))+1)","=IF(G31="""","""",F31-INDEX($E:$E,G31-1))","=IF(G31="""","""",INDEX($A:$A,G31-1)+(INDEX($A:$A,G31)-INDEX($A:$A,G31-1))*H31/INDEX($D:$D,G31))","=IF(G31="""","""",INDEX($B:$B,G31-1)+(INDEX($B:$B,G31)-INDEX($B:$B,G31-1))*H31/INDEX($D:$D,G31))","=IF(G31="""","""",MOD(DEGREES(ATAN2(INDEX($A:$A,G31)-INDEX($A:$A,G31-1),INDEX($B:$B,G31)-INDEX($B:$B,G31-1))),360))","=IF(K31="""","""",K31+$Q$1)","=IF(L31="""","""",""G1 X""&TEXT(I31,""0.###"")&"" Y""&TEXT(J31,""0.###"")&"" Z""&TEXT(L31,""0.###""))"
,,,"=IF(C32=""C"",$Q$2,IF(C32=""S"",1,0))","=E31+D32",=(ROW()-4),"=IF(F32>LOOKUP(9E+307,$E$5:$E$120),"""",LOOKUP(F32-1,$E$5:$E$120,ROW($E$5:$E$120))+1)","=IF(G32="""","""",F32-INDEX($E:$E,G32-1))","=IF(G32="""","""",INDEX($A:$A,G32-1)+(INDEX($A:$A,G32)-INDEX($A:$A,G32-1))*H32/INDEX($D:$D,G32))","=IF(G32="""","""",INDEX($B:$B,G32-1)+(INDEX($B:$B,G32)-INDEX($B:$B,G32-1))*H32/INDEX($D:$D,G32))","=IF(G32="""","""",MOD(DEGREES(ATAN2(INDEX($A:$A,G32)-INDEX($A:$A,G32-1),INDEX($B:$B,G32)-INDEX($B:$B,G32-1))),360))","=IF(K32="""","""",K32+$Q$1)","=IF(L32="""","""",""G1 X""&TEXT(I32,""0.###"")&"" Y""&TEXT(J32,""0.###"")&"" Z""&TEXT(L32,""0.###""))"
,,,"=IF(C33=""C"",$Q$2,IF(C33=""S"",1,0))","=E32+D33",=(ROW()-4),"=IF(F33>LOOKUP(9E+307,$E$5:$E$120),"""",LOOKUP(F33-1,$E$5:$E$120,ROW($E$5:$E$120))+1)","=IF(G33="""","""",F33-INDEX($E:$E,G33-1))","=IF(G33="""","""",INDEX($A:$A,G33-1)+(INDEX($A:$A,G33)-INDEX($A:$A,G33-1))*H33/INDEX($D:$D,G33))","=IF(G33="""","""",INDEX($B:$B,G33-1)+(INDEX($B:$B,G33)-INDEX($B:$B,G33-1))*H33/INDEX($D:$D,G33))","=IF(G33="""","""",MOD(DEGREES(ATAN2(INDEX($A:$A,G33)-INDEX($A:$A,G33-1),INDEX($B:$B,G33)-INDEX($B:$B,G33-1))),360))","=IF(K33="""","""",K33+$Q$1)","=IF(L33="""","""",""G1 X""&TEXT(I33,""0.###"")&"" Y""&TEXT(J33,""0.###"")&"" Z""&TEXT(L33,""0.###""))"
,,,"=IF(C34=""C"",$Q$2,IF(C34=""S"",1,0))","=E33+D34",=(ROW()-4),"=IF(F34>LOOKUP(9E+307,$E$5:$E$120),"""",LOOKUP(F34-1,$E$5:$E$120,ROW($E$5:$E$120))+1)","=IF(G34="""","""",F34-INDEX($E:$E,G34-1))","=IF(G34="""","""",INDEX($A:$A,G34-1)+(INDEX($A:$A,G34)-INDEX($A:$A,G34-1))*H34/INDEX($D:$D,G34))","=IF(G34="""","""",INDEX($B:$B,G34-1)+(INDEX($B:$B,G34)-INDEX($B:$B,G34-1))*H34/INDEX($D:$D,G34))","=IF(G34="""","""",MOD(DEGREES(ATAN2(INDEX($A:$A,G34)-INDEX($A:$A,G34-1),INDEX($B:$B,G34)-INDEX($B:$B,G34-1))),360))","=IF(K34="""","""",K34+$Q$1)","=IF(L34="""","""",""G1 X""&TEXT(I34,""0.###"")&"" Y""&TEXT(J34,""0.###"")&"" Z""&TEXT(L34,""0.###""))"
,,,"=IF(C35=""C"",$Q$2,IF(C35=""S"",1,0))","=E34+D35",=(ROW()-4),"=IF(F35>LOOKUP(9E+307,$E$5:$E$120),"""",LOOKUP(F35-1,$E$5:$E$120,ROW($E$5:$E$120))+1)","=IF(G35="""","""",F35-INDEX($E:$E,G35-1))","=IF(G35="""","""",INDEX($A:$A,G35-1)+(INDEX($A:$A,G35)-INDEX($A:$A,G35-1))*H35/INDEX($D:$D,G35))","=IF(G35="""","""",INDEX($B:$B,G35-1)+(INDEX($B:$B,G35)-INDEX($B:$B,G35-1))*H35/INDEX($D:$D,G35))","=IF(G35="""","""",MOD(DEGREES(ATAN2(INDEX($A:$A,G35)-INDEX($A:$A,G35-1),INDEX($B:$B,G35)-INDEX($B:$B,G35-1))),360))","=IF(K35="""","""",K35+$Q$1)","=IF(L35="""","""",""G1 X""&TEXT(I35,""0.###"")&"" Y""&TEXT(J35,""0.###"")&"" Z""&TEXT(L35,""0.###""))"
,,,"=IF(C36=""C"",$Q$2,IF(C36=""S"",1,0))","=E35+D36",=(ROW()-4),"=IF(F36>LOOKUP(9E+307,$E$5:$E$120),"""",LOOKUP(F36-1,$E$5:$E$120,ROW($E$5:$E$120))+1)","=IF(G36="""","""",F36-INDEX($E:$E,G36-1))","=IF(G36="""","""",INDEX($A:$A,G36-1)+(INDEX($A:$A,G36)-INDEX($A:$A,G36-1))*H36/INDEX($D:$D,G36))","=IF(G36="""","""",INDEX($B:$B,G36-1)+(INDEX($B:$B,G36)-INDEX($B:$B,G36-1))*H36/INDEX($D:$D,G36))","=IF(G36="""","""",MOD(DEGREES(ATAN2(INDEX($A:$A,G36)-INDEX($A:$A,G36-1),INDEX($B:$B,G36)-INDEX($B:$B,G36-1))),360))","=IF(K36="""","""",K36+$Q$1)","=IF(L36="""","""",""G1 X""&TEXT(I36,""0.###"")&"" Y""&TEXT(J36,""0.###"")&"" Z""&TEXT(L36,""0.###""))"
,,,"=IF(C37=""C"",$Q$2,IF(C37=""S"",1,0))","=E36+D37",=(ROW()-4),"=IF(F37>LOOKUP(9E+307,$E$5:$E$120),"""",LOOKUP(F37-1,$E$5:$E$120,ROW($E$5:$E$120))+1)","=IF(G37="""","""",F37-INDEX($E:$E,G37-1))","=IF(G37="""","""",INDEX($A:$A,G37-1)+(INDEX($A:$A,G37)-INDEX($A:$A,G37-1))*H37/INDEX($D:$D,G37))","=IF(G37="""","""",INDEX($B:$B,G37-1)+(INDEX($B:$B,G37)-INDEX($B:$B,G37-1))*H37/INDEX($D:$D,G37))","=IF(G37="""","""",MOD(DEGREES(ATAN2(INDEX($A:$A,G37)-INDEX($A:$A,G37-1),INDEX($B:$B,G37)-INDEX($B:$B,G37-1))),360))","=IF(K37="""","""",K37+$Q$1)","=IF(L37="""","""",""G1 X""&TEXT(I37,""0.###"")&"" Y""&TEXT(J37,""0.###"")&"" Z""&TEXT(L37,""0.###""))"
,,,"=IF(C38=""C"",$Q$2,IF(C38=""S"",1,0))","=E37+D38",=(ROW()-4),"=IF(F38>LOOKUP(9E+307,$E$5:$E$120),"""",LOOKUP(F38-1,$E$5:$E$120,ROW($E$5:$E$120))+1)","=IF(G38="""","""",F38-INDEX($E:$E,G38-1))","=IF(G38="""","""",INDEX($A:$A,G38-1)+(INDEX($A:$A,G38)-INDEX($A:$A,G38-1))*H38/INDEX($D:$D,G38))","=IF(G38="""","""",INDEX($B:$B,G38-1)+(INDEX($B:$B,G38)-INDEX($B:$B,G38-1))*H38/INDEX($D:$D,G38))","=IF(G38="""","""",MOD(DEGREES(ATAN2(INDEX($A:$A,G38)-INDEX($A:$A,G38-1),INDEX($B:$B,G38)-INDEX($B:$B,G38-1))),360))","=IF(K38="""","""",K38+$Q$1)","=IF(L38="""","""",""G1 X""&TEXT(I38,""0.###"")&"" Y""&TEXT(J38,""0.###"")&"" Z""&TEXT(L38,""0.###""))"
,,,"=IF(C39=""C"",$Q$2,IF(C39=""S"",1,0))","=E38+D39",=(ROW()-4),"=IF(F39>LOOKUP(9E+307,$E$5:$E$120),"""",LOOKUP(F39-1,$E$5:$E$120,ROW($E$5:$E$120))+1)","=IF(G39="""","""",F39-INDEX($E:$E,G39-1))","=IF(G39="""","""",INDEX($A:$A,G39-1)+(INDEX($A:$A,G39)-INDEX($A:$A,G39-1))*H39/INDEX($D:$D,G39))","=IF(G39="""","""",INDEX($B:$B,G39-1)+(INDEX($B:$B,G39)-INDEX($B:$B,G39-1))*H39/INDEX($D:$D,G39))","=IF(G39="""","""",MOD(DEGREES(ATAN2(INDEX($A:$A,G39)-INDEX($A:$A,G39-1),INDEX($B:$B,G39)-INDEX($B:$B,G39-1))),360))","=IF(K39="""","""",K39+$Q$1)","=IF(L39="""","""",""G1 X""&TEXT(I39,""0.###"")&"" Y""&TEXT(J39,""0.###"")&"" Z""&TEXT(L39,""0.###""))"
,,,"=IF(C40=""C"",$Q$2,IF(C40=""S"",1,0))","=E39+D40",=(ROW()-4),"=IF(F40>LOOKUP(9E+307,$E$5:$E$120),"""",LOOKUP(F40-1,$E$5:$E$120,ROW($E$5:$E$120))+1)","=IF(G40="""","""",F40-INDEX($E:$E,G40-1))","=IF(G40="""","""",INDEX($A:$A,G40-1)+(INDEX($A:$A,G40)-INDEX($A:$A,G40-1))*H40/INDEX($D:$D,G40))","=IF(G40="""","""",INDEX($B:$B,G40-1)+(INDEX($B:$B,G40)-INDEX($B:$B,G40-1))*H40/INDEX($D:$D,G40))","=IF(G40="""","""",MOD(DEGREES(ATAN2(INDEX($A:$A,G40)-INDEX($A:$A,G40-1),INDEX($B:$B,G40)-INDEX($B:$B,G40-1))),360))","=IF(K40="""","""",K40+$Q$1)","=IF(L40="""","""",""G1 X""&TEXT(I40,""0.###"")&"" Y""&TEXT(J40,""0.###"")&"" Z""&TEXT(L40,""0.###""))"
,,,"=IF(C41=""C"",$Q$2,IF(C41=""S"",1,0))","=E40+D41",=(ROW()-4),"=IF(F41>LOOKUP(9E+307,$E$5:$E$120),"""",LOOKUP(F41-1,$E$5:$E$120,ROW($E$5:$E$120))+1)","=IF(G41="""","""",F41-INDEX($E:$E,G41-1))","=IF(G41="""","""",INDEX($A:$A,G41-1)+(INDEX($A:$A,G41)-INDEX($A:$A,G41-1))*H41/INDEX($D:$D,G41))","=IF(G41="""","""",INDEX($B:$B,G41-1)+(INDEX($B:$B,G41)-INDEX($B:$B,G41-1))*H41/INDEX($D:$D,G41))","=IF(G41="""","""",MOD(DEGREES(ATAN2(INDEX($A:$A,G41)-INDEX($A:$A,G41-1),INDEX($B:$B,G41)-INDEX($B:$B,G41-1))),360))","=IF(K41="""","""",K41+$Q$1)","=IF(L41="""","""",""G1 X""&TEXT(I41,""0.###"")&"" Y""&TEXT(J41,""0.###"")&"" Z""&TEXT(L41,""0.###""))"
,,,"=IF(C42=""C"",$Q$2,IF(C42=""S"",1,0))","=E41+D42",=(ROW()-4),"=IF(F42>LOOKUP(9E+307,$E$5:$E$120),"""",LOOKUP(F42-1,$E$5:$E$120,ROW($E$5:$E$120))+1)","=IF(G42="""","""",F42-INDEX($E:$E,G42-1))","=IF(G42="""","""",INDEX($A:$A,G42-1)+(INDEX($A:$A,G42)-INDEX($A:$A,G42-1))*H42/INDEX($D:$D,G42))","=IF(G42="""","""",INDEX($B:$B,G42-1)+(INDEX($B:$B,G42)-INDEX($B:$B,G42-1))*H42/INDEX($D:$D,G42))","=IF(G42="""","""",MOD(DEGREES(ATAN2(INDEX($A:$A,G42)-INDEX($A:$A,G42-1),INDEX($B:$B,G42)-INDEX($B:$B,G42-1))),360))","=IF(K42="""","""",K42+$Q$1)","=IF(L42="""","""",""G1 X""&TEXT(I42,""0.###"")&"" Y""&TEXT(J42,""0.###"")&"" Z""&TEXT(L42,""0.###""))"
,,,"=IF(C43=""C"",$Q$2,IF(C43=""S"",1,0))","=E42+D43",=(ROW()-4),"=IF(F43>LOOKUP(9E+307,$E$5:$E$120),"""",LOOKUP(F43-1,$E$5:$E$120,ROW($E$5:$E$120))+1)","=IF(G43="""","""",F43-INDEX($E:$E,G43-1))","=IF(G43="""","""",INDEX($A:$A,G43-1)+(INDEX($A:$A,G43)-INDEX($A:$A,G43-1))*H43/INDEX($D:$D,G43))","=IF(G43="""","""",INDEX($B:$B,G43-1)+(INDEX($B:$B,G43)-INDEX($B:$B,G43-1))*H43/INDEX($D:$D,G43))","=IF(G43="""","""",MOD(DEGREES(ATAN2(INDEX($A:$A,G43)-INDEX($A:$A,G43-1),INDEX($B:$B,G43)-INDEX($B:$B,G43-1))),360))","=IF(K43="""","""",K43+$Q$1)","=IF(L43="""","""",""G1 X""&TEXT(I43,""0.###"")&"" Y""&TEXT(J43,""0.###"")&"" Z""&TEXT(L43,""0.###""))"
,,,"=IF(C44=""C"",$Q$2,IF(C44=""S"",1,0))","=E43+D44",=(ROW()-4),"=IF(F44>LOOKUP(9E+307,$E$5:$E$120),"""",LOOKUP(F44-1,$E$5:$E$120,ROW($E$5:$E$120))+1)","=IF(G44="""","""",F44-INDEX($E:$E,G44-1))","=IF(G44="""","""",INDEX($A:$A,G44-1)+(INDEX($A:$A,G44)-INDEX($A:$A,G44-1))*H44/INDEX($D:$D,G44))","=IF(G44="""","""",INDEX($B:$B,G44-1)+(INDEX($B:$B,G44)-INDEX($B:$B,G44-1))*H44/INDEX($D:$D,G44))","=IF(G44="""","""",MOD(DEGREES(ATAN2(INDEX($A:$A,G44)-INDEX($A:$A,G44-1),INDEX($B:$B,G44)-INDEX($B:$B,G44-1))),360))","=IF(K44="""","""",K44+$Q$1)","=IF(L44="""","""",""G1 X""&TEXT(I44,""0.###"")&"" Y""&TEXT(J44,""0.###"")&"" Z""&TEXT(L44,""0.###""))"
,,,"=IF(C45=""C"",$Q$2,IF(C45=""S"",1,0))","=E44+D45",=(ROW()-4),"=IF(F45>LOOKUP(9E+307,$E$5:$E$120),"""",LOOKUP(F45-1,$E$5:$E$120,ROW($E$5:$E$120))+1)","=IF(G45="""","""",F45-INDEX($E:$E,G45-1))","=IF(G45="""","""",INDEX($A:$A,G45-1)+(INDEX($A:$A,G45)-INDEX($A:$A,G45-1))*H45/INDEX($D:$D,G45))","=IF(G45="""","""",INDEX($B:$B,G45-1)+(INDEX($B:$B,G45)-INDEX($B:$B,G45-1))*H45/INDEX($D:$D,G45))","=IF(G45="""","""",MOD(DEGREES(ATAN2(INDEX($A:$A,G45)-INDEX($A:$A,G45-1),INDEX($B:$B,G45)-INDEX($B:$B,G45-1))),360))","=IF(K45="""","""",K45+$Q$1)","=IF(L45="""","""",""G1 X""&TEXT(I45,""0.###"")&"" Y""&TEXT(J45,""0.###"")&"" Z""&TEXT(L45,""0.###""))"
,,,"=IF(C46=""C"",$Q$2,IF(C46=""S"",1,0))","=E45+D46",=(ROW()-4),"=IF(F46>LOOKUP(9E+307,$E$5:$E$120),"""",LOOKUP(F46-1,$E$5:$E$120,ROW($E$5:$E$120))+1)","=IF(G46="""","""",F46-INDEX($E:$E,G46-1))","=IF(G46="""","""",INDEX($A:$A,G46-1)+(INDEX($A:$A,G46)-INDEX($A:$A,G46-1))*H46/INDEX($D:$D,G46))","=IF(G46="""","""",INDEX($B:$B,G46-1)+(INDEX($B:$B,G46)-INDEX($B:$B,G46-1))*H46/INDEX($D:$D,G46))","=IF(G46="""","""",MOD(DEGREES(ATAN2(INDEX($A:$A,G46)-INDEX($A:$A,G46-1),INDEX($B:$B,G46)-INDEX($B:$B,G46-1))),360))","=IF(K46="""","""",K46+$Q$1)","=IF(L46="""","""",""G1 X""&TEXT(I46,""0.###"")&"" Y""&TEXT(J46,""0.###"")&"" Z""&TEXT(L46,""0.###""))"
,,,"=IF(C47=""C"",$Q$2,IF(C47=""S"",1,0))","=E46+D47",=(ROW()-4),"=IF(F47>LOOKUP(9E+307,$E$5:$E$120),"""",LOOKUP(F47-1,$E$5:$E$120,ROW($E$5:$E$120))+1)","=IF(G47="""","""",F47-INDEX($E:$E,G47-1))","=IF(G47="""","""",INDEX($A:$A,G47-1)+(INDEX($A:$A,G47)-INDEX($A:$A,G47-1))*H47/INDEX($D:$D,G47))","=IF(G47="""","""",INDEX($B:$B,G47-1)+(INDEX($B:$B,G47)-INDEX($B:$B,G47-1))*H47/INDEX($D:$D,G47))","=IF(G47="""","""",MOD(DEGREES(ATAN2(INDEX($A:$A,G47)-INDEX($A:$A,G47-1),INDEX($B:$B,G47)-INDEX($B:$B,G47-1))),360))","=IF(K47="""","""",K47+$Q$1)","=IF(L47="""","""",""G1 X""&TEXT(I47,""0.###"")&"" Y""&TEXT(J47,""0.###"")&"" Z""&TEXT(L47,""0.###""))"
,,,"=IF(C48=""C"",$Q$2,IF(C48=""S"",1,0))","=E47+D48",=(ROW()-4),"=IF(F48>LOOKUP(9E+307,$E$5:$E$120),"""",LOOKUP(F48-1,$E$5:$E$120,ROW($E$5:$E$120))+1)","=IF(G48="""","""",F48-INDEX($E:$E,G48-1))","=IF(G48="""","""",INDEX($A:$A,G48-1)+(INDEX($A:$A,G48)-INDEX($A:$A,G48-1))*H48/INDEX($D:$D,G48))","=IF(G48="""","""",INDEX($B:$B,G48-1)+(INDEX($B:$B,G48)-INDEX($B:$B,G48-1))*H48/INDEX($D:$D,G48))","=IF(G48="""","""",MOD(DEGREES(ATAN2(INDEX($A:$A,G48)-INDEX($A:$A,G48-1),INDEX($B:$B,G48)-INDEX($B:$B,G48-1))),360))","=IF(K48="""","""",K48+$Q$1)","=IF(L48="""","""",""G1 X""&TEXT(I48,""0.###"")&"" Y""&TEXT(J48,""0.###"")&"" Z""&TEXT(L48,""0.###""))"
,,,"=IF(C49=""C"",$Q$2,IF(C49=""S"",1,0))","=E48+D49",=(ROW()-4),"=IF(F49>LOOKUP(9E+307,$E$5:$E$120),"""",LOOKUP(F49-1,$E$5:$E$120,ROW($E$5:$E$120))+1)","=IF(G49="""","""",F49-INDEX($E:$E,G49-1))","=IF(G49="""","""",INDEX($A:$A,G49-1)+(INDEX($A:$A,G49)-INDEX($A:$A,G49-1))*H49/INDEX($D:$D,G49))","=IF(G49="""","""",INDEX($B:$B,G49-1)+(INDEX($B:$B,G49)-INDEX($B:$B,G49-1))*H49/INDEX($D:$D,G49))","=IF(G49="""","""",MOD(DEGREES(ATAN2(INDEX($A:$A,G49)-INDEX($A:$A,G49-1),INDEX($B:$B,G49)-INDEX($B:$B,G49-1))),360))","=IF(K49="""","""",K49+$Q$1)","=IF(L49="""","""",""G1 X""&TEXT(I49,""0.###"")&"" Y""&TEXT(J49,""0.###"")&"" Z""&TEXT(L49,""0.###""))"
,,,"=IF(C50=""C"",$Q$2,IF(C50=""S"",1,0))","=E49+D50",=(ROW()-4),"=IF(F50>LOOKUP(9E+307,$E$5:$E$120),"""",LOOKUP(F50-1,$E$5:$E$120,ROW($E$5:$E$120))+1)","=IF(G50="""","""",F50-INDEX($E:$E,G50-1))","=IF(G50="""","""",INDEX($A:$A,G50-1)+(INDEX($A:$A,G50)-INDEX($A:$A,G50-1))*H50/INDEX($D:$D,G50))","=IF(G50="""","""",INDEX($B:$B,G50-1)+(INDEX($B:$B,G50)-INDEX($B:$B,G50-1))*H50/INDEX($D:$D,G50))","=IF(G50="""","""",MOD(DEGREES(ATAN2(INDEX($A:$A,G50)-INDEX($A:$A,G50-1),INDEX($B:$B,G50)-INDEX($B:$B,G50-1))),360))","=IF(K50="""","""",K50+$Q$1)","=IF(L50="""","""",""G1 X""&TEXT(I50,""0.###"")&"" Y""&TEXT(J50,""0.###"")&"" Z""&TEXT(L50,""0.###""))"
,,,"=IF(C51=""C"",$Q$2,IF(C51=""S"",1,0))","=E50+D51",=(ROW()-4),"=IF(F51>LOOKUP(9E+307,$E$5:$E$120),"""",LOOKUP(F51-1,$E$5:$E$120,ROW($E$5:$E$120))+1)","=IF(G51="""","""",F51-INDEX($E:$E,G51-1))","=IF(G51="""","""",INDEX($A:$A,G51-1)+(INDEX($A:$A,G51)-INDEX($A:$A,G51-1))*H51/INDEX($D:$D,G51))","=IF(G51="""","""",INDEX($B:$B,G51-1)+(INDEX($B:$B,G51)-INDEX($B:$B,G51-1))*H51/INDEX($D:$D,G51))","=IF(G51="""","""",MOD(DEGREES(ATAN2(INDEX($A:$A,G51)-INDEX($A:$A,G51-1),INDEX($B:$B,G51)-INDEX($B:$B,G51-1))),360))","=IF(K51="""","""",K51+$Q$1)","=IF(L51="""","""",""G1 X""&TEXT(I51,""0.###"")&"" Y""&TEXT(J51,""0.###"")&"" Z""&TEXT(L51,""0.###""))"
,,,"=IF(C52=""C"",$Q$2,IF(C52=""S"",1,0))","=E51+D52",=(ROW()-4),"=IF(F52>LOOKUP(9E+307,$E$5:$E$120),"""",LOOKUP(F52-1,$E$5:$E$120,ROW($E$5:$E$120))+1)","=IF(G52="""","""",F52-INDEX($E:$E,G52-1))","=IF(G52="""","""",INDEX($A:$A,G52-1)+(INDEX($A:$A,G52)-INDEX($A:$A,G52-1))*H52/INDEX($D:$D,G52))","=IF(G52="""","""",INDEX($B:$B,G52-1)+(INDEX($B:$B,G52)-INDEX($B:$B,G52-1))*H52/INDEX($D:$D,G52))","=IF(G52="""","""",MOD(DEGREES(ATAN2(INDEX($A:$A,G52)-INDEX($A:$A,G52-1),INDEX($B:$B,G52)-INDEX($B:$B,G52-1))),360))","=IF(K52="""","""",K52+$Q$1)","=IF(L52="""","""",""G1 X""&TEXT(I52,""0.###"")&"" Y""&TEXT(J52,""0.###"")&"" Z""&TEXT(L52,""0.###""))"
,,,"=IF(C53=""C"",$Q$2,IF(C53=""S"",1,0))","=E52+D53",=(ROW()-4),"=IF(F53>LOOKUP(9E+307,$E$5:$E$120),"""",LOOKUP(F53-1,$E$5:$E$120,ROW($E$5:$E$120))+1)","=IF(G53="""","""",F53-INDEX($E:$E,G53-1))","=IF(G53="""","""",INDEX($A:$A,G53-1)+(INDEX($A:$A,G53)-INDEX($A:$A,G53-1))*H53/INDEX($D:$D,G53))","=IF(G53="""","""",INDEX($B:$B,G53-1)+(INDEX($B:$B,G53)-INDEX($B:$B,G53-1))*H53/INDEX($D:$D,G53))","=IF(G53="""","""",MOD(DEGREES(ATAN2(INDEX($A:$A,G53)-INDEX($A:$A,G53-1),INDEX($B:$B,G53)-INDEX($B:$B,G53-1))),360))","=IF(K53="""","""",K53+$Q$1)","=IF(L53="""","""",""G1 X""&TEXT(I53,""0.###"")&"" Y""&TEXT(J53,""0.###"")&"" Z""&TEXT(L53,""0.###""))"
,,,"=IF(C54=""C"",$Q$2,IF(C54=""S"",1,0))","=E53+D54",=(ROW()-4),"=IF(F54>LOOKUP(9E+307,$E$5:$E$120),"""",LOOKUP(F54-1,$E$5:$E$120,ROW($E$5:$E$120))+1)","=IF(G54="""","""",F54-INDEX($E:$E,G54-1))","=IF(G54="""","""",INDEX($A:$A,G54-1)+(INDEX($A:$A,G54)-INDEX($A:$A,G54-1))*H54/INDEX($D:$D,G54))","=IF(G54="""","""",INDEX($B:$B,G54-1)+(INDEX($B:$B,G54)-INDEX($B:$B,G54-1))*H54/INDEX($D:$D,G54))","=IF(G54="""","""",MOD(DEGREES(ATAN2(INDEX($A:$A,G54)-INDEX($A:$A,G54-1),INDEX($B:$B,G54)-INDEX($B:$B,G54-1))),360))","=IF(K54="""","""",K54+$Q$1)","=IF(L54="""","""",""G1 X""&TEXT(I54,""0.###"")&"" Y""&TEXT(J54,""0.###"")&"" Z""&TEXT(L54,""0.###""))"
,,,"=IF(C55=""C"",$Q$2,IF(C55=""S"",1,0))","=E54+D55",=(ROW()-4),"=IF(F55>LOOKUP(9E+307,$E$5:$E$120),"""",LOOKUP(F55-1,$E$5:$E$120,ROW($E$5:$E$120))+1)","=IF(G55="""","""",F55-INDEX($E:$E,G55-1))","=IF(G55="""","""",INDEX($A:$A,G55-1)+(INDEX($A:$A,G55)-INDEX($A:$A,G55-1))*H55/INDEX($D:$D,G55))","=IF(G55="""","""",INDEX($B:$B,G55-1)+(INDEX($B:$B,G55)-INDEX($B:$B,G55-1))*H55/INDEX($D:$D,G55))","=IF(G55="""","""",MOD(DEGREES(ATAN2(INDEX($A:$A,G55)-INDEX($A:$A,G55-1),INDEX($B:$B,G55)-INDEX($B:$B,G55-1))),360))","=IF(K55="""","""",K55+$Q$1)","=IF(L55="""","""",""G1 X""&TEXT(I55,""0.###"")&"" Y""&TEXT(J55,""0.###"")&"" Z""&TEXT(L55,""0.###""))"
,,,"=IF(C56=""C"",$Q$2,IF(C56=""S"",1,0))","=E55+D56",=(ROW()-4),"=IF(F56>LOOKUP(9E+307,$E$5:$E$120),"""",LOOKUP(F56-1,$E$5:$E$120,ROW($E$5:$E$120))+1)","=IF(G56="""","""",F56-INDEX($E:$E,G56-1))","=IF(G56="""","""",INDEX($A:$A,G56-1)+(INDEX($A:$A,G56)-INDEX($A:$A,G56-1))*H56/INDEX($D:$D,G56))","=IF(G56="""","""",INDEX($B:$B,G56-1)+(INDEX($B:$B,G56)-INDEX($B:$B,G56-1))*H56/INDEX($D:$D,G56))","=IF(G56="""","""",MOD(DEGREES(ATAN2(INDEX($A:$A,G56)-INDEX($A:$A,G56-1),INDEX($B:$B,G56)-INDEX($B:$B,G56-1))),360))","=IF(K56="""","""",K56+$Q$1)","=IF(L56="""","""",""G1 X""&TEXT(I56,""0.###"")&"" Y""&TEXT(J56,""0.###"")&"" Z""&TEXT(L56,""0.###""))"
,,,"=IF(C57=""C"",$Q$2,IF(C57=""S"",1,0))","=E56+D57",=(ROW()-4),"=IF(F57>LOOKUP(9E+307,$E$5:$E$120),"""",LOOKUP(F57-1,$E$5:$E$120,ROW($E$5:$E$120))+1)","=IF(G57="""","""",F57-INDEX($E:$E,G57-1))","=IF(G57="""","""",INDEX($A:$A,G57-1)+(INDEX($A:$A,G57)-INDEX($A:$A,G57-1))*H57/INDEX($D:$D,G57))","=IF(G57="""","""",INDEX($B:$B,G57-1)+(INDEX($B:$B,G57)-INDEX($B:$B,G57-1))*H57/INDEX($D:$D,G57))","=IF(G57="""","""",MOD(DEGREES(ATAN2(INDEX($A:$A,G57)-INDEX($A:$A,G57-1),INDEX($B:$B,G57)-INDEX($B:$B,G57-1))),360))","=IF(K57="""","""",K57+$Q$1)","=IF(L57="""","""",""G1 X""&TEXT(I57,""0.###"")&"" Y""&TEXT(J57,""0.###"")&"" Z""&TEXT(L57,""0.###""))"
,,,"=IF(C58=""C"",$Q$2,IF(C58=""S"",1,0))","=E57+D58",=(ROW()-4),"=IF(F58>LOOKUP(9E+307,$E$5:$E$120),"""",LOOKUP(F58-1,$E$5:$E$120,ROW($E$5:$E$120))+1)","=IF(G58="""","""",F58-INDEX($E:$E,G58-1))","=IF(G58="""","""",INDEX($A:$A,G58-1)+(INDEX($A:$A,G58)-INDEX($A:$A,G58-1))*H58/INDEX($D:$D,G58))","=IF(G58="""","""",INDEX($B:$B,G58-1)+(INDEX($B:$B,G58)-INDEX($B:$B,G58-1))*H58/INDEX($D:$D,G58))","=IF(G58="""","""",MOD(DEGREES(ATAN2(INDEX($A:$A,G58)-INDEX($A:$A,G58-1),INDEX($B:$B,G58)-INDEX($B:$B,G58-1))),360))","=IF(K58="""","""",K58+$Q$1)","=IF(L58="""","""",""G1 X""&TEXT(I58,""0.###"")&"" Y""&TEXT(J58,""0.###"")&"" Z""&TEXT(L58,""0.###""))"
,,,"=IF(C59=""C"",$Q$2,IF(C59=""S"",1,0))","=E58+D59",=(ROW()-4),"=IF(F59>LOOKUP(9E+307,$E$5:$E$120),"""",LOOKUP(F59-1,$E$5:$E$120,ROW($E$5:$E$120))+1)","=IF(G59="""","""",F59-INDEX($E:$E,G59-1))","=IF(G59="""","""",INDEX($A:$A,G59-1)+(INDEX($A:$A,G59)-INDEX($A:$A,G59-1))*H59/INDEX($D:$D,G59))","=IF(G59="""","""",INDEX($B:$B,G59-1)+(INDEX($B:$B,G59)-INDEX($B:$B,G59-1))*H59/INDEX($D:$D,G59))","=IF(G59="""","""",MOD(DEGREES(ATAN2(INDEX($A:$A,G59)-INDEX($A:$A,G59-1),INDEX($B:$B,G59)-INDEX($B:$B,G59-1))),360))","=IF(K59="""","""",K59+$Q$1)","=IF(L59="""","""",""G1 X""&TEXT(I59,""0.###"")&"" Y""&TEXT(J59,""0.###"")&"" Z""&TEXT(L59,""0.###""))"
,,,"=IF(C60=""C"",$Q$2,IF(C60=""S"",1,0))","=E59+D60",=(ROW()-4),"=IF(F60>LOOKUP(9E+307,$E$5:$E$120),"""",LOOKUP(F60-1,$E$5:$E$120,ROW($E$5:$E$120))+1)","=IF(G60="""","""",F60-INDEX($E:$E,G60-1))","=IF(G60="""","""",INDEX($A:$A,G60-1)+(INDEX($A:$A,G60)-INDEX($A:$A,G60-1))*H60/INDEX($D:$D,G60))","=IF(G60="""","""",INDEX($B:$B,G60-1)+(INDEX($B:$B,G60)-INDEX($B:$B,G60-1))*H60/INDEX($D:$D,G60))","=IF(G60="""","""",MOD(DEGREES(ATAN2(INDEX($A:$A,G60)-INDEX($A:$A,G60-1),INDEX($B:$B,G60)-INDEX($B:$B,G60-1))),360))","=IF(K60="""","""",K60+$Q$1)","=IF(L60="""","""",""G1 X""&TEXT(I60,""0.###"")&"" Y""&TEXT(J60,""0.###"")&"" Z""&TEXT(L60,""0.###""))"
,,,"=IF(C61=""C"",$Q$2,IF(C61=""S"",1,0))","=E60+D61",=(ROW()-4),"=IF(F61>LOOKUP(9E+307,$E$5:$E$120),"""",LOOKUP(F61-1,$E$5:$E$120,ROW($E$5:$E$120))+1)","=IF(G61="""","""",F61-INDEX($E:$E,G61-1))","=IF(G61="""","""",INDEX($A:$A,G61-1)+(INDEX($A:$A,G61)-INDEX($A:$A,G61-1))*H61/INDEX($D:$D,G61))","=IF(G61="""","""",INDEX($B:$B,G61-1)+(INDEX($B:$B,G61)-INDEX($B:$B,G61-1))*H61/INDEX($D:$D,G61))","=IF(G61="""","""",MOD(DEGREES(ATAN2(INDEX($A:$A,G61)-INDEX($A:$A,G61-1),INDEX($B:$B,G61)-INDEX($B:$B,G61-1))),360))","=IF(K61="""","""",K61+$Q$1)","=IF(L61="""","""",""G1 X""&TEXT(I61,""0.###"")&"" Y""&TEXT(J61,""0.###"")&"" Z""&TEXT(L61,""0.###""))"
,,,"=IF(C62=""C"",$Q$2,IF(C62=""S"",1,0))","=E61+D62",=(ROW()-4),"=IF(F62>LOOKUP(9E+307,$E$5:$E$120),"""",LOOKUP(F62-1,$E$5:$E$120,ROW($E$5:$E$120))+1)","=IF(G62="""","""",F62-INDEX($E:$E,G62-1))","=IF(G62="""","""",INDEX($A:$A,G62-1)+(INDEX($A:$A,G62)-INDEX($A:$A,G62-1))*H62/INDEX($D:$D,G62))","=IF(G62="""","""",INDEX($B:$B,G62-1)+(INDEX($B:$B,G62)-INDEX($B:$B,G62-1))*H62/INDEX($D:$D,G62))","=IF(G62="""","""",MOD(DEGREES(ATAN2(INDEX($A:$A,G62)-INDEX($A:$A,G62-1),INDEX($B:$B,G62)-INDEX($B:$B,G62-1))),360))","=IF(K62="""","""",K62+$Q$1)","=IF(L62="""","""",""G1 X""&TEXT(I62,""0.###"")&"" Y""&TEXT(J62,""0.###"")&"" Z""&TEXT(L62,""0.###""))"
,,,"=IF(C63=""C"",$Q$2,IF(C63=""S"",1,0))","=E62+D63",=(ROW()-4),"=IF(F63>LOOKUP(9E+307,$E$5:$E$120),"""",LOOKUP(F63-1,$E$5:$E$120,ROW($E$5:$E$120))+1)","=IF(G63="""","""",F63-INDEX($E:$E,G63-1))","=IF(G63="""","""",INDEX($A:$A,G63-1)+(INDEX($A:$A,G63)-INDEX($A:$A,G63-1))*H63/INDEX($D:$D,G63))","=IF(G63="""","""",INDEX($B:$B,G63-1)+(INDEX($B:$B,G63)-INDEX($B:$B,G63-1))*H63/INDEX($D:$D,G63))","=IF(G63="""","""",MOD(DEGREES(ATAN2(INDEX($A:$A,G63)-INDEX($A:$A,G63-1),INDEX($B:$B,G63)-INDEX($B:$B,G63-1))),360))","=IF(K63="""","""",K63+$Q$1)","=IF(L63="""","""",""G1 X""&TEXT(I63,""0.###"")&"" Y""&TEXT(J63,""0.###"")&"" Z""&TEXT(L63,""0.###""))"
,,,"=IF(C64=""C"",$Q$2,IF(C64=""S"",1,0))","=E63+D64",=(ROW()-4),"=IF(F64>LOOKUP(9E+307,$E$5:$E$120),"""",LOOKUP(F64-1,$E$5:$E$120,ROW($E$5:$E$120))+1)","=IF(G64="""","""",F64-INDEX($E:$E,G64-1))","=IF(G64="""","""",INDEX($A:$A,G64-1)+(INDEX($A:$A,G64)-INDEX($A:$A,G64-1))*H64/INDEX($D:$D,G64))","=IF(G64="""","""",INDEX($B:$B,G64-1)+(INDEX($B:$B,G64)-INDEX($B:$B,G64-1))*H64/INDEX($D:$D,G64))","=IF(G64="""","""",MOD(DEGREES(ATAN2(INDEX($A:$A,G64)-INDEX($A:$A,G64-1),INDEX($B:$B,G64)-INDEX($B:$B,G64-1))),360))","=IF(K64="""","""",K64+$Q$1)","=IF(L64="""","""",""G1 X""&TEXT(I64,""0.###"")&"" Y""&TEXT(J64,""0.###"")&"" Z""&TEXT(L64,""0.###""))"
,,,"=IF(C65=""C"",$Q$2,IF(C65=""S"",1,0))","=E64+D65",=(ROW()-4),"=IF(F65>LOOKUP(9E+307,$E$5:$E$120),"""",LOOKUP(F65-1,$E$5:$E$120,ROW($E$5:$E$120))+1)","=IF(G65="""","""",F65-INDEX($E:$E,G65-1))","=IF(G65="""","""",INDEX($A:$A,G65-1)+(INDEX($A:$A,G65)-INDEX($A:$A,G65-1))*H65/INDEX($D:$D,G65))","=IF(G65="""","""",INDEX($B:$B,G65-1)+(INDEX($B:$B,G65)-INDEX($B:$B,G65-1))*H65/INDEX($D:$D,G65))","=IF(G65="""","""",MOD(DEGREES(ATAN2(INDEX($A:$A,G65)-INDEX($A:$A,G65-1),INDEX($B:$B,G65)-INDEX($B:$B,G65-1))),360))","=IF(K65="""","""",K65+$Q$1)","=IF(L65="""","""",""G1 X""&TEXT(I65,""0.###"")&"" Y""&TEXT(J65,""0.###"")&"" Z""&TEXT(L65,""0.###""))"
,,,"=IF(C66=""C"",$Q$2,IF(C66=""S"",1,0))","=E65+D66",=(ROW()-4),"=IF(F66>LOOKUP(9E+307,$E$5:$E$120),"""",LOOKUP(F66-1,$E$5:$E$120,ROW($E$5:$E$120))+1)","=IF(G66="""","""",F66-INDEX($E:$E,G66-1))","=IF(G66="""","""",INDEX($A:$A,G66-1)+(INDEX($A:$A,G66)-INDEX($A:$A,G66-1))*H66/INDEX($D:$D,G66))","=IF(G66="""","""",INDEX($B:$B,G66-1)+(INDEX($B:$B,G66)-INDEX($B:$B,G66-1))*H66/INDEX($D:$D,G66))","=IF(G66="""","""",MOD(DEGREES(ATAN2(INDEX($A:$A,G66)-INDEX($A:$A,G66-1),INDEX($B:$B,G66)-INDEX($B:$B,G66-1))),360))","=IF(K66="""","""",K66+$Q$1)","=IF(L66="""","""",""G1 X""&TEXT(I66,""0.###"")&"" Y""&TEXT(J66,""0.###"")&"" Z""&TEXT(L66,""0.###""))"
,,,"=IF(C67=""C"",$Q$2,IF(C67=""S"",1,0))","=E66+D67",=(ROW()-4),"=IF(F67>LOOKUP(9E+307,$E$5:$E$120),"""",LOOKUP(F67-1,$E$5:$E$120,ROW($E$5:$E$120))+1)","=IF(G67="""","""",F67-INDEX($E:$E,G67-1))","=IF(G67="""","""",INDEX($A:$A,G67-1)+(INDEX($A:$A,G67)-INDEX($A:$A,G67-1))*H67/INDEX($D:$D,G67))","=IF(G67="""","""",INDEX($B:$B,G67-1)+(INDEX($B:$B,G67)-INDEX($B:$B,G67-1))*H67/INDEX($D:$D,G67))","=IF(G67="""","""",MOD(DEGREES(ATAN2(INDEX($A:$A,G67)-INDEX($A:$A,G67-1),INDEX($B:$B,G67)-INDEX($B:$B,G67-1))),360))","=IF(K67="""","""",K67+$Q$1)","=IF(L67="""","""",""G1 X""&TEXT(I67,""0.###"")&"" Y""&TEXT(J67,""0.###"")&"" Z""&TEXT(L67,""0.###""))"
,,,"=IF(C68=""C"",$Q$2,IF(C68=""S"",1,0))","=E67+D68",=(ROW()-4),"=IF(F68>LOOKUP(9E+307,$E$5:$E$120),"""",LOOKUP(F68-1,$E$5:$E$120,ROW($E$5:$E$120))+1)","=IF(G68="""","""",F68-INDEX($E:$E,G68-1))","=IF(G68="""","""",INDEX($A:$A,G68-1)+(INDEX($A:$A,G68)-INDEX($A:$A,G68-1))*H68/INDEX($D:$D,G68))","=IF(G68="""","""",INDEX($B:$B,G68-1)+(INDEX($B:$B,G68)-INDEX($B:$B,G68-1))*H68/INDEX($D:$D,G68))","=IF(G68="""","""",MOD(DEGREES(ATAN2(INDEX($A:$A,G68)-INDEX($A:$A,G68-1),INDEX($B:$B,G68)-INDEX($B:$B,G68-1))),360))","=IF(K68="""","""",K68+$Q$1)","=IF(L68="""","""",""G1 X""&TEXT(I68,""0.###"")&"" Y""&TEXT(J68,""0.###"")&"" Z""&TEXT(L68,""0.###""))"
,,,"=IF(C69=""C"",$Q$2,IF(C69=""S"",1,0))","=E68+D69",=(ROW()-4),"=IF(F69>LOOKUP(9E+307,$E$5:$E$120),"""",LOOKUP(F69-1,$E$5:$E$120,ROW($E$5:$E$120))+1)","=IF(G69="""","""",F69-INDEX($E:$E,G69-1))","=IF(G69="""","""",INDEX($A:$A,G69-1)+(INDEX($A:$A,G69)-INDEX($A:$A,G69-1))*H69/INDEX($D:$D,G69))","=IF(G69="""","""",INDEX($B:$B,G69-1)+(INDEX($B:$B,G69)-INDEX($B:$B,G69-1))*H69/INDEX($D:$D,G69))","=IF(G69="""","""",MOD(DEGREES(ATAN2(INDEX($A:$A,G69)-INDEX($A:$A,G69-1),INDEX($B:$B,G69)-INDEX($B:$B,G69-1))),360))","=IF(K69="""","""",K69+$Q$1)","=IF(L69="""","""",""G1 X""&TEXT(I69,""0.###"")&"" Y""&TEXT(J69,""0.###"")&"" Z""&TEXT(L69,""0.###""))"
,,,"=IF(C70=""C"",$Q$2,IF(C70=""S"",1,0))","=E69+D70",=(ROW()-4),"=IF(F70>LOOKUP(9E+307,$E$5:$E$120),"""",LOOKUP(F70-1,$E$5:$E$120,ROW($E$5:$E$120))+1)","=IF(G70="""","""",F70-INDEX($E:$E,G70-1))","=IF(G70="""","""",INDEX($A:$A,G70-1)+(INDEX($A:$A,G70)-INDEX($A:$A,G70-1))*H70/INDEX($D:$D,G70))","=IF(G70="""","""",INDEX($B:$B,G70-1)+(INDEX($B:$B,G70)-INDEX($B:$B,G70-1))*H70/INDEX($D:$D,G70))","=IF(G70="""","""",MOD(DEGREES(ATAN2(INDEX($A:$A,G70)-INDEX($A:$A,G70-1),INDEX($B:$B,G70)-INDEX($B:$B,G70-1))),360))","=IF(K70="""","""",K70+$Q$1)","=IF(L70="""","""",""G1 X""&TEXT(I70,""0.###"")&"" Y""&TEXT(J70,""0.###"")&"" Z""&TEXT(L70,""0.###""))"
,,,"=IF(C71=""C"",$Q$2,IF(C71=""S"",1,0))","=E70+D71",=(ROW()-4),"=IF(F71>LOOKUP(9E+307,$E$5:$E$120),"""",LOOKUP(F71-1,$E$5:$E$120,ROW($E$5:$E$120))+1)","=IF(G71="""","""",F71-INDEX($E:$E,G71-1))","=IF(G71="""","""",INDEX($A:$A,G71-1)+(INDEX($A:$A,G71)-INDEX($A:$A,G71-1))*H71/INDEX($D:$D,G71))","=IF(G71="""","""",INDEX($B:$B,G71-1)+(INDEX($B:$B,G71)-INDEX($B:$B,G71-1))*H71/INDEX($D:$D,G71))","=IF(G71="""","""",MOD(DEGREES(ATAN2(INDEX($A:$A,G71)-INDEX($A:$A,G71-1),INDEX($B:$B,G71)-INDEX($B:$B,G71-1))),360))","=IF(K71="""","""",K71+$Q$1)","=IF(L71="""","""",""G1 X""&TEXT(I71,""0.###"")&"" Y""&TEXT(J71,""0.###"")&"" Z""&TEXT(L71,""0.###""))"
,,,"=IF(C72=""C"",$Q$2,IF(C72=""S"",1,0))","=E71+D72",=(ROW()-4),"=IF(F72>LOOKUP(9E+307,$E$5:$E$120),"""",LOOKUP(F72-1,$E$5:$E$120,ROW($E$5:$E$120))+1)","=IF(G72="""","""",F72-INDEX($E:$E,G72-1))","=IF(G72="""","""",INDEX($A:$A,G72-1)+(INDEX($A:$A,G72)-INDEX($A:$A,G72-1))*H72/INDEX($D:$D,G72))","=IF(G72="""","""",INDEX($B:$B,G72-1)+(INDEX($B:$B,G72)-INDEX($B:$B,G72-1))*H72/INDEX($D:$D,G72))","=IF(G72="""","""",MOD(DEGREES(ATAN2(INDEX($A:$A,G72)-INDEX($A:$A,G72-1),INDEX($B:$B,G72)-INDEX($B:$B,G72-1))),360))","=IF(K72="""","""",K72+$Q$1)","=IF(L72="""","""",""G1 X""&TEXT(I72,""0.###"")&"" Y""&TEXT(J72,""0.###"")&"" Z""&TEXT(L72,""0.###""))"
,,,"=IF(C73=""C"",$Q$2,IF(C73=""S"",1,0))","=E72+D73",=(ROW()-4),"=IF(F73>LOOKUP(9E+307,$E$5:$E$120),"""",LOOKUP(F73-1,$E$5:$E$120,ROW($E$5:$E$120))+1)","=IF(G73="""","""",F73-INDEX($E:$E,G73-1))","=IF(G73="""","""",INDEX($A:$A,G73-1)+(INDEX($A:$A,G73)-INDEX($A:$A,G73-1))*H73/INDEX($D:$D,G73))","=IF(G73="""","""",INDEX($B:$B,G73-1)+(INDEX($B:$B,G73)-INDEX($B:$B,G73-1))*H73/INDEX($D:$D,G73))","=IF(G73="""","""",MOD(DEGREES(ATAN2(INDEX($A:$A,G73)-INDEX($A:$A,G73-1),INDEX($B:$B,G73)-INDEX($B:$B,G73-1))),360))","=IF(K73="""","""",K73+$Q$1)","=IF(L73="""","""",""G1 X""&TEXT(I73,""0.###"")&"" Y""&TEXT(J73,""0.###"")&"" Z""&TEXT(L73,""0.###""))"
,,,"=IF(C74=""C"",$Q$2,IF(C74=""S"",1,0))","=E73+D74",=(ROW()-4),"=IF(F74>LOOKUP(9E+307,$E$5:$E$120),"""",LOOKUP(F74-1,$E$5:$E$120,ROW($E$5:$E$120))+1)","=IF(G74="""","""",F74-INDEX($E:$E,G74-1))","=IF(G74="""","""",INDEX($A:$A,G74-1)+(INDEX($A:$A,G74)-INDEX($A:$A,G74-1))*H74/INDEX($D:$D,G74))","=IF(G74="""","""",INDEX($B:$B,G74-1)+(INDEX($B:$B,G74)-INDEX($B:$B,G74-1))*H74/INDEX($D:$D,G74))","=IF(G74="""","""",MOD(DEGREES(ATAN2(INDEX($A:$A,G74)-INDEX($A:$A,G74-1),INDEX($B:$B,G74)-INDEX($B:$B,G74-1))),360))","=IF(K74="""","""",K74+$Q$1)","=IF(L74="""","""",""G1 X""&TEXT(I74,""0.###"")&"" Y""&TEXT(J74,""0.###"")&"" Z""&TEXT(L74,""0.###""))"
,,,"=IF(C75=""C"",$Q$2,IF(C75=""S"",1,0))","=E74+D75",=(ROW()-4),"=IF(F75>LOOKUP(9E+307,$E$5:$E$120),"""",LOOKUP(F75-1,$E$5:$E$120,ROW($E$5:$E$120))+1)","=IF(G75="""","""",F75-INDEX($E:$E,G75-1))","=IF(G75="""","""",INDEX($A:$A,G75-1)+(INDEX($A:$A,G75)-INDEX($A:$A,G75-1))*H75/INDEX($D:$D,G75))","=IF(G75="""","""",INDEX($B:$B,G75-1)+(INDEX($B:$B,G75)-INDEX($B:$B,G75-1))*H75/INDEX($D:$D,G75))","=IF(G75="""","""",MOD(DEGREES(ATAN2(INDEX($A:$A,G75)-INDEX($A:$A,G75-1),INDEX($B:$B,G75)-INDEX($B:$B,G75-1))),360))","=IF(K75="""","""",K75+$Q$1)","=IF(L75="""","""",""G1 X""&TEXT(I75,""0.###"")&"" Y""&TEXT(J75,""0.###"")&"" Z""&TEXT(L75,""0.###""))"
,,,"=IF(C76=""C"",$Q$2,IF(C76=""S"",1,0))","=E75+D76",=(ROW()-4),"=IF(F76>LOOKUP(9E+307,$E$5:$E$120),"""",LOOKUP(F76-1,$E$5:$E$120,ROW($E$5:$E$120))+1)","=IF(G76="""","""",F76-INDEX($E:$E,G76-1))","=IF(G76="""","""",INDEX($A:$A,G76-1)+(INDEX($A:$A,G76)-INDEX($A:$A,G76-1))*H76/INDEX($D:$D,G76))","=IF(G76="""","""",INDEX($B:$B,G76-1)+(INDEX($B:$B,G76)-INDEX($B:$B,G76-1))*H76/INDEX($D:$D,G76))","=IF(G76="""","""",MOD(DEGREES(ATAN2(INDEX($A:$A,G76)-INDEX($A:$A,G76-1),INDEX($B:$B,G76)-INDEX($B:$B,G76-1))),360))","=IF(K76="""","""",K76+$Q$1)","=IF(L76="""","""",""G1 X""&TEXT(I76,""0.###"")&"" Y""&TEXT(J76,""0.###"")&"" Z""&TEXT(L76,""0.###""))"
,,,"=IF(C77=""C"",$Q$2,IF(C77=""S"",1,0))","=E76+D77",=(ROW()-4),"=IF(F77>LOOKUP(9E+307,$E$5:$E$120),"""",LOOKUP(F77-1,$E$5:$E$120,ROW($E$5:$E$120))+1)","=IF(G77="""","""",F77-INDEX($E:$E,G77-1))","=IF(G77="""","""",INDEX($A:$A,G77-1)+(INDEX($A:$A,G77)-INDEX($A:$A,G77-1))*H77/INDEX($D:$D,G77))","=IF(G77="""","""",INDEX($B:$B,G77-1)+(INDEX($B:$B,G77)-INDEX($B:$B,G77-1))*H77/INDEX($D:$D,G77))","=IF(G77="""","""",MOD(DEGREES(ATAN2(INDEX($A:$A,G77)-INDEX($A:$A,G77-1),INDEX($B:$B,G77)-INDEX($B:$B,G77-1))),360))","=IF(K77="""","""",K77+$Q$1)","=IF(L77="""","""",""G1 X""&TEXT(I77,""0.###"")&"" Y""&TEXT(J77,""0.###"")&"" Z""&TEXT(L77,""0.###""))"
,,,"=IF(C78=""C"",$Q$2,IF(C78=""S"",1,0))","=E77+D78",=(ROW()-4),"=IF(F78>LOOKUP(9E+307,$E$5:$E$120),"""",LOOKUP(F78-1,$E$5:$E$120,ROW($E$5:$E$120))+1)","=IF(G78="""","""",F78-INDEX($E:$E,G78-1))","=IF(G78="""","""",INDEX($A:$A,G78-1)+(INDEX($A:$A,G78)-INDEX($A:$A,G78-1))*H78/INDEX($D:$D,G78))","=IF(G78="""","""",INDEX($B:$B,G78-1)+(INDEX($B:$B,G78)-INDEX($B:$B,G78-1))*H78/INDEX($D:$D,G78))","=IF(G78="""","""",MOD(DEGREES(ATAN2(INDEX($A:$A,G78)-INDEX($A:$A,G78-1),INDEX($B:$B,G78)-INDEX($B:$B,G78-1))),360))","=IF(K78="""","""",K78+$Q$1)","=IF(L78="""","""",""G1 X""&TEXT(I78,""0.###"")&"" Y""&TEXT(J78,""0.###"")&"" Z""&TEXT(L78,""0.###""))"
,,,"=IF(C79=""C"",$Q$2,IF(C79=""S"",1,0))","=E78+D79",=(ROW()-4),"=IF(F79>LOOKUP(9E+307,$E$5:$E$120),"""",LOOKUP(F79-1,$E$5:$E$120,ROW($E$5:$E$120))+1)","=IF(G79="""","""",F79-INDEX($E:$E,G79-1))","=IF(G79="""","""",INDEX($A:$A,G79-1)+(INDEX($A:$A,G79)-INDEX($A:$A,G79-1))*H79/INDEX($D:$D,G79))","=IF(G79="""","""",INDEX($B:$B,G79-1)+(INDEX($B:$B,G79)-INDEX($B:$B,G79-1))*H79/INDEX($D:$D,G79))","=IF(G79="""","""",MOD(DEGREES(ATAN2(INDEX($A:$A,G79)-INDEX($A:$A,G79-1),INDEX($B:$B,G79)-INDEX($B:$B,G79-1))),360))","=IF(K79="""","""",K79+$Q$1)","=IF(L79="""","""",""G1 X""&TEXT(I79,""0.###"")&"" Y""&TEXT(J79,""0.###"")&"" Z""&TEXT(L79,""0.###""))"
,,,"=IF(C80=""C"",$Q$2,IF(C80=""S"",1,0))","=E79+D80",=(ROW()-4),"=IF(F80>LOOKUP(9E+307,$E$5:$E$120),"""",LOOKUP(F80-1,$E$5:$E$120,ROW($E$5:$E$120))+1)","=IF(G80="""","""",F80-INDEX($E:$E,G80-1))","=IF(G80="""","""",INDEX($A:$A,G80-1)+(INDEX($A:$A,G80)-INDEX($A:$A,G80-1))*H80/INDEX($D:$D,G80))","=IF(G80="""","""",INDEX($B:$B,G80-1)+(INDEX($B:$B,G80)-INDEX($B:$B,G80-1))*H80/INDEX($D:$D,G80))","=IF(G80="""","""",MOD(DEGREES(ATAN2(INDEX($A:$A,G80)-INDEX($A:$A,G80-1),INDEX($B:$B,G80)-INDEX($B:$B,G80-1))),360))","=IF(K80="""","""",K80+$Q$1)","=IF(L80="""","""",""G1 X""&TEXT(I80,""0.###"")&"" Y""&TEXT(J80,""0.###"")&"" Z""&TEXT(L80,""0.###""))"
,,,"=IF(C81=""C"",$Q$2,IF(C81=""S"",1,0))","=E80+D81",=(ROW()-4),"=IF(F81>LOOKUP(9E+307,$E$5:$E$120),"""",LOOKUP(F81-1,$E$5:$E$120,ROW($E$5:$E$120))+1)","=IF(G81="""","""",F81-INDEX($E:$E,G81-1))","=IF(G81="""","""",INDEX($A:$A,G81-1)+(INDEX($A:$A,G81)-INDEX($A:$A,G81-1))*H81/INDEX($D:$D,G81))","=IF(G81="""","""",INDEX($B:$B,G81-1)+(INDEX($B:$B,G81)-INDEX($B:$B,G81-1))*H81/INDEX($D:$D,G81))","=IF(G81="""","""",MOD(DEGREES(ATAN2(INDEX($A:$A,G81)-INDEX($A:$A,G81-1),INDEX($B:$B,G81)-INDEX($B:$B,G81-1))),360))","=IF(K81="""","""",K81+$Q$1)","=IF(L81="""","""",""G1 X""&TEXT(I81,""0.###"")&"" Y""&TEXT(J81,""0.###"")&"" Z""&TEXT(L81,""0.###""))"
,,,"=IF(C82=""C"",$Q$2,IF(C82=""S"",1,0))","=E81+D82",=(ROW()-4),"=IF(F82>LOOKUP(9E+307,$E$5:$E$120),"""",LOOKUP(F82-1,$E$5:$E$120,ROW($E$5:$E$120))+1)","=IF(G82="""","""",F82-INDEX($E:$E,G82-1))","=IF(G82="""","""",INDEX($A:$A,G82-1)+(INDEX($A:$A,G82)-INDEX($A:$A,G82-1))*H82/INDEX($D:$D,G82))","=IF(G82="""","""",INDEX($B:$B,G82-1)+(INDEX($B:$B,G82)-INDEX($B:$B,G82-1))*H82/INDEX($D:$D,G82))","=IF(G82="""","""",MOD(DEGREES(ATAN2(INDEX($A:$A,G82)-INDEX($A:$A,G82-1),INDEX($B:$B,G82)-INDEX($B:$B,G82-1))),360))","=IF(K82="""","""",K82+$Q$1)","=IF(L82="""","""",""G1 X""&TEXT(I82,""0.###"")&"" Y""&TEXT(J82,""0.###"")&"" Z""&TEXT(L82,""0.###""))"
,,,"=IF(C83=""C"",$Q$2,IF(C83=""S"",1,0))","=E82+D83",=(ROW()-4),"=IF(F83>LOOKUP(9E+307,$E$5:$E$120),"""",LOOKUP(F83-1,$E$5:$E$120,ROW($E$5:$E$120))+1)","=IF(G83="""","""",F83-INDEX($E:$E,G83-1))","=IF(G83="""","""",INDEX($A:$A,G83-1)+(INDEX($A:$A,G83)-INDEX($A:$A,G83-1))*H83/INDEX($D:$D,G83))","=IF(G83="""","""",INDEX($B:$B,G83-1)+(INDEX($B:$B,G83)-INDEX($B:$B,G83-1))*H83/INDEX($D:$D,G83))","=IF(G83="""","""",MOD(DEGREES(ATAN2(INDEX($A:$A,G83)-INDEX($A:$A,G83-1),INDEX($B:$B,G83)-INDEX($B:$B,G83-1))),360))","=IF(K83="""","""",K83+$Q$1)","=IF(L83="""","""",""G1 X""&TEXT(I83,""0.###"")&"" Y""&TEXT(J83,""0.###"")&"" Z""&TEXT(L83,""0.###""))"
,,,"=IF(C84=""C"",$Q$2,IF(C84=""S"",1,0))","=E83+D84",=(ROW()-4),"=IF(F84>LOOKUP(9E+307,$E$5:$E$120),"""",LOOKUP(F84-1,$E$5:$E$120,ROW($E$5:$E$120))+1)","=IF(G84="""","""",F84-INDEX($E:$E,G84-1))","=IF(G84="""","""",INDEX($A:$A,G84-1)+(INDEX($A:$A,G84)-INDEX($A:$A,G84-1))*H84/INDEX($D:$D,G84))","=IF(G84="""","""",INDEX($B:$B,G84-1)+(INDEX($B:$B,G84)-INDEX($B:$B,G84-1))*H84/INDEX($D:$D,G84))","=IF(G84="""","""",MOD(DEGREES(ATAN2(INDEX($A:$A,G84)-INDEX($A:$A,G84-1),INDEX($B:$B,G84)-INDEX($B:$B,G84-1))),360))","=IF(K84="""","""",K84+$Q$1)","=IF(L84="""","""",""G1 X""&TEXT(I84,""0.###"")&"" Y""&TEXT(J84,""0.###"")&"" Z""&TEXT(L84,""0.###""))"
,,,"=IF(C85=""C"",$Q$2,IF(C85=""S"",1,0))","=E84+D85",=(ROW()-4),"=IF(F85>LOOKUP(9E+307,$E$5:$E$120),"""",LOOKUP(F85-1,$E$5:$E$120,ROW($E$5:$E$120))+1)","=IF(G85="""","""",F85-INDEX($E:$E,G85-1))","=IF(G85="""","""",INDEX($A:$A,G85-1)+(INDEX($A:$A,G85)-INDEX($A:$A,G85-1))*H85/INDEX($D:$D,G85))","=IF(G85="""","""",INDEX($B:$B,G85-1)+(INDEX($B:$B,G85)-INDEX($B:$B,G85-1))*H85/INDEX($D:$D,G85))","=IF(G85="""","""",MOD(DEGREES(ATAN2(INDEX($A:$A,G85)-INDEX($A:$A,G85-1),INDEX($B:$B,G85)-INDEX($B:$B,G85-1))),360))","=IF(K85="""","""",K85+$Q$1)","=IF(L85="""","""",""G1 X""&TEXT(I85,""0.###"")&"" Y""&TEXT(J85,""0.###"")&"" Z""&TEXT(L85,""0.###""))"
,,,"=IF(C86=""C"",$Q$2,IF(C86=""S"",1,0))","=E85+D86",=(ROW()-4),"=IF(F86>LOOKUP(9E+307,$E$5:$E$120),"""",LOOKUP(F86-1,$E$5:$E$120,ROW($E$5:$E$120))+1)","=IF(G86="""","""",F86-INDEX($E:$E,G86-1))","=IF(G86="""","""",INDEX($A:$A,G86-1)+(INDEX($A:$A,G86)-INDEX($A:$A,G86-1))*H86/INDEX($D:$D,G86))","=IF(G86="""","""",INDEX($B:$B,G86-1)+(INDEX($B:$B,G86)-INDEX($B:$B,G86-1))*H86/INDEX($D:$D,G86))","=IF(G86="""","""",MOD(DEGREES(ATAN2(INDEX($A:$A,G86)-INDEX($A:$A,G86-1),INDEX($B:$B,G86)-INDEX($B:$B,G86-1))),360))","=IF(K86="""","""",K86+$Q$1)","=IF(L86="""","""",""G1 X""&TEXT(I86,""0.###"")&"" Y""&TEXT(J86,""0.###"")&"" Z""&TEXT(L86,""0.###""))"
,,,"=IF(C87=""C"",$Q$2,IF(C87=""S"",1,0))","=E86+D87",=(ROW()-4),"=IF(F87>LOOKUP(9E+307,$E$5:$E$120),"""",LOOKUP(F87-1,$E$5:$E$120,ROW($E$5:$E$120))+1)","=IF(G87="""","""",F87-INDEX($E:$E,G87-1))","=IF(G87="""","""",INDEX($A:$A,G87-1)+(INDEX($A:$A,G87)-INDEX($A:$A,G87-1))*H87/INDEX($D:$D,G87))","=IF(G87="""","""",INDEX($B:$B,G87-1)+(INDEX($B:$B,G87)-INDEX($B:$B,G87-1))*H87/INDEX($D:$D,G87))","=IF(G87="""","""",MOD(DEGREES(ATAN2(INDEX($A:$A,G87)-INDEX($A:$A,G87-1),INDEX($B:$B,G87)-INDEX($B:$B,G87-1))),360))","=IF(K87="""","""",K87+$Q$1)","=IF(L87="""","""",""G1 X""&TEXT(I87,""0.###"")&"" Y""&TEXT(J87,""0.###"")&"" Z""&TEXT(L87,""0.###""))"
,,,"=IF(C88=""C"",$Q$2,IF(C88=""S"",1,0))","=E87+D88",=(ROW()-4),"=IF(F88>LOOKUP(9E+307,$E$5:$E$120),"""",LOOKUP(F88-1,$E$5:$E$120,ROW($E$5:$E$120))+1)","=IF(G88="""","""",F88-INDEX($E:$E,G88-1))","=IF(G88="""","""",INDEX($A:$A,G88-1)+(INDEX($A:$A,G88)-INDEX($A:$A,G88-1))*H88/INDEX($D:$D,G88))","=IF(G88="""","""",INDEX($B:$B,G88-1)+(INDEX($B:$B,G88)-INDEX($B:$B,G88-1))*H88/INDEX($D:$D,G88))","=IF(G88="""","""",MOD(DEGREES(ATAN2(INDEX($A:$A,G88)-INDEX($A:$A,G88-1),INDEX($B:$B,G88)-INDEX($B:$B,G88-1))),360))","=IF(K88="""","""",K88+$Q$1)","=IF(L88="""","""",""G1 X""&TEXT(I88,""0.###"")&"" Y""&TEXT(J88,""0.###"")&"" Z""&TEXT(L88,""0.###""))"
,,,"=IF(C89=""C"",$Q$2,IF(C89=""S"",1,0))","=E88+D89",=(ROW()-4),"=IF(F89>LOOKUP(9E+307,$E$5:$E$120),"""",LOOKUP(F89-1,$E$5:$E$120,ROW($E$5:$E$120))+1)","=IF(G89="""","""",F89-INDEX($E:$E,G89-1))","=IF(G89="""","""",INDEX($A:$A,G89-1)+(INDEX($A:$A,G89)-INDEX($A:$A,G89-1))*H89/INDEX($D:$D,G89))","=IF(G89="""","""",INDEX($B:$B,G89-1)+(INDEX($B:$B,G89)-INDEX($B:$B,G89-1))*H89/INDEX($D:$D,G89))","=IF(G89="""","""",MOD(DEGREES(ATAN2(INDEX($A:$A,G89)-INDEX($A:$A,G89-1),INDEX($B:$B,G89)-INDEX($B:$B,G89-1))),360))","=IF(K89="""","""",K89+$Q$1)","=IF(L89="""","""",""G1 X""&TEXT(I89,""0.###"")&"" Y""&TEXT(J89,""0.###"")&"" Z""&TEXT(L89,""0.###""))"
,,,"=IF(C90=""C"",$Q$2,IF(C90=""S"",1,0))","=E89+D90",=(ROW()-4),"=IF(F90>LOOKUP(9E+307,$E$5:$E$120),"""",LOOKUP(F90-1,$E$5:$E$120,ROW($E$5:$E$120))+1)","=IF(G90="""","""",F90-INDEX($E:$E,G90-1))","=IF(G90="""","""",INDEX($A:$A,G90-1)+(INDEX($A:$A,G90)-INDEX($A:$A,G90-1))*H90/INDEX($D:$D,G90))","=IF(G90="""","""",INDEX($B:$B,G90-1)+(INDEX($B:$B,G90)-INDEX($B:$B,G90-1))*H90/INDEX($D:$D,G90))","=IF(G90="""","""",MOD(DEGREES(ATAN2(INDEX($A:$A,G90)-INDEX($A:$A,G90-1),INDEX($B:$B,G90)-INDEX($B:$B,G90-1))),360))","=IF(K90="""","""",K90+$Q$1)","=IF(L90="""","""",""G1 X""&TEXT(I90,""0.###"")&"" Y""&TEXT(J90,""0.###"")&"" Z""&TEXT(L90,""0.###""))"
,,,"=IF(C91=""C"",$Q$2,IF(C91=""S"",1,0))","=E90+D91",=(ROW()-4),"=IF(F91>LOOKUP(9E+307,$E$5:$E$120),"""",LOOKUP(F91-1,$E$5:$E$120,ROW($E$5:$E$120))+1)","=IF(G91="""","""",F91-INDEX($E:$E,G91-1))","=IF(G91="""","""",INDEX($A:$A,G91-1)+(INDEX($A:$A,G91)-INDEX($A:$A,G91-1))*H91/INDEX($D:$D,G91))","=IF(G91="""","""",INDEX($B:$B,G91-1)+(INDEX($B:$B,G91)-INDEX($B:$B,G91-1))*H91/INDEX($D:$D,G91))","=IF(G91="""","""",MOD(DEGREES(ATAN2(INDEX($A:$A,G91)-INDEX($A:$A,G91-1),INDEX($B:$B,G91)-INDEX($B:$B,G91-1))),360))","=IF(K91="""","""",K91+$Q$1)","=IF(L91="""","""",""G1 X""&TEXT(I91,""0.###"")&"" Y""&TEXT(J91,""0.###"")&"" Z""&TEXT(L91,""0.###""))"
,,,"=IF(C92=""C"",$Q$2,IF(C92=""S"",1,0))","=E91+D92",=(ROW()-4),"=IF(F92>LOOKUP(9E+307,$E$5:$E$120),"""",LOOKUP(F92-1,$E$5:$E$120,ROW($E$5:$E$120))+1)","=IF(G92="""","""",F92-INDEX($E:$E,G92-1))","=IF(G92="""","""",INDEX($A:$A,G92-1)+(INDEX($A:$A,G92)-INDEX($A:$A,G92-1))*H92/INDEX($D:$D,G92))","=IF(G92="""","""",INDEX($B:$B,G92-1)+(INDEX($B:$B,G92)-INDEX($B:$B,G92-1))*H92/INDEX($D:$D,G92))","=IF(G92="""","""",MOD(DEGREES(ATAN2(INDEX($A:$A,G92)-INDEX($A:$A,G92-1),INDEX($B:$B,G92)-INDEX($B:$B,G92-1))),360))","=IF(K92="""","""",K92+$Q$1)","=IF(L92="""","""",""G1 X""&TEXT(I92,""0.###"")&"" Y""&TEXT(J92,""0.###"")&"" Z""&TEXT(L92,""0.###""))"
,,,"=IF(C93=""C"",$Q$2,IF(C93=""S"",1,0))","=E92+D93",=(ROW()-4),"=IF(F93>LOOKUP(9E+307,$E$5:$E$120),"""",LOOKUP(F93-1,$E$5:$E$120,ROW($E$5:$E$120))+1)","=IF(G93="""","""",F93-INDEX($E:$E,G93-1))","=IF(G93="""","""",INDEX($A:$A,G93-1)+(INDEX($A:$A,G93)-INDEX($A:$A,G93-1))*H93/INDEX($D:$D,G93))","=IF(G93="""","""",INDEX($B:$B,G93-1)+(INDEX($B:$B,G93)-INDEX($B:$B,G93-1))*H93/INDEX($D:$D,G93))","=IF(G93="""","""",MOD(DEGREES(ATAN2(INDEX($A:$A,G93)-INDEX($A:$A,G93-1),INDEX($B:$B,G93)-INDEX($B:$B,G93-1))),360))","=IF(K93="""","""",K93+$Q$1)","=IF(L93="""","""",""G1 X""&TEXT(I93,""0.###"")&"" Y""&TEXT(J93,""0.###"")&"" Z""&TEXT(L93,""0.###""))"
,,,"=IF(C94=""C"",$Q$2,IF(C94=""S"",1,0))","=E93+D94",=(ROW()-4),"=IF(F94>LOOKUP(9E+307,$E$5:$E$120),"""",LOOKUP(F94-1,$E$5:$E$120,ROW($E$5:$E$120))+1)","=IF(G94="""","""",F94-INDEX($E:$E,G94-1))","=IF(G94="""","""",INDEX($A:$A,G94-1)+(INDEX($A:$A,G94)-INDEX($A:$A,G94-1))*H94/INDEX($D:$D,G94))","=IF(G94="""","""",INDEX($B:$B,G94-1)+(INDEX($B:$B,G94)-INDEX($B:$B,G94-1))*H94/INDEX($D:$D,G94))","=IF(G94="""","""",MOD(DEGREES(ATAN2(INDEX($A:$A,G94)-INDEX($A:$A,G94-1),INDEX($B:$B,G94)-INDEX($B:$B,G94-1))),360))","=IF(K94="""","""",K94+$Q$1)","=IF(L94="""","""",""G1 X""&TEXT(I94,""0.###"")&"" Y""&TEXT(J94,""0.###"")&"" Z""&TEXT(L94,""0.###""))"
,,,"=IF(C95=""C"",$Q$2,IF(C95=""S"",1,0))","=E94+D95",=(ROW()-4),"=IF(F95>LOOKUP(9E+307,$E$5:$E$120),"""",LOOKUP(F95-1,$E$5:$E$120,ROW($E$5:$E$120))+1)","=IF(G95="""","""",F95-INDEX($E:$E,G95-1))","=IF(G95="""","""",INDEX($A:$A,G95-1)+(INDEX($A:$A,G95)-INDEX($A:$A,G95-1))*H95/INDEX($D:$D,G95))","=IF(G95="""","""",INDEX($B:$B,G95-1)+(INDEX($B:$B,G95)-INDEX($B:$B,G95-1))*H95/INDEX($D:$D,G95))","=IF(G95="""","""",MOD(DEGREES(ATAN2(INDEX($A:$A,G95)-INDEX($A:$A,G95-1),INDEX($B:$B,G95)-INDEX($B:$B,G95-1))),360))","=IF(K95="""","""",K95+$Q$1)","=IF(L95="""","""",""G1 X""&TEXT(I95,""0.###"")&"" Y""&TEXT(J95,""0.###"")&"" Z""&TEXT(L95,""0.###""))"
,,,"=IF(C96=""C"",$Q$2,IF(C96=""S"",1,0))","=E95+D96",=(ROW()-4),"=IF(F96>LOOKUP(9E+307,$E$5:$E$120),"""",LOOKUP(F96-1,$E$5:$E$120,ROW($E$5:$E$120))+1)","=IF(G96="""","""",F96-INDEX($E:$E,G96-1))","=IF(G96="""","""",INDEX($A:$A,G96-1)+(INDEX($A:$A,G96)-INDEX($A:$A,G96-1))*H96/INDEX($D:$D,G96))","=IF(G96="""","""",INDEX($B:$B,G96-1)+(INDEX($B:$B,G96)-INDEX($B:$B,G96-1))*H96/INDEX($D:$D,G96))","=IF(G96="""","""",MOD(DEGREES(ATAN2(INDEX($A:$A,G96)-INDEX($A:$A,G96-1),INDEX($B:$B,G96)-INDEX($B:$B,G96-1))),360))","=IF(K96="""","""",K96+$Q$1)","=IF(L96="""","""",""G1 X""&TEXT(I96,""0.###"")&"" Y""&TEXT(J96,""0.###"")&"" Z""&TEXT(L96,""0.###""))"
,,,"=IF(C97=""C"",$Q$2,IF(C97=""S"",1,0))","=E96+D97",=(ROW()-4),"=IF(F97>LOOKUP(9E+307,$E$5:$E$120),"""",LOOKUP(F97-1,$E$5:$E$120,ROW($E$5:$E$120))+1)","=IF(G97="""","""",F97-INDEX($E:$E,G97-1))","=IF(G97="""","""",INDEX($A:$A,G97-1)+(INDEX($A:$A,G97)-INDEX($A:$A,G97-1))*H97/INDEX($D:$D,G97))","=IF(G97="""","""",INDEX($B:$B,G97-1)+(INDEX($B:$B,G97)-INDEX($B:$B,G97-1))*H97/INDEX($D:$D,G97))","=IF(G97="""","""",MOD(DEGREES(ATAN2(INDEX($A:$A,G97)-INDEX($A:$A,G97-1),INDEX($B:$B,G97)-INDEX($B:$B,G97-1))),360))","=IF(K97="""","""",K97+$Q$1)","=IF(L97="""","""",""G1 X""&TEXT(I97,""0.###"")&"" Y""&TEXT(J97,""0.###"")&"" Z""&TEXT(L97,""0.###""))"
,,,"=IF(C98=""C"",$Q$2,IF(C98=""S"",1,0))","=E97+D98",=(ROW()-4),"=IF(F98>LOOKUP(9E+307,$E$5:$E$120),"""",LOOKUP(F98-1,$E$5:$E$120,ROW($E$5:$E$120))+1)","=IF(G98="""","""",F98-INDEX($E:$E,G98-1))","=IF(G98="""","""",INDEX($A:$A,G98-1)+(INDEX($A:$A,G98)-INDEX($A:$A,G98-1))*H98/INDEX($D:$D,G98))","=IF(G98="""","""",INDEX($B:$B,G98-1)+(INDEX($B:$B,G98)-INDEX($B:$B,G98-1))*H98/INDEX($D:$D,G98))","=IF(G98="""","""",MOD(DEGREES(ATAN2(INDEX($A:$A,G98)-INDEX($A:$A,G98-1),INDEX($B:$B,G98)-INDEX($B:$B,G98-1))),360))","=IF(K98="""","""",K98+$Q$1)","=IF(L98="""","""",""G1 X""&TEXT(I98,""0.###"")&"" Y""&TEXT(J98,""0.###"")&"" Z""&TEXT(L98,""0.###""))"
,,,"=IF(C99=""C"",$Q$2,IF(C99=""S"",1,0))","=E98+D99",=(ROW()-4),"=IF(F99>LOOKUP(9E+307,$E$5:$E$120),"""",LOOKUP(F99-1,$E$5:$E$120,ROW($E$5:$E$120))+1)","=IF(G99="""","""",F99-INDEX($E:$E,G99-1))","=IF(G99="""","""",INDEX($A:$A,G99-1)+(INDEX($A:$A,G99)-INDEX($A:$A,G99-1))*H99/INDEX($D:$D,G99))","=IF(G99="""","""",INDEX($B:$B,G99-1)+(INDEX($B:$B,G99)-INDEX($B:$B,G99-1))*H99/INDEX($D:$D,G99))","=IF(G99="""","""",MOD(DEGREES(ATAN2(INDEX($A:$A,G99)-INDEX($A:$A,G99-1),INDEX($B:$B,G99)-INDEX($B:$B,G99-1))),360))","=IF(K99="""","""",K99+$Q$1)","=IF(L99="""","""",""G1 X""&TEXT(I99,""0.###"")&"" Y""&TEXT(J99,""0.###"")&"" Z""&TEXT(L99,""0.###""))"
,,,"=IF(C100=""C"",$Q$2,IF(C100=""S"",1,0))","=E99+D100",=(ROW()-4),"=IF(F100>LOOKUP(9E+307,$E$5:$E$120),"""",LOOKUP(F100-1,$E$5:$E$120,ROW($E$5:$E$120))+1)","=IF(G100="""","""",F100-INDEX($E:$E,G100-1))","=IF(G100="""","""",INDEX($A:$A,G100-1)+(INDEX($A:$A,G100)-INDEX($A:$A,G100-1))*H100/INDEX($D:$D,G100))","=IF(G100="""","""",INDEX($B:$B,G100-1)+(INDEX($B:$B,G100)-INDEX($B:$B,G100-1))*H100/INDEX($D:$D,G100))","=IF(G100="""","""",MOD(DEGREES(ATAN2(INDEX($A:$A,G100)-INDEX($A:$A,G100-1),INDEX($B:$B,G100)-INDEX($B:$B,G100-1))),360))","=IF(K100="""","""",K100+$Q$1)","=IF(L100="""","""",""G1 X""&TEXT(I100,""0.###"")&"" Y""&TEXT(J100,""0.###"")&"" Z""&TEXT(L100,""0.###""))"
,,,"=IF(C101=""C"",$Q$2,IF(C101=""S"",1,0))","=E100+D101",=(ROW()-4),"=IF(F101>LOOKUP(9E+307,$E$5:$E$120),"""",LOOKUP(F101-1,$E$5:$E$120,ROW($E$5:$E$120))+1)","=IF(G101="""","""",F101-INDEX($E:$E,G101-1))","=IF(G101="""","""",INDEX($A:$A,G101-1)+(INDEX($A:$A,G101)-INDEX($A:$A,G101-1))*H101/INDEX($D:$D,G101))","=IF(G101="""","""",INDEX($B:$B,G101-1)+(INDEX($B:$B,G101)-INDEX($B:$B,G101-1))*H101/INDEX($D:$D,G101))","=IF(G101="""","""",MOD(DEGREES(ATAN2(INDEX($A:$A,G101)-INDEX($A:$A,G101-1),INDEX($B:$B,G101)-INDEX($B:$B,G101-1))),360))","=IF(K101="""","""",K101+$Q$1)","=IF(L101="""","""",""G1 X""&TEXT(I101,""0.###"")&"" Y""&TEXT(J101,""0.###"")&"" Z""&TEXT(L101,""0.###""))"
,,,"=IF(C102=""C"",$Q$2,IF(C102=""S"",1,0))","=E101+D102",=(ROW()-4),"=IF(F102>LOOKUP(9E+307,$E$5:$E$120),"""",LOOKUP(F102-1,$E$5:$E$120,ROW($E$5:$E$120))+1)","=IF(G102="""","""",F102-INDEX($E:$E,G102-1))","=IF(G102="""","""",INDEX($A:$A,G102-1)+(INDEX($A:$A,G102)-INDEX($A:$A,G102-1))*H102/INDEX($D:$D,G102))","=IF(G102="""","""",INDEX($B:$B,G102-1)+(INDEX($B:$B,G102)-INDEX($B:$B,G102-1))*H102/INDEX($D:$D,G102))","=IF(G102="""","""",MOD(DEGREES(ATAN2(INDEX($A:$A,G102)-INDEX($A:$A,G102-1),INDEX($B:$B,G102)-INDEX($B:$B,G102-1))),360))","=IF(K102="""","""",K102+$Q$1)","=IF(L102="""","""",""G1 X""&TEXT(I102,""0.###"")&"" Y""&TEXT(J102,""0.###"")&"" Z""&TEXT(L102,""0.###""))"
,,,"=IF(C103=""C"",$Q$2,IF(C103=""S"",1,0))","=E102+D103",=(ROW()-4),"=IF(F103>LOOKUP(9E+307,$E$5:$E$120),"""",LOOKUP(F103-1,$E$5:$E$120,ROW($E$5:$E$120))+1)","=IF(G103="""","""",F103-INDEX($E:$E,G103-1))","=IF(G103="""","""",INDEX($A:$A,G103-1)+(INDEX($A:$A,G103)-INDEX($A:$A,G103-1))*H103/INDEX($D:$D,G103))","=IF(G103="""","""",INDEX($B:$B,G103-1)+(INDEX($B:$B,G103)-INDEX($B:$B,G103-1))*H103/INDEX($D:$D,G103))","=IF(G103="""","""",MOD(DEGREES(ATAN2(INDEX($A:$A,G103)-INDEX($A:$A,G103-1),INDEX($B:$B,G103)-INDEX($B:$B,G103-1))),360))","=IF(K103="""","""",K103+$Q$1)","=IF(L103="""","""",""G1 X""&TEXT(I103,""0.###"")&"" Y""&TEXT(J103,""0.###"")&"" Z""&TEXT(L103,""0.###""))"
,,,"=IF(C104=""C"",$Q$2,IF(C104=""S"",1,0))","=E103+D104",=(ROW()-4),"=IF(F104>LOOKUP(9E+307,$E$5:$E$120),"""",LOOKUP(F104-1,$E$5:$E$120,ROW($E$5:$E$120))+1)","=IF(G104="""","""",F104-INDEX($E:$E,G104-1))","=IF(G104="""","""",INDEX($A:$A,G104-1)+(INDEX($A:$A,G104)-INDEX($A:$A,G104-1))*H104/INDEX($D:$D,G104))","=IF(G104="""","""",INDEX($B:$B,G104-1)+(INDEX($B:$B,G104)-INDEX($B:$B,G104-1))*H104/INDEX($D:$D,G104))","=IF(G104="""","""",MOD(DEGREES(ATAN2(INDEX($A:$A,G104)-INDEX($A:$A,G104-1),INDEX($B:$B,G104)-INDEX($B:$B,G104-1))),360))","=IF(K104="""","""",K104+$Q$1)","=IF(L104="""","""",""G1 X""&TEXT(I104,""0.###"")&"" Y""&TEXT(J104,""0.###"")&"" Z""&TEXT(L104,""0.###""))"
,,,"=IF(C105=""C"",$Q$2,IF(C105=""S"",1,0))","=E104+D105",=(ROW()-4),"=IF(F105>LOOKUP(9E+307,$E$5:$E$120),"""",LOOKUP(F105-1,$E$5:$E$120,ROW($E$5:$E$120))+1)","=IF(G105="""","""",F105-INDEX($E:$E,G105-1))","=IF(G105="""","""",INDEX($A:$A,G105-1)+(INDEX($A:$A,G105)-INDEX($A:$A,G105-1))*H105/INDEX($D:$D,G105))","=IF(G105="""","""",INDEX($B:$B,G105-1)+(INDEX($B:$B,G105)-INDEX($B:$B,G105-1))*H105/INDEX($D:$D,G105))","=IF(G105="""","""",MOD(DEGREES(ATAN2(INDEX($A:$A,G105)-INDEX($A:$A,G105-1),INDEX($B:$B,G105)-INDEX($B:$B,G105-1))),360))","=IF(K105="""","""",K105+$Q$1)","=IF(L105="""","""",""G1 X""&TEXT(I105,""0.###"")&"" Y""&TEXT(J105,""0.###"")&"" Z""&TEXT(L105,""0.###""))"
,,,"=IF(C106=""C"",$Q$2,IF(C106=""S"",1,0))","=E105+D106",=(ROW()-4),"=IF(F106>LOOKUP(9E+307,$E$5:$E$120),"""",LOOKUP(F106-1,$E$5:$E$120,ROW($E$5:$E$120))+1)","=IF(G106="""","""",F106-INDEX($E:$E,G106-1))","=IF(G106="""","""",INDEX($A:$A,G106-1)+(INDEX($A:$A,G106)-INDEX($A:$A,G106-1))*H106/INDEX($D:$D,G106))","=IF(G106="""","""",INDEX($B:$B,G106-1)+(INDEX($B:$B,G106)-INDEX($B:$B,G106-1))*H106/INDEX($D:$D,G106))","=IF(G106="""","""",MOD(DEGREES(ATAN2(INDEX($A:$A,G106)-INDEX($A:$A,G106-1),INDEX($B:$B,G106)-INDEX($B:$B,G106-1))),360))","=IF(K106="""","""",K106+$Q$1)","=IF(L106="""","""",""G1 X""&TEXT(I106,""0.###"")&"" Y""&TEXT(J106,""0.###"")&"" Z""&TEXT(L106,""0.###""))"
,,,"=IF(C107=""C"",$Q$2,IF(C107=""S"",1,0))","=E106+D107",=(ROW()-4),"=IF(F107>LOOKUP(9E+307,$E$5:$E$120),"""",LOOKUP(F107-1,$E$5:$E$120,ROW($E$5:$E$120))+1)","=IF(G107="""","""",F107-INDEX($E:$E,G107-1))","=IF(G107="""","""",INDEX($A:$A,G107-1)+(INDEX($A:$A,G107)-INDEX($A:$A,G107-1))*H107/INDEX($D:$D,G107))","=IF(G107="""","""",INDEX($B:$B,G107-1)+(INDEX($B:$B,G107)-INDEX($B:$B,G107-1))*H107/INDEX($D:$D,G107))","=IF(G107="""","""",MOD(DEGREES(ATAN2(INDEX($A:$A,G107)-INDEX($A:$A,G107-1),INDEX($B:$B,G107)-INDEX($B:$B,G107-1))),360))","=IF(K107="""","""",K107+$Q$1)","=IF(L107="""","""",""G1 X""&TEXT(I107,""0.###"")&"" Y""&TEXT(J107,""0.###"")&"" Z""&TEXT(L107,""0.###""))"
,,,"=IF(C108=""C"",$Q$2,IF(C108=""S"",1,0))","=E107+D108",=(ROW()-4),"=IF(F108>LOOKUP(9E+307,$E$5:$E$120),"""",LOOKUP(F108-1,$E$5:$E$120,ROW($E$5:$E$120))+1)","=IF(G108="""","""",F108-INDEX($E:$E,G108-1))","=IF(G108="""","""",INDEX($A:$A,G108-1)+(INDEX($A:$A,G108)-INDEX($A:$A,G108-1))*H108/INDEX($D:$D,G108))","=IF(G108="""","""",INDEX($B:$B,G108-1)+(INDEX($B:$B,G108)-INDEX($B:$B,G108-1))*H108/INDEX($D:$D,G108))","=IF(G108="""","""",MOD(DEGREES(ATAN2(INDEX($A:$A,G108)-INDEX($A:$A,G108-1),INDEX($B:$B,G108)-INDEX($B:$B,G108-1))),360))","=IF(K108="""","""",K108+$Q$1)","=IF(L108="""","""",""G1 X""&TEXT(I108,""0.###"")&"" Y""&TEXT(J108,""0.###"")&"" Z""&TEXT(L108,""0.###""))"
,,,"=IF(C109=""C"",$Q$2,IF(C109=""S"",1,0))","=E108+D109",=(ROW()-4),"=IF(F109>LOOKUP(9E+307,$E$5:$E$120),"""",LOOKUP(F109-1,$E$5:$E$120,ROW($E$5:$E$120))+1)","=IF(G109="""","""",F109-INDEX($E:$E,G109-1))","=IF(G109="""","""",INDEX($A:$A,G109-1)+(INDEX($A:$A,G109)-INDEX($A:$A,G109-1))*H109/INDEX($D:$D,G109))","=IF(G109="""","""",INDEX($B:$B,G109-1)+(INDEX($B:$B,G109)-INDEX($B:$B,G109-1))*H109/INDEX($D:$D,G109))","=IF(G109="""","""",MOD(DEGREES(ATAN2(INDEX($A:$A,G109)-INDEX($A:$A,G109-1),INDEX($B:$B,G109)-INDEX($B:$B,G109-1))),360))","=IF(K109="""","""",K109+$Q$1)","=IF(L109="""","""",""G1 X""&TEXT(I109,""0.###"")&"" Y""&TEXT(J109,""0.###"")&"" Z""&TEXT(L109,""0.###""))"
,,,"=IF(C110=""C"",$Q$2,IF(C110=""S"",1,0))","=E109+D110",=(ROW()-4),"=IF(F110>LOOKUP(9E+307,$E$5:$E$120),"""",LOOKUP(F110-1,$E$5:$E$120,ROW($E$5:$E$120))+1)","=IF(G110="""","""",F110-INDEX($E:$E,G110-1))","=IF(G110="""","""",INDEX($A:$A,G110-1)+(INDEX($A:$A,G110)-INDEX($A:$A,G110-1))*H110/INDEX($D:$D,G110))","=IF(G110="""","""",INDEX($B:$B,G110-1)+(INDEX($B:$B,G110)-INDEX($B:$B,G110-1))*H110/INDEX($D:$D,G110))","=IF(G110="""","""",MOD(DEGREES(ATAN2(INDEX($A:$A,G110)-INDEX($A:$A,G110-1),INDEX($B:$B,G110)-INDEX($B:$B,G110-1))),360))","=IF(K110="""","""",K110+$Q$1)","=IF(L110="""","""",""G1 X""&TEXT(I110,""0.###"")&"" Y""&TEXT(J110,""0.###"")&"" Z""&TEXT(L110,""0.###""))"
,,,"=IF(C111=""C"",$Q$2,IF(C111=""S"",1,0))","=E110+D111",=(ROW()-4),"=IF(F111>LOOKUP(9E+307,$E$5:$E$120),"""",LOOKUP(F111-1,$E$5:$E$120,ROW($E$5:$E$120))+1)","=IF(G111="""","""",F111-INDEX($E:$E,G111-1))","=IF(G111="""","""",INDEX($A:$A,G111-1)+(INDEX($A:$A,G111)-INDEX($A:$A,G111-1))*H111/INDEX($D:$D,G111))","=IF(G111="""","""",INDEX($B:$B,G111-1)+(INDEX($B:$B,G111)-INDEX($B:$B,G111-1))*H111/INDEX($D:$D,G111))","=IF(G111="""","""",MOD(DEGREES(ATAN2(INDEX($A:$A,G111)-INDEX($A:$A,G111-1),INDEX($B:$B,G111)-INDEX($B:$B,G111-1))),360))","=IF(K111="""","""",K111+$Q$1)","=IF(L111="""","""",""G1 X""&TEXT(I111,""0.###"")&"" Y""&TEXT(J111,""0.###"")&"" Z""&TEXT(L111,""0.###""))"
,,,"=IF(C112=""C"",$Q$2,IF(C112=""S"",1,0))","=E111+D112",=(ROW()-4),"=IF(F112>LOOKUP(9E+307,$E$5:$E$120),"""",LOOKUP(F112-1,$E$5:$E$120,ROW($E$5:$E$120))+1)","=IF(G112="""","""",F112-INDEX($E:$E,G112-1))","=IF(G112="""","""",INDEX($A:$A,G112-1)+(INDEX($A:$A,G112)-INDEX($A:$A,G112-1))*H112/INDEX($D:$D,G112))","=IF(G112="""","""",INDEX($B:$B,G112-1)+(INDEX($B:$B,G112)-INDEX($B:$B,G112-1))*H112/INDEX($D:$D,G112))","=IF(G112="""","""",MOD(DEGREES(ATAN2(INDEX($A:$A,G112)-INDEX($A:$A,G112-1),INDEX($B:$B,G112)-INDEX($B:$B,G112-1))),360))","=IF(K112="""","""",K112+$Q$1)","=IF(L112="""","""",""G1 X""&TEXT(I112,""0.###"")&"" Y""&TEXT(J112,""0.###"")&"" Z""&TEXT(L112,""0.###""))"
,,,"=IF(C113=""C"",$Q$2,IF(C113=""S"",1,0))","=E112+D113",=(ROW()-4),"=IF(F113>LOOKUP(9E+307,$E$5:$E$120),"""",LOOKUP(F113-1,$E$5:$E$120,ROW($E$5:$E$120))+1)","=IF(G113="""","""",F113-INDEX($E:$E,G113-1))","=IF(G113="""","""",INDEX($A:$A,G113-1)+(INDEX($A:$A,G113)-INDEX($A:$A,G113-1))*H113/INDEX($D:$D,G113))","=IF(G113="""","""",INDEX($B:$B,G113-1)+(INDEX($B:$B,G113)-INDEX($B:$B,G113-1))*H113/INDEX($D:$D,G113))","=IF(G113="""","""",MOD(DEGREES(ATAN2(INDEX($A:$A,G113)-INDEX($A:$A,G113-1),INDEX($B:$B,G113)-INDEX($B:$B,G113-1))),360))","=IF(K113="""","""",K113+$Q$1)","=IF(L113="""","""",""G1 X""&TEXT(I113,""0.###"")&"" Y""&TEXT(J113,""0.###"")&"" Z""&TEXT(L113,""0.###""))"
,,,"=IF(C114=""C"",$Q$2,IF(C114=""S"",1,0))","=E113+D114",=(ROW()-4),"=IF(F114>LOOKUP(9E+307,$E$5:$E$120),"""",LOOKUP(F114-1,$E$5:$E$120,ROW($E$5:$E$120))+1)","=IF(G114="""","""",F114-INDEX($E:$E,G114-1))","=IF(G114="""","""",INDEX($A:$A,G114-1)+(INDEX($A:$A,G114)-INDEX($A:$A,G114-1))*H114/INDEX($D:$D,G114))","=IF(G114="""","""",INDEX($B:$B,G114-1)+(INDEX($B:$B,G114)-INDEX($B:$B,G114-1))*H114/INDEX($D:$D,G114))","=IF(G114="""","""",MOD(DEGREES(ATAN2(INDEX($A:$A,G114)-INDEX($A:$A,G114-1),INDEX($B:$B,G114)-INDEX($B:$B,G114-1))),360))","=IF(K114="""","""",K114+$Q$1)","=IF(L114="""","""",""G1 X""&TEXT(I114,""0.###"")&"" Y""&TEXT(J114,""0.###"")&"" Z""&TEXT(L114,""0.###""))"
,,,"=IF(C115=""C"",$Q$2,IF(C115=""S"",1,0))","=E114+D115",=(ROW()-4),"=IF(F115>LOOKUP(9E+307,$E$5:$E$120),"""",LOOKUP(F115-1,$E$5:$E$120,ROW($E$5:$E$120))+1)","=IF(G115="""","""",F115-INDEX($E:$E,G115-1))","=IF(G115="""","""",INDEX($A:$A,G115-1)+(INDEX($A:$A,G115)-INDEX($A:$A,G115-1))*H115/INDEX($D:$D,G115))","=IF(G115="""","""",INDEX($B:$B,G115-1)+(INDEX($B:$B,G115)-INDEX($B:$B,G115-1))*H115/INDEX($D:$D,G115))","=IF(G115="""","""",MOD(DEGREES(ATAN2(INDEX($A:$A,G115)-INDEX($A:$A,G115-1),INDEX($B:$B,G115)-INDEX($B:$B,G115-1))),360))","=IF(K115="""","""",K115+$Q$1)","=IF(L115="""","""",""G1 X""&TEXT(I115,""0.###"")&"" Y""&TEXT(J115,""0.###"")&"" Z""&TEXT(L115,""0.###""))"
,,,"=IF(C116=""C"",$Q$2,IF(C116=""S"",1,0))","=E115+D116",=(ROW()-4),"=IF(F116>LOOKUP(9E+307,$E$5:$E$120),"""",LOOKUP(F116-1,$E$5:$E$120,ROW($E$5:$E$120))+1)","=IF(G116="""","""",F116-INDEX($E:$E,G116-1))","=IF(G116="""","""",INDEX($A:$A,G116-1)+(INDEX($A:$A,G116)-INDEX($A:$A,G116-1))*H116/INDEX($D:$D,G116))","=IF(G116="""","""",INDEX($B:$B,G116-1)+(INDEX($B:$B,G116)-INDEX($B:$B,G116-1))*H116/INDEX($D:$D,G116))","=IF(G116="""","""",MOD(DEGREES(ATAN2(INDEX($A:$A,G116)-INDEX($A:$A,G116-1),INDEX($B:$B,G116)-INDEX($B:$B,G116-1))),360))","=IF(K116="""","""",K116+$Q$1)","=IF(L116="""","""",""G1 X""&TEXT(I116,""0.###"")&"" Y""&TEXT(J116,""0.###"")&"" Z""&TEXT(L116,""0.###""))"
,,,"=IF(C117=""C"",$Q$2,IF(C117=""S"",1,0))","=E116+D117",=(ROW()-4),"=IF(F117>LOOKUP(9E+307,$E$5:$E$120),"""",LOOKUP(F117-1,$E$5:$E$120,ROW($E$5:$E$120))+1)","=IF(G117="""","""",F117-INDEX($E:$E,G117-1))","=IF(G117="""","""",INDEX($A:$A,G117-1)+(INDEX($A:$A,G117)-INDEX($A:$A,G117-1))*H117/INDEX($D:$D,G117))","=IF(G117="""","""",INDEX($B:$B,G117-1)+(INDEX($B:$B,G117)-INDEX($B:$B,G117-1))*H117/INDEX($D:$D,G117))","=IF(G117="""","""",MOD(DEGREES(ATAN2(INDEX($A:$A,G117)-INDEX($A:$A,G117-1),INDEX($B:$B,G117)-INDEX($B:$B,G117-1))),360))","=IF(K117="""","""",K117+$Q$1)","=IF(L117="""","""",""G1 X""&TEXT(I117,""0.###"")&"" Y""&TEXT(J117,""0.###"")&"" Z""&TEXT(L117,""0.###""))"
,,,"=IF(C118=""C"",$Q$2,IF(C118=""S"",1,0))","=E117+D118",=(ROW()-4),"=IF(F118>LOOKUP(9E+307,$E$5:$E$120),"""",LOOKUP(F118-1,$E$5:$E$120,ROW($E$5:$E$120))+1)","=IF(G118="""","""",F118-INDEX($E:$E,G118-1))","=IF(G118="""","""",INDEX($A:$A,G118-1)+(INDEX($A:$A,G118)-INDEX($A:$A,G118-1))*H118/INDEX($D:$D,G118))","=IF(G118="""","""",INDEX($B:$B,G118-1)+(INDEX($B:$B,G118)-INDEX($B:$B,G118-1))*H118/INDEX($D:$D,G118))","=IF(G118="""","""",MOD(DEGREES(ATAN2(INDEX($A:$A,G118)-INDEX($A:$A,G118-1),INDEX($B:$B,G118)-INDEX($B:$B,G118-1))),360))","=IF(K118="""","""",K118+$Q$1)","=IF(L118="""","""",""G1 X""&TEXT(I118,""0.###"")&"" Y""&TEXT(J118,""0.###"")&"" Z""&TEXT(L118,""0.###""))"
,,,"=IF(C119=""C"",$Q$2,IF(C119=""S"",1,0))","=E118+D119",=(ROW()-4),"=IF(F119>LOOKUP(9E+307,$E$5:$E$120),"""",LOOKUP(F119-1,$E$5:$E$120,ROW($E$5:$E$120))+1)","=IF(G119="""","""",F119-INDEX($E:$E,G119-1))","=IF(G119="""","""",INDEX($A:$A,G119-1)+(INDEX($A:$A,G119)-INDEX($A:$A,G119-1))*H119/INDEX($D:$D,G119))","=IF(G119="""","""",INDEX($B:$B,G119-1)+(INDEX($B:$B,G119)-INDEX($B:$B,G119-1))*H119/INDEX($D:$D,G119))","=IF(G119="""","""",MOD(DEGREES(ATAN2(INDEX($A:$A,G119)-INDEX($A:$A,G119-1),INDEX($B:$B,G119)-INDEX($B:$B,G119-1))),360))","=IF(K119="""","""",K119+$Q$1)","=IF(L119="""","""",""G1 X""&TEXT(I119,""0.###"")&"" Y""&TEXT(J119,""0.###"")&"" Z""&TEXT(L119,""0.###""))"
,,,"=IF(C120=""C"",$Q$2,IF(C120=""S"",1,0))","=E119+D120",=(ROW()-4),"=IF(F120>LOOKUP(9E+307,$E$5:$E$120),"""",LOOKUP(F120-1,$E$5:$E$120,ROW($E$5:$E$120))+1)","=IF(G120="""","""",F120-INDEX($E:$E,G120-1))","=IF(G120="""","""",INDEX($A:$A,G120-1)+(INDEX($A:$A,G120)-INDEX($A:$A,G120-1))*H120/INDEX($D:$D,G120))","=IF(G120="""","""",INDEX($B:$B,G120-1)+(INDEX($B:$B,G120)-INDEX($B:$B,G120-1))*H120/INDEX($D:$D,G120))","=IF(G120="""","""",MOD(DEGREES(ATAN2(INDEX($A:$A,G120)-INDEX($A:$A,G120-1),INDEX($B:$B,G120)-INDEX($B:$B,G120-1))),360))","=IF(K120="""","""",K120+$Q$1)","=IF(L120="""","""",""G1 X""&TEXT(I120,""0.###"")&"" Y""&TEXT(J120,""0.###"")&"" Z""&TEXT(L120,""0.###""))"
,,,,,=(ROW()-4),"=IF(F121>LOOKUP(9E+307,$E$5:$E$120),"""",LOOKUP(F121-1,$E$5:$E$120,ROW($E$5:$E$120))+1)","=IF(G121="""","""",F121-INDEX($E:$E,G121-1))","=IF(G121="""","""",INDEX($A:$A,G121-1)+(INDEX($A:$A,G121)-INDEX($A:$A,G121-1))*H121/INDEX($D:$D,G121))","=IF(G121="""","""",INDEX($B:$B,G121-1)+(INDEX($B:$B,G121)-INDEX($B:$B,G121-1))*H121/INDEX($D:$D,G121))","=IF(G121="""","""",MOD(DEGREES(ATAN2(INDEX($A:$A,G121)-INDEX($A:$A,G121-1),INDEX($B:$B,G121)-INDEX($B:$B,G121-1))),360))","=IF(K121="""","""",K121+$Q$1)","=IF(L121="""","""",""G1 X""&TEXT(I121,""0.###"")&"" Y""&TEXT(J121,""0.###"")&"" Z""&TEXT(L121,""0.###""))"
,,,,,=(ROW()-4),"=IF(F122>LOOKUP(9E+307,$E$5:$E$120),"""",LOOKUP(F122-1,$E$5:$E$120,ROW($E$5:$E$120))+1)","=IF(G122="""","""",F122-INDEX($E:$E,G122-1))","=IF(G122="""","""",INDEX($A:$A,G122-1)+(INDEX($A:$A,G122)-INDEX($A:$A,G122-1))*H122/INDEX($D:$D,G122))","=IF(G122="""","""",INDEX($B:$B,G122-1)+(INDEX($B:$B,G122)-INDEX($B:$B,G122-1))*H122/INDEX($D:$D,G122))","=IF(G122="""","""",MOD(DEGREES(ATAN2(INDEX($A:$A,G122)-INDEX($A:$A,G122-1),INDEX($B:$B,G122)-INDEX($B:$B,G122-1))),360))","=IF(K122="""","""",K122+$Q$1)","=IF(L122="""","""",""G1 X""&TEXT(I122,""0.###"")&"" Y""&TEXT(J122,""0.###"")&"" Z""&TEXT(L122,""0.###""))"
,,,,,=(ROW()-4),"=IF(F123>LOOKUP(9E+307,$E$5:$E$120),"""",LOOKUP(F123-1,$E$5:$E$120,ROW($E$5:$E$120))+1)","=IF(G123="""","""",F123-INDEX($E:$E,G123-1))","=IF(G123="""","""",INDEX($A:$A,G123-1)+(INDEX($A:$A,G123)-INDEX($A:$A,G123-1))*H123/INDEX($D:$D,G123))","=IF(G123="""","""",INDEX($B:$B,G123-1)+(INDEX($B:$B,G123)-INDEX($B:$B,G123-1))*H123/INDEX($D:$D,G123))","=IF(G123="""","""",MOD(DEGREES(ATAN2(INDEX($A:$A,G123)-INDEX($A:$A,G123-1),INDEX($B:$B,G123)-INDEX($B:$B,G123-1))),360))","=IF(K123="""","""",K123+$Q$1)","=IF(L123="""","""",""G1 X""&TEXT(I123,""0.###"")&"" Y""&TEXT(J123,""0.###"")&"" Z""&TEXT(L123,""0.###""))"
,,,,,=(ROW()-4),"=IF(F124>LOOKUP(9E+307,$E$5:$E$120),"""",LOOKUP(F124-1,$E$5:$E$120,ROW($E$5:$E$120))+1)","=IF(G124="""","""",F124-INDEX($E:$E,G124-1))","=IF(G124="""","""",INDEX($A:$A,G124-1)+(INDEX($A:$A,G124)-INDEX($A:$A,G124-1))*H124/INDEX($D:$D,G124))","=IF(G124="""","""",INDEX($B:$B,G124-1)+(INDEX($B:$B,G124)-INDEX($B:$B,G124-1))*H124/INDEX($D:$D,G124))","=IF(G124="""","""",MOD(DEGREES(ATAN2(INDEX($A:$A,G124)-INDEX($A:$A,G124-1),INDEX($B:$B,G124)-INDEX($B:$B,G124-1))),360))","=IF(K124="""","""",K124+$Q$1)","=IF(L124="""","""",""G1 X""&TEXT(I124,""0.###"")&"" Y""&TEXT(J124,""0.###"")&"" Z""&TEXT(L124,""0.###""))"
,,,,,=(ROW()-4),"=IF(F125>LOOKUP(9E+307,$E$5:$E$120),"""",LOOKUP(F125-1,$E$5:$E$120,ROW($E$5:$E$120))+1)","=IF(G125="""","""",F125-INDEX($E:$E,G125-1))","=IF(G125="""","""",INDEX($A:$A,G125-1)+(INDEX($A:$A,G125)-INDEX($A:$A,G125-1))*H125/INDEX($D:$D,G125))","=IF(G125="""","""",INDEX($B:$B,G125-1)+(INDEX($B:$B,G125)-INDEX($B:$B,G125-1))*H125/INDEX($D:$D,G125))","=IF(G125="""","""",MOD(DEGREES(ATAN2(INDEX($A:$A,G125)-INDEX($A:$A,G125-1),INDEX($B:$B,G125)-INDEX($B:$B,G125-1))),360))","=IF(K125="""","""",K125+$Q$1)","=IF(L125="""","""",""G1 X""&TEXT(I125,""0.###"")&"" Y""&TEXT(J125,""0.###"")&"" Z""&TEXT(L125,""0.###""))"
,,,,,=(ROW()-4),"=IF(F126>LOOKUP(9E+307,$E$5:$E$120),"""",LOOKUP(F126-1,$E$5:$E$120,ROW($E$5:$E$120))+1)","=IF(G126="""","""",F126-INDEX($E:$E,G126-1))","=IF(G126="""","""",INDEX($A:$A,G126-1)+(INDEX($A:$A,G126)-INDEX($A:$A,G126-1))*H126/INDEX($D:$D,G126))","=IF(G126="""","""",INDEX($B:$B,G126-1)+(INDEX($B:$B,G126)-INDEX($B:$B,G126-1))*H126/INDEX($D:$D,G126))","=IF(G126="""","""",MOD(DEGREES(ATAN2(INDEX($A:$A,G126)-INDEX($A:$A,G126-1),INDEX($B:$B,G126)-INDEX($B:$B,G126-1))),360))","=IF(K126="""","""",K126+$Q$1)","=IF(L126="""","""",""G1 X""&TEXT(I126,""0.###"")&"" Y""&TEXT(J126,""0.###"")&"" Z""&TEXT(L126,""0.###""))"
,,,,,=(ROW()-4),"=IF(F127>LOOKUP(9E+307,$E$5:$E$120),"""",LOOKUP(F127-1,$E$5:$E$120,ROW($E$5:$E$120))+1)","=IF(G127="""","""",F127-INDEX($E:$E,G127-1))","=IF(G127="""","""",INDEX($A:$A,G127-1)+(INDEX($A:$A,G127)-INDEX($A:$A,G127-1))*H127/INDEX($D:$D,G127))","=IF(G127="""","""",INDEX($B:$B,G127-1)+(INDEX($B:$B,G127)-INDEX($B:$B,G127-1))*H127/INDEX($D:$D,G127))","=IF(G127="""","""",MOD(DEGREES(ATAN2(INDEX($A:$A,G127)-INDEX($A:$A,G127-1),INDEX($B:$B,G127)-INDEX($B:$B,G127-1))),360))","=IF(K127="""","""",K127+$Q$1)","=IF(L127="""","""",""G1 X""&TEXT(I127,""0.###"")&"" Y""&TEXT(J127,""0.###"")&"" Z""&TEXT(L127,""0.###""))"
,,,,,=(ROW()-4),"=IF(F128>LOOKUP(9E+307,$E$5:$E$120),"""",LOOKUP(F128-1,$E$5:$E$120,ROW($E$5:$E$120))+1)","=IF(G128="""","""",F128-INDEX($E:$E,G128-1))","=IF(G128="""","""",INDEX($A:$A,G128-1)+(INDEX($A:$A,G128)-INDEX($A:$A,G128-1))*H128/INDEX($D:$D,G128))","=IF(G128="""","""",INDEX($B:$B,G128-1)+(INDEX($B:$B,G128)-INDEX($B:$B,G128-1))*H128/INDEX($D:$D,G128))","=IF(G128="""","""",MOD(DEGREES(ATAN2(INDEX($A:$A,G128)-INDEX($A:$A,G128-1),INDEX($B:$B,G128)-INDEX($B:$B,G128-1))),360))","=IF(K128="""","""",K128+$Q$1)","=IF(L128="""","""",""G1 X""&TEXT(I128,""0.###"")&"" Y""&TEXT(J128,""0.###"")&"" Z""&TEXT(L128,""0.###""))"
,,,,,=(ROW()-4),"=IF(F129>LOOKUP(9E+307,$E$5:$E$120),"""",LOOKUP(F129-1,$E$5:$E$120,ROW($E$5:$E$120))+1)","=IF(G129="""","""",F129-INDEX($E:$E,G129-1))","=IF(G129="""","""",INDEX($A:$A,G129-1)+(INDEX($A:$A,G129)-INDEX($A:$A,G129-1))*H129/INDEX($D:$D,G129))","=IF(G129="""","""",INDEX($B:$B,G129-1)+(INDEX($B:$B,G129)-INDEX($B:$B,G129-1))*H129/INDEX($D:$D,G129))","=IF(G129="""","""",MOD(DEGREES(ATAN2(INDEX($A:$A,G129)-INDEX($A:$A,G129-1),INDEX($B:$B,G129)-INDEX($B:$B,G129-1))),360))","=IF(K129="""","""",K129+$Q$1)","=IF(L129="""","""",""G1 X""&TEXT(I129,""0.###"")&"" Y""&TEXT(J129,""0.###"")&"" Z""&TEXT(L129,""0.###""))"
,,,,,=(ROW()-4),"=IF(F130>LOOKUP(9E+307,$E$5:$E$120),"""",LOOKUP(F130-1,$E$5:$E$120,ROW($E$5:$E$120))+1)","=IF(G130="""","""",F130-INDEX($E:$E,G130-1))","=IF(G130="""","""",INDEX($A:$A,G130-1)+(INDEX($A:$A,G130)-INDEX($A:$A,G130-1))*H130/INDEX($D:$D,G130))","=IF(G130="""","""",INDEX($B:$B,G130-1)+(INDEX($B:$B,G130)-INDEX($B:$B,G130-1))*H130/INDEX($D:$D,G130))","=IF(G130="""","""",MOD(DEGREES(ATAN2(INDEX($A:$A,G130)-INDEX($A:$A,G130-1),INDEX($B:$B,G130)-INDEX($B:$B,G130-1))),360))","=IF(K130="""","""",K130+$Q$1)","=IF(L130="""","""",""G1 X""&TEXT(I130,""0.###"")&"" Y""&TEXT(J130,""0.###"")&"" Z""&TEXT(L130,""0.###""))"
,,,,,=(ROW()-4),"=IF(F131>LOOKUP(9E+307,$E$5:$E$120),"""",LOOKUP(F131-1,$E$5:$E$120,ROW($E$5:$E$120))+1)","=IF(G131="""","""",F131-INDEX($E:$E,G131-1))","=IF(G131="""","""",INDEX($A:$A,G131-1)+(INDEX($A:$A,G131)-INDEX($A:$A,G131-1))*H131/INDEX($D:$D,G131))","=IF(G131="""","""",INDEX($B:$B,G131-1)+(INDEX($B:$B,G131)-INDEX($B:$B,G131-1))*H131/INDEX($D:$D,G131))","=IF(G131="""","""",MOD(DEGREES(ATAN2(INDEX($A:$A,G131)-INDEX($A:$A,G131-1),INDEX($B:$B,G131)-INDEX($B:$B,G131-1))),360))","=IF(K131="""","""",K131+$Q$1)","=IF(L131="""","""",""G1 X""&TEXT(I131,""0.###"")&"" Y""&TEXT(J131,""0.###"")&"" Z""&TEXT(L131,""0.###""))"
,,,,,=(ROW()-4),"=IF(F132>LOOKUP(9E+307,$E$5:$E$120),"""",LOOKUP(F132-1,$E$5:$E$120,ROW($E$5:$E$120))+1)","=IF(G132="""","""",F132-INDEX($E:$E,G132-1))","=IF(G132="""","""",INDEX($A:$A,G132-1)+(INDEX($A:$A,G132)-INDEX($A:$A,G132-1))*H132/INDEX($D:$D,G132))","=IF(G132="""","""",INDEX($B:$B,G132-1)+(INDEX($B:$B,G132)-INDEX($B:$B,G132-1))*H132/INDEX($D:$D,G132))","=IF(G132="""","""",MOD(DEGREES(ATAN2(INDEX($A:$A,G132)-INDEX($A:$A,G132-1),INDEX($B:$B,G132)-INDEX($B:$B,G132-1))),360))","=IF(K132="""","""",K132+$Q$1)","=IF(L132="""","""",""G1 X""&TEXT(I132,""0.###"")&"" Y""&TEXT(J132,""0.###"")&"" Z""&TEXT(L132,""0.###""))"
,,,,,=(ROW()-4),"=IF(F133>LOOKUP(9E+307,$E$5:$E$120),"""",LOOKUP(F133-1,$E$5:$E$120,ROW($E$5:$E$120))+1)","=IF(G133="""","""",F133-INDEX($E:$E,G133-1))","=IF(G133="""","""",INDEX($A:$A,G133-1)+(INDEX($A:$A,G133)-INDEX($A:$A,G133-1))*H133/INDEX($D:$D,G133))","=IF(G133="""","""",INDEX($B:$B,G133-1)+(INDEX($B:$B,G133)-INDEX($B:$B,G133-1))*H133/INDEX($D:$D,G133))","=IF(G133="""","""",MOD(DEGREES(ATAN2(INDEX($A:$A,G133)-INDEX($A:$A,G133-1),INDEX($B:$B,G133)-INDEX($B:$B,G133-1))),360))","=IF(K133="""","""",K133+$Q$1)","=IF(L133="""","""",""G1 X""&TEXT(I133,""0.###"")&"" Y""&TEXT(J133,""0.###"")&"" Z""&TEXT(L133,""0.###""))"
,,,,,=(ROW()-4),"=IF(F134>LOOKUP(9E+307,$E$5:$E$120),"""",LOOKUP(F134-1,$E$5:$E$120,ROW($E$5:$E$120))+1)","=IF(G134="""","""",F134-INDEX($E:$E,G134-1))","=IF(G134="""","""",INDEX($A:$A,G134-1)+(INDEX($A:$A,G134)-INDEX($A:$A,G134-1))*H134/INDEX($D:$D,G134))","=IF(G134="""","""",INDEX($B:$B,G134-1)+(INDEX($B:$B,G134)-INDEX($B:$B,G134-1))*H134/INDEX($D:$D,G134))","=IF(G134="""","""",MOD(DEGREES(ATAN2(INDEX($A:$A,G134)-INDEX($A:$A,G134-1),INDEX($B:$B,G134)-INDEX($B:$B,G134-1))),360))","=IF(K134="""","""",K134+$Q$1)","=IF(L134="""","""",""G1 X""&TEXT(I134,""0.###"")&"" Y""&TEXT(J134,""0.###"")&"" Z""&TEXT(L134,""0.###""))"
,,,,,=(ROW()-4),"=IF(F135>LOOKUP(9E+307,$E$5:$E$120),"""",LOOKUP(F135-1,$E$5:$E$120,ROW($E$5:$E$120))+1)","=IF(G135="""","""",F135-INDEX($E:$E,G135-1))","=IF(G135="""","""",INDEX($A:$A,G135-1)+(INDEX($A:$A,G135)-INDEX($A:$A,G135-1))*H135/INDEX($D:$D,G135))","=IF(G135="""","""",INDEX($B:$B,G135-1)+(INDEX($B:$B,G135)-INDEX($B:$B,G135-1))*H135/INDEX($D:$D,G135))","=IF(G135="""","""",MOD(DEGREES(ATAN2(INDEX($A:$A,G135)-INDEX($A:$A,G135-1),INDEX($B:$B,G135)-INDEX($B:$B,G135-1))),360))","=IF(K135="""","""",K135+$Q$1)","=IF(L135="""","""",""G1 X""&TEXT(I135,""0.###"")&"" Y""&TEXT(J135,""0.###"")&"" Z""&TEXT(L135,""0.###""))"
,,,,,=(ROW()-4),"=IF(F136>LOOKUP(9E+307,$E$5:$E$120),"""",LOOKUP(F136-1,$E$5:$E$120,ROW($E$5:$E$120))+1)","=IF(G136="""","""",F136-INDEX($E:$E,G136-1))","=IF(G136="""","""",INDEX($A:$A,G136-1)+(INDEX($A:$A,G136)-INDEX($A:$A,G136-1))*H136/INDEX($D:$D,G136))","=IF(G136="""","""",INDEX($B:$B,G136-1)+(INDEX($B:$B,G136)-INDEX($B:$B,G136-1))*H136/INDEX($D:$D,G136))","=IF(G136="""","""",MOD(DEGREES(ATAN2(INDEX($A:$A,G136)-INDEX($A:$A,G136-1),INDEX($B:$B,G136)-INDEX($B:$B,G136-1))),360))","=IF(K136="""","""",K136+$Q$1)","=IF(L136="""","""",""G1 X""&TEXT(I136,""0.###"")&"" Y""&TEXT(J136,""0.###"")&"" Z""&TEXT(L136,""0.###""))"
,,,,,=(ROW()-4),"=IF(F137>LOOKUP(9E+307,$E$5:$E$120),"""",LOOKUP(F137-1,$E$5:$E$120,ROW($E$5:$E$120))+1)","=IF(G137="""","""",F137-INDEX($E:$E,G137-1))","=IF(G137="""","""",INDEX($A:$A,G137-1)+(INDEX($A:$A,G137)-INDEX($A:$A,G137-1))*H137/INDEX($D:$D,G137))","=IF(G137="""","""",INDEX($B:$B,G137-1)+(INDEX($B:$B,G137)-INDEX($B:$B,G137-1))*H137/INDEX($D:$D,G137))","=IF(G137="""","""",MOD(DEGREES(ATAN2(INDEX($A:$A,G137)-INDEX($A:$A,G137-1),INDEX($B:$B,G137)-INDEX($B:$B,G137-1))),360))","=IF(K137="""","""",K137+$Q$1)","=IF(L137="""","""",""G1 X""&TEXT(I137,""0.###"")&"" Y""&TEXT(J137,""0.###"")&"" Z""&TEXT(L137,""0.###""))"
,,,,,=(ROW()-4),"=IF(F138>LOOKUP(9E+307,$E$5:$E$120),"""",LOOKUP(F138-1,$E$5:$E$120,ROW($E$5:$E$120))+1)","=IF(G138="""","""",F138-INDEX($E:$E,G138-1))","=IF(G138="""","""",INDEX($A:$A,G138-1)+(INDEX($A:$A,G138)-INDEX($A:$A,G138-1))*H138/INDEX($D:$D,G138))","=IF(G138="""","""",INDEX($B:$B,G138-1)+(INDEX($B:$B,G138)-INDEX($B:$B,G138-1))*H138/INDEX($D:$D,G138))","=IF(G138="""","""",MOD(DEGREES(ATAN2(INDEX($A:$A,G138)-INDEX($A:$A,G138-1),INDEX($B:$B,G138)-INDEX($B:$B,G138-1))),360))","=IF(K138="""","""",K138+$Q$1)","=IF(L138="""","""",""G1 X""&TEXT(I138,""0.###"")&"" Y""&TEXT(J138,""0.###"")&"" Z""&TEXT(L138,""0.###""))"
,,,,,=(ROW()-4),"=IF(F139>LOOKUP(9E+307,$E$5:$E$120),"""",LOOKUP(F139-1,$E$5:$E$120,ROW($E$5:$E$120))+1)","=IF(G139="""","""",F139-INDEX($E:$E,G139-1))","=IF(G139="""","""",INDEX($A:$A,G139-1)+(INDEX($A:$A,G139)-INDEX($A:$A,G139-1))*H139/INDEX($D:$D,G139))","=IF(G139="""","""",INDEX($B:$B,G139-1)+(INDEX($B:$B,G139)-INDEX($B:$B,G139-1))*H139/INDEX($D:$D,G139))","=IF(G139="""","""",MOD(DEGREES(ATAN2(INDEX($A:$A,G139)-INDEX($A:$A,G139-1),INDEX($B:$B,G139)-INDEX($B:$B,G139-1))),360))","=IF(K139="""","""",K139+$Q$1)","=IF(L139="""","""",""G1 X""&TEXT(I139,""0.###"")&"" Y""&TEXT(J139,""0.###"")&"" Z""&TEXT(L139,""0.###""))"
,,,,,=(ROW()-4),"=IF(F140>LOOKUP(9E+307,$E$5:$E$120),"""",LOOKUP(F140-1,$E$5:$E$120,ROW($E$5:$E$120))+1)","=IF(G140="""","""",F140-INDEX($E:$E,G140-1))","=IF(G140="""","""",INDEX($A:$A,G140-1)+(INDEX($A:$A,G140)-INDEX($A:$A,G140-1))*H140/INDEX($D:$D,G140))","=IF(G140="""","""",INDEX($B:$B,G140-1)+(INDEX($B:$B,G140)-INDEX($B:$B,G140-1))*H140/INDEX($D:$D,G140))","=IF(G140="""","""",MOD(DEGREES(ATAN2(INDEX($A:$A,G140)-INDEX($A:$A,G140-1),INDEX($B:$B,G140)-INDEX($B:$B,G140-1))),360))","=IF(K140="""","""",K140+$Q$1)","=IF(L140="""","""",""G1 X""&TEXT(I140,""0.###"")&"" Y""&TEXT(J140,""0.###"")&"" Z""&TEXT(L140,""0.###""))"
,,,,,=(ROW()-4),"=IF(F141>LOOKUP(9E+307,$E$5:$E$120),"""",LOOKUP(F141-1,$E$5:$E$120,ROW($E$5:$E$120))+1)","=IF(G141="""","""",F141-INDEX($E:$E,G141-1))","=IF(G141="""","""",INDEX($A:$A,G141-1)+(INDEX($A:$A,G141)-INDEX($A:$A,G141-1))*H141/INDEX($D:$D,G141))","=IF(G141="""","""",INDEX($B:$B,G141-1)+(INDEX($B:$B,G141)-INDEX($B:$B,G141-1))*H141/INDEX($D:$D,G141))","=IF(G141="""","""",MOD(DEGREES(ATAN2(INDEX($A:$A,G141)-INDEX($A:$A,G141-1),INDEX($B:$B,G141)-INDEX($B:$B,G141-1))),360))","=IF(K141="""","""",K141+$Q$1)","=IF(L141="""","""",""G1 X""&TEXT(I141,""0.###"")&"" Y""&TEXT(J141,""0.###"")&"" Z""&TEXT(L141,""0.###""))"
,,,,,=(ROW()-4),"=IF(F148>LOOKUP(9E+307,$E$5:$E$120),"""",LOOKUP(F148-1,$E$5:$E$120,ROW($E$5:$E$120))+1)","=IF(G148="""","""",F148-INDEX($E:$E,G148-1))","=IF(G148="""","""",INDEX($A:$A,G148-1)+(INDEX($A:$A,G148)-INDEX($A:$A,G148-1))*H148/INDEX($D:$D,G148))","=IF(G148="""","""",INDEX($B:$B,G148-1)+(INDEX($B:$B,G148)-INDEX($B:$B,G148-1))*H148/INDEX($D:$D,G148))","=IF(G148="""","""",MOD(DEGREES(ATAN2(INDEX($A:$A,G148)-INDEX($A:$A,G148-1),INDEX($B:$B,G148)-INDEX($B:$B,G148-1))),360))","=IF(K148="""","""",K148+$Q$1)","=IF(L148="""","""",""G1 X""&TEXT(I148,""0.###"")&"" Y""&TEXT(J148,""0.###"")&"" Z""&TEXT(L148,""0.###""))"
,,,,,=(ROW()-4),"=IF(F149>LOOKUP(9E+307,$E$5:$E$120),"""",LOOKUP(F149-1,$E$5:$E$120,ROW($E$5:$E$120))+1)","=IF(G149="""","""",F149-INDEX($E:$E,G149-1))","=IF(G149="""","""",INDEX($A:$A,G149-1)+(INDEX($A:$A,G149)-INDEX($A:$A,G149-1))*H149/INDEX($D:$D,G149))","=IF(G149="""","""",INDEX($B:$B,G149-1)+(INDEX($B:$B,G149)-INDEX($B:$B,G149-1))*H149/INDEX($D:$D,G149))","=IF(G149="""","""",MOD(DEGREES(ATAN2(INDEX($A:$A,G149)-INDEX($A:$A,G149-1),INDEX($B:$B,G149)-INDEX($B:$B,G149-1))),360))","=IF(K149="""","""",K149+$Q$1)","=IF(L149="""","""",""G1 X""&TEXT(I149,""0.###"")&"" Y""&TEXT(J149,""0.###"")&"" Z""&TEXT(L149,""0.###""))"
,,,,,=(ROW()-4),"=IF(F150>LOOKUP(9E+307,$E$5:$E$120),"""",LOOKUP(F150-1,$E$5:$E$120,ROW($E$5:$E$120))+1)","=IF(G150="""","""",F150-INDEX($E:$E,G150-1))","=IF(G150="""","""",INDEX($A:$A,G150-1)+(INDEX($A:$A,G150)-INDEX($A:$A,G150-1))*H150/INDEX($D:$D,G150))","=IF(G150="""","""",INDEX($B:$B,G150-1)+(INDEX($B:$B,G150)-INDEX($B:$B,G150-1))*H150/INDEX($D:$D,G150))","=IF(G150="""","""",MOD(DEGREES(ATAN2(INDEX($A:$A,G150)-INDEX($A:$A,G150-1),INDEX($B:$B,G150)-INDEX($B:$B,G150-1))),360))","=IF(K150="""","""",K150+$Q$1)","=IF(L150="""","""",""G1 X""&TEXT(I150,""0.###"")&"" Y""&TEXT(J150,""0.###"")&"" Z""&TEXT(L150,""0.###""))"
,,,,,=(ROW()-4),"=IF(F151>LOOKUP(9E+307,$E$5:$E$120),"""",LOOKUP(F151-1,$E$5:$E$120,ROW($E$5:$E$120))+1)","=IF(G151="""","""",F151-INDEX($E:$E,G151-1))","=IF(G151="""","""",INDEX($A:$A,G151-1)+(INDEX($A:$A,G151)-INDEX($A:$A,G151-1))*H151/INDEX($D:$D,G151))","=IF(G151="""","""",INDEX($B:$B,G151-1)+(INDEX($B:$B,G151)-INDEX($B:$B,G151-1))*H151/INDEX($D:$D,G151))","=IF(G151="""","""",MOD(DEGREES(ATAN2(INDEX($A:$A,G151)-INDEX($A:$A,G151-1),INDEX($B:$B,G151)-INDEX($B:$B,G151-1))),360))","=IF(K151="""","""",K151+$Q$1)","=IF(L151="""","""",""G1 X""&TEXT(I151,""0.###"")&"" Y""&TEXT(J151,""0.###"")&"" Z""&TEXT(L151,""0.###""))"
,,,,,=(ROW()-4),"=IF(F152>LOOKUP(9E+307,$E$5:$E$120),"""",LOOKUP(F152-1,$E$5:$E$120,ROW($E$5:$E$120))+1)","=IF(G152="""","""",F152-INDEX($E:$E,G152-1))","=IF(G152="""","""",INDEX($A:$A,G152-1)+(INDEX($A:$A,G152)-INDEX($A:$A,G152-1))*H152/INDEX($D:$D,G152))","=IF(G152="""","""",INDEX($B:$B,G152-1)+(INDEX($B:$B,G152)-INDEX($B:$B,G152-1))*H152/INDEX($D:$D,G152))","=IF(G152="""","""",MOD(DEGREES(ATAN2(INDEX($A:$A,G152)-INDEX($A:$A,G152-1),INDEX($B:$B,G152)-INDEX($B:$B,G152-1))),360))","=IF(K152="""","""",K152+$Q$1)","=IF(L152="""","""",""G1 X""&TEXT(I152,""0.###"")&"" Y""&TEXT(J152,""0.###"")&"" Z""&TEXT(L152,""0.###""))"
,,,,,=(ROW()-4),"=IF(F153>LOOKUP(9E+307,$E$5:$E$120),"""",LOOKUP(F153-1,$E$5:$E$120,ROW($E$5:$E$120))+1)","=IF(G153="""","""",F153-INDEX($E:$E,G153-1))","=IF(G153="""","""",INDEX($A:$A,G153-1)+(INDEX($A:$A,G153)-INDEX($A:$A,G153-1))*H153/INDEX($D:$D,G153))","=IF(G153="""","""",INDEX($B:$B,G153-1)+(INDEX($B:$B,G153)-INDEX($B:$B,G153-1))*H153/INDEX($D:$D,G153))","=IF(G153="""","""",MOD(DEGREES(ATAN2(INDEX($A:$A,G153)-INDEX($A:$A,G153-1),INDEX($B:$B,G153)-INDEX($B:$B,G153-1))),360))","=IF(K153="""","""",K153+$Q$1)","=IF(L153="""","""",""G1 X""&TEXT(I153,""0.###"")&"" Y""&TEXT(J153,""0.###"")&"" Z""&TEXT(L153,""0.###""))"
,,,,,=(ROW()-4),"=IF(F154>LOOKUP(9E+307,$E$5:$E$120),"""",LOOKUP(F154-1,$E$5:$E$120,ROW($E$5:$E$120))+1)","=IF(G154="""","""",F154-INDEX($E:$E,G154-1))","=IF(G154="""","""",INDEX($A:$A,G154-1)+(INDEX($A:$A,G154)-INDEX($A:$A,G154-1))*H154/INDEX($D:$D,G154))","=IF(G154="""","""",INDEX($B:$B,G154-1)+(INDEX($B:$B,G154)-INDEX($B:$B,G154-1))*H154/INDEX($D:$D,G154))","=IF(G154="""","""",MOD(DEGREES(ATAN2(INDEX($A:$A,G154)-INDEX($A:$A,G154-1),INDEX($B:$B,G154)-INDEX($B:$B,G154-1))),360))","=IF(K154="""","""",K154+$Q$1)","=IF(L154="""","""",""G1 X""&TEXT(I154,""0.###"")&"" Y""&TEXT(J154,""0.###"")&"" Z""&TEXT(L154,""0.###""))"
,,,,,=(ROW()-4),"=IF(F155>LOOKUP(9E+307,$E$5:$E$120),"""",LOOKUP(F155-1,$E$5:$E$120,ROW($E$5:$E$120))+1)","=IF(G155="""","""",F155-INDEX($E:$E,G155-1))","=IF(G155="""","""",INDEX($A:$A,G155-1)+(INDEX($A:$A,G155)-INDEX($A:$A,G155-1))*H155/INDEX($D:$D,G155))","=IF(G155="""","""",INDEX($B:$B,G155-1)+(INDEX($B:$B,G155)-INDEX($B:$B,G155-1))*H155/INDEX($D:$D,G155))","=IF(G155="""","""",MOD(DEGREES(ATAN2(INDEX($A:$A,G155)-INDEX($A:$A,G155-1),INDEX($B:$B,G155)-INDEX($B:$B,G155-1))),360))","=IF(K155="""","""",K155+$Q$1)","=IF(L155="""","""",""G1 X""&TEXT(I155,""0.###"")&"" Y""&TEXT(J155,""0.###"")&"" Z""&TEXT(L155,""0.###""))"
,,,,,=(ROW()-4),"=IF(F156>LOOKUP(9E+307,$E$5:$E$120),"""",LOOKUP(F156-1,$E$5:$E$120,ROW($E$5:$E$120))+1)","=IF(G156="""","""",F156-INDEX($E:$E,G156-1))","=IF(G156="""","""",INDEX($A:$A,G156-1)+(INDEX($A:$A,G156)-INDEX($A:$A,G156-1))*H156/INDEX($D:$D,G156))","=IF(G156="""","""",INDEX($B:$B,G156-1)+(INDEX($B:$B,G156)-INDEX($B:$B,G156-1))*H156/INDEX($D:$D,G156))","=IF(G156="""","""",MOD(DEGREES(ATAN2(INDEX($A:$A,G156)-INDEX($A:$A,G156-1),INDEX($B:$B,G156)-INDEX($B:$B,G156-1))),360))","=IF(K156="""","""",K156+$Q$1)","=IF(L156="""","""",""G1 X""&TEXT(I156,""0.###"")&"" Y""&TEXT(J156,""0.###"")&"" Z""&TEXT(L156,""0.###""))"
,,,,,=(ROW()-4),"=IF(F157>LOOKUP(9E+307,$E$5:$E$120),"""",LOOKUP(F157-1,$E$5:$E$120,ROW($E$5:$E$120))+1)","=IF(G157="""","""",F157-INDEX($E:$E,G157-1))","=IF(G157="""","""",INDEX($A:$A,G157-1)+(INDEX($A:$A,G157)-INDEX($A:$A,G157-1))*H157/INDEX($D:$D,G157))","=IF(G157="""","""",INDEX($B:$B,G157-1)+(INDEX($B:$B,G157)-INDEX($B:$B,G157-1))*H157/INDEX($D:$D,G157))","=IF(G157="""","""",MOD(DEGREES(ATAN2(INDEX($A:$A,G157)-INDEX($A:$A,G157-1),INDEX($B:$B,G157)-INDEX($B:$B,G157-1))),360))","=IF(K157="""","""",K157+$Q$1)","=IF(L157="""","""",""G1 X""&TEXT(I157,""0.###"")&"" Y""&TEXT(J157,""0.###"")&"" Z""&TEXT(L157,""0.###""))"
,,,,,=(ROW()-4),"=IF(F158>LOOKUP(9E+307,$E$5:$E$120),"""",LOOKUP(F158-1,$E$5:$E$120,ROW($E$5:$E$120))+1)","=IF(G158="""","""",F158-INDEX($E:$E,G158-1))","=IF(G158="""","""",INDEX($A:$A,G158-1)+(INDEX($A:$A,G158)-INDEX($A:$A,G158-1))*H158/INDEX($D:$D,G158))","=IF(G158="""","""",INDEX($B:$B,G158-1)+(INDEX($B:$B,G158)-INDEX($B:$B,G158-1))*H158/INDEX($D:$D,G158))","=IF(G158="""","""",MOD(DEGREES(ATAN2(INDEX($A:$A,G158)-INDEX($A:$A,G158-1),INDEX($B:$B,G158)-INDEX($B:$B,G158-1))),360))","=IF(K158="""","""",K158+$Q$1)","=IF(L158="""","""",""G1 X""&TEXT(I158,""0.###"")&"" Y""&TEXT(J158,""0.###"")&"" Z""&TEXT(L158,""0.###""))"
,,,,,=(ROW()-4),"=IF(F159>LOOKUP(9E+307,$E$5:$E$120),"""",LOOKUP(F159-1,$E$5:$E$120,ROW($E$5:$E$120))+1)","=IF(G159="""","""",F159-INDEX($E:$E,G159-1))","=IF(G159="""","""",INDEX($A:$A,G159-1)+(INDEX($A:$A,G159)-INDEX($A:$A,G159-1))*H159/INDEX($D:$D,G159))","=IF(G159="""","""",INDEX($B:$B,G159-1)+(INDEX($B:$B,G159)-INDEX($B:$B,G159-1))*H159/INDEX($D:$D,G159))","=IF(G159="""","""",MOD(DEGREES(ATAN2(INDEX($A:$A,G159)-INDEX($A:$A,G159-1),INDEX($B:$B,G159)-INDEX($B:$B,G159-1))),360))","=IF(K159="""","""",K159+$Q$1)","=IF(L159="""","""",""G1 X""&TEXT(I159,""0.###"")&"" Y""&TEXT(J159,""0.###"")&"" Z""&TEXT(L159,""0.###""))"
,,,,,=(ROW()-4),"=IF(F160>LOOKUP(9E+307,$E$5:$E$120),"""",LOOKUP(F160-1,$E$5:$E$120,ROW($E$5:$E$120))+1)","=IF(G160="""","""",F160-INDEX($E:$E,G160-1))","=IF(G160="""","""",INDEX($A:$A,G160-1)+(INDEX($A:$A,G160)-INDEX($A:$A,G160-1))*H160/INDEX($D:$D,G160))","=IF(G160="""","""",INDEX($B:$B,G160-1)+(INDEX($B:$B,G160)-INDEX($B:$B,G160-1))*H160/INDEX($D:$D,G160))","=IF(G160="""","""",MOD(DEGREES(ATAN2(INDEX($A:$A,G160)-INDEX($A:$A,G160-1),INDEX($B:$B,G160)-INDEX($B:$B,G160-1))),360))","=IF(K160="""","""",K160+$Q$1)","=IF(L160="""","""",""G1 X""&TEXT(I160,""0.###"")&"" Y""&TEXT(J160,""0.###"")&"" Z""&TEXT(L160,""0.###""))"
,,,,,=(ROW()-4),"=IF(F161>LOOKUP(9E+307,$E$5:$E$120),"""",LOOKUP(F161-1,$E$5:$E$120,ROW($E$5:$E$120))+1)","=IF(G161="""","""",F161-INDEX($E:$E,G161-1))","=IF(G161="""","""",INDEX($A:$A,G161-1)+(INDEX($A:$A,G161)-INDEX($A:$A,G161-1))*H161/INDEX($D:$D,G161))","=IF(G161="""","""",INDEX($B:$B,G161-1)+(INDEX($B:$B,G161)-INDEX($B:$B,G161-1))*H161/INDEX($D:$D,G161))","=IF(G161="""","""",MOD(DEGREES(ATAN2(INDEX($A:$A,G161)-INDEX($A:$A,G161-1),INDEX($B:$B,G161)-INDEX($B:$B,G161-1))),360))","=IF(K161="""","""",K161+$Q$1)","=IF(L161="""","""",""G1 X""&TEXT(I161,""0.###"")&"" Y""&TEXT(J161,""0.###"")&"" Z""&TEXT(L161,""0.###""))"
,,,,,=(ROW()-4),"=IF(F162>LOOKUP(9E+307,$E$5:$E$120),"""",LOOKUP(F162-1,$E$5:$E$120,ROW($E$5:$E$120))+1)","=IF(G162="""","""",F162-INDEX($E:$E,G162-1))","=IF(G162="""","""",INDEX($A:$A,G162-1)+(INDEX($A:$A,G162)-INDEX($A:$A,G162-1))*H162/INDEX($D:$D,G162))","=IF(G162="""","""",INDEX($B:$B,G162-1)+(INDEX($B:$B,G162)-INDEX($B:$B,G162-1))*H162/INDEX($D:$D,G162))","=IF(G162="""","""",MOD(DEGREES(ATAN2(INDEX($A:$A,G162)-INDEX($A:$A,G162-1),INDEX($B:$B,G162)-INDEX($B:$B,G162-1))),360))","=IF(K162="""","""",K162+$Q$1)","=IF(L162="""","""",""G1 X""&TEXT(I162,""0.###"")&"" Y""&TEXT(J162,""0.###"")&"" Z""&TEXT(L162,""0.###""))"
,,,,,=(ROW()-4),"=IF(F163>LOOKUP(9E+307,$E$5:$E$120),"""",LOOKUP(F163-1,$E$5:$E$120,ROW($E$5:$E$120))+1)","=IF(G163="""","""",F163-INDEX($E:$E,G163-1))","=IF(G163="""","""",INDEX($A:$A,G163-1)+(INDEX($A:$A,G163)-INDEX($A:$A,G163-1))*H163/INDEX($D:$D,G163))","=IF(G163="""","""",INDEX($B:$B,G163-1)+(INDEX($B:$B,G163)-INDEX($B:$B,G163-1))*H163/INDEX($D:$D,G163))","=IF(G163="""","""",MOD(DEGREES(ATAN2(INDEX($A:$A,G163)-INDEX($A:$A,G163-1),INDEX($B:$B,G163)-INDEX($B:$B,G163-1))),360))","=IF(K163="""","""",K163+$Q$1)","=IF(L163="""","""",""G1 X""&TEXT(I163,""0.###"")&"" Y""&TEXT(J163,""0.###"")&"" Z""&TEXT(L163,""0.###""))"
,,,,,=(ROW()-4),"=IF(F164>LOOKUP(9E+307,$E$5:$E$120),"""",LOOKUP(F164-1,$E$5:$E$120,ROW($E$5:$E$120))+1)","=IF(G164="""","""",F164-INDEX($E:$E,G164-1))","=IF(G164="""","""",INDEX($A:$A,G164-1)+(INDEX($A:$A,G164)-INDEX($A:$A,G164-1))*H164/INDEX($D:$D,G164))","=IF(G164="""","""",INDEX($B:$B,G164-1)+(INDEX($B:$B,G164)-INDEX($B:$B,G164-1))*H164/INDEX($D:$D,G164))","=IF(G164="""","""",MOD(DEGREES(ATAN2(INDEX($A:$A,G164)-INDEX($A:$A,G164-1),INDEX($B:$B,G164)-INDEX($B:$B,G164-1))),360))","=IF(K164="""","""",K164+$Q$1)","=IF(L164="""","""",""G1 X""&TEXT(I164,""0.###"")&"" Y""&TEXT(J164,""0.###"")&"" Z""&TEXT(L164,""0.###""))"
,,,,,=(ROW()-4),"=IF(F165>LOOKUP(9E+307,$E$5:$E$120),"""",LOOKUP(F165-1,$E$5:$E$120,ROW($E$5:$E$120))+1)","=IF(G165="""","""",F165-INDEX($E:$E,G165-1))","=IF(G165="""","""",INDEX($A:$A,G165-1)+(INDEX($A:$A,G165)-INDEX($A:$A,G165-1))*H165/INDEX($D:$D,G165))","=IF(G165="""","""",INDEX($B:$B,G165-1)+(INDEX($B:$B,G165)-INDEX($B:$B,G165-1))*H165/INDEX($D:$D,G165))","=IF(G165="""","""",MOD(DEGREES(ATAN2(INDEX($A:$A,G165)-INDEX($A:$A,G165-1),INDEX($B:$B,G165)-INDEX($B:$B,G165-1))),360))","=IF(K165="""","""",K165+$Q$1)","=IF(L165="""","""",""G1 X""&TEXT(I165,""0.###"")&"" Y""&TEXT(J165,""0.###"")&"" Z""&TEXT(L165,""0.###""))"
,,,,,=(ROW()-4),"=IF(F166>LOOKUP(9E+307,$E$5:$E$120),"""",LOOKUP(F166-1,$E$5:$E$120,ROW($E$5:$E$120))+1)","=IF(G166="""","""",F166-INDEX($E:$E,G166-1))","=IF(G166="""","""",INDEX($A:$A,G166-1)+(INDEX($A:$A,G166)-INDEX($A:$A,G166-1))*H166/INDEX($D:$D,G166))","=IF(G166="""","""",INDEX($B:$B,G166-1)+(INDEX($B:$B,G166)-INDEX($B:$B,G166-1))*H166/INDEX($D:$D,G166))","=IF(G166="""","""",MOD(DEGREES(ATAN2(INDEX($A:$A,G166)-INDEX($A:$A,G166-1),INDEX($B:$B,G166)-INDEX($B:$B,G166-1))),360))","=IF(K166="""","""",K166+$Q$1)","=IF(L166="""","""",""G1 X""&TEXT(I166,""0.###"")&"" Y""&TEXT(J166,""0.###"")&"" Z""&TEXT(L166,""0.###""))"
,,,,,=(ROW()-4),"=IF(F167>LOOKUP(9E+307,$E$5:$E$120),"""",LOOKUP(F167-1,$E$5:$E$120,ROW($E$5:$E$120))+1)","=IF(G167="""","""",F167-INDEX($E:$E,G167-1))","=IF(G167="""","""",INDEX($A:$A,G167-1)+(INDEX($A:$A,G167)-INDEX($A:$A,G167-1))*H167/INDEX($D:$D,G167))","=IF(G167="""","""",INDEX($B:$B,G167-1)+(INDEX($B:$B,G167)-INDEX($B:$B,G167-1))*H167/INDEX($D:$D,G167))","=IF(G167="""","""",MOD(DEGREES(ATAN2(INDEX($A:$A,G167)-INDEX($A:$A,G167-1),INDEX($B:$B,G167)-INDEX($B:$B,G167-1))),360))","=IF(K167="""","""",K167+$Q$1)","=IF(L167="""","""",""G1 X""&TEXT(I167,""0.###"")&"" Y""&TEXT(J167,""0.###"")&"" Z""&TEXT(L167,""0.###""))"
,,,,,=(ROW()-4),"=IF(F168>LOOKUP(9E+307,$E$5:$E$120),"""",LOOKUP(F168-1,$E$5:$E$120,ROW($E$5:$E$120))+1)","=IF(G168="""","""",F168-INDEX($E:$E,G168-1))","=IF(G168="""","""",INDEX($A:$A,G168-1)+(INDEX($A:$A,G168)-INDEX($A:$A,G168-1))*H168/INDEX($D:$D,G168))","=IF(G168="""","""",INDEX($B:$B,G168-1)+(INDEX($B:$B,G168)-INDEX($B:$B,G168-1))*H168/INDEX($D:$D,G168))","=IF(G168="""","""",MOD(DEGREES(ATAN2(INDEX($A:$A,G168)-INDEX($A:$A,G168-1),INDEX($B:$B,G168)-INDEX($B:$B,G168-1))),360))","=IF(K168="""","""",K168+$Q$1)","=IF(L168="""","""",""G1 X""&TEXT(I168,""0.###"")&"" Y""&TEXT(J168,""0.###"")&"" Z""&TEXT(L168,""0.###""))"
,,,,,=(ROW()-4),"=IF(F169>LOOKUP(9E+307,$E$5:$E$120),"""",LOOKUP(F169-1,$E$5:$E$120,ROW($E$5:$E$120))+1)","=IF(G169="""","""",F169-INDEX($E:$E,G169-1))","=IF(G169="""","""",INDEX($A:$A,G169-1)+(INDEX($A:$A,G169)-INDEX($A:$A,G169-1))*H169/INDEX($D:$D,G169))","=IF(G169="""","""",INDEX($B:$B,G169-1)+(INDEX($B:$B,G169)-INDEX($B:$B,G169-1))*H169/INDEX($D:$D,G169))","=IF(G169="""","""",MOD(DEGREES(ATAN2(INDEX($A:$A,G169)-INDEX($A:$A,G169-1),INDEX($B:$B,G169)-INDEX($B:$B,G169-1))),360))","=IF(K169="""","""",K169+$Q$1)","=IF(L169="""","""",""G1 X""&TEXT(I169,""0.###"")&"" Y""&TEXT(J169,""0.###"")&"" Z""&TEXT(L169,""0.###""))"
,,,,,=(ROW()-4),"=IF(F170>LOOKUP(9E+307,$E$5:$E$120),"""",LOOKUP(F170-1,$E$5:$E$120,ROW($E$5:$E$120))+1)","=IF(G170="""","""",F170-INDEX($E:$E,G170-1))","=IF(G170="""","""",INDEX($A:$A,G170-1)+(INDEX($A:$A,G170)-INDEX($A:$A,G170-1))*H170/INDEX($D:$D,G170))","=IF(G170="""","""",INDEX($B:$B,G170-1)+(INDEX($B:$B,G170)-INDEX($B:$B,G170-1))*H170/INDEX($D:$D,G170))","=IF(G170="""","""",MOD(DEGREES(ATAN2(INDEX($A:$A,G170)-INDEX($A:$A,G170-1),INDEX($B:$B,G170)-INDEX($B:$B,G170-1))),360))","=IF(K170="""","""",K170+$Q$1)","=IF(L170="""","""",""G1 X""&TEXT(I170,""0.###"")&"" Y""&TEXT(J170,""0.###"")&"" Z""&TEXT(L170,""0.###""))"
,,,,,=(ROW()-4),"=IF(F171>LOOKUP(9E+307,$E$5:$E$120),"""",LOOKUP(F171-1,$E$5:$E$120,ROW($E$5:$E$120))+1)","=IF(G171="""","""",F171-INDEX($E:$E,G171-1))","=IF(G171="""","""",INDEX($A:$A,G171-1)+(INDEX($A:$A,G171)-INDEX($A:$A,G171-1))*H171/INDEX($D:$D,G171))","=IF(G171="""","""",INDEX($B:$B,G171-1)+(INDEX($B:$B,G171)-INDEX($B:$B,G171-1))*H171/INDEX($D:$D,G171))","=IF(G171="""","""",MOD(DEGREES(ATAN2(INDEX($A:$A,G171)-INDEX($A:$A,G171-1),INDEX($B:$B,G171)-INDEX($B:$B,G171-1))),360))","=IF(K171="""","""",K171+$Q$1)","=IF(L171="""","""",""G1 X""&TEXT(I171,""0.###"")&"" Y""&TEXT(J171,""0.###"")&"" Z""&TEXT(L171,""0.###""))"
,,,,,=(ROW()-4),"=IF(F172>LOOKUP(9E+307,$E$5:$E$120),"""",LOOKUP(F172-1,$E$5:$E$120,ROW($E$5:$E$120))+1)","=IF(G172="""","""",F172-INDEX($E:$E,G172-1))","=IF(G172="""","""",INDEX($A:$A,G172-1)+(INDEX($A:$A,G172)-INDEX($A:$A,G172-1))*H172/INDEX($D:$D,G172))","=IF(G172="""","""",INDEX($B:$B,G172-1)+(INDEX($B:$B,G172)-INDEX($B:$B,G172-1))*H172/INDEX($D:$D,G172))","=IF(G172="""","""",MOD(DEGREES(ATAN2(INDEX($A:$A,G172)-INDEX($A:$A,G172-1),INDEX($B:$B,G172)-INDEX($B:$B,G172-1))),360))","=IF(K172="""","""",K172+$Q$1)","=IF(L172="""","""",""G1 X""&TEXT(I172,""0.###"")&"" Y""&TEXT(J172,""0.###"")&"" Z""&TEXT(L172,""0.###""))"
,,,,,=(ROW()-4),"=IF(F173>LOOKUP(9E+307,$E$5:$E$120),"""",LOOKUP(F173-1,$E$5:$E$120,ROW($E$5:$E$120))+1)","=IF(G173="""","""",F173-INDEX($E:$E,G173-1))","=IF(G173="""","""",INDEX($A:$A,G173-1)+(INDEX($A:$A,G173)-INDEX($A:$A,G173-1))*H173/INDEX($D:$D,G173))","=IF(G173="""","""",INDEX($B:$B,G173-1)+(INDEX($B:$B,G173)-INDEX($B:$B,G173-1))*H173/INDEX($D:$D,G173))","=IF(G173="""","""",MOD(DEGREES(ATAN2(INDEX($A:$A,G173)-INDEX($A:$A,G173-1),INDEX($B:$B,G173)-INDEX($B:$B,G173-1))),360))","=IF(K173="""","""",K173+$Q$1)","=IF(L173="""","""",""G1 X""&TEXT(I173,""0.###"")&"" Y""&TEXT(J173,""0.###"")&"" Z""&TEXT(L173,""0.###""))"
,,,,,=(ROW()-4),"=IF(F174>LOOKUP(9E+307,$E$5:$E$120),"""",LOOKUP(F174-1,$E$5:$E$120,ROW($E$5:$E$120))+1)","=IF(G174="""","""",F174-INDEX($E:$E,G174-1))","=IF(G174="""","""",INDEX($A:$A,G174-1)+(INDEX($A:$A,G174)-INDEX($A:$A,G174-1))*H174/INDEX($D:$D,G174))","=IF(G174="""","""",INDEX($B:$B,G174-1)+(INDEX($B:$B,G174)-INDEX($B:$B,G174-1))*H174/INDEX($D:$D,G174))","=IF(G174="""","""",MOD(DEGREES(ATAN2(INDEX($A:$A,G174)-INDEX($A:$A,G174-1),INDEX($B:$B,G174)-INDEX($B:$B,G174-1))),360))","=IF(K174="""","""",K174+$Q$1)","=IF(L174="""","""",""G1 X""&TEXT(I174,""0.###"")&"" Y""&TEXT(J174,""0.###"")&"" Z""&TEXT(L174,""0.###""))"
,,,,,=(ROW()-4),"=IF(F175>LOOKUP(9E+307,$E$5:$E$120),"""",LOOKUP(F175-1,$E$5:$E$120,ROW($E$5:$E$120))+1)","=IF(G175="""","""",F175-INDEX($E:$E,G175-1))","=IF(G175="""","""",INDEX($A:$A,G175-1)+(INDEX($A:$A,G175)-INDEX($A:$A,G175-1))*H175/INDEX($D:$D,G175))","=IF(G175="""","""",INDEX($B:$B,G175-1)+(INDEX($B:$B,G175)-INDEX($B:$B,G175-1))*H175/INDEX($D:$D,G175))","=IF(G175="""","""",MOD(DEGREES(ATAN2(INDEX($A:$A,G175)-INDEX($A:$A,G175-1),INDEX($B:$B,G175)-INDEX($B:$B,G175-1))),360))","=IF(K175="""","""",K175+$Q$1)","=IF(L175="""","""",""G1 X""&TEXT(I175,""0.###"")&"" Y""&TEXT(J175,""0.###"")&"" Z""&TEXT(L175,""0.###""))"
,,,,,=(ROW()-4),"=IF(F176>LOOKUP(9E+307,$E$5:$E$120),"""",LOOKUP(F176-1,$E$5:$E$120,ROW($E$5:$E$120))+1)","=IF(G176="""","""",F176-INDEX($E:$E,G176-1))","=IF(G176="""","""",INDEX($A:$A,G176-1)+(INDEX($A:$A,G176)-INDEX($A:$A,G176-1))*H176/INDEX($D:$D,G176))","=IF(G176="""","""",INDEX($B:$B,G176-1)+(INDEX($B:$B,G176)-INDEX($B:$B,G176-1))*H176/INDEX($D:$D,G176))","=IF(G176="""","""",MOD(DEGREES(ATAN2(INDEX($A:$A,G176)-INDEX($A:$A,G176-1),INDEX($B:$B,G176)-INDEX($B:$B,G176-1))),360))","=IF(K176="""","""",K176+$Q$1)","=IF(L176="""","""",""G1 X""&TEXT(I176,""0.###"")&"" Y""&TEXT(J176,""0.###"")&"" Z""&TEXT(L176,""0.###""))"
,,,,,=(ROW()-4),"=IF(F177>LOOKUP(9E+307,$E$5:$E$120),"""",LOOKUP(F177-1,$E$5:$E$120,ROW($E$5:$E$120))+1)","=IF(G177="""","""",F177-INDEX($E:$E,G177-1))","=IF(G177="""","""",INDEX($A:$A,G177-1)+(INDEX($A:$A,G177)-INDEX($A:$A,G177-1))*H177/INDEX($D:$D,G177))","=IF(G177="""","""",INDEX($B:$B,G177-1)+(INDEX($B:$B,G177)-INDEX($B:$B,G177-1))*H177/INDEX($D:$D,G177))","=IF(G177="""","""",MOD(DEGREES(ATAN2(INDEX($A:$A,G177)-INDEX($A:$A,G177-1),INDEX($B:$B,G177)-INDEX($B:$B,G177-1))),360))","=IF(K177="""","""",K177+$Q$1)","=IF(L177="""","""",""G1 X""&TEXT(I177,""0.###"")&"" Y""&TEXT(J177,""0.###"")&"" Z""&TEXT(L177,""0.###""))"
,,,,,=(ROW()-4),"=IF(F178>LOOKUP(9E+307,$E$5:$E$120),"""",LOOKUP(F178-1,$E$5:$E$120,ROW($E$5:$E$120))+1)","=IF(G178="""","""",F178-INDEX($E:$E,G178-1))","=IF(G178="""","""",INDEX($A:$A,G178-1)+(INDEX($A:$A,G178)-INDEX($A:$A,G178-1))*H178/INDEX($D:$D,G178))","=IF(G178="""","""",INDEX($B:$B,G178-1)+(INDEX($B:$B,G178)-INDEX($B:$B,G178-1))*H178/INDEX($D:$D,G178))","=IF(G178="""","""",MOD(DEGREES(ATAN2(INDEX($A:$A,G178)-INDEX($A:$A,G178-1),INDEX($B:$B,G178)-INDEX($B:$B,G178-1))),360))","=IF(K178="""","""",K178+$Q$1)","=IF(L178="""","""",""G1 X""&TEXT(I178,""0.###"")&"" Y""&TEXT(J178,""0.###"")&"" Z""&TEXT(L178,""0.###""))"
,,,,,=(ROW()-4),"=IF(F179>LOOKUP(9E+307,$E$5:$E$120),"""",LOOKUP(F179-1,$E$5:$E$120,ROW($E$5:$E$120))+1)","=IF(G179="""","""",F179-INDEX($E:$E,G179-1))","=IF(G179="""","""",INDEX($A:$A,G179-1)+(INDEX($A:$A,G179)-INDEX($A:$A,G179-1))*H179/INDEX($D:$D,G179))","=IF(G179="""","""",INDEX($B:$B,G179-1)+(INDEX($B:$B,G179)-INDEX($B:$B,G179-1))*H179/INDEX($D:$D,G179))","=IF(G179="""","""",MOD(DEGREES(ATAN2(INDEX($A:$A,G179)-INDEX($A:$A,G179-1),INDEX($B:$B,G179)-INDEX($B:$B,G179-1))),360))","=IF(K179="""","""",K179+$Q$1)","=IF(L179="""","""",""G1 X""&TEXT(I179,""0.###"")&"" Y""&TEXT(J179,""0.###"")&"" Z""&TEXT(L179,""0.###""))"
,,,,,=(ROW()-4),"=IF(F180>LOOKUP(9E+307,$E$5:$E$120),"""",LOOKUP(F180-1,$E$5:$E$120,ROW($E$5:$E$120))+1)","=IF(G180="""","""",F180-INDEX($E:$E,G180-1))","=IF(G180="""","""",INDEX($A:$A,G180-1)+(INDEX($A:$A,G180)-INDEX($A:$A,G180-1))*H180/INDEX($D:$D,G180))","=IF(G180="""","""",INDEX($B:$B,G180-1)+(INDEX($B:$B,G180)-INDEX($B:$B,G180-1))*H180/INDEX($D:$D,G180))","=IF(G180="""","""",MOD(DEGREES(ATAN2(INDEX($A:$A,G180)-INDEX($A:$A,G180-1),INDEX($B:$B,G180)-INDEX($B:$B,G180-1))),360))","=IF(K180="""","""",K180+$Q$1)","=IF(L180="""","""",""G1 X""&TEXT(I180,""0.###"")&"" Y""&TEXT(J180,""0.###"")&"" Z""&TEXT(L180,""0.###""))"
,,,,,=(ROW()-4),"=IF(F181>LOOKUP(9E+307,$E$5:$E$120),"""",LOOKUP(F181-1,$E$5:$E$120,ROW($E$5:$E$120))+1)","=IF(G181="""","""",F181-INDEX($E:$E,G181-1))","=IF(G181="""","""",INDEX($A:$A,G181-1)+(INDEX($A:$A,G181)-INDEX($A:$A,G181-1))*H181/INDEX($D:$D,G181))","=IF(G181="""","""",INDEX($B:$B,G181-1)+(INDEX($B:$B,G181)-INDEX($B:$B,G181-1))*H181/INDEX($D:$D,G181))","=IF(G181="""","""",MOD(DEGREES(ATAN2(INDEX($A:$A,G181)-INDEX($A:$A,G181-1),INDEX($B:$B,G181)-INDEX($B:$B,G181-1))),360))","=IF(K181="""","""",K181+$Q$1)","=IF(L181="""","""",""G1 X""&TEXT(I181,""0.###"")&"" Y""&TEXT(J181,""0.###"")&"" Z""&TEXT(L181,""0.###""))"
,,,,,=(ROW()-4),"=IF(F182>LOOKUP(9E+307,$E$5:$E$120),"""",LOOKUP(F182-1,$E$5:$E$120,ROW($E$5:$E$120))+1)","=IF(G182="""","""",F182-INDEX($E:$E,G182-1))","=IF(G182="""","""",INDEX($A:$A,G182-1)+(INDEX($A:$A,G182)-INDEX($A:$A,G182-1))*H182/INDEX($D:$D,G182))","=IF(G182="""","""",INDEX($B:$B,G182-1)+(INDEX($B:$B,G182)-INDEX($B:$B,G182-1))*H182/INDEX($D:$D,G182))","=IF(G182="""","""",MOD(DEGREES(ATAN2(INDEX($A:$A,G182)-INDEX($A:$A,G182-1),INDEX($B:$B,G182)-INDEX($B:$B,G182-1))),360))","=IF(K182="""","""",K182+$Q$1)","=IF(L182="""","""",""G1 X""&TEXT(I182,""0.###"")&"" Y""&TEXT(J182,""0.###"")&"" Z""&TEXT(L182,""0.###""))"
,,,,,=(ROW()-4),"=IF(F183>LOOKUP(9E+307,$E$5:$E$120),"""",LOOKUP(F183-1,$E$5:$E$120,ROW($E$5:$E$120))+1)","=IF(G183="""","""",F183-INDEX($E:$E,G183-1))","=IF(G183="""","""",INDEX($A:$A,G183-1)+(INDEX($A:$A,G183)-INDEX($A:$A,G183-1))*H183/INDEX($D:$D,G183))","=IF(G183="""","""",INDEX($B:$B,G183-1)+(INDEX($B:$B,G183)-INDEX($B:$B,G183-1))*H183/INDEX($D:$D,G183))","=IF(G183="""","""",MOD(DEGREES(ATAN2(INDEX($A:$A,G183)-INDEX($A:$A,G183-1),INDEX($B:$B,G183)-INDEX($B:$B,G183-1))),360))","=IF(K183="""","""",K183+$Q$1)","=IF(L183="""","""",""G1 X""&TEXT(I183,""0.###"")&"" Y""&TEXT(J183,""0.###"")&"" Z""&TEXT(L183,""0.###""))"
,,,,,=(ROW()-4),"=IF(F184>LOOKUP(9E+307,$E$5:$E$120),"""",LOOKUP(F184-1,$E$5:$E$120,ROW($E$5:$E$120))+1)","=IF(G184="""","""",F184-INDEX($E:$E,G184-1))","=IF(G184="""","""",INDEX($A:$A,G184-1)+(INDEX($A:$A,G184)-INDEX($A:$A,G184-1))*H184/INDEX($D:$D,G184))","=IF(G184="""","""",INDEX($B:$B,G184-1)+(INDEX($B:$B,G184)-INDEX($B:$B,G184-1))*H184/INDEX($D:$D,G184))","=IF(G184="""","""",MOD(DEGREES(ATAN2(INDEX($A:$A,G184)-INDEX($A:$A,G184-1),INDEX($B:$B,G184)-INDEX($B:$B,G184-1))),360))","=IF(K184="""","""",K184+$Q$1)","=IF(L184="""","""",""G1 X""&TEXT(I184,""0.###"")&"" Y""&TEXT(J184,""0.###"")&"" Z""&TEXT(L184,""0.###""))"
,,,,,=(ROW()-4),"=IF(F185>LOOKUP(9E+307,$E$5:$E$120),"""",LOOKUP(F185-1,$E$5:$E$120,ROW($E$5:$E$120))+1)","=IF(G185="""","""",F185-INDEX($E:$E,G185-1))","=IF(G185="""","""",INDEX($A:$A,G185-1)+(INDEX($A:$A,G185)-INDEX($A:$A,G185-1))*H185/INDEX($D:$D,G185))","=IF(G185="""","""",INDEX($B:$B,G185-1)+(INDEX($B:$B,G185)-INDEX($B:$B,G185-1))*H185/INDEX($D:$D,G185))","=IF(G185="""","""",MOD(DEGREES(ATAN2(INDEX($A:$A,G185)-INDEX($A:$A,G185-1),INDEX($B:$B,G185)-INDEX($B:$B,G185-1))),360))","=IF(K185="""","""",K185+$Q$1)","=IF(L185="""","""",""G1 X""&TEXT(I185,""0.###"")&"" Y""&TEXT(J185,""0.###"")&"" Z""&TEXT(L185,""0.###""))"
,,,,,=(ROW()-4),"=IF(F186>LOOKUP(9E+307,$E$5:$E$120),"""",LOOKUP(F186-1,$E$5:$E$120,ROW($E$5:$E$120))+1)","=IF(G186="""","""",F186-INDEX($E:$E,G186-1))","=IF(G186="""","""",INDEX($A:$A,G186-1)+(INDEX($A:$A,G186)-INDEX($A:$A,G186-1))*H186/INDEX($D:$D,G186))","=IF(G186="""","""",INDEX($B:$B,G186-1)+(INDEX($B:$B,G186)-INDEX($B:$B,G186-1))*H186/INDEX($D:$D,G186))","=IF(G186="""","""",MOD(DEGREES(ATAN2(INDEX($A:$A,G186)-INDEX($A:$A,G186-1),INDEX($B:$B,G186)-INDEX($B:$B,G186-1))),360))","=IF(K186="""","""",K186+$Q$1)","=IF(L186="""","""",""G1 X""&TEXT(I186,""0.###"")&"" Y""&TEXT(J186,""0.###"")&"" Z""&TEXT(L186,""0.###""))"
,,,,,=(ROW()-4),"=IF(F187>LOOKUP(9E+307,$E$5:$E$120),"""",LOOKUP(F187-1,$E$5:$E$120,ROW($E$5:$E$120))+1)","=IF(G187="""","""",F187-INDEX($E:$E,G187-1))","=IF(G187="""","""",INDEX($A:$A,G187-1)+(INDEX($A:$A,G187)-INDEX($A:$A,G187-1))*H187/INDEX($D:$D,G187))","=IF(G187="""","""",INDEX($B:$B,G187-1)+(INDEX($B:$B,G187)-INDEX($B:$B,G187-1))*H187/INDEX($D:$D,G187))","=IF(G187="""","""",MOD(DEGREES(ATAN2(INDEX($A:$A,G187)-INDEX($A:$A,G187-1),INDEX($B:$B,G187)-INDEX($B:$B,G187-1))),360))","=IF(K187="""","""",K187+$Q$1)","=IF(L187="""","""",""G1 X""&TEXT(I187,""0.###"")&"" Y""&TEXT(J187,""0.###"")&"" Z""&TEXT(L187,""0.###""))"
,,,,,=(ROW()-4),"=IF(F188>LOOKUP(9E+307,$E$5:$E$120),"""",LOOKUP(F188-1,$E$5:$E$120,ROW($E$5:$E$120))+1)","=IF(G188="""","""",F188-INDEX($E:$E,G188-1))","=IF(G188="""","""",INDEX($A:$A,G188-1)+(INDEX($A:$A,G188)-INDEX($A:$A,G188-1))*H188/INDEX($D:$D,G188))","=IF(G188="""","""",INDEX($B:$B,G188-1)+(INDEX($B:$B,G188)-INDEX($B:$B,G188-1))*H188/INDEX($D:$D,G188))","=IF(G188="""","""",MOD(DEGREES(ATAN2(INDEX($A:$A,G188)-INDEX($A:$A,G188-1),INDEX($B:$B,G188)-INDEX($B:$B,G188-1))),360))","=IF(K188="""","""",K188+$Q$1)","=IF(L188="""","""",""G1 X""&TEXT(I188,""0.###"")&"" Y""&TEXT(J188,""0.###"")&"" Z""&TEXT(L188,""0.###""))"
,,,,,=(ROW()-4),"=IF(F189>LOOKUP(9E+307,$E$5:$E$120),"""",LOOKUP(F189-1,$E$5:$E$120,ROW($E$5:$E$120))+1)","=IF(G189="""","""",F189-INDEX($E:$E,G189-1))","=IF(G189="""","""",INDEX($A:$A,G189-1)+(INDEX($A:$A,G189)-INDEX($A:$A,G189-1))*H189/INDEX($D:$D,G189))","=IF(G189="""","""",INDEX($B:$B,G189-1)+(INDEX($B:$B,G189)-INDEX($B:$B,G189-1))*H189/INDEX($D:$D,G189))","=IF(G189="""","""",MOD(DEGREES(ATAN2(INDEX($A:$A,G189)-INDEX($A:$A,G189-1),INDEX($B:$B,G189)-INDEX($B:$B,G189-1))),360))","=IF(K189="""","""",K189+$Q$1)","=IF(L189="""","""",""G1 X""&TEXT(I189,""0.###"")&"" Y""&TEXT(J189,""0.###"")&"" Z""&TEXT(L189,""0.###""))"
,,,,,=(ROW()-4),"=IF(F190>LOOKUP(9E+307,$E$5:$E$120),"""",LOOKUP(F190-1,$E$5:$E$120,ROW($E$5:$E$120))+1)","=IF(G190="""","""",F190-INDEX($E:$E,G190-1))","=IF(G190="""","""",INDEX($A:$A,G190-1)+(INDEX($A:$A,G190)-INDEX($A:$A,G190-1))*H190/INDEX($D:$D,G190))","=IF(G190="""","""",INDEX($B:$B,G190-1)+(INDEX($B:$B,G190)-INDEX($B:$B,G190-1))*H190/INDEX($D:$D,G190))","=IF(G190="""","""",MOD(DEGREES(ATAN2(INDEX($A:$A,G190)-INDEX($A:$A,G190-1),INDEX($B:$B,G190)-INDEX($B:$B,G190-1))),360))","=IF(K190="""","""",K190+$Q$1)","=IF(L190="""","""",""G1 X""&TEXT(I190,""0.###"")&"" Y""&TEXT(J190,""0.###"")&"" Z""&TEXT(L190,""0.###""))"
,,,,,=(ROW()-4),"=IF(F191>LOOKUP(9E+307,$E$5:$E$120),"""",LOOKUP(F191-1,$E$5:$E$120,ROW($E$5:$E$120))+1)","=IF(G191="""","""",F191-INDEX($E:$E,G191-1))","=IF(G191="""","""",INDEX($A:$A,G191-1)+(INDEX($A:$A,G191)-INDEX($A:$A,G191-1))*H191/INDEX($D:$D,G191))","=IF(G191="""","""",INDEX($B:$B,G191-1)+(INDEX($B:$B,G191)-INDEX($B:$B,G191-1))*H191/INDEX($D:$D,G191))","=IF(G191="""","""",MOD(DEGREES(ATAN2(INDEX($A:$A,G191)-INDEX($A:$A,G191-1),INDEX($B:$B,G191)-INDEX($B:$B,G191-1))),360))","=IF(K191="""","""",K191+$Q$1)","=IF(L191="""","""",""G1 X""&TEXT(I191,""0.###"")&"" Y""&TEXT(J191,""0.###"")&"" Z""&TEXT(L191,""0.###""))"
,,,,,=(ROW()-4),"=IF(F192>LOOKUP(9E+307,$E$5:$E$120),"""",LOOKUP(F192-1,$E$5:$E$120,ROW($E$5:$E$120))+1)","=IF(G192="""","""",F192-INDEX($E:$E,G192-1))","=IF(G192="""","""",INDEX($A:$A,G192-1)+(INDEX($A:$A,G192)-INDEX($A:$A,G192-1))*H192/INDEX($D:$D,G192))","=IF(G192="""","""",INDEX($B:$B,G192-1)+(INDEX($B:$B,G192)-INDEX($B:$B,G192-1))*H192/INDEX($D:$D,G192))","=IF(G192="""","""",MOD(DEGREES(ATAN2(INDEX($A:$A,G192)-INDEX($A:$A,G192-1),INDEX($B:$B,G192)-INDEX($B:$B,G192-1))),360))","=IF(K192="""","""",K192+$Q$1)","=IF(L192="""","""",""G1 X""&TEXT(I192,""0.###"")&"" Y""&TEXT(J192,""0.###"")&"" Z""&TEXT(L192,""0.###""))"
,,,,,=(ROW()-4),"=IF(F193>LOOKUP(9E+307,$E$5:$E$120),"""",LOOKUP(F193-1,$E$5:$E$120,ROW($E$5:$E$120))+1)","=IF(G193="""","""",F193-INDEX($E:$E,G193-1))","=IF(G193="""","""",INDEX($A:$A,G193-1)+(INDEX($A:$A,G193)-INDEX($A:$A,G193-1))*H193/INDEX($D:$D,G193))","=IF(G193="""","""",INDEX($B:$B,G193-1)+(INDEX($B:$B,G193)-INDEX($B:$B,G193-1))*H193/INDEX($D:$D,G193))","=IF(G193="""","""",MOD(DEGREES(ATAN2(INDEX($A:$A,G193)-INDEX($A:$A,G193-1),INDEX($B:$B,G193)-INDEX($B:$B,G193-1))),360))","=IF(K193="""","""",K193+$Q$1)","=IF(L193="""","""",""G1 X""&TEXT(I193,""0.###"")&"" Y""&TEXT(J193,""0.###"")&"" Z""&TEXT(L193,""0.###""))"
,,,,,=(ROW()-4),"=IF(F194>LOOKUP(9E+307,$E$5:$E$120),"""",LOOKUP(F194-1,$E$5:$E$120,ROW($E$5:$E$120))+1)","=IF(G194="""","""",F194-INDEX($E:$E,G194-1))","=IF(G194="""","""",INDEX($A:$A,G194-1)+(INDEX($A:$A,G194)-INDEX($A:$A,G194-1))*H194/INDEX($D:$D,G194))","=IF(G194="""","""",INDEX($B:$B,G194-1)+(INDEX($B:$B,G194)-INDEX($B:$B,G194-1))*H194/INDEX($D:$D,G194))","=IF(G194="""","""",MOD(DEGREES(ATAN2(INDEX($A:$A,G194)-INDEX($A:$A,G194-1),INDEX($B:$B,G194)-INDEX($B:$B,G194-1))),360))","=IF(K194="""","""",K194+$Q$1)","=IF(L194="""","""",""G1 X""&TEXT(I194,""0.###"")&"" Y""&TEXT(J194,""0.###"")&"" Z""&TEXT(L194,""0.###""))"
,,,,,=(ROW()-4),"=IF(F195>LOOKUP(9E+307,$E$5:$E$120),"""",LOOKUP(F195-1,$E$5:$E$120,ROW($E$5:$E$120))+1)","=IF(G195="""","""",F195-INDEX($E:$E,G195-1))","=IF(G195="""","""",INDEX($A:$A,G195-1)+(INDEX($A:$A,G195)-INDEX($A:$A,G195-1))*H195/INDEX($D:$D,G195))","=IF(G195="""","""",INDEX($B:$B,G195-1)+(INDEX($B:$B,G195)-INDEX($B:$B,G195-1))*H195/INDEX($D:$D,G195))","=IF(G195="""","""",MOD(DEGREES(ATAN2(INDEX($A:$A,G195)-INDEX($A:$A,G195-1),INDEX($B:$B,G195)-INDEX($B:$B,G195-1))),360))","=IF(K195="""","""",K195+$Q$1)","=IF(L195="""","""",""G1 X""&TEXT(I195,""0.###"")&"" Y""&TEXT(J195,""0.###"")&"" Z""&TEXT(L195,""0.###""))"
,,,,,=(ROW()-4),"=IF(F196>LOOKUP(9E+307,$E$5:$E$120),"""",LOOKUP(F196-1,$E$5:$E$120,ROW($E$5:$E$120))+1)","=IF(G196="""","""",F196-INDEX($E:$E,G196-1))","=IF(G196="""","""",INDEX($A:$A,G196-1)+(INDEX($A:$A,G196)-INDEX($A:$A,G196-1))*H196/INDEX($D:$D,G196))","=IF(G196="""","""",INDEX($B:$B,G196-1)+(INDEX($B:$B,G196)-INDEX($B:$B,G196-1))*H196/INDEX($D:$D,G196))","=IF(G196="""","""",MOD(DEGREES(ATAN2(INDEX($A:$A,G196)-INDEX($A:$A,G196-1),INDEX($B:$B,G196)-INDEX($B:$B,G196-1))),360))","=IF(K196="""","""",K196+$Q$1)","=IF(L196="""","""",""G1 X""&TEXT(I196,""0.###"")&"" Y""&TEXT(J196,""0.###"")&"" Z""&TEXT(L196,""0.###""))"
,,,,,=(ROW()-4),"=IF(F197>LOOKUP(9E+307,$E$5:$E$120),"""",LOOKUP(F197-1,$E$5:$E$120,ROW($E$5:$E$120))+1)","=IF(G197="""","""",F197-INDEX($E:$E,G197-1))","=IF(G197="""","""",INDEX($A:$A,G197-1)+(INDEX($A:$A,G197)-INDEX($A:$A,G197-1))*H197/INDEX($D:$D,G197))","=IF(G197="""","""",INDEX($B:$B,G197-1)+(INDEX($B:$B,G197)-INDEX($B:$B,G197-1))*H197/INDEX($D:$D,G197))","=IF(G197="""","""",MOD(DEGREES(ATAN2(INDEX($A:$A,G197)-INDEX($A:$A,G197-1),INDEX($B:$B,G197)-INDEX($B:$B,G197-1))),360))","=IF(K197="""","""",K197+$Q$1)","=IF(L197="""","""",""G1 X""&TEXT(I197,""0.###"")&"" Y""&TEXT(J197,""0.###"")&"" Z""&TEXT(L197,""0.###""))"
,,,,,=(ROW()-4),"=IF(F198>LOOKUP(9E+307,$E$5:$E$120),"""",LOOKUP(F198-1,$E$5:$E$120,ROW($E$5:$E$120))+1)","=IF(G198="""","""",F198-INDEX($E:$E,G198-1))","=IF(G198="""","""",INDEX($A:$A,G198-1)+(INDEX($A:$A,G198)-INDEX($A:$A,G198-1))*H198/INDEX($D:$D,G198))","=IF(G198="""","""",INDEX($B:$B,G198-1)+(INDEX($B:$B,G198)-INDEX($B:$B,G198-1))*H198/INDEX($D:$D,G198))","=IF(G198="""","""",MOD(DEGREES(ATAN2(INDEX($A:$A,G198)-INDEX($A:$A,G198-1),INDEX($B:$B,G198)-INDEX($B:$B,G198-1))),360))","=IF(K198="""","""",K198+$Q$1)","=IF(L198="""","""",""G1 X""&TEXT(I198,""0.###"")&"" Y""&TEXT(J198,""0.###"")&"" Z""&TEXT(L198,""0.###""))"
,,,,,=(ROW()-4),"=IF(F199>LOOKUP(9E+307,$E$5:$E$120),"""",LOOKUP(F199-1,$E$5:$E$120,ROW($E$5:$E$120))+1)","=IF(G199="""","""",F199-INDEX($E:$E,G199-1))","=IF(G199="""","""",INDEX($A:$A,G199-1)+(INDEX($A:$A,G199)-INDEX($A:$A,G199-1))*H199/INDEX($D:$D,G199))","=IF(G199="""","""",INDEX($B:$B,G199-1)+(INDEX($B:$B,G199)-INDEX($B:$B,G199-1))*H199/INDEX($D:$D,G199))","=IF(G199="""","""",MOD(DEGREES(ATAN2(INDEX($A:$A,G199)-INDEX($A:$A,G199-1),INDEX($B:$B,G199)-INDEX($B:$B,G199-1))),360))","=IF(K199="""","""",K199+$Q$1)","=IF(L199="""","""",""G1 X""&TEXT(I199,""0.###"")&"" Y""&TEXT(J199,""0.###"")&"" Z""&TEXT(L199,""0.###""))"
,,,,,=(ROW()-4),"=IF(F200>LOOKUP(9E+307,$E$5:$E$120),"""",LOOKUP(F200-1,$E$5:$E$120,ROW($E$5:$E$120))+1)","=IF(G200="""","""",F200-INDEX($E:$E,G200-1))","=IF(G200="""","""",INDEX($A:$A,G200-1)+(INDEX($A:$A,G200)-INDEX($A:$A,G200-1))*H200/INDEX($D:$D,G200))","=IF(G200="""","""",INDEX($B:$B,G200-1)+(INDEX($B:$B,G200)-INDEX($B:$B,G200-1))*H200/INDEX($D:$D,G200))","=IF(G200="""","""",MOD(DEGREES(ATAN2(INDEX($A:$A,G200)-INDEX($A:$A,G200-1),INDEX($B:$B,G200)-INDEX($B:$B,G200-1))),360))","=IF(K200="""","""",K200+$Q$1)","=IF(L200="""","""",""G1 X""&TEXT(I200,""0.###"")&"" Y""&TEXT(J200,""0.###"")&"" Z""&TEXT(L200,""0.###""))"
,,,,,=(ROW()-4),"=IF(F201>LOOKUP(9E+307,$E$5:$E$120),"""",LOOKUP(F201-1,$E$5:$E$120,ROW($E$5:$E$120))+1)","=IF(G201="""","""",F201-INDEX($E:$E,G201-1))","=IF(G201="""","""",INDEX($A:$A,G201-1)+(INDEX($A:$A,G201)-INDEX($A:$A,G201-1))*H201/INDEX($D:$D,G201))","=IF(G201="""","""",INDEX($B:$B,G201-1)+(INDEX($B:$B,G201)-INDEX($B:$B,G201-1))*H201/INDEX($D:$D,G201))","=IF(G201="""","""",MOD(DEGREES(ATAN2(INDEX($A:$A,G201)-INDEX($A:$A,G201-1),INDEX($B:$B,G201)-INDEX($B:$B,G201-1))),360))","=IF(K201="""","""",K201+$Q$1)","=IF(L201="""","""",""G1 X""&TEXT(I201,""0.###"")&"" Y""&TEXT(J201,""0.###"")&"" Z""&TEXT(L201,""0.###""))"
,,,,,=(ROW()-4),"=IF(F202>LOOKUP(9E+307,$E$5:$E$120),"""",LOOKUP(F202-1,$E$5:$E$120,ROW($E$5:$E$120))+1)","=IF(G202="""","""",F202-INDEX($E:$E,G202-1))","=IF(G202="""","""",INDEX($A:$A,G202-1)+(INDEX($A:$A,G202)-INDEX($A:$A,G202-1))*H202/INDEX($D:$D,G202))","=IF(G202="""","""",INDEX($B:$B,G202-1)+(INDEX($B:$B,G202)-INDEX($B:$B,G202-1))*H202/INDEX($D:$D,G202))","=IF(G202="""","""",MOD(DEGREES(ATAN2(INDEX($A:$A,G202)-INDEX($A:$A,G202-1),INDEX($B:$B,G202)-INDEX($B:$B,G202-1))),360))","=IF(K202="""","""",K202+$Q$1)","=IF(L202="""","""",""G1 X""&TEXT(I202,""0.###"")&"" Y""&TEXT(J202,""0.###"")&"" Z""&TEXT(L202,""0.###""))"
,,,,,=(ROW()-4),"=IF(F203>LOOKUP(9E+307,$E$5:$E$120),"""",LOOKUP(F203-1,$E$5:$E$120,ROW($E$5:$E$120))+1)","=IF(G203="""","""",F203-INDEX($E:$E,G203-1))","=IF(G203="""","""",INDEX($A:$A,G203-1)+(INDEX($A:$A,G203)-INDEX($A:$A,G203-1))*H203/INDEX($D:$D,G203))","=IF(G203="""","""",INDEX($B:$B,G203-1)+(INDEX($B:$B,G203)-INDEX($B:$B,G203-1))*H203/INDEX($D:$D,G203))","=IF(G203="""","""",MOD(DEGREES(ATAN2(INDEX($A:$A,G203)-INDEX($A:$A,G203-1),INDEX($B:$B,G203)-INDEX($B:$B,G203-1))),360))","=IF(K203="""","""",K203+$Q$1)","=IF(L203="""","""",""G1 X""&TEXT(I203,""0.###"")&"" Y""&TEXT(J203,""0.###"")&"" Z""&TEXT(L203,""0.###""))"
,,,,,=(ROW()-4),"=IF(F204>LOOKUP(9E+307,$E$5:$E$120),"""",LOOKUP(F204-1,$E$5:$E$120,ROW($E$5:$E$120))+1)","=IF(G204="""","""",F204-INDEX($E:$E,G204-1))","=IF(G204="""","""",INDEX($A:$A,G204-1)+(INDEX($A:$A,G204)-INDEX($A:$A,G204-1))*H204/INDEX($D:$D,G204))","=IF(G204="""","""",INDEX($B:$B,G204-1)+(INDEX($B:$B,G204)-INDEX($B:$B,G204-1))*H204/INDEX($D:$D,G204))","=IF(G204="""","""",MOD(DEGREES(ATAN2(INDEX($A:$A,G204)-INDEX($A:$A,G204-1),INDEX($B:$B,G204)-INDEX($B:$B,G204-1))),360))","=IF(K204="""","""",K204+$Q$1)","=IF(L204="""","""",""G1 X""&TEXT(I204,""0.###"")&"" Y""&TEXT(J204,""0.###"")&"" Z""&TEXT(L204,""0.###""))"
,,,,,=(ROW()-4),"=IF(F205>LOOKUP(9E+307,$E$5:$E$120),"""",LOOKUP(F205-1,$E$5:$E$120,ROW($E$5:$E$120))+1)","=IF(G205="""","""",F205-INDEX($E:$E,G205-1))","=IF(G205="""","""",INDEX($A:$A,G205-1)+(INDEX($A:$A,G205)-INDEX($A:$A,G205-1))*H205/INDEX($D:$D,G205))","=IF(G205="""","""",INDEX($B:$B,G205-1)+(INDEX($B:$B,G205)-INDEX($B:$B,G205-1))*H205/INDEX($D:$D,G205))","=IF(G205="""","""",MOD(DEGREES(ATAN2(INDEX($A:$A,G205)-INDEX($A:$A,G205-1),INDEX($B:$B,G205)-INDEX($B:$B,G205-1))),360))","=IF(K205="""","""",K205+$Q$1)","=IF(L205="""","""",""G1 X""&TEXT(I205,""0.###"")&"" Y""&TEXT(J205,""0.###"")&"" Z""&TEXT(L205,""0.###""))"
,,,,,=(ROW()-4),"=IF(F206>LOOKUP(9E+307,$E$5:$E$120),"""",LOOKUP(F206-1,$E$5:$E$120,ROW($E$5:$E$120))+1)","=IF(G206="""","""",F206-INDEX($E:$E,G206-1))","=IF(G206="""","""",INDEX($A:$A,G206-1)+(INDEX($A:$A,G206)-INDEX($A:$A,G206-1))*H206/INDEX($D:$D,G206))","=IF(G206="""","""",INDEX($B:$B,G206-1)+(INDEX($B:$B,G206)-INDEX($B:$B,G206-1))*H206/INDEX($D:$D,G206))","=IF(G206="""","""",MOD(DEGREES(ATAN2(INDEX($A:$A,G206)-INDEX($A:$A,G206-1),INDEX($B:$B,G206)-INDEX($B:$B,G206-1))),360))","=IF(K206="""","""",K206+$Q$1)","=IF(L206="""","""",""G1 X""&TEXT(I206,""0.###"")&"" Y""&TEXT(J206,""0.###"")&"" Z""&TEXT(L206,""0.###""))"
,,,,,=(ROW()-4),"=IF(F207>LOOKUP(9E+307,$E$5:$E$120),"""",LOOKUP(F207-1,$E$5:$E$120,ROW($E$5:$E$120))+1)","=IF(G207="""","""",F207-INDEX($E:$E,G207-1))","=IF(G207="""","""",INDEX($A:$A,G207-1)+(INDEX($A:$A,G207)-INDEX($A:$A,G207-1))*H207/INDEX($D:$D,G207))","=IF(G207="""","""",INDEX($B:$B,G207-1)+(INDEX($B:$B,G207)-INDEX($B:$B,G207-1))*H207/INDEX($D:$D,G207))","=IF(G207="""","""",MOD(DEGREES(ATAN2(INDEX($A:$A,G207)-INDEX($A:$A,G207-1),INDEX($B:$B,G207)-INDEX($B:$B,G207-1))),360))","=IF(K207="""","""",K207+$Q$1)","=IF(L207="""","""",""G1 X""&TEXT(I207,""0.###"")&"" Y""&TEXT(J207,""0.###"")&"" Z""&TEXT(L207,""0.###""))"
,,,,,=(ROW()-4),"=IF(F208>LOOKUP(9E+307,$E$5:$E$120),"""",LOOKUP(F208-1,$E$5:$E$120,ROW($E$5:$E$120))+1)","=IF(G208="""","""",F208-INDEX($E:$E,G208-1))","=IF(G208="""","""",INDEX($A:$A,G208-1)+(INDEX($A:$A,G208)-INDEX($A:$A,G208-1))*H208/INDEX($D:$D,G208))","=IF(G208="""","""",INDEX($B:$B,G208-1)+(INDEX($B:$B,G208)-INDEX($B:$B,G208-1))*H208/INDEX($D:$D,G208))","=IF(G208="""","""",MOD(DEGREES(ATAN2(INDEX($A:$A,G208)-INDEX($A:$A,G208-1),INDEX($B:$B,G208)-INDEX($B:$B,G208-1))),360))","=IF(K208="""","""",K208+$Q$1)","=IF(L208="""","""",""G1 X""&TEXT(I208,""0.###"")&"" Y""&TEXT(J208,""0.###"")&"" Z""&TEXT(L208,""0.###""))"
,,,,,=(ROW()-4),"=IF(F209>LOOKUP(9E+307,$E$5:$E$120),"""",LOOKUP(F209-1,$E$5:$E$120,ROW($E$5:$E$120))+1)","=IF(G209="""","""",F209-INDEX($E:$E,G209-1))","=IF(G209="""","""",INDEX($A:$A,G209-1)+(INDEX($A:$A,G209)-INDEX($A:$A,G209-1))*H209/INDEX($D:$D,G209))","=IF(G209="""","""",INDEX($B:$B,G209-1)+(INDEX($B:$B,G209)-INDEX($B:$B,G209-1))*H209/INDEX($D:$D,G209))","=IF(G209="""","""",MOD(DEGREES(ATAN2(INDEX($A:$A,G209)-INDEX($A:$A,G209-1),INDEX($B:$B,G209)-INDEX($B:$B,G209-1))),360))","=IF(K209="""","""",K209+$Q$1)","=IF(L209="""","""",""G1 X""&TEXT(I209,""0.###"")&"" Y""&TEXT(J209,""0.###"")&"" Z""&TEXT(L209,""0.###""))"
,,,,,=(ROW()-4),"=IF(F210>LOOKUP(9E+307,$E$5:$E$120),"""",LOOKUP(F210-1,$E$5:$E$120,ROW($E$5:$E$120))+1)","=IF(G210="""","""",F210-INDEX($E:$E,G210-1))","=IF(G210="""","""",INDEX($A:$A,G210-1)+(INDEX($A:$A,G210)-INDEX($A:$A,G210-1))*H210/INDEX($D:$D,G210))","=IF(G210="""","""",INDEX($B:$B,G210-1)+(INDEX($B:$B,G210)-INDEX($B:$B,G210-1))*H210/INDEX($D:$D,G210))","=IF(G210="""","""",MOD(DEGREES(ATAN2(INDEX($A:$A,G210)-INDEX($A:$A,G210-1),INDEX($B:$B,G210)-INDEX($B:$B,G210-1))),360))","=IF(K210="""","""",K210+$Q$1)","=IF(L210="""","""",""G1 X""&TEXT(I210,""0.###"")&"" Y""&TEXT(J210,""0.###"")&"" Z""&TEXT(L210,""0.###""))"
,,,,,=(ROW()-4),"=IF(F211>LOOKUP(9E+307,$E$5:$E$120),"""",LOOKUP(F211-1,$E$5:$E$120,ROW($E$5:$E$120))+1)","=IF(G211="""","""",F211-INDEX($E:$E,G211-1))","=IF(G211="""","""",INDEX($A:$A,G211-1)+(INDEX($A:$A,G211)-INDEX($A:$A,G211-1))*H211/INDEX($D:$D,G211))","=IF(G211="""","""",INDEX($B:$B,G211-1)+(INDEX($B:$B,G211)-INDEX($B:$B,G211-1))*H211/INDEX($D:$D,G211))","=IF(G211="""","""",MOD(DEGREES(ATAN2(INDEX($A:$A,G211)-INDEX($A:$A,G211-1),INDEX($B:$B,G211)-INDEX($B:$B,G211-1))),360))","=IF(K211="""","""",K211+$Q$1)","=IF(L211="""","""",""G1 X""&TEXT(I211,""0.###"")&"" Y""&TEXT(J211,""0.###"")&"" Z""&TEXT(L211,""0.###""))"
,,,,,=(ROW()-4),"=IF(F212>LOOKUP(9E+307,$E$5:$E$120),"""",LOOKUP(F212-1,$E$5:$E$120,ROW($E$5:$E$120))+1)","=IF(G212="""","""",F212-INDEX($E:$E,G212-1))","=IF(G212="""","""",INDEX($A:$A,G212-1)+(INDEX($A:$A,G212)-INDEX($A:$A,G212-1))*H212/INDEX($D:$D,G212))","=IF(G212="""","""",INDEX($B:$B,G212-1)+(INDEX($B:$B,G212)-INDEX($B:$B,G212-1))*H212/INDEX($D:$D,G212))","=IF(G212="""","""",MOD(DEGREES(ATAN2(INDEX($A:$A,G212)-INDEX($A:$A,G212-1),INDEX($B:$B,G212)-INDEX($B:$B,G212-1))),360))","=IF(K212="""","""",K212+$Q$1)","=IF(L212="""","""",""G1 X""&TEXT(I212,""0.###"")&"" Y""&TEXT(J212,""0.###"")&"" Z""&TEXT(L212,""0.###""))"
,,,,,=(ROW()-4),"=IF(F213>LOOKUP(9E+307,$E$5:$E$120),"""",LOOKUP(F213-1,$E$5:$E$120,ROW($E$5:$E$120))+1)","=IF(G213="""","""",F213-INDEX($E:$E,G213-1))","=IF(G213="""","""",INDEX($A:$A,G213-1)+(INDEX($A:$A,G213)-INDEX($A:$A,G213-1))*H213/INDEX($D:$D,G213))","=IF(G213="""","""",INDEX($B:$B,G213-1)+(INDEX($B:$B,G213)-INDEX($B:$B,G213-1))*H213/INDEX($D:$D,G213))","=IF(G213="""","""",MOD(DEGREES(ATAN2(INDEX($A:$A,G213)-INDEX($A:$A,G213-1),INDEX($B:$B,G213)-INDEX($B:$B,G213-1))),360))","=IF(K213="""","""",K213+$Q$1)","=IF(L213="""","""",""G1 X""&TEXT(I213,""0.###"")&"" Y""&TEXT(J213,""0.###"")&"" Z""&TEXT(L213,""0.###""))"
,,,,,=(ROW()-4),"=IF(F214>LOOKUP(9E+307,$E$5:$E$120),"""",LOOKUP(F214-1,$E$5:$E$120,ROW($E$5:$E$120))+1)","=IF(G214="""","""",F214-INDEX($E:$E,G214-1))","=IF(G214="""","""",INDEX($A:$A,G214-1)+(INDEX($A:$A,G214)-INDEX($A:$A,G214-1))*H214/INDEX($D:$D,G214))","=IF(G214="""","""",INDEX($B:$B,G214-1)+(INDEX($B:$B,G214)-INDEX($B:$B,G214-1))*H214/INDEX($D:$D,G214))","=IF(G214="""","""",MOD(DEGREES(ATAN2(INDEX($A:$A,G214)-INDEX($A:$A,G214-1),INDEX($B:$B,G214)-INDEX($B:$B,G214-1))),360))","=IF(K214="""","""",K214+$Q$1)","=IF(L214="""","""",""G1 X""&TEXT(I214,""0.###"")&"" Y""&TEXT(J214,""0.###"")&"" Z""&TEXT(L214,""0.###""))"
,,,,,=(ROW()-4),"=IF(F215>LOOKUP(9E+307,$E$5:$E$120),"""",LOOKUP(F215-1,$E$5:$E$120,ROW($E$5:$E$120))+1)","=IF(G215="""","""",F215-INDEX($E:$E,G215-1))","=IF(G215="""","""",INDEX($A:$A,G215-1)+(INDEX($A:$A,G215)-INDEX($A:$A,G215-1))*H215/INDEX($D:$D,G215))","=IF(G215="""","""",INDEX($B:$B,G215-1)+(INDEX($B:$B,G215)-INDEX($B:$B,G215-1))*H215/INDEX($D:$D,G215))","=IF(G215="""","""",MOD(DEGREES(ATAN2(INDEX($A:$A,G215)-INDEX($A:$A,G215-1),INDEX($B:$B,G215)-INDEX($B:$B,G215-1))),360))","=IF(K215="""","""",K215+$Q$1)","=IF(L215="""","""",""G1 X""&TEXT(I215,""0.###"")&"" Y""&TEXT(J215,""0.###"")&"" Z""&TEXT(L215,""0.###""))"
,,,,,=(ROW()-4),"=IF(F216>LOOKUP(9E+307,$E$5:$E$120),"""",LOOKUP(F216-1,$E$5:$E$120,ROW($E$5:$E$120))+1)","=IF(G216="""","""",F216-INDEX($E:$E,G216-1))","=IF(G216="""","""",INDEX($A:$A,G216-1)+(INDEX($A:$A,G216)-INDEX($A:$A,G216-1))*H216/INDEX($D:$D,G216))","=IF(G216="""","""",INDEX($B:$B,G216-1)+(INDEX($B:$B,G216)-INDEX($B:$B,G216-1))*H216/INDEX($D:$D,G216))","=IF(G216="""","""",MOD(DEGREES(ATAN2(INDEX($A:$A,G216)-INDEX($A:$A,G216-1),INDEX($B:$B,G216)-INDEX($B:$B,G216-1))),360))","=IF(K216="""","""",K216+$Q$1)","=IF(L216="""","""",""G1 X""&TEXT(I216,""0.###"")&"" Y""&TEXT(J216,""0.###"")&"" Z""&TEXT(L216,""0.###""))"
,,,,,=(ROW()-4),"=IF(F217>LOOKUP(9E+307,$E$5:$E$120),"""",LOOKUP(F217-1,$E$5:$E$120,ROW($E$5:$E$120))+1)","=IF(G217="""","""",F217-INDEX($E:$E,G217-1))","=IF(G217="""","""",INDEX($A:$A,G217-1)+(INDEX($A:$A,G217)-INDEX($A:$A,G217-1))*H217/INDEX($D:$D,G217))","=IF(G217="""","""",INDEX($B:$B,G217-1)+(INDEX($B:$B,G217)-INDEX($B:$B,G217-1))*H217/INDEX($D:$D,G217))","=IF(G217="""","""",MOD(DEGREES(ATAN2(INDEX($A:$A,G217)-INDEX($A:$A,G217-1),INDEX($B:$B,G217)-INDEX($B:$B,G217-1))),360))","=IF(K217="""","""",K217+$Q$1)","=IF(L217="""","""",""G1 X""&TEXT(I217,""0.###"")&"" Y""&TEXT(J217,""0.###"")&"" Z""&TEXT(L217,""0.###""))"
,,,,,=(ROW()-4),"=IF(F218>LOOKUP(9E+307,$E$5:$E$120),"""",LOOKUP(F218-1,$E$5:$E$120,ROW($E$5:$E$120))+1)","=IF(G218="""","""",F218-INDEX($E:$E,G218-1))","=IF(G218="""","""",INDEX($A:$A,G218-1)+(INDEX($A:$A,G218)-INDEX($A:$A,G218-1))*H218/INDEX($D:$D,G218))","=IF(G218="""","""",INDEX($B:$B,G218-1)+(INDEX($B:$B,G218)-INDEX($B:$B,G218-1))*H218/INDEX($D:$D,G218))","=IF(G218="""","""",MOD(DEGREES(ATAN2(INDEX($A:$A,G218)-INDEX($A:$A,G218-1),INDEX($B:$B,G218)-INDEX($B:$B,G218-1))),360))","=IF(K218="""","""",K218+$Q$1)","=IF(L218="""","""",""G1 X""&TEXT(I218,""0.###"")&"" Y""&TEXT(J218,""0.###"")&"" Z""&TEXT(L218,""0.###""))"
,,,,,=(ROW()-4),"=IF(F219>LOOKUP(9E+307,$E$5:$E$120),"""",LOOKUP(F219-1,$E$5:$E$120,ROW($E$5:$E$120))+1)","=IF(G219="""","""",F219-INDEX($E:$E,G219-1))","=IF(G219="""","""",INDEX($A:$A,G219-1)+(INDEX($A:$A,G219)-INDEX($A:$A,G219-1))*H219/INDEX($D:$D,G219))","=IF(G219="""","""",INDEX($B:$B,G219-1)+(INDEX($B:$B,G219)-INDEX($B:$B,G219-1))*H219/INDEX($D:$D,G219))","=IF(G219="""","""",MOD(DEGREES(ATAN2(INDEX($A:$A,G219)-INDEX($A:$A,G219-1),INDEX($B:$B,G219)-INDEX($B:$B,G219-1))),360))","=IF(K219="""","""",K219+$Q$1)","=IF(L219="""","""",""G1 X""&TEXT(I219,""0.###"")&"" Y""&TEXT(J219,""0.###"")&"" Z""&TEXT(L219,""0.###""))"
,,,,,=(ROW()-4),"=IF(F220>LOOKUP(9E+307,$E$5:$E$120),"""",LOOKUP(F220-1,$E$5:$E$120,ROW($E$5:$E$120))+1)","=IF(G220="""","""",F220-INDEX($E:$E,G220-1))","=IF(G220="""","""",INDEX($A:$A,G220-1)+(INDEX($A:$A,G220)-INDEX($A:$A,G220-1))*H220/INDEX($D:$D,G220))","=IF(G220="""","""",INDEX($B:$B,G220-1)+(INDEX($B:$B,G220)-INDEX($B:$B,G220-1))*H220/INDEX($D:$D,G220))","=IF(G220="""","""",MOD(DEGREES(ATAN2(INDEX($A:$A,G220)-INDEX($A:$A,G220-1),INDEX($B:$B,G220)-INDEX($B:$B,G220-1))),360))","=IF(K220="""","""",K220+$Q$1)","=IF(L220="""","""",""G1 X""&TEXT(I220,""0.###"")&"" Y""&TEXT(J220,""0.###"")&"" Z""&TEXT(L220,""0.###""))"
,,,,,=(ROW()-4),"=IF(F221>LOOKUP(9E+307,$E$5:$E$120),"""",LOOKUP(F221-1,$E$5:$E$120,ROW($E$5:$E$120))+1)","=IF(G221="""","""",F221-INDEX($E:$E,G221-1))","=IF(G221="""","""",INDEX($A:$A,G221-1)+(INDEX($A:$A,G221)-INDEX($A:$A,G221-1))*H221/INDEX($D:$D,G221))","=IF(G221="""","""",INDEX($B:$B,G221-1)+(INDEX($B:$B,G221)-INDEX($B:$B,G221-1))*H221/INDEX($D:$D,G221))","=IF(G221="""","""",MOD(DEGREES(ATAN2(INDEX($A:$A,G221)-INDEX($A:$A,G221-1),INDEX($B:$B,G221)-INDEX($B:$B,G221-1))),360))","=IF(K221="""","""",K221+$Q$1)","=IF(L221="""","""",""G1 X""&TEXT(I221,""0.###"")&"" Y""&TEXT(J221,""0.###"")&"" Z""&TEXT(L221,""0.###""))"
,,,,,=(ROW()-4),"=IF(F222>LOOKUP(9E+307,$E$5:$E$120),"""",LOOKUP(F222-1,$E$5:$E$120,ROW($E$5:$E$120))+1)","=IF(G222="""","""",F222-INDEX($E:$E,G222-1))","=IF(G222="""","""",INDEX($A:$A,G222-1)+(INDEX($A:$A,G222)-INDEX($A:$A,G222-1))*H222/INDEX($D:$D,G222))","=IF(G222="""","""",INDEX($B:$B,G222-1)+(INDEX($B:$B,G222)-INDEX($B:$B,G222-1))*H222/INDEX($D:$D,G222))","=IF(G222="""","""",MOD(DEGREES(ATAN2(INDEX($A:$A,G222)-INDEX($A:$A,G222-1),INDEX($B:$B,G222)-INDEX($B:$B,G222-1))),360))","=IF(K222="""","""",K222+$Q$1)","=IF(L222="""","""",""G1 X""&TEXT(I222,""0.###"")&"" Y""&TEXT(J222,""0.###"")&"" Z""&TEXT(L222,""0.###""))"
,,,,,=(ROW()-4),"=IF(F223>LOOKUP(9E+307,$E$5:$E$120),"""",LOOKUP(F223-1,$E$5:$E$120,ROW($E$5:$E$120))+1)","=IF(G223="""","""",F223-INDEX($E:$E,G223-1))","=IF(G223="""","""",INDEX($A:$A,G223-1)+(INDEX($A:$A,G223)-INDEX($A:$A,G223-1))*H223/INDEX($D:$D,G223))","=IF(G223="""","""",INDEX($B:$B,G223-1)+(INDEX($B:$B,G223)-INDEX($B:$B,G223-1))*H223/INDEX($D:$D,G223))","=IF(G223="""","""",MOD(DEGREES(ATAN2(INDEX($A:$A,G223)-INDEX($A:$A,G223-1),INDEX($B:$B,G223)-INDEX($B:$B,G223-1))),360))","=IF(K223="""","""",K223+$Q$1)","=IF(L223="""","""",""G1 X""&TEXT(I223,""0.###"")&"" Y""&TEXT(J223,""0.###"")&"" Z""&TEXT(L223,""0.###""))"
,,,,,=(ROW()-4),"=IF(F224>LOOKUP(9E+307,$E$5:$E$120),"""",LOOKUP(F224-1,$E$5:$E$120,ROW($E$5:$E$120))+1)","=IF(G224="""","""",F224-INDEX($E:$E,G224-1))","=IF(G224="""","""",INDEX($A:$A,G224-1)+(INDEX($A:$A,G224)-INDEX($A:$A,G224-1))*H224/INDEX($D:$D,G224))","=IF(G224="""","""",INDEX($B:$B,G224-1)+(INDEX($B:$B,G224)-INDEX($B:$B,G224-1))*H224/INDEX($D:$D,G224))","=IF(G224="""","""",MOD(DEGREES(ATAN2(INDEX($A:$A,G224)-INDEX($A:$A,G224-1),INDEX($B:$B,G224)-INDEX($B:$B,G224-1))),360))","=IF(K224="""","""",K224+$Q$1)","=IF(L224="""","""",""G1 X""&TEXT(I224,""0.###"")&"" Y""&TEXT(J224,""0.###"")&"" Z""&TEXT(L224,""0.###""))"
,,,,,=(ROW()-4),"=IF(F225>LOOKUP(9E+307,$E$5:$E$120),"""",LOOKUP(F225-1,$E$5:$E$120,ROW($E$5:$E$120))+1)","=IF(G225="""","""",F225-INDEX($E:$E,G225-1))","=IF(G225="""","""",INDEX($A:$A,G225-1)+(INDEX($A:$A,G225)-INDEX($A:$A,G225-1))*H225/INDEX($D:$D,G225))","=IF(G225="""","""",INDEX($B:$B,G225-1)+(INDEX($B:$B,G225)-INDEX($B:$B,G225-1))*H225/INDEX($D:$D,G225))","=IF(G225="""","""",MOD(DEGREES(ATAN2(INDEX($A:$A,G225)-INDEX($A:$A,G225-1),INDEX($B:$B,G225)-INDEX($B:$B,G225-1))),360))","=IF(K225="""","""",K225+$Q$1)","=IF(L225="""","""",""G1 X""&TEXT(I225,""0.###"")&"" Y""&TEXT(J225,""0.###"")&"" Z""&TEXT(L225,""0.###""))"
,,,,,=(ROW()-4),"=IF(F226>LOOKUP(9E+307,$E$5:$E$120),"""",LOOKUP(F226-1,$E$5:$E$120,ROW($E$5:$E$120))+1)","=IF(G226="""","""",F226-INDEX($E:$E,G226-1))","=IF(G226="""","""",INDEX($A:$A,G226-1)+(INDEX($A:$A,G226)-INDEX($A:$A,G226-1))*H226/INDEX($D:$D,G226))","=IF(G226="""","""",INDEX($B:$B,G226-1)+(INDEX($B:$B,G226)-INDEX($B:$B,G226-1))*H226/INDEX($D:$D,G226))","=IF(G226="""","""",MOD(DEGREES(ATAN2(INDEX($A:$A,G226)-INDEX($A:$A,G226-1),INDEX($B:$B,G226)-INDEX($B:$B,G226-1))),360))","=IF(K226="""","""",K226+$Q$1)","=IF(L226="""","""",""G1 X""&TEXT(I226,""0.###"")&"" Y""&TEXT(J226,""0.###"")&"" Z""&TEXT(L226,""0.###""))"
,,,,,=(ROW()-4),"=IF(F227>LOOKUP(9E+307,$E$5:$E$120),"""",LOOKUP(F227-1,$E$5:$E$120,ROW($E$5:$E$120))+1)","=IF(G227="""","""",F227-INDEX($E:$E,G227-1))","=IF(G227="""","""",INDEX($A:$A,G227-1)+(INDEX($A:$A,G227)-INDEX($A:$A,G227-1))*H227/INDEX($D:$D,G227))","=IF(G227="""","""",INDEX($B:$B,G227-1)+(INDEX($B:$B,G227)-INDEX($B:$B,G227-1))*H227/INDEX($D:$D,G227))","=IF(G227="""","""",MOD(DEGREES(ATAN2(INDEX($A:$A,G227)-INDEX($A:$A,G227-1),INDEX($B:$B,G227)-INDEX($B:$B,G227-1))),360))","=IF(K227="""","""",K227+$Q$1)","=IF(L227="""","""",""G1 X""&TEXT(I227,""0.###"")&"" Y""&TEXT(J227,""0.###"")&"" Z""&TEXT(L227,""0.###""))"
,,,,,=(ROW()-4),"=IF(F228>LOOKUP(9E+307,$E$5:$E$120),"""",LOOKUP(F228-1,$E$5:$E$120,ROW($E$5:$E$120))+1)","=IF(G228="""","""",F228-INDEX($E:$E,G228-1))","=IF(G228="""","""",INDEX($A:$A,G228-1)+(INDEX($A:$A,G228)-INDEX($A:$A,G228-1))*H228/INDEX($D:$D,G228))","=IF(G228="""","""",INDEX($B:$B,G228-1)+(INDEX($B:$B,G228)-INDEX($B:$B,G228-1))*H228/INDEX($D:$D,G228))","=IF(G228="""","""",MOD(DEGREES(ATAN2(INDEX($A:$A,G228)-INDEX($A:$A,G228-1),INDEX($B:$B,G228)-INDEX($B:$B,G228-1))),360))","=IF(K228="""","""",K228+$Q$1)","=IF(L228="""","""",""G1 X""&TEXT(I228,""0.###"")&"" Y""&TEXT(J228,""0.###"")&"" Z""&TEXT(L228,""0.###""))"
,,,,,=(ROW()-4),"=IF(F229>LOOKUP(9E+307,$E$5:$E$120),"""",LOOKUP(F229-1,$E$5:$E$120,ROW($E$5:$E$120))+1)","=IF(G229="""","""",F229-INDEX($E:$E,G229-1))","=IF(G229="""","""",INDEX($A:$A,G229-1)+(INDEX($A:$A,G229)-INDEX($A:$A,G229-1))*H229/INDEX($D:$D,G229))","=IF(G229="""","""",INDEX($B:$B,G229-1)+(INDEX($B:$B,G229)-INDEX($B:$B,G229-1))*H229/INDEX($D:$D,G229))","=IF(G229="""","""",MOD(DEGREES(ATAN2(INDEX($A:$A,G229)-INDEX($A:$A,G229-1),INDEX($B:$B,G229)-INDEX($B:$B,G229-1))),360))","=IF(K229="""","""",K229+$Q$1)","=IF(L229="""","""",""G1 X""&TEXT(I229,""0.###"")&"" Y""&TEXT(J229,""0.###"")&"" Z""&TEXT(L229,""0.###""))"
,,,,,=(ROW()-4),"=IF(F230>LOOKUP(9E+307,$E$5:$E$120),"""",LOOKUP(F230-1,$E$5:$E$120,ROW($E$5:$E$120))+1)","=IF(G230="""","""",F230-INDEX($E:$E,G230-1))","=IF(G230="""","""",INDEX($A:$A,G230-1)+(INDEX($A:$A,G230)-INDEX($A:$A,G230-1))*H230/INDEX($D:$D,G230))","=IF(G230="""","""",INDEX($B:$B,G230-1)+(INDEX($B:$B,G230)-INDEX($B:$B,G230-1))*H230/INDEX($D:$D,G230))","=IF(G230="""","""",MOD(DEGREES(ATAN2(INDEX($A:$A,G230)-INDEX($A:$A,G230-1),INDEX($B:$B,G230)-INDEX($B:$B,G230-1))),360))","=IF(K230="""","""",K230+$Q$1)","=IF(L230="""","""",""G1 X""&TEXT(I230,""0.###"")&"" Y""&TEXT(J230,""0.###"")&"" Z""&TEXT(L230,""0.###""))"
,,,,,=(ROW()-4),"=IF(F231>LOOKUP(9E+307,$E$5:$E$120),"""",LOOKUP(F231-1,$E$5:$E$120,ROW($E$5:$E$120))+1)","=IF(G231="""","""",F231-INDEX($E:$E,G231-1))","=IF(G231="""","""",INDEX($A:$A,G231-1)+(INDEX($A:$A,G231)-INDEX($A:$A,G231-1))*H231/INDEX($D:$D,G231))","=IF(G231="""","""",INDEX($B:$B,G231-1)+(INDEX($B:$B,G231)-INDEX($B:$B,G231-1))*H231/INDEX($D:$D,G231))","=IF(G231="""","""",MOD(DEGREES(ATAN2(INDEX($A:$A,G231)-INDEX($A:$A,G231-1),INDEX($B:$B,G231)-INDEX($B:$B,G231-1))),360))","=IF(K231="""","""",K231+$Q$1)","=IF(L231="""","""",""G1 X""&TEXT(I231,""0.###"")&"" Y""&TEXT(J231,""0.###"")&"" Z""&TEXT(L231,""0.###""))"
,,,,,=(ROW()-4),"=IF(F232>LOOKUP(9E+307,$E$5:$E$120),"""",LOOKUP(F232-1,$E$5:$E$120,ROW($E$5:$E$120))+1)","=IF(G232="""","""",F232-INDEX($E:$E,G232-1))","=IF(G232="""","""",INDEX($A:$A,G232-1)+(INDEX($A:$A,G232)-INDEX($A:$A,G232-1))*H232/INDEX($D:$D,G232))","=IF(G232="""","""",INDEX($B:$B,G232-1)+(INDEX($B:$B,G232)-INDEX($B:$B,G232-1))*H232/INDEX($D:$D,G232))","=IF(G232="""","""",MOD(DEGREES(ATAN2(INDEX($A:$A,G232)-INDEX($A:$A,G232-1),INDEX($B:$B,G232)-INDEX($B:$B,G232-1))),360))","=IF(K232="""","""",K232+$Q$1)","=IF(L232="""","""",""G1 X""&TEXT(I232,""0.###"")&"" Y""&TEXT(J232,""0.###"")&"" Z""&TEXT(L232,""0.###""))"
,,,,,=(ROW()-4),"=IF(F233>LOOKUP(9E+307,$E$5:$E$120),"""",LOOKUP(F233-1,$E$5:$E$120,ROW($E$5:$E$120))+1)","=IF(G233="""","""",F233-INDEX($E:$E,G233-1))","=IF(G233="""","""",INDEX($A:$A,G233-1)+(INDEX($A:$A,G233)-INDEX($A:$A,G233-1))*H233/INDEX($D:$D,G233))","=IF(G233="""","""",INDEX($B:$B,G233-1)+(INDEX($B:$B,G233)-INDEX($B:$B,G233-1))*H233/INDEX($D:$D,G233))","=IF(G233="""","""",MOD(DEGREES(ATAN2(INDEX($A:$A,G233)-INDEX($A:$A,G233-1),INDEX($B:$B,G233)-INDEX($B:$B,G233-1))),360))","=IF(K233="""","""",K233+$Q$1)","=IF(L233="""","""",""G1 X""&TEXT(I233,""0.###"")&"" Y""&TEXT(J233,""0.###"")&"" Z""&TEXT(L233,""0.###""))"
,,,,,=(ROW()-4),"=IF(F234>LOOKUP(9E+307,$E$5:$E$120),"""",LOOKUP(F234-1,$E$5:$E$120,ROW($E$5:$E$120))+1)","=IF(G234="""","""",F234-INDEX($E:$E,G234-1))","=IF(G234="""","""",INDEX($A:$A,G234-1)+(INDEX($A:$A,G234)-INDEX($A:$A,G234-1))*H234/INDEX($D:$D,G234))","=IF(G234="""","""",INDEX($B:$B,G234-1)+(INDEX($B:$B,G234)-INDEX($B:$B,G234-1))*H234/INDEX($D:$D,G234))","=IF(G234="""","""",MOD(DEGREES(ATAN2(INDEX($A:$A,G234)-INDEX($A:$A,G234-1),INDEX($B:$B,G234)-INDEX($B:$B,G234-1))),360))","=IF(K234="""","""",K234+$Q$1)","=IF(L234="""","""",""G1 X""&TEXT(I234,""0.###"")&"" Y""&TEXT(J234,""0.###"")&"" Z""&TEXT(L234,""0.###""))"
,,,,,=(ROW()-4),"=IF(F235>LOOKUP(9E+307,$E$5:$E$120),"""",LOOKUP(F235-1,$E$5:$E$120,ROW($E$5:$E$120))+1)","=IF(G235="""","""",F235-INDEX($E:$E,G235-1))","=IF(G235="""","""",INDEX($A:$A,G235-1)+(INDEX($A:$A,G235)-INDEX($A:$A,G235-1))*H235/INDEX($D:$D,G235))","=IF(G235="""","""",INDEX($B:$B,G235-1)+(INDEX($B:$B,G235)-INDEX($B:$B,G235-1))*H235/INDEX($D:$D,G235))","=IF(G235="""","""",MOD(DEGREES(ATAN2(INDEX($A:$A,G235)-INDEX($A:$A,G235-1),INDEX($B:$B,G235)-INDEX($B:$B,G235-1))),360))","=IF(K235="""","""",K235+$Q$1)","=IF(L235="""","""",""G1 X""&TEXT(I235,""0.###"")&"" Y""&TEXT(J235,""0.###"")&"" Z""&TEXT(L235,""0.###""))"
,,,,,=(ROW()-4),"=IF(F236>LOOKUP(9E+307,$E$5:$E$120),"""",LOOKUP(F236-1,$E$5:$E$120,ROW($E$5:$E$120))+1)","=IF(G236="""","""",F236-INDEX($E:$E,G236-1))","=IF(G236="""","""",INDEX($A:$A,G236-1)+(INDEX($A:$A,G236)-INDEX($A:$A,G236-1))*H236/INDEX($D:$D,G236))","=IF(G236="""","""",INDEX($B:$B,G236-1)+(INDEX($B:$B,G236)-INDEX($B:$B,G236-1))*H236/INDEX($D:$D,G236))","=IF(G236="""","""",MOD(DEGREES(ATAN2(INDEX($A:$A,G236)-INDEX($A:$A,G236-1),INDEX($B:$B,G236)-INDEX($B:$B,G236-1))),360))","=IF(K236="""","""",K236+$Q$1)","=IF(L236="""","""",""G1 X""&TEXT(I236,""0.###"")&"" Y""&TEXT(J236,""0.###"")&"" Z""&TEXT(L236,""0.###""))"
,,,,,=(ROW()-4),"=IF(F237>LOOKUP(9E+307,$E$5:$E$120),"""",LOOKUP(F237-1,$E$5:$E$120,ROW($E$5:$E$120))+1)","=IF(G237="""","""",F237-INDEX($E:$E,G237-1))","=IF(G237="""","""",INDEX($A:$A,G237-1)+(INDEX($A:$A,G237)-INDEX($A:$A,G237-1))*H237/INDEX($D:$D,G237))","=IF(G237="""","""",INDEX($B:$B,G237-1)+(INDEX($B:$B,G237)-INDEX($B:$B,G237-1))*H237/INDEX($D:$D,G237))","=IF(G237="""","""",MOD(DEGREES(ATAN2(INDEX($A:$A,G237)-INDEX($A:$A,G237-1),INDEX($B:$B,G237)-INDEX($B:$B,G237-1))),360))","=IF(K237="""","""",K237+$Q$1)","=IF(L237="""","""",""G1 X""&TEXT(I237,""0.###"")&"" Y""&TEXT(J237,""0.###"")&"" Z""&TEXT(L237,""0.###""))"
,,,,,=(ROW()-4),"=IF(F238>LOOKUP(9E+307,$E$5:$E$120),"""",LOOKUP(F238-1,$E$5:$E$120,ROW($E$5:$E$120))+1)","=IF(G238="""","""",F238-INDEX($E:$E,G238-1))","=IF(G238="""","""",INDEX($A:$A,G238-1)+(INDEX($A:$A,G238)-INDEX($A:$A,G238-1))*H238/INDEX($D:$D,G238))","=IF(G238="""","""",INDEX($B:$B,G238-1)+(INDEX($B:$B,G238)-INDEX($B:$B,G238-1))*H238/INDEX($D:$D,G238))","=IF(G238="""","""",MOD(DEGREES(ATAN2(INDEX($A:$A,G238)-INDEX($A:$A,G238-1),INDEX($B:$B,G238)-INDEX($B:$B,G238-1))),360))","=IF(K238="""","""",K238+$Q$1)","=IF(L238="""","""",""G1 X""&TEXT(I238,""0.###"")&"" Y""&TEXT(J238,""0.###"")&"" Z""&TEXT(L238,""0.###""))"
,,,,,=(ROW()-4),"=IF(F239>LOOKUP(9E+307,$E$5:$E$120),"""",LOOKUP(F239-1,$E$5:$E$120,ROW($E$5:$E$120))+1)","=IF(G239="""","""",F239-INDEX($E:$E,G239-1))","=IF(G239="""","""",INDEX($A:$A,G239-1)+(INDEX($A:$A,G239)-INDEX($A:$A,G239-1))*H239/INDEX($D:$D,G239))","=IF(G239="""","""",INDEX($B:$B,G239-1)+(INDEX($B:$B,G239)-INDEX($B:$B,G239-1))*H239/INDEX($D:$D,G239))","=IF(G239="""","""",MOD(DEGREES(ATAN2(INDEX($A:$A,G239)-INDEX($A:$A,G239-1),INDEX($B:$B,G239)-INDEX($B:$B,G239-1))),360))","=IF(K239="""","""",K239+$Q$1)","=IF(L239="""","""",""G1 X""&TEXT(I239,""0.###"")&"" Y""&TEXT(J239,""0.###"")&"" Z""&TEXT(L239,""0.###""))"
,,,,,=(ROW()-4),"=IF(F240>LOOKUP(9E+307,$E$5:$E$120),"""",LOOKUP(F240-1,$E$5:$E$120,ROW($E$5:$E$120))+1)","=IF(G240="""","""",F240-INDEX($E:$E,G240-1))","=IF(G240="""","""",INDEX($A:$A,G240-1)+(INDEX($A:$A,G240)-INDEX($A:$A,G240-1))*H240/INDEX($D:$D,G240))","=IF(G240="""","""",INDEX($B:$B,G240-1)+(INDEX($B:$B,G240)-INDEX($B:$B,G240-1))*H240/INDEX($D:$D,G240))","=IF(G240="""","""",MOD(DEGREES(ATAN2(INDEX($A:$A,G240)-INDEX($A:$A,G240-1),INDEX($B:$B,G240)-INDEX($B:$B,G240-1))),360))","=IF(K240="""","""",K240+$Q$1)","=IF(L240="""","""",""G1 X""&TEXT(I240,""0.###"")&"" Y""&TEXT(J240,""0.###"")&"" Z""&TEXT(L240,""0.###""))"
,,,,,=(ROW()-4),"=IF(F241>LOOKUP(9E+307,$E$5:$E$120),"""",LOOKUP(F241-1,$E$5:$E$120,ROW($E$5:$E$120))+1)","=IF(G241="""","""",F241-INDEX($E:$E,G241-1))","=IF(G241="""","""",INDEX($A:$A,G241-1)+(INDEX($A:$A,G241)-INDEX($A:$A,G241-1))*H241/INDEX($D:$D,G241))","=IF(G241="""","""",INDEX($B:$B,G241-1)+(INDEX($B:$B,G241)-INDEX($B:$B,G241-1))*H241/INDEX($D:$D,G241))","=IF(G241="""","""",MOD(DEGREES(ATAN2(INDEX($A:$A,G241)-INDEX($A:$A,G241-1),INDEX($B:$B,G241)-INDEX($B:$B,G241-1))),360))","=IF(K241="""","""",K241+$Q$1)","=IF(L241="""","""",""G1 X""&TEXT(I241,""0.###"")&"" Y""&TEXT(J241,""0.###"")&"" Z""&TEXT(L241,""0.###""))"
,,,,,=(ROW()-4),"=IF(F242>LOOKUP(9E+307,$E$5:$E$120),"""",LOOKUP(F242-1,$E$5:$E$120,ROW($E$5:$E$120))+1)","=IF(G242="""","""",F242-INDEX($E:$E,G242-1))","=IF(G242="""","""",INDEX($A:$A,G242-1)+(INDEX($A:$A,G242)-INDEX($A:$A,G242-1))*H242/INDEX($D:$D,G242))","=IF(G242="""","""",INDEX($B:$B,G242-1)+(INDEX($B:$B,G242)-INDEX($B:$B,G242-1))*H242/INDEX($D:$D,G242))","=IF(G242="""","""",MOD(DEGREES(ATAN2(INDEX($A:$A,G242)-INDEX($A:$A,G242-1),INDEX($B:$B,G242)-INDEX($B:$B,G242-1))),360))","=IF(K242="""","""",K242+$Q$1)","=IF(L242="""","""",""G1 X""&TEXT(I242,""0.###"")&"" Y""&TEXT(J242,""0.###"")&"" Z""&TEXT(L242,""0.###""))"
,,,,,=(ROW()-4),"=IF(F243>LOOKUP(9E+307,$E$5:$E$120),"""",LOOKUP(F243-1,$E$5:$E$120,ROW($E$5:$E$120))+1)","=IF(G243="""","""",F243-INDEX($E:$E,G243-1))","=IF(G243="""","""",INDEX($A:$A,G243-1)+(INDEX($A:$A,G243)-INDEX($A:$A,G243-1))*H243/INDEX($D:$D,G243))","=IF(G243="""","""",INDEX($B:$B,G243-1)+(INDEX($B:$B,G243)-INDEX($B:$B,G243-1))*H243/INDEX($D:$D,G243))","=IF(G243="""","""",MOD(DEGREES(ATAN2(INDEX($A:$A,G243)-INDEX($A:$A,G243-1),INDEX($B:$B,G243)-INDEX($B:$B,G243-1))),360))","=IF(K243="""","""",K243+$Q$1)","=IF(L243="""","""",""G1 X""&TEXT(I243,""0.###"")&"" Y""&TEXT(J243,""0.###"")&"" Z""&TEXT(L243,""0.###""))"
,,,,,=(ROW()-4),"=IF(F244>LOOKUP(9E+307,$E$5:$E$120),"""",LOOKUP(F244-1,$E$5:$E$120,ROW($E$5:$E$120))+1)","=IF(G244="""","""",F244-INDEX($E:$E,G244-1))","=IF(G244="""","""",INDEX($A:$A,G244-1)+(INDEX($A:$A,G244)-INDEX($A:$A,G244-1))*H244/INDEX($D:$D,G244))","=IF(G244="""","""",INDEX($B:$B,G244-1)+(INDEX($B:$B,G244)-INDEX($B:$B,G244-1))*H244/INDEX($D:$D,G244))","=IF(G244="""","""",MOD(DEGREES(ATAN2(INDEX($A:$A,G244)-INDEX($A:$A,G244-1),INDEX($B:$B,G244)-INDEX($B:$B,G244-1))),360))","=IF(K244="""","""",K244+$Q$1)","=IF(L244="""","""",""G1 X""&TEXT(I244,""0.###"")&"" Y""&TEXT(J244,""0.###"")&"" Z""&TEXT(L244,""0.###""))"
,,,,,=(ROW()-4),"=IF(F245>LOOKUP(9E+307,$E$5:$E$120),"""",LOOKUP(F245-1,$E$5:$E$120,ROW($E$5:$E$120))+1)","=IF(G245="""","""",F245-INDEX($E:$E,G245-1))","=IF(G245="""","""",INDEX($A:$A,G245-1)+(INDEX($A:$A,G245)-INDEX($A:$A,G245-1))*H245/INDEX($D:$D,G245))","=IF(G245="""","""",INDEX($B:$B,G245-1)+(INDEX($B:$B,G245)-INDEX($B:$B,G245-1))*H245/INDEX($D:$D,G245))","=IF(G245="""","""",MOD(DEGREES(ATAN2(INDEX($A:$A,G245)-INDEX($A:$A,G245-1),INDEX($B:$B,G245)-INDEX($B:$B,G245-1))),360))","=IF(K245="""","""",K245+$Q$1)","=IF(L245="""","""",""G1 X""&TEXT(I245,""0.###"")&"" Y""&TEXT(J245,""0.###"")&"" Z""&TEXT(L245,""0.###""))"
,,,,,=(ROW()-4),"=IF(F246>LOOKUP(9E+307,$E$5:$E$120),"""",LOOKUP(F246-1,$E$5:$E$120,ROW($E$5:$E$120))+1)","=IF(G246="""","""",F246-INDEX($E:$E,G246-1))","=IF(G246="""","""",INDEX($A:$A,G246-1)+(INDEX($A:$A,G246)-INDEX($A:$A,G246-1))*H246/INDEX($D:$D,G246))","=IF(G246="""","""",INDEX($B:$B,G246-1)+(INDEX($B:$B,G246)-INDEX($B:$B,G246-1))*H246/INDEX($D:$D,G246))","=IF(G246="""","""",MOD(DEGREES(ATAN2(INDEX($A:$A,G246)-INDEX($A:$A,G246-1),INDEX($B:$B,G246)-INDEX($B:$B,G246-1))),360))","=IF(K246="""","""",K246+$Q$1)","=IF(L246="""","""",""G1 X""&TEXT(I246,""0.###"")&"" Y""&TEXT(J246,""0.###"")&"" Z""&TEXT(L246,""0.###""))"
,,,,,=(ROW()-4),"=IF(F247>LOOKUP(9E+307,$E$5:$E$120),"""",LOOKUP(F247-1,$E$5:$E$120,ROW($E$5:$E$120))+1)","=IF(G247="""","""",F247-INDEX($E:$E,G247-1))","=IF(G247="""","""",INDEX($A:$A,G247-1)+(INDEX($A:$A,G247)-INDEX($A:$A,G247-1))*H247/INDEX($D:$D,G247))","=IF(G247="""","""",INDEX($B:$B,G247-1)+(INDEX($B:$B,G247)-INDEX($B:$B,G247-1))*H247/INDEX($D:$D,G247))","=IF(G247="""","""",MOD(DEGREES(ATAN2(INDEX($A:$A,G247)-INDEX($A:$A,G247-1),INDEX($B:$B,G247)-INDEX($B:$B,G247-1))),360))","=IF(K247="""","""",K247+$Q$1)","=IF(L247="""","""",""G1 X""&TEXT(I247,""0.###"")&"" Y""&TEXT(J247,""0.###"")&"" Z""&TEXT(L247,""0.###""))"
,,,,,=(ROW()-4),"=IF(F248>LOOKUP(9E+307,$E$5:$E$120),"""",LOOKUP(F248-1,$E$5:$E$120,ROW($E$5:$E$120))+1)","=IF(G248="""","""",F248-INDEX($E:$E,G248-1))","=IF(G248="""","""",INDEX($A:$A,G248-1)+(INDEX($A:$A,G248)-INDEX($A:$A,G248-1))*H248/INDEX($D:$D,G248))","=IF(G248="""","""",INDEX($B:$B,G248-1)+(INDEX($B:$B,G248)-INDEX($B:$B,G248-1))*H248/INDEX($D:$D,G248))","=IF(G248="""","""",MOD(DEGREES(ATAN2(INDEX($A:$A,G248)-INDEX($A:$A,G248-1),INDEX($B:$B,G248)-INDEX($B:$B,G248-1))),360))","=IF(K248="""","""",K248+$Q$1)","=IF(L248="""","""",""G1 X""&TEXT(I248,""0.###"")&"" Y""&TEXT(J248,""0.###"")&"" Z""&TEXT(L248,""0.###""))"
,,,,,=(ROW()-4),"=IF(F249>LOOKUP(9E+307,$E$5:$E$120),"""",LOOKUP(F249-1,$E$5:$E$120,ROW($E$5:$E$120))+1)","=IF(G249="""","""",F249-INDEX($E:$E,G249-1))","=IF(G249="""","""",INDEX($A:$A,G249-1)+(INDEX($A:$A,G249)-INDEX($A:$A,G249-1))*H249/INDEX($D:$D,G249))","=IF(G249="""","""",INDEX($B:$B,G249-1)+(INDEX($B:$B,G249)-INDEX($B:$B,G249-1))*H249/INDEX($D:$D,G249))","=IF(G249="""","""",MOD(DEGREES(ATAN2(INDEX($A:$A,G249)-INDEX($A:$A,G249-1),INDEX($B:$B,G249)-INDEX($B:$B,G249-1))),360))","=IF(K249="""","""",K249+$Q$1)","=IF(L249="""","""",""G1 X""&TEXT(I249,""0.###"")&"" Y""&TEXT(J249,""0.###"")&"" Z""&TEXT(L249,""0.###""))"
,,,,,=(ROW()-4),"=IF(F250>LOOKUP(9E+307,$E$5:$E$120),"""",LOOKUP(F250-1,$E$5:$E$120,ROW($E$5:$E$120))+1)","=IF(G250="""","""",F250-INDEX($E:$E,G250-1))","=IF(G250="""","""",INDEX($A:$A,G250-1)+(INDEX($A:$A,G250)-INDEX($A:$A,G250-1))*H250/INDEX($D:$D,G250))","=IF(G250="""","""",INDEX($B:$B,G250-1)+(INDEX($B:$B,G250)-INDEX($B:$B,G250-1))*H250/INDEX($D:$D,G250))","=IF(G250="""","""",MOD(DEGREES(ATAN2(INDEX($A:$A,G250)-INDEX($A:$A,G250-1),INDEX($B:$B,G250)-INDEX($B:$B,G250-1))),360))","=IF(K250="""","""",K250+$Q$1)","=IF(L250="""","""",""G1 X""&TEXT(I250,""0.###"")&"" Y""&TEXT(J250,""0.###"")&"" Z""&TEXT(L250,""0.###""))"
,,,,,=(ROW()-4),"=IF(F251>LOOKUP(9E+307,$E$5:$E$120),"""",LOOKUP(F251-1,$E$5:$E$120,ROW($E$5:$E$120))+1)","=IF(G251="""","""",F251-INDEX($E:$E,G251-1))","=IF(G251="""","""",INDEX($A:$A,G251-1)+(INDEX($A:$A,G251)-INDEX($A:$A,G251-1))*H251/INDEX($D:$D,G251))","=IF(G251="""","""",INDEX($B:$B,G251-1)+(INDEX($B:$B,G251)-INDEX($B:$B,G251-1))*H251/INDEX($D:$D,G251))","=IF(G251="""","""",MOD(DEGREES(ATAN2(INDEX($A:$A,G251)-INDEX($A:$A,G251-1),INDEX($B:$B,G251)-INDEX($B:$B,G251-1))),360))","=IF(K251="""","""",K251+$Q$1)","=IF(L251="""","""",""G1 X""&TEXT(I251,""0.###"")&"" Y""&TEXT(J251,""0.###"")&"" Z""&TEXT(L251,""0.###""))"
,,,,,=(ROW()-4),"=IF(F252>LOOKUP(9E+307,$E$5:$E$120),"""",LOOKUP(F252-1,$E$5:$E$120,ROW($E$5:$E$120))+1)","=IF(G252="""","""",F252-INDEX($E:$E,G252-1))","=IF(G252="""","""",INDEX($A:$A,G252-1)+(INDEX($A:$A,G252)-INDEX($A:$A,G252-1))*H252/INDEX($D:$D,G252))","=IF(G252="""","""",INDEX($B:$B,G252-1)+(INDEX($B:$B,G252)-INDEX($B:$B,G252-1))*H252/INDEX($D:$D,G252))","=IF(G252="""","""",MOD(DEGREES(ATAN2(INDEX($A:$A,G252)-INDEX($A:$A,G252-1),INDEX($B:$B,G252)-INDEX($B:$B,G252-1))),360))","=IF(K252="""","""",K252+$Q$1)","=IF(L252="""","""",""G1 X""&TEXT(I252,""0.###"")&"" Y""&TEXT(J252,""0.###"")&"" Z""&TEXT(L252,""0.###""))"
,,,,,=(ROW()-4),"=IF(F253>LOOKUP(9E+307,$E$5:$E$120),"""",LOOKUP(F253-1,$E$5:$E$120,ROW($E$5:$E$120))+1)","=IF(G253="""","""",F253-INDEX($E:$E,G253-1))","=IF(G253="""","""",INDEX($A:$A,G253-1)+(INDEX($A:$A,G253)-INDEX($A:$A,G253-1))*H253/INDEX($D:$D,G253))","=IF(G253="""","""",INDEX($B:$B,G253-1)+(INDEX($B:$B,G253)-INDEX($B:$B,G253-1))*H253/INDEX($D:$D,G253))","=IF(G253="""","""",MOD(DEGREES(ATAN2(INDEX($A:$A,G253)-INDEX($A:$A,G253-1),INDEX($B:$B,G253)-INDEX($B:$B,G253-1))),360))","=IF(K253="""","""",K253+$Q$1)","=IF(L253="""","""",""G1 X""&TEXT(I253,""0.###"")&"" Y""&TEXT(J253,""0.###"")&"" Z""&TEXT(L253,""0.###""))"
,,,,,=(ROW()-4),"=IF(F254>LOOKUP(9E+307,$E$5:$E$120),"""",LOOKUP(F254-1,$E$5:$E$120,ROW($E$5:$E$120))+1)","=IF(G254="""","""",F254-INDEX($E:$E,G254-1))","=IF(G254="""","""",INDEX($A:$A,G254-1)+(INDEX($A:$A,G254)-INDEX($A:$A,G254-1))*H254/INDEX($D:$D,G254))","=IF(G254="""","""",INDEX($B:$B,G254-1)+(INDEX($B:$B,G254)-INDEX($B:$B,G254-1))*H254/INDEX($D:$D,G254))","=IF(G254="""","""",MOD(DEGREES(ATAN2(INDEX($A:$A,G254)-INDEX($A:$A,G254-1),INDEX($B:$B,G254)-INDEX($B:$B,G254-1))),360))","=IF(K254="""","""",K254+$Q$1)","=IF(L254="""","""",""G1 X""&TEXT(I254,""0.###"")&"" Y""&TEXT(J254,""0.###"")&"" Z""&TEXT(L254,""0.###""))"
,,,,,=(ROW()-4),"=IF(F255>LOOKUP(9E+307,$E$5:$E$120),"""",LOOKUP(F255-1,$E$5:$E$120,ROW($E$5:$E$120))+1)","=IF(G255="""","""",F255-INDEX($E:$E,G255-1))","=IF(G255="""","""",INDEX($A:$A,G255-1)+(INDEX($A:$A,G255)-INDEX($A:$A,G255-1))*H255/INDEX($D:$D,G255))","=IF(G255="""","""",INDEX($B:$B,G255-1)+(INDEX($B:$B,G255)-INDEX($B:$B,G255-1))*H255/INDEX($D:$D,G255))","=IF(G255="""","""",MOD(DEGREES(ATAN2(INDEX($A:$A,G255)-INDEX($A:$A,G255-1),INDEX($B:$B,G255)-INDEX($B:$B,G255-1))),360))","=IF(K255="""","""",K255+$Q$1)","=IF(L255="""","""",""G1 X""&TEXT(I255,""0.###"")&"" Y""&TEXT(J255,""0.###"")&"" Z""&TEXT(L255,""0.###""))"
,,,,,=(ROW()-4),"=IF(F256>LOOKUP(9E+307,$E$5:$E$120),"""",LOOKUP(F256-1,$E$5:$E$120,ROW($E$5:$E$120))+1)","=IF(G256="""","""",F256-INDEX($E:$E,G256-1))","=IF(G256="""","""",INDEX($A:$A,G256-1)+(INDEX($A:$A,G256)-INDEX($A:$A,G256-1))*H256/INDEX($D:$D,G256))","=IF(G256="""","""",INDEX($B:$B,G256-1)+(INDEX($B:$B,G256)-INDEX($B:$B,G256-1))*H256/INDEX($D:$D,G256))","=IF(G256="""","""",MOD(DEGREES(ATAN2(INDEX($A:$A,G256)-INDEX($A:$A,G256-1),INDEX($B:$B,G256)-INDEX($B:$B,G256-1))),360))","=IF(K256="""","""",K256+$Q$1)","=IF(L256="""","""",""G1 X""&TEXT(I256,""0.###"")&"" Y""&TEXT(J256,""0.###"")&"" Z""&TEXT(L256,""0.###""))"
,,,,,=(ROW()-4),"=IF(F257>LOOKUP(9E+307,$E$5:$E$120),"""",LOOKUP(F257-1,$E$5:$E$120,ROW($E$5:$E$120))+1)","=IF(G257="""","""",F257-INDEX($E:$E,G257-1))","=IF(G257="""","""",INDEX($A:$A,G257-1)+(INDEX($A:$A,G257)-INDEX($A:$A,G257-1))*H257/INDEX($D:$D,G257))","=IF(G257="""","""",INDEX($B:$B,G257-1)+(INDEX($B:$B,G257)-INDEX($B:$B,G257-1))*H257/INDEX($D:$D,G257))","=IF(G257="""","""",MOD(DEGREES(ATAN2(INDEX($A:$A,G257)-INDEX($A:$A,G257-1),INDEX($B:$B,G257)-INDEX($B:$B,G257-1))),360))","=IF(K257="""","""",K257+$Q$1)","=IF(L257="""","""",""G1 X""&TEXT(I257,""0.###"")&"" Y""&TEXT(J257,""0.###"")&"" Z""&TEXT(L257,""0.###""))"
,,,,,=(ROW()-4),"=IF(F258>LOOKUP(9E+307,$E$5:$E$120),"""",LOOKUP(F258-1,$E$5:$E$120,ROW($E$5:$E$120))+1)","=IF(G258="""","""",F258-INDEX($E:$E,G258-1))","=IF(G258="""","""",INDEX($A:$A,G258-1)+(INDEX($A:$A,G258)-INDEX($A:$A,G258-1))*H258/INDEX($D:$D,G258))","=IF(G258="""","""",INDEX($B:$B,G258-1)+(INDEX($B:$B,G258)-INDEX($B:$B,G258-1))*H258/INDEX($D:$D,G258))","=IF(G258="""","""",MOD(DEGREES(ATAN2(INDEX($A:$A,G258)-INDEX($A:$A,G258-1),INDEX($B:$B,G258)-INDEX($B:$B,G258-1))),360))","=IF(K258="""","""",K258+$Q$1)","=IF(L258="""","""",""G1 X""&TEXT(I258,""0.###"")&"" Y""&TEXT(J258,""0.###"")&"" Z""&TEXT(L258,""0.###""))"
,,,,,=(ROW()-4),"=IF(F259>LOOKUP(9E+307,$E$5:$E$120),"""",LOOKUP(F259-1,$E$5:$E$120,ROW($E$5:$E$120))+1)","=IF(G259="""","""",F259-INDEX($E:$E,G259-1))","=IF(G259="""","""",INDEX($A:$A,G259-1)+(INDEX($A:$A,G259)-INDEX($A:$A,G259-1))*H259/INDEX($D:$D,G259))","=IF(G259="""","""",INDEX($B:$B,G259-1)+(INDEX($B:$B,G259)-INDEX($B:$B,G259-1))*H259/INDEX($D:$D,G259))","=IF(G259="""","""",MOD(DEGREES(ATAN2(INDEX($A:$A,G259)-INDEX($A:$A,G259-1),INDEX($B:$B,G259)-INDEX($B:$B,G259-1))),360))","=IF(K259="""","""",K259+$Q$1)","=IF(L259="""","""",""G1 X""&TEXT(I259,""0.###"")&"" Y""&TEXT(J259,""0.###"")&"" Z""&TEXT(L259,""0.###""))"
,,,,,=(ROW()-4),"=IF(F260>LOOKUP(9E+307,$E$5:$E$120),"""",LOOKUP(F260-1,$E$5:$E$120,ROW($E$5:$E$120))+1)","=IF(G260="""","""",F260-INDEX($E:$E,G260-1))","=IF(G260="""","""",INDEX($A:$A,G260-1)+(INDEX($A:$A,G260)-INDEX($A:$A,G260-1))*H260/INDEX($D:$D,G260))","=IF(G260="""","""",INDEX($B:$B,G260-1)+(INDEX($B:$B,G260)-INDEX($B:$B,G260-1))*H260/INDEX($D:$D,G260))","=IF(G260="""","""",MOD(DEGREES(ATAN2(INDEX($A:$A,G260)-INDEX($A:$A,G260-1),INDEX($B:$B,G260)-INDEX($B:$B,G260-1))),360))","=IF(K260="""","""",K260+$Q$1)","=IF(L260="""","""",""G1 X""&TEXT(I260,""0.###"")&"" Y""&TEXT(J260,""0.###"")&"" Z""&TEXT(L260,""0.###""))"
,,,,,=(ROW()-4),"=IF(F261>LOOKUP(9E+307,$E$5:$E$120),"""",LOOKUP(F261-1,$E$5:$E$120,ROW($E$5:$E$120))+1)","=IF(G261="""","""",F261-INDEX($E:$E,G261-1))","=IF(G261="""","""",INDEX($A:$A,G261-1)+(INDEX($A:$A,G261)-INDEX($A:$A,G261-1))*H261/INDEX($D:$D,G261))","=IF(G261="""","""",INDEX($B:$B,G261-1)+(INDEX($B:$B,G261)-INDEX($B:$B,G261-1))*H261/INDEX($D:$D,G261))","=IF(G261="""","""",MOD(DEGREES(ATAN2(INDEX($A:$A,G261)-INDEX($A:$A,G261-1),INDEX($B:$B,G261)-INDEX($B:$B,G261-1))),360))","=IF(K261="""","""",K261+$Q$1)","=IF(L261="""","""",""G1 X""&TEXT(I261,""0.###"")&"" Y""&TEXT(J261,""0.###"")&"" Z""&TEXT(L261,""0.###""))"
,,,,,=(ROW()-4),"=IF(F262>LOOKUP(9E+307,$E$5:$E$120),"""",LOOKUP(F262-1,$E$5:$E$120,ROW($E$5:$E$120))+1)","=IF(G262="""","""",F262-INDEX($E:$E,G262-1))","=IF(G262="""","""",INDEX($A:$A,G262-1)+(INDEX($A:$A,G262)-INDEX($A:$A,G262-1))*H262/INDEX($D:$D,G262))","=IF(G262="""","""",INDEX($B:$B,G262-1)+(INDEX($B:$B,G262)-INDEX($B:$B,G262-1))*H262/INDEX($D:$D,G262))","=IF(G262="""","""",MOD(DEGREES(ATAN2(INDEX($A:$A,G262)-INDEX($A:$A,G262-1),INDEX($B:$B,G262)-INDEX($B:$B,G262-1))),360))","=IF(K262="""","""",K262+$Q$1)","=IF(L262="""","""",""G1 X""&TEXT(I262,""0.###"")&"" Y""&TEXT(J262,""0.###"")&"" Z""&TEXT(L262,""0.###""))"
,,,,,=(ROW()-4),"=IF(F263>LOOKUP(9E+307,$E$5:$E$120),"""",LOOKUP(F263-1,$E$5:$E$120,ROW($E$5:$E$120))+1)","=IF(G263="""","""",F263-INDEX($E:$E,G263-1))","=IF(G263="""","""",INDEX($A:$A,G263-1)+(INDEX($A:$A,G263)-INDEX($A:$A,G263-1))*H263/INDEX($D:$D,G263))","=IF(G263="""","""",INDEX($B:$B,G263-1)+(INDEX($B:$B,G263)-INDEX($B:$B,G263-1))*H263/INDEX($D:$D,G263))","=IF(G263="""","""",MOD(DEGREES(ATAN2(INDEX($A:$A,G263)-INDEX($A:$A,G263-1),INDEX($B:$B,G263)-INDEX($B:$B,G263-1))),360))","=IF(K263="""","""",K263+$Q$1)","=IF(L263="""","""",""G1 X""&TEXT(I263,""0.###"")&"" Y""&TEXT(J263,""0.###"")&"" Z""&TEXT(L263,""0.###""))"
,,,,,=(ROW()-4),"=IF(F264>LOOKUP(9E+307,$E$5:$E$120),"""",LOOKUP(F264-1,$E$5:$E$120,ROW($E$5:$E$120))+1)","=IF(G264="""","""",F264-INDEX($E:$E,G264-1))","=IF(G264="""","""",INDEX($A:$A,G264-1)+(INDEX($A:$A,G264)-INDEX($A:$A,G264-1))*H264/INDEX($D:$D,G264))","=IF(G264="""","""",INDEX($B:$B,G264-1)+(INDEX($B:$B,G264)-INDEX($B:$B,G264-1))*H264/INDEX($D:$D,G264))","=IF(G264="""","""",MOD(DEGREES(ATAN2(INDEX($A:$A,G264)-INDEX($A:$A,G264-1),INDEX($B:$B,G264)-INDEX($B:$B,G264-1))),360))","=IF(K264="""","""",K264+$Q$1)","=IF(L264="""","""",""G1 X""&TEXT(I264,""0.###"")&"" Y""&TEXT(J264,""0.###"")&"" Z""&TEXT(L264,""0.###""))"
,,,,,=(ROW()-4),"=IF(F265>LOOKUP(9E+307,$E$5:$E$120),"""",LOOKUP(F265-1,$E$5:$E$120,ROW($E$5:$E$120))+1)","=IF(G265="""","""",F265-INDEX($E:$E,G265-1))","=IF(G265="""","""",INDEX($A:$A,G265-1)+(INDEX($A:$A,G265)-INDEX($A:$A,G265-1))*H265/INDEX($D:$D,G265))","=IF(G265="""","""",INDEX($B:$B,G265-1)+(INDEX($B:$B,G265)-INDEX($B:$B,G265-1))*H265/INDEX($D:$D,G265))","=IF(G265="""","""",MOD(DEGREES(ATAN2(INDEX($A:$A,G265)-INDEX($A:$A,G265-1),INDEX($B:$B,G265)-INDEX($B:$B,G265-1))),360))","=IF(K265="""","""",K265+$Q$1)","=IF(L265="""","""",""G1 X""&TEXT(I265,""0.###"")&"" Y""&TEXT(J265,""0.###"")&"" Z""&TEXT(L265,""0.###""))"
,,,,,=(ROW()-4),"=IF(F266>LOOKUP(9E+307,$E$5:$E$120),"""",LOOKUP(F266-1,$E$5:$E$120,ROW($E$5:$E$120))+1)","=IF(G266="""","""",F266-INDEX($E:$E,G266-1))","=IF(G266="""","""",INDEX($A:$A,G266-1)+(INDEX($A:$A,G266)-INDEX($A:$A,G266-1))*H266/INDEX($D:$D,G266))","=IF(G266="""","""",INDEX($B:$B,G266-1)+(INDEX($B:$B,G266)-INDEX($B:$B,G266-1))*H266/INDEX($D:$D,G266))","=IF(G266="""","""",MOD(DEGREES(ATAN2(INDEX($A:$A,G266)-INDEX($A:$A,G266-1),INDEX($B:$B,G266)-INDEX($B:$B,G266-1))),360))","=IF(K266="""","""",K266+$Q$1)","=IF(L266="""","""",""G1 X""&TEXT(I266,""0.###"")&"" Y""&TEXT(J266,""0.###"")&"" Z""&TEXT(L266,""0.###""))"
,,,,,=(ROW()-4),"=IF(F267>LOOKUP(9E+307,$E$5:$E$120),"""",LOOKUP(F267-1,$E$5:$E$120,ROW($E$5:$E$120))+1)","=IF(G267="""","""",F267-INDEX($E:$E,G267-1))","=IF(G267="""","""",INDEX($A:$A,G267-1)+(INDEX($A:$A,G267)-INDEX($A:$A,G267-1))*H267/INDEX($D:$D,G267))","=IF(G267="""","""",INDEX($B:$B,G267-1)+(INDEX($B:$B,G267)-INDEX($B:$B,G267-1))*H267/INDEX($D:$D,G267))","=IF(G267="""","""",MOD(DEGREES(ATAN2(INDEX($A:$A,G267)-INDEX($A:$A,G267-1),INDEX($B:$B,G267)-INDEX($B:$B,G267-1))),360))","=IF(K267="""","""",K267+$Q$1)","=IF(L267="""","""",""G1 X""&TEXT(I267,""0.###"")&"" Y""&TEXT(J267,""0.###"")&"" Z""&TEXT(L267,""0.###""))"
,,,,,=(ROW()-4),"=IF(F268>LOOKUP(9E+307,$E$5:$E$120),"""",LOOKUP(F268-1,$E$5:$E$120,ROW($E$5:$E$120))+1)","=IF(G268="""","""",F268-INDEX($E:$E,G268-1))","=IF(G268="""","""",INDEX($A:$A,G268-1)+(INDEX($A:$A,G268)-INDEX($A:$A,G268-1))*H268/INDEX($D:$D,G268))","=IF(G268="""","""",INDEX($B:$B,G268-1)+(INDEX($B:$B,G268)-INDEX($B:$B,G268-1))*H268/INDEX($D:$D,G268))","=IF(G268="""","""",MOD(DEGREES(ATAN2(INDEX($A:$A,G268)-INDEX($A:$A,G268-1),INDEX($B:$B,G268)-INDEX($B:$B,G268-1))),360))","=IF(K268="""","""",K268+$Q$1)","=IF(L268="""","""",""G1 X""&TEXT(I268,""0.###"")&"" Y""&TEXT(J268,""0.###"")&"" Z""&TEXT(L268,""0.###""))"
,,,,,=(ROW()-4),"=IF(F269>LOOKUP(9E+307,$E$5:$E$120),"""",LOOKUP(F269-1,$E$5:$E$120,ROW($E$5:$E$120))+1)","=IF(G269="""","""",F269-INDEX($E:$E,G269-1))","=IF(G269="""","""",INDEX($A:$A,G269-1)+(INDEX($A:$A,G269)-INDEX($A:$A,G269-1))*H269/INDEX($D:$D,G269))","=IF(G269="""","""",INDEX($B:$B,G269-1)+(INDEX($B:$B,G269)-INDEX($B:$B,G269-1))*H269/INDEX($D:$D,G269))","=IF(G269="""","""",MOD(DEGREES(ATAN2(INDEX($A:$A,G269)-INDEX($A:$A,G269-1),INDEX($B:$B,G269)-INDEX($B:$B,G269-1))),360))","=IF(K269="""","""",K269+$Q$1)","=IF(L269="""","""",""G1 X""&TEXT(I269,""0.###"")&"" Y""&TEXT(J269,""0.###"")&"" Z""&TEXT(L269,""0.###""))"
,,,,,=(ROW()-4),"=IF(F270>LOOKUP(9E+307,$E$5:$E$120),"""",LOOKUP(F270-1,$E$5:$E$120,ROW($E$5:$E$120))+1)","=IF(G270="""","""",F270-INDEX($E:$E,G270-1))","=IF(G270="""","""",INDEX($A:$A,G270-1)+(INDEX($A:$A,G270)-INDEX($A:$A,G270-1))*H270/INDEX($D:$D,G270))","=IF(G270="""","""",INDEX($B:$B,G270-1)+(INDEX($B:$B,G270)-INDEX($B:$B,G270-1))*H270/INDEX($D:$D,G270))","=IF(G270="""","""",MOD(DEGREES(ATAN2(INDEX($A:$A,G270)-INDEX($A:$A,G270-1),INDEX($B:$B,G270)-INDEX($B:$B,G270-1))),360))","=IF(K270="""","""",K270+$Q$1)","=IF(L270="""","""",""G1 X""&TEXT(I270,""0.###"")&"" Y""&TEXT(J270,""0.###"")&"" Z""&TEXT(L270,""0.###""))"
,,,,,=(ROW()-4),"=IF(F271>LOOKUP(9E+307,$E$5:$E$120),"""",LOOKUP(F271-1,$E$5:$E$120,ROW($E$5:$E$120))+1)","=IF(G271="""","""",F271-INDEX($E:$E,G271-1))","=IF(G271="""","""",INDEX($A:$A,G271-1)+(INDEX($A:$A,G271)-INDEX($A:$A,G271-1))*H271/INDEX($D:$D,G271))","=IF(G271="""","""",INDEX($B:$B,G271-1)+(INDEX($B:$B,G271)-INDEX($B:$B,G271-1))*H271/INDEX($D:$D,G271))","=IF(G271="""","""",MOD(DEGREES(ATAN2(INDEX($A:$A,G271)-INDEX($A:$A,G271-1),INDEX($B:$B,G271)-INDEX($B:$B,G271-1))),360))","=IF(K271="""","""",K271+$Q$1)","=IF(L271="""","""",""G1 X""&TEXT(I271,""0.###"")&"" Y""&TEXT(J271,""0.###"")&"" Z""&TEXT(L271,""0.###""))"
,,,,,=(ROW()-4),"=IF(F272>LOOKUP(9E+307,$E$5:$E$120),"""",LOOKUP(F272-1,$E$5:$E$120,ROW($E$5:$E$120))+1)","=IF(G272="""","""",F272-INDEX($E:$E,G272-1))","=IF(G272="""","""",INDEX($A:$A,G272-1)+(INDEX($A:$A,G272)-INDEX($A:$A,G272-1))*H272/INDEX($D:$D,G272))","=IF(G272="""","""",INDEX($B:$B,G272-1)+(INDEX($B:$B,G272)-INDEX($B:$B,G272-1))*H272/INDEX($D:$D,G272))","=IF(G272="""","""",MOD(DEGREES(ATAN2(INDEX($A:$A,G272)-INDEX($A:$A,G272-1),INDEX($B:$B,G272)-INDEX($B:$B,G272-1))),360))","=IF(K272="""","""",K272+$Q$1)","=IF(L272="""","""",""G1 X""&TEXT(I272,""0.###"")&"" Y""&TEXT(J272,""0.###"")&"" Z""&TEXT(L272,""0.###""))"
,,,,,=(ROW()-4),"=IF(F273>LOOKUP(9E+307,$E$5:$E$120),"""",LOOKUP(F273-1,$E$5:$E$120,ROW($E$5:$E$120))+1)","=IF(G273="""","""",F273-INDEX($E:$E,G273-1))","=IF(G273="""","""",INDEX($A:$A,G273-1)+(INDEX($A:$A,G273)-INDEX($A:$A,G273-1))*H273/INDEX($D:$D,G273))","=IF(G273="""","""",INDEX($B:$B,G273-1)+(INDEX($B:$B,G273)-INDEX($B:$B,G273-1))*H273/INDEX($D:$D,G273))","=IF(G273="""","""",MOD(DEGREES(ATAN2(INDEX($A:$A,G273)-INDEX($A:$A,G273-1),INDEX($B:$B,G273)-INDEX($B:$B,G273-1))),360))","=IF(K273="""","""",K273+$Q$1)","=IF(L273="""","""",""G1 X""&TEXT(I273,""0.###"")&"" Y""&TEXT(J273,""0.###"")&"" Z""&TEXT(L273,""0.###""))"
,,,,,=(ROW()-4),"=IF(F274>LOOKUP(9E+307,$E$5:$E$120),"""",LOOKUP(F274-1,$E$5:$E$120,ROW($E$5:$E$120))+1)","=IF(G274="""","""",F274-INDEX($E:$E,G274-1))","=IF(G274="""","""",INDEX($A:$A,G274-1)+(INDEX($A:$A,G274)-INDEX($A:$A,G274-1))*H274/INDEX($D:$D,G274))","=IF(G274="""","""",INDEX($B:$B,G274-1)+(INDEX($B:$B,G274)-INDEX($B:$B,G274-1))*H274/INDEX($D:$D,G274))","=IF(G274="""","""",MOD(DEGREES(ATAN2(INDEX($A:$A,G274)-INDEX($A:$A,G274-1),INDEX($B:$B,G274)-INDEX($B:$B,G274-1))),360))","=IF(K274="""","""",K274+$Q$1)","=IF(L274="""","""",""G1 X""&TEXT(I274,""0.###"")&"" Y""&TEXT(J274,""0.###"")&"" Z""&TEXT(L274,""0.###""))"
,,,,,=(ROW()-4),"=IF(F275>LOOKUP(9E+307,$E$5:$E$120),"""",LOOKUP(F275-1,$E$5:$E$120,ROW($E$5:$E$120))+1)","=IF(G275="""","""",F275-INDEX($E:$E,G275-1))","=IF(G275="""","""",INDEX($A:$A,G275-1)+(INDEX($A:$A,G275)-INDEX($A:$A,G275-1))*H275/INDEX($D:$D,G275))","=IF(G275="""","""",INDEX($B:$B,G275-1)+(INDEX($B:$B,G275)-INDEX($B:$B,G275-1))*H275/INDEX($D:$D,G275))","=IF(G275="""","""",MOD(DEGREES(ATAN2(INDEX($A:$A,G275)-INDEX($A:$A,G275-1),INDEX($B:$B,G275)-INDEX($B:$B,G275-1))),360))","=IF(K275="""","""",K275+$Q$1)","=IF(L275="""","""",""G1 X""&TEXT(I275,""0.###"")&"" Y""&TEXT(J275,""0.###"")&"" Z""&TEXT(L275,""0.###""))"
,,,,,=(ROW()-4),"=IF(F276>LOOKUP(9E+307,$E$5:$E$120),"""",LOOKUP(F276-1,$E$5:$E$120,ROW($E$5:$E$120))+1)","=IF(G276="""","""",F276-INDEX($E:$E,G276-1))","=IF(G276="""","""",INDEX($A:$A,G276-1)+(INDEX($A:$A,G276)-INDEX($A:$A,G276-1))*H276/INDEX($D:$D,G276))","=IF(G276="""","""",INDEX($B:$B,G276-1)+(INDEX($B:$B,G276)-INDEX($B:$B,G276-1))*H276/INDEX($D:$D,G276))","=IF(G276="""","""",MOD(DEGREES(ATAN2(INDEX($A:$A,G276)-INDEX($A:$A,G276-1),INDEX($B:$B,G276)-INDEX($B:$B,G276-1))),360))","=IF(K276="""","""",K276+$Q$1)","=IF(L276="""","""",""G1 X""&TEXT(I276,""0.###"")&"" Y""&TEXT(J276,""0.###"")&"" Z""&TEXT(L276,""0.###""))"
,,,,,=(ROW()-4),"=IF(F277>LOOKUP(9E+307,$E$5:$E$120),"""",LOOKUP(F277-1,$E$5:$E$120,ROW($E$5:$E$120))+1)","=IF(G277="""","""",F277-INDEX($E:$E,G277-1))","=IF(G277="""","""",INDEX($A:$A,G277-1)+(INDEX($A:$A,G277)-INDEX($A:$A,G277-1))*H277/INDEX($D:$D,G277))","=IF(G277="""","""",INDEX($B:$B,G277-1)+(INDEX($B:$B,G277)-INDEX($B:$B,G277-1))*H277/INDEX($D:$D,G277))","=IF(G277="""","""",MOD(DEGREES(ATAN2(INDEX($A:$A,G277)-INDEX($A:$A,G277-1),INDEX($B:$B,G277)-INDEX($B:$B,G277-1))),360))","=IF(K277="""","""",K277+$Q$1)","=IF(L277="""","""",""G1 X""&TEXT(I277,""0.###"")&"" Y""&TEXT(J277,""0.###"")&"" Z""&TEXT(L277,""0.###""))"
,,,,,=(ROW()-4),"=IF(F278>LOOKUP(9E+307,$E$5:$E$120),"""",LOOKUP(F278-1,$E$5:$E$120,ROW($E$5:$E$120))+1)","=IF(G278="""","""",F278-INDEX($E:$E,G278-1))","=IF(G278="""","""",INDEX($A:$A,G278-1)+(INDEX($A:$A,G278)-INDEX($A:$A,G278-1))*H278/INDEX($D:$D,G278))","=IF(G278="""","""",INDEX($B:$B,G278-1)+(INDEX($B:$B,G278)-INDEX($B:$B,G278-1))*H278/INDEX($D:$D,G278))","=IF(G278="""","""",MOD(DEGREES(ATAN2(INDEX($A:$A,G278)-INDEX($A:$A,G278-1),INDEX($B:$B,G278)-INDEX($B:$B,G278-1))),360))","=IF(K278="""","""",K278+$Q$1)","=IF(L278="""","""",""G1 X""&TEXT(I278,""0.###"")&"" Y""&TEXT(J278,""0.###"")&"" Z""&TEXT(L278,""0.###""))"
,,,,,=(ROW()-4),"=IF(F279>LOOKUP(9E+307,$E$5:$E$120),"""",LOOKUP(F279-1,$E$5:$E$120,ROW($E$5:$E$120))+1)","=IF(G279="""","""",F279-INDEX($E:$E,G279-1))","=IF(G279="""","""",INDEX($A:$A,G279-1)+(INDEX($A:$A,G279)-INDEX($A:$A,G279-1))*H279/INDEX($D:$D,G279))","=IF(G279="""","""",INDEX($B:$B,G279-1)+(INDEX($B:$B,G279)-INDEX($B:$B,G279-1))*H279/INDEX($D:$D,G279))","=IF(G279="""","""",MOD(DEGREES(ATAN2(INDEX($A:$A,G279)-INDEX($A:$A,G279-1),INDEX($B:$B,G279)-INDEX($B:$B,G279-1))),360))","=IF(K279="""","""",K279+$Q$1)","=IF(L279="""","""",""G1 X""&TEXT(I279,""0.###"")&"" Y""&TEXT(J279,""0.###"")&"" Z""&TEXT(L279,""0.###""))"
,,,,,=(ROW()-4),"=IF(F280>LOOKUP(9E+307,$E$5:$E$120),"""",LOOKUP(F280-1,$E$5:$E$120,ROW($E$5:$E$120))+1)","=IF(G280="""","""",F280-INDEX($E:$E,G280-1))","=IF(G280="""","""",INDEX($A:$A,G280-1)+(INDEX($A:$A,G280)-INDEX($A:$A,G280-1))*H280/INDEX($D:$D,G280))","=IF(G280="""","""",INDEX($B:$B,G280-1)+(INDEX($B:$B,G280)-INDEX($B:$B,G280-1))*H280/INDEX($D:$D,G280))","=IF(G280="""","""",MOD(DEGREES(ATAN2(INDEX($A:$A,G280)-INDEX($A:$A,G280-1),INDEX($B:$B,G280)-INDEX($B:$B,G280-1))),360))","=IF(K280="""","""",K280+$Q$1)","=IF(L280="""","""",""G1 X""&TEXT(I280,""0.###"")&"" Y""&TEXT(J280,""0.###"")&"" Z""&TEXT(L280,""0.###""))"
,,,,,=(ROW()-4),"=IF(F281>LOOKUP(9E+307,$E$5:$E$120),"""",LOOKUP(F281-1,$E$5:$E$120,ROW($E$5:$E$120))+1)","=IF(G281="""","""",F281-INDEX($E:$E,G281-1))","=IF(G281="""","""",INDEX($A:$A,G281-1)+(INDEX($A:$A,G281)-INDEX($A:$A,G281-1))*H281/INDEX($D:$D,G281))","=IF(G281="""","""",INDEX($B:$B,G281-1)+(INDEX($B:$B,G281)-INDEX($B:$B,G281-1))*H281/INDEX($D:$D,G281))","=IF(G281="""","""",MOD(DEGREES(ATAN2(INDEX($A:$A,G281)-INDEX($A:$A,G281-1),INDEX($B:$B,G281)-INDEX($B:$B,G281-1))),360))","=IF(K281="""","""",K281+$Q$1)","=IF(L281="""","""",""G1 X""&TEXT(I281,""0.###"")&"" Y""&TEXT(J281,""0.###"")&"" Z""&TEXT(L281,""0.###""))"
,,,,,=(ROW()-4),"=IF(F282>LOOKUP(9E+307,$E$5:$E$120),"""",LOOKUP(F282-1,$E$5:$E$120,ROW($E$5:$E$120))+1)","=IF(G282="""","""",F282-INDEX($E:$E,G282-1))","=IF(G282="""","""",INDEX($A:$A,G282-1)+(INDEX($A:$A,G282)-INDEX($A:$A,G282-1))*H282/INDEX($D:$D,G282))","=IF(G282="""","""",INDEX($B:$B,G282-1)+(INDEX($B:$B,G282)-INDEX($B:$B,G282-1))*H282/INDEX($D:$D,G282))","=IF(G282="""","""",MOD(DEGREES(ATAN2(INDEX($A:$A,G282)-INDEX($A:$A,G282-1),INDEX($B:$B,G282)-INDEX($B:$B,G282-1))),360))","=IF(K282="""","""",K282+$Q$1)","=IF(L282="""","""",""G1 X""&TEXT(I282,""0.###"")&"" Y""&TEXT(J282,""0.###"")&"" Z""&TEXT(L282,""0.###""))"
,,,,,=(ROW()-4),"=IF(F283>LOOKUP(9E+307,$E$5:$E$120),"""",LOOKUP(F283-1,$E$5:$E$120,ROW($E$5:$E$120))+1)","=IF(G283="""","""",F283-INDEX($E:$E,G283-1))","=IF(G283="""","""",INDEX($A:$A,G283-1)+(INDEX($A:$A,G283)-INDEX($A:$A,G283-1))*H283/INDEX($D:$D,G283))","=IF(G283="""","""",INDEX($B:$B,G283-1)+(INDEX($B:$B,G283)-INDEX($B:$B,G283-1))*H283/INDEX($D:$D,G283))","=IF(G283="""","""",MOD(DEGREES(ATAN2(INDEX($A:$A,G283)-INDEX($A:$A,G283-1),INDEX($B:$B,G283)-INDEX($B:$B,G283-1))),360))","=IF(K283="""","""",K283+$Q$1)","=IF(L283="""","""",""G1 X""&TEXT(I283,""0.###"")&"" Y""&TEXT(J283,""0.###"")&"" Z""&TEXT(L283,""0.###""))"
,,,,,=(ROW()-4),"=IF(F284>LOOKUP(9E+307,$E$5:$E$120),"""",LOOKUP(F284-1,$E$5:$E$120,ROW($E$5:$E$120))+1)","=IF(G284="""","""",F284-INDEX($E:$E,G284-1))","=IF(G284="""","""",INDEX($A:$A,G284-1)+(INDEX($A:$A,G284)-INDEX($A:$A,G284-1))*H284/INDEX($D:$D,G284))","=IF(G284="""","""",INDEX($B:$B,G284-1)+(INDEX($B:$B,G284)-INDEX($B:$B,G284-1))*H284/INDEX($D:$D,G284))","=IF(G284="""","""",MOD(DEGREES(ATAN2(INDEX($A:$A,G284)-INDEX($A:$A,G284-1),INDEX($B:$B,G284)-INDEX($B:$B,G284-1))),360))","=IF(K284="""","""",K284+$Q$1)","=IF(L284="""","""",""G1 X""&TEXT(I284,""0.###"")&"" Y""&TEXT(J284,""0.###"")&"" Z""&TEXT(L284,""0.###""))"
,,,,,=(ROW()-4),"=IF(F285>LOOKUP(9E+307,$E$5:$E$120),"""",LOOKUP(F285-1,$E$5:$E$120,ROW($E$5:$E$120))+1)","=IF(G285="""","""",F285-INDEX($E:$E,G285-1))","=IF(G285="""","""",INDEX($A:$A,G285-1)+(INDEX($A:$A,G285)-INDEX($A:$A,G285-1))*H285/INDEX($D:$D,G285))","=IF(G285="""","""",INDEX($B:$B,G285-1)+(INDEX($B:$B,G285)-INDEX($B:$B,G285-1))*H285/INDEX($D:$D,G285))","=IF(G285="""","""",MOD(DEGREES(ATAN2(INDEX($A:$A,G285)-INDEX($A:$A,G285-1),INDEX($B:$B,G285)-INDEX($B:$B,G285-1))),360))","=IF(K285="""","""",K285+$Q$1)","=IF(L285="""","""",""G1 X""&TEXT(I285,""0.###"")&"" Y""&TEXT(J285,""0.###"")&"" Z""&TEXT(L285,""0.###""))"
,,,,,=(ROW()-4),"=IF(F286>LOOKUP(9E+307,$E$5:$E$120),"""",LOOKUP(F286-1,$E$5:$E$120,ROW($E$5:$E$120))+1)","=IF(G286="""","""",F286-INDEX($E:$E,G286-1))","=IF(G286="""","""",INDEX($A:$A,G286-1)+(INDEX($A:$A,G286)-INDEX($A:$A,G286-1))*H286/INDEX($D:$D,G286))","=IF(G286="""","""",INDEX($B:$B,G286-1)+(INDEX($B:$B,G286)-INDEX($B:$B,G286-1))*H286/INDEX($D:$D,G286))","=IF(G286="""","""",MOD(DEGREES(ATAN2(INDEX($A:$A,G286)-INDEX($A:$A,G286-1),INDEX($B:$B,G286)-INDEX($B:$B,G286-1))),360))","=IF(K286="""","""",K286+$Q$1)","=IF(L286="""","""",""G1 X""&TEXT(I286,""0.###"")&"" Y""&TEXT(J286,""0.###"")&"" Z""&TEXT(L286,""0.###""))"
,,,,,=(ROW()-4),"=IF(F287>LOOKUP(9E+307,$E$5:$E$120),"""",LOOKUP(F287-1,$E$5:$E$120,ROW($E$5:$E$120))+1)","=IF(G287="""","""",F287-INDEX($E:$E,G287-1))","=IF(G287="""","""",INDEX($A:$A,G287-1)+(INDEX($A:$A,G287)-INDEX($A:$A,G287-1))*H287/INDEX($D:$D,G287))","=IF(G287="""","""",INDEX($B:$B,G287-1)+(INDEX($B:$B,G287)-INDEX($B:$B,G287-1))*H287/INDEX($D:$D,G287))","=IF(G287="""","""",MOD(DEGREES(ATAN2(INDEX($A:$A,G287)-INDEX($A:$A,G287-1),INDEX($B:$B,G287)-INDEX($B:$B,G287-1))),360))","=IF(K287="""","""",K287+$Q$1)","=IF(L287="""","""",""G1 X""&TEXT(I287,""0.###"")&"" Y""&TEXT(J287,""0.###"")&"" Z""&TEXT(L287,""0.###""))"
,,,,,=(ROW()-4),"=IF(F288>LOOKUP(9E+307,$E$5:$E$120),"""",LOOKUP(F288-1,$E$5:$E$120,ROW($E$5:$E$120))+1)","=IF(G288="""","""",F288-INDEX($E:$E,G288-1))","=IF(G288="""","""",INDEX($A:$A,G288-1)+(INDEX($A:$A,G288)-INDEX($A:$A,G288-1))*H288/INDEX($D:$D,G288))","=IF(G288="""","""",INDEX($B:$B,G288-1)+(INDEX($B:$B,G288)-INDEX($B:$B,G288-1))*H288/INDEX($D:$D,G288))","=IF(G288="""","""",MOD(DEGREES(ATAN2(INDEX($A:$A,G288)-INDEX($A:$A,G288-1),INDEX($B:$B,G288)-INDEX($B:$B,G288-1))),360))","=IF(K288="""","""",K288+$Q$1)","=IF(L288="""","""",""G1 X""&TEXT(I288,""0.###"")&"" Y""&TEXT(J288,""0.###"")&"" Z""&TEXT(L288,""0.###""))"
,,,,,=(ROW()-4),"=IF(F289>LOOKUP(9E+307,$E$5:$E$120),"""",LOOKUP(F289-1,$E$5:$E$120,ROW($E$5:$E$120))+1)","=IF(G289="""","""",F289-INDEX($E:$E,G289-1))","=IF(G289="""","""",INDEX($A:$A,G289-1)+(INDEX($A:$A,G289)-INDEX($A:$A,G289-1))*H289/INDEX($D:$D,G289))","=IF(G289="""","""",INDEX($B:$B,G289-1)+(INDEX($B:$B,G289)-INDEX($B:$B,G289-1))*H289/INDEX($D:$D,G289))","=IF(G289="""","""",MOD(DEGREES(ATAN2(INDEX($A:$A,G289)-INDEX($A:$A,G289-1),INDEX($B:$B,G289)-INDEX($B:$B,G289-1))),360))","=IF(K289="""","""",K289+$Q$1)","=IF(L289="""","""",""G1 X""&TEXT(I289,""0.###"")&"" Y""&TEXT(J289,""0.###"")&"" Z""&TEXT(L289,""0.###""))"
,,,,,=(ROW()-4),"=IF(F290>LOOKUP(9E+307,$E$5:$E$120),"""",LOOKUP(F290-1,$E$5:$E$120,ROW($E$5:$E$120))+1)","=IF(G290="""","""",F290-INDEX($E:$E,G290-1))","=IF(G290="""","""",INDEX($A:$A,G290-1)+(INDEX($A:$A,G290)-INDEX($A:$A,G290-1))*H290/INDEX($D:$D,G290))","=IF(G290="""","""",INDEX($B:$B,G290-1)+(INDEX($B:$B,G290)-INDEX($B:$B,G290-1))*H290/INDEX($D:$D,G290))","=IF(G290="""","""",MOD(DEGREES(ATAN2(INDEX($A:$A,G290)-INDEX($A:$A,G290-1),INDEX($B:$B,G290)-INDEX($B:$B,G290-1))),360))","=IF(K290="""","""",K290+$Q$1)","=IF(L290="""","""",""G1 X""&TEXT(I290,""0.###"")&"" Y""&TEXT(J290,""0.###"")&"" Z""&TEXT(L290,""0.###""))"
,,,,,=(ROW()-4),"=IF(F291>LOOKUP(9E+307,$E$5:$E$120),"""",LOOKUP(F291-1,$E$5:$E$120,ROW($E$5:$E$120))+1)","=IF(G291="""","""",F291-INDEX($E:$E,G291-1))","=IF(G291="""","""",INDEX($A:$A,G291-1)+(INDEX($A:$A,G291)-INDEX($A:$A,G291-1))*H291/INDEX($D:$D,G291))","=IF(G291="""","""",INDEX($B:$B,G291-1)+(INDEX($B:$B,G291)-INDEX($B:$B,G291-1))*H291/INDEX($D:$D,G291))","=IF(G291="""","""",MOD(DEGREES(ATAN2(INDEX($A:$A,G291)-INDEX($A:$A,G291-1),INDEX($B:$B,G291)-INDEX($B:$B,G291-1))),360))","=IF(K291="""","""",K291+$Q$1)","=IF(L291="""","""",""G1 X""&TEXT(I291,""0.###"")&"" Y""&TEXT(J291,""0.###"")&"" Z""&TEXT(L291,""0.###""))"
,,,,,=(ROW()-4),"=IF(F292>LOOKUP(9E+307,$E$5:$E$120),"""",LOOKUP(F292-1,$E$5:$E$120,ROW($E$5:$E$120))+1)","=IF(G292="""","""",F292-INDEX($E:$E,G292-1))","=IF(G292="""","""",INDEX($A:$A,G292-1)+(INDEX($A:$A,G292)-INDEX($A:$A,G292-1))*H292/INDEX($D:$D,G292))","=IF(G292="""","""",INDEX($B:$B,G292-1)+(INDEX($B:$B,G292)-INDEX($B:$B,G292-1))*H292/INDEX($D:$D,G292))","=IF(G292="""","""",MOD(DEGREES(ATAN2(INDEX($A:$A,G292)-INDEX($A:$A,G292-1),INDEX($B:$B,G292)-INDEX($B:$B,G292-1))),360))","=IF(K292="""","""",K292+$Q$1)","=IF(L292="""","""",""G1 X""&TEXT(I292,""0.###"")&"" Y""&TEXT(J292,""0.###"")&"" Z""&TEXT(L292,""0.###""))"
,,,,,=(ROW()-4),"=IF(F293>LOOKUP(9E+307,$E$5:$E$120),"""",LOOKUP(F293-1,$E$5:$E$120,ROW($E$5:$E$120))+1)","=IF(G293="""","""",F293-INDEX($E:$E,G293-1))","=IF(G293="""","""",INDEX($A:$A,G293-1)+(INDEX($A:$A,G293)-INDEX($A:$A,G293-1))*H293/INDEX($D:$D,G293))","=IF(G293="""","""",INDEX($B:$B,G293-1)+(INDEX($B:$B,G293)-INDEX($B:$B,G293-1))*H293/INDEX($D:$D,G293))","=IF(G293="""","""",MOD(DEGREES(ATAN2(INDEX($A:$A,G293)-INDEX($A:$A,G293-1),INDEX($B:$B,G293)-INDEX($B:$B,G293-1))),360))","=IF(K293="""","""",K293+$Q$1)","=IF(L293="""","""",""G1 X""&TEXT(I293,""0.###"")&"" Y""&TEXT(J293,""0.###"")&"" Z""&TEXT(L293,""0.###""))"
,,,,,=(ROW()-4),"=IF(F294>LOOKUP(9E+307,$E$5:$E$120),"""",LOOKUP(F294-1,$E$5:$E$120,ROW($E$5:$E$120))+1)","=IF(G294="""","""",F294-INDEX($E:$E,G294-1))","=IF(G294="""","""",INDEX($A:$A,G294-1)+(INDEX($A:$A,G294)-INDEX($A:$A,G294-1))*H294/INDEX($D:$D,G294))","=IF(G294="""","""",INDEX($B:$B,G294-1)+(INDEX($B:$B,G294)-INDEX($B:$B,G294-1))*H294/INDEX($D:$D,G294))","=IF(G294="""","""",MOD(DEGREES(ATAN2(INDEX($A:$A,G294)-INDEX($A:$A,G294-1),INDEX($B:$B,G294)-INDEX($B:$B,G294-1))),360))","=IF(K294="""","""",K294+$Q$1)","=IF(L294="""","""",""G1 X""&TEXT(I294,""0.###"")&"" Y""&TEXT(J294,""0.###"")&"" Z""&TEXT(L294,""0.###""))"
,,,,,=(ROW()-4),"=IF(F295>LOOKUP(9E+307,$E$5:$E$120),"""",LOOKUP(F295-1,$E$5:$E$120,ROW($E$5:$E$120))+1)","=IF(G295="""","""",F295-INDEX($E:$E,G295-1))","=IF(G295="""","""",INDEX($A:$A,G295-1)+(INDEX($A:$A,G295)-INDEX($A:$A,G295-1))*H295/INDEX($D:$D,G295))","=IF(G295="""","""",INDEX($B:$B,G295-1)+(INDEX($B:$B,G295)-INDEX($B:$B,G295-1))*H295/INDEX($D:$D,G295))","=IF(G295="""","""",MOD(DEGREES(ATAN2(INDEX($A:$A,G295)-INDEX($A:$A,G295-1),INDEX($B:$B,G295)-INDEX($B:$B,G295-1))),360))","=IF(K295="""","""",K295+$Q$1)","=IF(L295="""","""",""G1 X""&TEXT(I295,""0.###"")&"" Y""&TEXT(J295,""0.###"")&"" Z""&TEXT(L295,""0.###""))"
,,,,,=(ROW()-4),"=IF(F296>LOOKUP(9E+307,$E$5:$E$120),"""",LOOKUP(F296-1,$E$5:$E$120,ROW($E$5:$E$120))+1)","=IF(G296="""","""",F296-INDEX($E:$E,G296-1))","=IF(G296="""","""",INDEX($A:$A,G296-1)+(INDEX($A:$A,G296)-INDEX($A:$A,G296-1))*H296/INDEX($D:$D,G296))","=IF(G296="""","""",INDEX($B:$B,G296-1)+(INDEX($B:$B,G296)-INDEX($B:$B,G296-1))*H296/INDEX($D:$D,G296))","=IF(G296="""","""",MOD(DEGREES(ATAN2(INDEX($A:$A,G296)-INDEX($A:$A,G296-1),INDEX($B:$B,G296)-INDEX($B:$B,G296-1))),360))","=IF(K296="""","""",K296+$Q$1)","=IF(L296="""","""",""G1 X""&TEXT(I296,""0.###"")&"" Y""&TEXT(J296,""0.###"")&"" Z""&TEXT(L296,""0.###""))"
,,,,,=(ROW()-4),"=IF(F297>LOOKUP(9E+307,$E$5:$E$120),"""",LOOKUP(F297-1,$E$5:$E$120,ROW($E$5:$E$120))+1)","=IF(G297="""","""",F297-INDEX($E:$E,G297-1))","=IF(G297="""","""",INDEX($A:$A,G297-1)+(INDEX($A:$A,G297)-INDEX($A:$A,G297-1))*H297/INDEX($D:$D,G297))","=IF(G297="""","""",INDEX($B:$B,G297-1)+(INDEX($B:$B,G297)-INDEX($B:$B,G297-1))*H297/INDEX($D:$D,G297))","=IF(G297="""","""",MOD(DEGREES(ATAN2(INDEX($A:$A,G297)-INDEX($A:$A,G297-1),INDEX($B:$B,G297)-INDEX($B:$B,G297-1))),360))","=IF(K297="""","""",K297+$Q$1)","=IF(L297="""","""",""G1 X""&TEXT(I297,""0.###"")&"" Y""&TEXT(J297,""0.###"")&"" Z""&TEXT(L297,""0.###""))"
,,,,,=(ROW()-4),"=IF(F298>LOOKUP(9E+307,$E$5:$E$120),"""",LOOKUP(F298-1,$E$5:$E$120,ROW($E$5:$E$120))+1)","=IF(G298="""","""",F298-INDEX($E:$E,G298-1))","=IF(G298="""","""",INDEX($A:$A,G298-1)+(INDEX($A:$A,G298)-INDEX($A:$A,G298-1))*H298/INDEX($D:$D,G298))","=IF(G298="""","""",INDEX($B:$B,G298-1)+(INDEX($B:$B,G298)-INDEX($B:$B,G298-1))*H298/INDEX($D:$D,G298))","=IF(G298="""","""",MOD(DEGREES(ATAN2(INDEX($A:$A,G298)-INDEX($A:$A,G298-1),INDEX($B:$B,G298)-INDEX($B:$B,G298-1))),360))","=IF(K298="""","""",K298+$Q$1)","=IF(L298="""","""",""G1 X""&TEXT(I298,""0.###"")&"" Y""&TEXT(J298,""0.###"")&"" Z""&TEXT(L298,""0.###""))"
,,,,,=(ROW()-4),"=IF(F299>LOOKUP(9E+307,$E$5:$E$120),"""",LOOKUP(F299-1,$E$5:$E$120,ROW($E$5:$E$120))+1)","=IF(G299="""","""",F299-INDEX($E:$E,G299-1))","=IF(G299="""","""",INDEX($A:$A,G299-1)+(INDEX($A:$A,G299)-INDEX($A:$A,G299-1))*H299/INDEX($D:$D,G299))","=IF(G299="""","""",INDEX($B:$B,G299-1)+(INDEX($B:$B,G299)-INDEX($B:$B,G299-1))*H299/INDEX($D:$D,G299))","=IF(G299="""","""",MOD(DEGREES(ATAN2(INDEX($A:$A,G299)-INDEX($A:$A,G299-1),INDEX($B:$B,G299)-INDEX($B:$B,G299-1))),360))","=IF(K299="""","""",K299+$Q$1)","=IF(L299="""","""",""G1 X""&TEXT(I299,""0.###"")&"" Y""&TEXT(J299,""0.###"")&"" Z""&TEXT(L299,""0.###""))"
,,,,,=(ROW()-4),"=IF(F300>LOOKUP(9E+307,$E$5:$E$120),"""",LOOKUP(F300-1,$E$5:$E$120,ROW($E$5:$E$120))+1)","=IF(G300="""","""",F300-INDEX($E:$E,G300-1))","=IF(G300="""","""",INDEX($A:$A,G300-1)+(INDEX($A:$A,G300)-INDEX($A:$A,G300-1))*H300/INDEX($D:$D,G300))","=IF(G300="""","""",INDEX($B:$B,G300-1)+(INDEX($B:$B,G300)-INDEX($B:$B,G300-1))*H300/INDEX($D:$D,G300))","=IF(G300="""","""",MOD(DEGREES(ATAN2(INDEX($A:$A,G300)-INDEX($A:$A,G300-1),INDEX($B:$B,G300)-INDEX($B:$B,G300-1))),360))","=IF(K300="""","""",K300+$Q$1)","=IF(L300="""","""",""G1 X""&TEXT(I300,""0.###"")&"" Y""&TEXT(J300,""0.###"")&"" Z""&TEXT(L300,""0.###""))"
,,,,,=(ROW()-4),"=IF(F301>LOOKUP(9E+307,$E$5:$E$120),"""",LOOKUP(F301-1,$E$5:$E$120,ROW($E$5:$E$120))+1)","=IF(G301="""","""",F301-INDEX($E:$E,G301-1))","=IF(G301="""","""",INDEX($A:$A,G301-1)+(INDEX($A:$A,G301)-INDEX($A:$A,G301-1))*H301/INDEX($D:$D,G301))","=IF(G301="""","""",INDEX($B:$B,G301-1)+(INDEX($B:$B,G301)-INDEX($B:$B,G301-1))*H301/INDEX($D:$D,G301))","=IF(G301="""","""",MOD(DEGREES(ATAN2(INDEX($A:$A,G301)-INDEX($A:$A,G301-1),INDEX($B:$B,G301)-INDEX($B:$B,G301-1))),360))","=IF(K301="""","""",K301+$Q$1)","=IF(L301="""","""",""G1 X""&TEXT(I301,""0.###"")&"" Y""&TEXT(J301,""0.###"")&"" Z""&TEXT(L301,""0.###""))"
,,,,,=(ROW()-4),"=IF(F302>LOOKUP(9E+307,$E$5:$E$120),"""",LOOKUP(F302-1,$E$5:$E$120,ROW($E$5:$E$120))+1)","=IF(G302="""","""",F302-INDEX($E:$E,G302-1))","=IF(G302="""","""",INDEX($A:$A,G302-1)+(INDEX($A:$A,G302)-INDEX($A:$A,G302-1))*H302/INDEX($D:$D,G302))","=IF(G302="""","""",INDEX($B:$B,G302-1)+(INDEX($B:$B,G302)-INDEX($B:$B,G302-1))*H302/INDEX($D:$D,G302))","=IF(G302="""","""",MOD(DEGREES(ATAN2(INDEX($A:$A,G302)-INDEX($A:$A,G302-1),INDEX($B:$B,G302)-INDEX($B:$B,G302-1))),360))","=IF(K302="""","""",K302+$Q$1)","=IF(L302="""","""",""G1 X""&TEXT(I302,""0.###"")&"" Y""&TEXT(J302,""0.###"")&"" Z""&TEXT(L302,""0.###""))"
,,,,,=(ROW()-4),"=IF(F303>LOOKUP(9E+307,$E$5:$E$120),"""",LOOKUP(F303-1,$E$5:$E$120,ROW($E$5:$E$120))+1)","=IF(G303="""","""",F303-INDEX($E:$E,G303-1))","=IF(G303="""","""",INDEX($A:$A,G303-1)+(INDEX($A:$A,G303)-INDEX($A:$A,G303-1))*H303/INDEX($D:$D,G303))","=IF(G303="""","""",INDEX($B:$B,G303-1)+(INDEX($B:$B,G303)-INDEX($B:$B,G303-1))*H303/INDEX($D:$D,G303))","=IF(G303="""","""",MOD(DEGREES(ATAN2(INDEX($A:$A,G303)-INDEX($A:$A,G303-1),INDEX($B:$B,G303)-INDEX($B:$B,G303-1))),360))","=IF(K303="""","""",K303+$Q$1)","=IF(L303="""","""",""G1 X""&TEXT(I303,""0.###"")&"" Y""&TEXT(J303,""0.###"")&"" Z""&TEXT(L303,""0.###""))"
,,,,,=(ROW()-4),"=IF(F304>LOOKUP(9E+307,$E$5:$E$120),"""",LOOKUP(F304-1,$E$5:$E$120,ROW($E$5:$E$120))+1)","=IF(G304="""","""",F304-INDEX($E:$E,G304-1))","=IF(G304="""","""",INDEX($A:$A,G304-1)+(INDEX($A:$A,G304)-INDEX($A:$A,G304-1))*H304/INDEX($D:$D,G304))","=IF(G304="""","""",INDEX($B:$B,G304-1)+(INDEX($B:$B,G304)-INDEX($B:$B,G304-1))*H304/INDEX($D:$D,G304))","=IF(G304="""","""",MOD(DEGREES(ATAN2(INDEX($A:$A,G304)-INDEX($A:$A,G304-1),INDEX($B:$B,G304)-INDEX($B:$B,G304-1))),360))","=IF(K304="""","""",K304+$Q$1)","=IF(L304="""","""",""G1 X""&TEXT(I304,""0.###"")&"" Y""&TEXT(J304,""0.###"")&"" Z""&TEXT(L304,""0.###""))"
,,,,,=(ROW()-4),"=IF(F305>LOOKUP(9E+307,$E$5:$E$120),"""",LOOKUP(F305-1,$E$5:$E$120,ROW($E$5:$E$120))+1)","=IF(G305="""","""",F305-INDEX($E:$E,G305-1))","=IF(G305="""","""",INDEX($A:$A,G305-1)+(INDEX($A:$A,G305)-INDEX($A:$A,G305-1))*H305/INDEX($D:$D,G305))","=IF(G305="""","""",INDEX($B:$B,G305-1)+(INDEX($B:$B,G305)-INDEX($B:$B,G305-1))*H305/INDEX($D:$D,G305))","=IF(G305="""","""",MOD(DEGREES(ATAN2(INDEX($A:$A,G305)-INDEX($A:$A,G305-1),INDEX($B:$B,G305)-INDEX($B:$B,G305-1))),360))","=IF(K305="""","""",K305+$Q$1)","=IF(L305="""","""",""G1 X""&TEXT(I305,""0.###"")&"" Y""&TEXT(J305,""0.###"")&"" Z""&TEXT(L305,""0.###""))"
,,,,,=(ROW()-4),"=IF(F306>LOOKUP(9E+307,$E$5:$E$120),"""",LOOKUP(F306-1,$E$5:$E$120,ROW($E$5:$E$120))+1)","=IF(G306="""","""",F306-INDEX($E:$E,G306-1))","=IF(G306="""","""",INDEX($A:$A,G306-1)+(INDEX($A:$A,G306)-INDEX($A:$A,G306-1))*H306/INDEX($D:$D,G306))","=IF(G306="""","""",INDEX($B:$B,G306-1)+(INDEX($B:$B,G306)-INDEX($B:$B,G306-1))*H306/INDEX($D:$D,G306))","=IF(G306="""","""",MOD(DEGREES(ATAN2(INDEX($A:$A,G306)-INDEX($A:$A,G306-1),INDEX($B:$B,G306)-INDEX($B:$B,G306-1))),360))","=IF(K306="""","""",K306+$Q$1)","=IF(L306="""","""",""G1 X""&TEXT(I306,""0.###"")&"" Y""&TEXT(J306,""0.###"")&"" Z""&TEXT(L306,""0.###""))"
,,,,,=(ROW()-4),"=IF(F307>LOOKUP(9E+307,$E$5:$E$120),"""",LOOKUP(F307-1,$E$5:$E$120,ROW($E$5:$E$120))+1)","=IF(G307="""","""",F307-INDEX($E:$E,G307-1))","=IF(G307="""","""",INDEX($A:$A,G307-1)+(INDEX($A:$A,G307)-INDEX($A:$A,G307-1))*H307/INDEX($D:$D,G307))","=IF(G307="""","""",INDEX($B:$B,G307-1)+(INDEX($B:$B,G307)-INDEX($B:$B,G307-1))*H307/INDEX($D:$D,G307))","=IF(G307="""","""",MOD(DEGREES(ATAN2(INDEX($A:$A,G307)-INDEX($A:$A,G307-1),INDEX($B:$B,G307)-INDEX($B:$B,G307-1))),360))","=IF(K307="""","""",K307+$Q$1)","=IF(L307="""","""",""G1 X""&TEXT(I307,""0.###"")&"" Y""&TEXT(J307,""0.###"")&"" Z""&TEXT(L307,""0.###""))"
,,,,,=(ROW()-4),"=IF(F308>LOOKUP(9E+307,$E$5:$E$120),"""",LOOKUP(F308-1,$E$5:$E$120,ROW($E$5:$E$120))+1)","=IF(G308="""","""",F308-INDEX($E:$E,G308-1))","=IF(G308="""","""",INDEX($A:$A,G308-1)+(INDEX($A:$A,G308)-INDEX($A:$A,G308-1))*H308/INDEX($D:$D,G308))","=IF(G308="""","""",INDEX($B:$B,G308-1)+(INDEX($B:$B,G308)-INDEX($B:$B,G308-1))*H308/INDEX($D:$D,G308))","=IF(G308="""","""",MOD(DEGREES(ATAN2(INDEX($A:$A,G308)-INDEX($A:$A,G308-1),INDEX($B:$B,G308)-INDEX($B:$B,G308-1))),360))","=IF(K308="""","""",K308+$Q$1)","=IF(L308="""","""",""G1 X""&TEXT(I308,""0.###"")&"" Y""&TEXT(J308,""0.###"")&"" Z""&TEXT(L308,""0.###""))"
,,,,,=(ROW()-4),"=IF(F309>LOOKUP(9E+307,$E$5:$E$120),"""",LOOKUP(F309-1,$E$5:$E$120,ROW($E$5:$E$120))+1)","=IF(G309="""","""",F309-INDEX($E:$E,G309-1))","=IF(G309="""","""",INDEX($A:$A,G309-1)+(INDEX($A:$A,G309)-INDEX($A:$A,G309-1))*H309/INDEX($D:$D,G309))","=IF(G309="""","""",INDEX($B:$B,G309-1)+(INDEX($B:$B,G309)-INDEX($B:$B,G309-1))*H309/INDEX($D:$D,G309))","=IF(G309="""","""",MOD(DEGREES(ATAN2(INDEX($A:$A,G309)-INDEX($A:$A,G309-1),INDEX($B:$B,G309)-INDEX($B:$B,G309-1))),360))","=IF(K309="""","""",K309+$Q$1)","=IF(L309="""","""",""G1 X""&TEXT(I309,""0.###"")&"" Y""&TEXT(J309,""0.###"")&"" Z""&TEXT(L309,""0.###""))"
,,,,,=(ROW()-4),"=IF(F310>LOOKUP(9E+307,$E$5:$E$120),"""",LOOKUP(F310-1,$E$5:$E$120,ROW($E$5:$E$120))+1)","=IF(G310="""","""",F310-INDEX($E:$E,G310-1))","=IF(G310="""","""",INDEX($A:$A,G310-1)+(INDEX($A:$A,G310)-INDEX($A:$A,G310-1))*H310/INDEX($D:$D,G310))","=IF(G310="""","""",INDEX($B:$B,G310-1)+(INDEX($B:$B,G310)-INDEX($B:$B,G310-1))*H310/INDEX($D:$D,G310))","=IF(G310="""","""",MOD(DEGREES(ATAN2(INDEX($A:$A,G310)-INDEX($A:$A,G310-1),INDEX($B:$B,G310)-INDEX($B:$B,G310-1))),360))","=IF(K310="""","""",K310+$Q$1)","=IF(L310="""","""",""G1 X""&TEXT(I310,""0.###"")&"" Y""&TEXT(J310,""0.###"")&"" Z""&TEXT(L310,""0.###""))"
,,,,,=(ROW()-4),"=IF(F311>LOOKUP(9E+307,$E$5:$E$120),"""",LOOKUP(F311-1,$E$5:$E$120,ROW($E$5:$E$120))+1)","=IF(G311="""","""",F311-INDEX($E:$E,G311-1))","=IF(G311="""","""",INDEX($A:$A,G311-1)+(INDEX($A:$A,G311)-INDEX($A:$A,G311-1))*H311/INDEX($D:$D,G311))","=IF(G311="""","""",INDEX($B:$B,G311-1)+(INDEX($B:$B,G311)-INDEX($B:$B,G311-1))*H311/INDEX($D:$D,G311))","=IF(G311="""","""",MOD(DEGREES(ATAN2(INDEX($A:$A,G311)-INDEX($A:$A,G311-1),INDEX($B:$B,G311)-INDEX($B:$B,G311-1))),360))","=IF(K311="""","""",K311+$Q$1)","=IF(L311="""","""",""G1 X""&TEXT(I311,""0.###"")&"" Y""&TEXT(J311,""0.###"")&"" Z""&TEXT(L311,""0.###""))"
,,,,,=(ROW()-4),"=IF(F312>LOOKUP(9E+307,$E$5:$E$120),"""",LOOKUP(F312-1,$E$5:$E$120,ROW($E$5:$E$120))+1)","=IF(G312="""","""",F312-INDEX($E:$E,G312-1))","=IF(G312="""","""",INDEX($A:$A,G312-1)+(INDEX($A:$A,G312)-INDEX($A:$A,G312-1))*H312/INDEX($D:$D,G312))","=IF(G312="""","""",INDEX($B:$B,G312-1)+(INDEX($B:$B,G312)-INDEX($B:$B,G312-1))*H312/INDEX($D:$D,G312))","=IF(G312="""","""",MOD(DEGREES(ATAN2(INDEX($A:$A,G312)-INDEX($A:$A,G312-1),INDEX($B:$B,G312)-INDEX($B:$B,G312-1))),360))","=IF(K312="""","""",K312+$Q$1)","=IF(L312="""","""",""G1 X""&TEXT(I312,""0.###"")&"" Y""&TEXT(J312,""0.###"")&"" Z""&TEXT(L312,""0.###""))"
,,,,,=(ROW()-4),"=IF(F313>LOOKUP(9E+307,$E$5:$E$120),"""",LOOKUP(F313-1,$E$5:$E$120,ROW($E$5:$E$120))+1)","=IF(G313="""","""",F313-INDEX($E:$E,G313-1))","=IF(G313="""","""",INDEX($A:$A,G313-1)+(INDEX($A:$A,G313)-INDEX($A:$A,G313-1))*H313/INDEX($D:$D,G313))","=IF(G313="""","""",INDEX($B:$B,G313-1)+(INDEX($B:$B,G313)-INDEX($B:$B,G313-1))*H313/INDEX($D:$D,G313))","=IF(G313="""","""",MOD(DEGREES(ATAN2(INDEX($A:$A,G313)-INDEX($A:$A,G313-1),INDEX($B:$B,G313)-INDEX($B:$B,G313-1))),360))","=IF(K313="""","""",K313+$Q$1)","=IF(L313="""","""",""G1 X""&TEXT(I313,""0.###"")&"" Y""&TEXT(J313,""0.###"")&"" Z""&TEXT(L313,""0.###""))"
,,,,,=(ROW()-4),"=IF(F314>LOOKUP(9E+307,$E$5:$E$120),"""",LOOKUP(F314-1,$E$5:$E$120,ROW($E$5:$E$120))+1)","=IF(G314="""","""",F314-INDEX($E:$E,G314-1))","=IF(G314="""","""",INDEX($A:$A,G314-1)+(INDEX($A:$A,G314)-INDEX($A:$A,G314-1))*H314/INDEX($D:$D,G314))","=IF(G314="""","""",INDEX($B:$B,G314-1)+(INDEX($B:$B,G314)-INDEX($B:$B,G314-1))*H314/INDEX($D:$D,G314))","=IF(G314="""","""",MOD(DEGREES(ATAN2(INDEX($A:$A,G314)-INDEX($A:$A,G314-1),INDEX($B:$B,G314)-INDEX($B:$B,G314-1))),360))","=IF(K314="""","""",K314+$Q$1)","=IF(L314="""","""",""G1 X""&TEXT(I314,""0.###"")&"" Y""&TEXT(J314,""0.###"")&"" Z""&TEXT(L314,""0.###""))"
,,,,,=(ROW()-4),"=IF(F315>LOOKUP(9E+307,$E$5:$E$120),"""",LOOKUP(F315-1,$E$5:$E$120,ROW($E$5:$E$120))+1)","=IF(G315="""","""",F315-INDEX($E:$E,G315-1))","=IF(G315="""","""",INDEX($A:$A,G315-1)+(INDEX($A:$A,G315)-INDEX($A:$A,G315-1))*H315/INDEX($D:$D,G315))","=IF(G315="""","""",INDEX($B:$B,G315-1)+(INDEX($B:$B,G315)-INDEX($B:$B,G315-1))*H315/INDEX($D:$D,G315))","=IF(G315="""","""",MOD(DEGREES(ATAN2(INDEX($A:$A,G315)-INDEX($A:$A,G315-1),INDEX($B:$B,G315)-INDEX($B:$B,G315-1))),360))","=IF(K315="""","""",K315+$Q$1)","=IF(L315="""","""",""G1 X""&TEXT(I315,""0.###"")&"" Y""&TEXT(J315,""0.###"")&"" Z""&TEXT(L315,""0.###""))"
,,,,,=(ROW()-4),"=IF(F316>LOOKUP(9E+307,$E$5:$E$120),"""",LOOKUP(F316-1,$E$5:$E$120,ROW($E$5:$E$120))+1)","=IF(G316="""","""",F316-INDEX($E:$E,G316-1))","=IF(G316="""","""",INDEX($A:$A,G316-1)+(INDEX($A:$A,G316)-INDEX($A:$A,G316-1))*H316/INDEX($D:$D,G316))","=IF(G316="""","""",INDEX($B:$B,G316-1)+(INDEX($B:$B,G316)-INDEX($B:$B,G316-1))*H316/INDEX($D:$D,G316))","=IF(G316="""","""",MOD(DEGREES(ATAN2(INDEX($A:$A,G316)-INDEX($A:$A,G316-1),INDEX($B:$B,G316)-INDEX($B:$B,G316-1))),360))","=IF(K316="""","""",K316+$Q$1)","=IF(L316="""","""",""G1 X""&TEXT(I316,""0.###"")&"" Y""&TEXT(J316,""0.###"")&"" Z""&TEXT(L316,""0.###""))"
,,,,,=(ROW()-4),"=IF(F317>LOOKUP(9E+307,$E$5:$E$120),"""",LOOKUP(F317-1,$E$5:$E$120,ROW($E$5:$E$120))+1)","=IF(G317="""","""",F317-INDEX($E:$E,G317-1))","=IF(G317="""","""",INDEX($A:$A,G317-1)+(INDEX($A:$A,G317)-INDEX($A:$A,G317-1))*H317/INDEX($D:$D,G317))","=IF(G317="""","""",INDEX($B:$B,G317-1)+(INDEX($B:$B,G317)-INDEX($B:$B,G317-1))*H317/INDEX($D:$D,G317))","=IF(G317="""","""",MOD(DEGREES(ATAN2(INDEX($A:$A,G317)-INDEX($A:$A,G317-1),INDEX($B:$B,G317)-INDEX($B:$B,G317-1))),360))","=IF(K317="""","""",K317+$Q$1)","=IF(L317="""","""",""G1 X""&TEXT(I317,""0.###"")&"" Y""&TEXT(J317,""0.###"")&"" Z""&TEXT(L317,""0.###""))"
,,,,,=(ROW()-4),"=IF(F318>LOOKUP(9E+307,$E$5:$E$120),"""",LOOKUP(F318-1,$E$5:$E$120,ROW($E$5:$E$120))+1)","=IF(G318="""","""",F318-INDEX($E:$E,G318-1))","=IF(G318="""","""",INDEX($A:$A,G318-1)+(INDEX($A:$A,G318)-INDEX($A:$A,G318-1))*H318/INDEX($D:$D,G318))","=IF(G318="""","""",INDEX($B:$B,G318-1)+(INDEX($B:$B,G318)-INDEX($B:$B,G318-1))*H318/INDEX($D:$D,G318))","=IF(G318="""","""",MOD(DEGREES(ATAN2(INDEX($A:$A,G318)-INDEX($A:$A,G318-1),INDEX($B:$B,G318)-INDEX($B:$B,G318-1))),360))","=IF(K318="""","""",K318+$Q$1)","=IF(L318="""","""",""G1 X""&TEXT(I318,""0.###"")&"" Y""&TEXT(J318,""0.###"")&"" Z""&TEXT(L318,""0.###""))"
,,,,,=(ROW()-4),"=IF(F319>LOOKUP(9E+307,$E$5:$E$120),"""",LOOKUP(F319-1,$E$5:$E$120,ROW($E$5:$E$120))+1)","=IF(G319="""","""",F319-INDEX($E:$E,G319-1))","=IF(G319="""","""",INDEX($A:$A,G319-1)+(INDEX($A:$A,G319)-INDEX($A:$A,G319-1))*H319/INDEX($D:$D,G319))","=IF(G319="""","""",INDEX($B:$B,G319-1)+(INDEX($B:$B,G319)-INDEX($B:$B,G319-1))*H319/INDEX($D:$D,G319))","=IF(G319="""","""",MOD(DEGREES(ATAN2(INDEX($A:$A,G319)-INDEX($A:$A,G319-1),INDEX($B:$B,G319)-INDEX($B:$B,G319-1))),360))","=IF(K319="""","""",K319+$Q$1)","=IF(L319="""","""",""G1 X""&TEXT(I319,""0.###"")&"" Y""&TEXT(J319,""0.###"")&"" Z""&TEXT(L319,""0.###""))"
,,,,,=(ROW()-4),"=IF(F320>LOOKUP(9E+307,$E$5:$E$120),"""",LOOKUP(F320-1,$E$5:$E$120,ROW($E$5:$E$120))+1)","=IF(G320="""","""",F320-INDEX($E:$E,G320-1))","=IF(G320="""","""",INDEX($A:$A,G320-1)+(INDEX($A:$A,G320)-INDEX($A:$A,G320-1))*H320/INDEX($D:$D,G320))","=IF(G320="""","""",INDEX($B:$B,G320-1)+(INDEX($B:$B,G320)-INDEX($B:$B,G320-1))*H320/INDEX($D:$D,G320))","=IF(G320="""","""",MOD(DEGREES(ATAN2(INDEX($A:$A,G320)-INDEX($A:$A,G320-1),INDEX($B:$B,G320)-INDEX($B:$B,G320-1))),360))","=IF(K320="""","""",K320+$Q$1)","=IF(L320="""","""",""G1 X""&TEXT(I320,""0.###"")&"" Y""&TEXT(J320,""0.###"")&"" Z""&TEXT(L320,""0.###""))"
,,,,,=(ROW()-4),"=IF(F321>LOOKUP(9E+307,$E$5:$E$120),"""",LOOKUP(F321-1,$E$5:$E$120,ROW($E$5:$E$120))+1)","=IF(G321="""","""",F321-INDEX($E:$E,G321-1))","=IF(G321="""","""",INDEX($A:$A,G321-1)+(INDEX($A:$A,G321)-INDEX($A:$A,G321-1))*H321/INDEX($D:$D,G321))","=IF(G321="""","""",INDEX($B:$B,G321-1)+(INDEX($B:$B,G321)-INDEX($B:$B,G321-1))*H321/INDEX($D:$D,G321))","=IF(G321="""","""",MOD(DEGREES(ATAN2(INDEX($A:$A,G321)-INDEX($A:$A,G321-1),INDEX($B:$B,G321)-INDEX($B:$B,G321-1))),360))","=IF(K321="""","""",K321+$Q$1)","=IF(L321="""","""",""G1 X""&TEXT(I321,""0.###"")&"" Y""&TEXT(J321,""0.###"")&"" Z""&TEXT(L321,""0.###""))"
,,,,,=(ROW()-4),"=IF(F322>LOOKUP(9E+307,$E$5:$E$120),"""",LOOKUP(F322-1,$E$5:$E$120,ROW($E$5:$E$120))+1)","=IF(G322="""","""",F322-INDEX($E:$E,G322-1))","=IF(G322="""","""",INDEX($A:$A,G322-1)+(INDEX($A:$A,G322)-INDEX($A:$A,G322-1))*H322/INDEX($D:$D,G322))","=IF(G322="""","""",INDEX($B:$B,G322-1)+(INDEX($B:$B,G322)-INDEX($B:$B,G322-1))*H322/INDEX($D:$D,G322))","=IF(G322="""","""",MOD(DEGREES(ATAN2(INDEX($A:$A,G322)-INDEX($A:$A,G322-1),INDEX($B:$B,G322)-INDEX($B:$B,G322-1))),360))","=IF(K322="""","""",K322+$Q$1)","=IF(L322="""","""",""G1 X""&TEXT(I322,""0.###"")&"" Y""&TEXT(J322,""0.###"")&"" Z""&TEXT(L322,""0.###""))"
,,,,,=(ROW()-4),"=IF(F323>LOOKUP(9E+307,$E$5:$E$120),"""",LOOKUP(F323-1,$E$5:$E$120,ROW($E$5:$E$120))+1)","=IF(G323="""","""",F323-INDEX($E:$E,G323-1))","=IF(G323="""","""",INDEX($A:$A,G323-1)+(INDEX($A:$A,G323)-INDEX($A:$A,G323-1))*H323/INDEX($D:$D,G323))","=IF(G323="""","""",INDEX($B:$B,G323-1)+(INDEX($B:$B,G323)-INDEX($B:$B,G323-1))*H323/INDEX($D:$D,G323))","=IF(G323="""","""",MOD(DEGREES(ATAN2(INDEX($A:$A,G323)-INDEX($A:$A,G323-1),INDEX($B:$B,G323)-INDEX($B:$B,G323-1))),360))","=IF(K323="""","""",K323+$Q$1)","=IF(L323="""","""",""G1 X""&TEXT(I323,""0.###"")&"" Y""&TEXT(J323,""0.###"")&"" Z""&TEXT(L323,""0.###""))"
,,,,,=(ROW()-4),"=IF(F324>LOOKUP(9E+307,$E$5:$E$120),"""",LOOKUP(F324-1,$E$5:$E$120,ROW($E$5:$E$120))+1)","=IF(G324="""","""",F324-INDEX($E:$E,G324-1))","=IF(G324="""","""",INDEX($A:$A,G324-1)+(INDEX($A:$A,G324)-INDEX($A:$A,G324-1))*H324/INDEX($D:$D,G324))","=IF(G324="""","""",INDEX($B:$B,G324-1)+(INDEX($B:$B,G324)-INDEX($B:$B,G324-1))*H324/INDEX($D:$D,G324))","=IF(G324="""","""",MOD(DEGREES(ATAN2(INDEX($A:$A,G324)-INDEX($A:$A,G324-1),INDEX($B:$B,G324)-INDEX($B:$B,G324-1))),360))","=IF(K324="""","""",K324+$Q$1)","=IF(L324="""","""",""G1 X""&TEXT(I324,""0.###"")&"" Y""&TEXT(J324,""0.###"")&"" Z""&TEXT(L324,""0.###""))"
,,,,,=(ROW()-4),"=IF(F325>LOOKUP(9E+307,$E$5:$E$120),"""",LOOKUP(F325-1,$E$5:$E$120,ROW($E$5:$E$120))+1)","=IF(G325="""","""",F325-INDEX($E:$E,G325-1))","=IF(G325="""","""",INDEX($A:$A,G325-1)+(INDEX($A:$A,G325)-INDEX($A:$A,G325-1))*H325/INDEX($D:$D,G325))","=IF(G325="""","""",INDEX($B:$B,G325-1)+(INDEX($B:$B,G325)-INDEX($B:$B,G325-1))*H325/INDEX($D:$D,G325))","=IF(G325="""","""",MOD(DEGREES(ATAN2(INDEX($A:$A,G325)-INDEX($A:$A,G325-1),INDEX($B:$B,G325)-INDEX($B:$B,G325-1))),360))","=IF(K325="""","""",K325+$Q$1)","=IF(L325="""","""",""G1 X""&TEXT(I325,""0.###"")&"" Y""&TEXT(J325,""0.###"")&"" Z""&TEXT(L325,""0.###""))"
,,,,,=(ROW()-4),"=IF(F326>LOOKUP(9E+307,$E$5:$E$120),"""",LOOKUP(F326-1,$E$5:$E$120,ROW($E$5:$E$120))+1)","=IF(G326="""","""",F326-INDEX($E:$E,G326-1))","=IF(G326="""","""",INDEX($A:$A,G326-1)+(INDEX($A:$A,G326)-INDEX($A:$A,G326-1))*H326/INDEX($D:$D,G326))","=IF(G326="""","""",INDEX($B:$B,G326-1)+(INDEX($B:$B,G326)-INDEX($B:$B,G326-1))*H326/INDEX($D:$D,G326))","=IF(G326="""","""",MOD(DEGREES(ATAN2(INDEX($A:$A,G326)-INDEX($A:$A,G326-1),INDEX($B:$B,G326)-INDEX($B:$B,G326-1))),360))","=IF(K326="""","""",K326+$Q$1)","=IF(L326="""","""",""G1 X""&TEXT(I326,""0.###"")&"" Y""&TEXT(J326,""0.###"")&"" Z""&TEXT(L326,""0.###""))"
,,,,,=(ROW()-4),"=IF(F327>LOOKUP(9E+307,$E$5:$E$120),"""",LOOKUP(F327-1,$E$5:$E$120,ROW($E$5:$E$120))+1)","=IF(G327="""","""",F327-INDEX($E:$E,G327-1))","=IF(G327="""","""",INDEX($A:$A,G327-1)+(INDEX($A:$A,G327)-INDEX($A:$A,G327-1))*H327/INDEX($D:$D,G327))","=IF(G327="""","""",INDEX($B:$B,G327-1)+(INDEX($B:$B,G327)-INDEX($B:$B,G327-1))*H327/INDEX($D:$D,G327))","=IF(G327="""","""",MOD(DEGREES(ATAN2(INDEX($A:$A,G327)-INDEX($A:$A,G327-1),INDEX($B:$B,G327)-INDEX($B:$B,G327-1))),360))","=IF(K327="""","""",K327+$Q$1)","=IF(L327="""","""",""G1 X""&TEXT(I327,""0.###"")&"" Y""&TEXT(J327,""0.###"")&"" Z""&TEXT(L327,""0.###""))"
,,,,,=(ROW()-4),"=IF(F328>LOOKUP(9E+307,$E$5:$E$120),"""",LOOKUP(F328-1,$E$5:$E$120,ROW($E$5:$E$120))+1)","=IF(G328="""","""",F328-INDEX($E:$E,G328-1))","=IF(G328="""","""",INDEX($A:$A,G328-1)+(INDEX($A:$A,G328)-INDEX($A:$A,G328-1))*H328/INDEX($D:$D,G328))","=IF(G328="""","""",INDEX($B:$B,G328-1)+(INDEX($B:$B,G328)-INDEX($B:$B,G328-1))*H328/INDEX($D:$D,G328))","=IF(G328="""","""",MOD(DEGREES(ATAN2(INDEX($A:$A,G328)-INDEX($A:$A,G328-1),INDEX($B:$B,G328)-INDEX($B:$B,G328-1))),360))","=IF(K328="""","""",K328+$Q$1)","=IF(L328="""","""",""G1 X""&TEXT(I328,""0.###"")&"" Y""&TEXT(J328,""0.###"")&"" Z""&TEXT(L328,""0.###""))"
,,,,,=(ROW()-4),"=IF(F329>LOOKUP(9E+307,$E$5:$E$120),"""",LOOKUP(F329-1,$E$5:$E$120,ROW($E$5:$E$120))+1)","=IF(G329="""","""",F329-INDEX($E:$E,G329-1))","=IF(G329="""","""",INDEX($A:$A,G329-1)+(INDEX($A:$A,G329)-INDEX($A:$A,G329-1))*H329/INDEX($D:$D,G329))","=IF(G329="""","""",INDEX($B:$B,G329-1)+(INDEX($B:$B,G329)-INDEX($B:$B,G329-1))*H329/INDEX($D:$D,G329))","=IF(G329="""","""",MOD(DEGREES(ATAN2(INDEX($A:$A,G329)-INDEX($A:$A,G329-1),INDEX($B:$B,G329)-INDEX($B:$B,G329-1))),360))","=IF(K329="""","""",K329+$Q$1)","=IF(L329="""","""",""G1 X""&TEXT(I329,""0.###"")&"" Y""&TEXT(J329,""0.###"")&"" Z""&TEXT(L329,""0.###""))"
,,,,,=(ROW()-4),"=IF(F330>LOOKUP(9E+307,$E$5:$E$120),"""",LOOKUP(F330-1,$E$5:$E$120,ROW($E$5:$E$120))+1)","=IF(G330="""","""",F330-INDEX($E:$E,G330-1))","=IF(G330="""","""",INDEX($A:$A,G330-1)+(INDEX($A:$A,G330)-INDEX($A:$A,G330-1))*H330/INDEX($D:$D,G330))","=IF(G330="""","""",INDEX($B:$B,G330-1)+(INDEX($B:$B,G330)-INDEX($B:$B,G330-1))*H330/INDEX($D:$D,G330))","=IF(G330="""","""",MOD(DEGREES(ATAN2(INDEX($A:$A,G330)-INDEX($A:$A,G330-1),INDEX($B:$B,G330)-INDEX($B:$B,G330-1))),360))","=IF(K330="""","""",K330+$Q$1)","=IF(L330="""","""",""G1 X""&TEXT(I330,""0.###"")&"" Y""&TEXT(J330,""0.###"")&"" Z""&TEXT(L330,""0.###""))"
,,,,,=(ROW()-4),"=IF(F331>LOOKUP(9E+307,$E$5:$E$120),"""",LOOKUP(F331-1,$E$5:$E$120,ROW($E$5:$E$120))+1)","=IF(G331="""","""",F331-INDEX($E:$E,G331-1))","=IF(G331="""","""",INDEX($A:$A,G331-1)+(INDEX($A:$A,G331)-INDEX($A:$A,G331-1))*H331/INDEX($D:$D,G331))","=IF(G331="""","""",INDEX($B:$B,G331-1)+(INDEX($B:$B,G331)-INDEX($B:$B,G331-1))*H331/INDEX($D:$D,G331))","=IF(G331="""","""",MOD(DEGREES(ATAN2(INDEX($A:$A,G331)-INDEX($A:$A,G331-1),INDEX($B:$B,G331)-INDEX($B:$B,G331-1))),360))","=IF(K331="""","""",K331+$Q$1)","=IF(L331="""","""",""G1 X""&TEXT(I331,""0.###"")&"" Y""&TEXT(J331,""0.###"")&"" Z""&TEXT(L331,""0.###""))"
,,,,,=(ROW()-4),"=IF(F332>LOOKUP(9E+307,$E$5:$E$120),"""",LOOKUP(F332-1,$E$5:$E$120,ROW($E$5:$E$120))+1)","=IF(G332="""","""",F332-INDEX($E:$E,G332-1))","=IF(G332="""","""",INDEX($A:$A,G332-1)+(INDEX($A:$A,G332)-INDEX($A:$A,G332-1))*H332/INDEX($D:$D,G332))","=IF(G332="""","""",INDEX($B:$B,G332-1)+(INDEX($B:$B,G332)-INDEX($B:$B,G332-1))*H332/INDEX($D:$D,G332))","=IF(G332="""","""",MOD(DEGREES(ATAN2(INDEX($A:$A,G332)-INDEX($A:$A,G332-1),INDEX($B:$B,G332)-INDEX($B:$B,G332-1))),360))","=IF(K332="""","""",K332+$Q$1)","=IF(L332="""","""",""G1 X""&TEXT(I332,""0.###"")&"" Y""&TEXT(J332,""0.###"")&"" Z""&TEXT(L332,""0.###""))"
,,,,,=(ROW()-4),"=IF(F333>LOOKUP(9E+307,$E$5:$E$120),"""",LOOKUP(F333-1,$E$5:$E$120,ROW($E$5:$E$120))+1)","=IF(G333="""","""",F333-INDEX($E:$E,G333-1))","=IF(G333="""","""",INDEX($A:$A,G333-1)+(INDEX($A:$A,G333)-INDEX($A:$A,G333-1))*H333/INDEX($D:$D,G333))","=IF(G333="""","""",INDEX($B:$B,G333-1)+(INDEX($B:$B,G333)-INDEX($B:$B,G333-1))*H333/INDEX($D:$D,G333))","=IF(G333="""","""",MOD(DEGREES(ATAN2(INDEX($A:$A,G333)-INDEX($A:$A,G333-1),INDEX($B:$B,G333)-INDEX($B:$B,G333-1))),360))","=IF(K333="""","""",K333+$Q$1)","=IF(L333="""","""",""G1 X""&TEXT(I333,""0.###"")&"" Y""&TEXT(J333,""0.###"")&"" Z""&TEXT(L333,""0.###""))"
,,,,,=(ROW()-4),"=IF(F334>LOOKUP(9E+307,$E$5:$E$120),"""",LOOKUP(F334-1,$E$5:$E$120,ROW($E$5:$E$120))+1)","=IF(G334="""","""",F334-INDEX($E:$E,G334-1))","=IF(G334="""","""",INDEX($A:$A,G334-1)+(INDEX($A:$A,G334)-INDEX($A:$A,G334-1))*H334/INDEX($D:$D,G334))","=IF(G334="""","""",INDEX($B:$B,G334-1)+(INDEX($B:$B,G334)-INDEX($B:$B,G334-1))*H334/INDEX($D:$D,G334))","=IF(G334="""","""",MOD(DEGREES(ATAN2(INDEX($A:$A,G334)-INDEX($A:$A,G334-1),INDEX($B:$B,G334)-INDEX($B:$B,G334-1))),360))","=IF(K334="""","""",K334+$Q$1)","=IF(L334="""","""",""G1 X""&TEXT(I334,""0.###"")&"" Y""&TEXT(J334,""0.###"")&"" Z""&TEXT(L334,""0.###""))"
,,,,,=(ROW()-4),"=IF(F335>LOOKUP(9E+307,$E$5:$E$120),"""",LOOKUP(F335-1,$E$5:$E$120,ROW($E$5:$E$120))+1)","=IF(G335="""","""",F335-INDEX($E:$E,G335-1))","=IF(G335="""","""",INDEX($A:$A,G335-1)+(INDEX($A:$A,G335)-INDEX($A:$A,G335-1))*H335/INDEX($D:$D,G335))","=IF(G335="""","""",INDEX($B:$B,G335-1)+(INDEX($B:$B,G335)-INDEX($B:$B,G335-1))*H335/INDEX($D:$D,G335))","=IF(G335="""","""",MOD(DEGREES(ATAN2(INDEX($A:$A,G335)-INDEX($A:$A,G335-1),INDEX($B:$B,G335)-INDEX($B:$B,G335-1))),360))","=IF(K335="""","""",K335+$Q$1)","=IF(L335="""","""",""G1 X""&TEXT(I335,""0.###"")&"" Y""&TEXT(J335,""0.###"")&"" Z""&TEXT(L335,""0.###""))"
,,,,,=(ROW()-4),"=IF(F336>LOOKUP(9E+307,$E$5:$E$120),"""",LOOKUP(F336-1,$E$5:$E$120,ROW($E$5:$E$120))+1)","=IF(G336="""","""",F336-INDEX($E:$E,G336-1))","=IF(G336="""","""",INDEX($A:$A,G336-1)+(INDEX($A:$A,G336)-INDEX($A:$A,G336-1))*H336/INDEX($D:$D,G336))","=IF(G336="""","""",INDEX($B:$B,G336-1)+(INDEX($B:$B,G336)-INDEX($B:$B,G336-1))*H336/INDEX($D:$D,G336))","=IF(G336="""","""",MOD(DEGREES(ATAN2(INDEX($A:$A,G336)-INDEX($A:$A,G336-1),INDEX($B:$B,G336)-INDEX($B:$B,G336-1))),360))","=IF(K336="""","""",K336+$Q$1)","=IF(L336="""","""",""G1 X""&TEXT(I336,""0.###"")&"" Y""&TEXT(J336,""0.###"")&"" Z""&TEXT(L336,""0.###""))"
,,,,,=(ROW()-4),"=IF(F337>LOOKUP(9E+307,$E$5:$E$120),"""",LOOKUP(F337-1,$E$5:$E$120,ROW($E$5:$E$120))+1)","=IF(G337="""","""",F337-INDEX($E:$E,G337-1))","=IF(G337="""","""",INDEX($A:$A,G337-1)+(INDEX($A:$A,G337)-INDEX($A:$A,G337-1))*H337/INDEX($D:$D,G337))","=IF(G337="""","""",INDEX($B:$B,G337-1)+(INDEX($B:$B,G337)-INDEX($B:$B,G337-1))*H337/INDEX($D:$D,G337))","=IF(G337="""","""",MOD(DEGREES(ATAN2(INDEX($A:$A,G337)-INDEX($A:$A,G337-1),INDEX($B:$B,G337)-INDEX($B:$B,G337-1))),360))","=IF(K337="""","""",K337+$Q$1)","=IF(L337="""","""",""G1 X""&TEXT(I337,""0.###"")&"" Y""&TEXT(J337,""0.###"")&"" Z""&TEXT(L337,""0.###""))"
,,,,,=(ROW()-4),"=IF(F338>LOOKUP(9E+307,$E$5:$E$120),"""",LOOKUP(F338-1,$E$5:$E$120,ROW($E$5:$E$120))+1)","=IF(G338="""","""",F338-INDEX($E:$E,G338-1))","=IF(G338="""","""",INDEX($A:$A,G338-1)+(INDEX($A:$A,G338)-INDEX($A:$A,G338-1))*H338/INDEX($D:$D,G338))","=IF(G338="""","""",INDEX($B:$B,G338-1)+(INDEX($B:$B,G338)-INDEX($B:$B,G338-1))*H338/INDEX($D:$D,G338))","=IF(G338="""","""",MOD(DEGREES(ATAN2(INDEX($A:$A,G338)-INDEX($A:$A,G338-1),INDEX($B:$B,G338)-INDEX($B:$B,G338-1))),360))","=IF(K338="""","""",K338+$Q$1)","=IF(L338="""","""",""G1 X""&TEXT(I338,""0.###"")&"" Y""&TEXT(J338,""0.###"")&"" Z""&TEXT(L338,""0.###""))"
,,,,,=(ROW()-4),"=IF(F339>LOOKUP(9E+307,$E$5:$E$120),"""",LOOKUP(F339-1,$E$5:$E$120,ROW($E$5:$E$120))+1)","=IF(G339="""","""",F339-INDEX($E:$E,G339-1))","=IF(G339="""","""",INDEX($A:$A,G339-1)+(INDEX($A:$A,G339)-INDEX($A:$A,G339-1))*H339/INDEX($D:$D,G339))","=IF(G339="""","""",INDEX($B:$B,G339-1)+(INDEX($B:$B,G339)-INDEX($B:$B,G339-1))*H339/INDEX($D:$D,G339))","=IF(G339="""","""",MOD(DEGREES(ATAN2(INDEX($A:$A,G339)-INDEX($A:$A,G339-1),INDEX($B:$B,G339)-INDEX($B:$B,G339-1))),360))","=IF(K339="""","""",K339+$Q$1)","=IF(L339="""","""",""G1 X""&TEXT(I339,""0.###"")&"" Y""&TEXT(J339,""0.###"")&"" Z""&TEXT(L339,""0.###""))"
,,,,,=(ROW()-4),"=IF(F340>LOOKUP(9E+307,$E$5:$E$120),"""",LOOKUP(F340-1,$E$5:$E$120,ROW($E$5:$E$120))+1)","=IF(G340="""","""",F340-INDEX($E:$E,G340-1))","=IF(G340="""","""",INDEX($A:$A,G340-1)+(INDEX($A:$A,G340)-INDEX($A:$A,G340-1))*H340/INDEX($D:$D,G340))","=IF(G340="""","""",INDEX($B:$B,G340-1)+(INDEX($B:$B,G340)-INDEX($B:$B,G340-1))*H340/INDEX($D:$D,G340))","=IF(G340="""","""",MOD(DEGREES(ATAN2(INDEX($A:$A,G340)-INDEX($A:$A,G340-1),INDEX($B:$B,G340)-INDEX($B:$B,G340-1))),360))","=IF(K340="""","""",K340+$Q$1)","=IF(L340="""","""",""G1 X""&TEXT(I340,""0.###"")&"" Y""&TEXT(J340,""0.###"")&"" Z""&TEXT(L340,""0.###""))"
,,,,,=(ROW()-4),"=IF(F341>LOOKUP(9E+307,$E$5:$E$120),"""",LOOKUP(F341-1,$E$5:$E$120,ROW($E$5:$E$120))+1)","=IF(G341="""","""",F341-INDEX($E:$E,G341-1))","=IF(G341="""","""",INDEX($A:$A,G341-1)+(INDEX($A:$A,G341)-INDEX($A:$A,G341-1))*H341/INDEX($D:$D,G341))","=IF(G341="""","""",INDEX($B:$B,G341-1)+(INDEX($B:$B,G341)-INDEX($B:$B,G341-1))*H341/INDEX($D:$D,G341))","=IF(G341="""","""",MOD(DEGREES(ATAN2(INDEX($A:$A,G341)-INDEX($A:$A,G341-1),INDEX($B:$B,G341)-INDEX($B:$B,G341-1))),360))","=IF(K341="""","""",K341+$Q$1)","=IF(L341="""","""",""G1 X""&TEXT(I341,""0.###"")&"" Y""&TEXT(J341,""0.###"")&"" Z""&TEXT(L341,""0.###""))"
,,,,,=(ROW()-4),"=IF(F342>LOOKUP(9E+307,$E$5:$E$120),"""",LOOKUP(F342-1,$E$5:$E$120,ROW($E$5:$E$120))+1)","=IF(G342="""","""",F342-INDEX($E:$E,G342-1))","=IF(G342="""","""",INDEX($A:$A,G342-1)+(INDEX($A:$A,G342)-INDEX($A:$A,G342-1))*H342/INDEX($D:$D,G342))","=IF(G342="""","""",INDEX($B:$B,G342-1)+(INDEX($B:$B,G342)-INDEX($B:$B,G342-1))*H342/INDEX($D:$D,G342))","=IF(G342="""","""",MOD(DEGREES(ATAN2(INDEX($A:$A,G342)-INDEX($A:$A,G342-1),INDEX($B:$B,G342)-INDEX($B:$B,G342-1))),360))","=IF(K342="""","""",K342+$Q$1)","=IF(L342="""","""",""G1 X""&TEXT(I342,""0.###"")&"" Y""&TEXT(J342,""0.###"")&"" Z""&TEXT(L342,""0.###""))"
,,,,,=(ROW()-4),"=IF(F343>LOOKUP(9E+307,$E$5:$E$120),"""",LOOKUP(F343-1,$E$5:$E$120,ROW($E$5:$E$120))+1)","=IF(G343="""","""",F343-INDEX($E:$E,G343-1))","=IF(G343="""","""",INDEX($A:$A,G343-1)+(INDEX($A:$A,G343)-INDEX($A:$A,G343-1))*H343/INDEX($D:$D,G343))","=IF(G343="""","""",INDEX($B:$B,G343-1)+(INDEX($B:$B,G343)-INDEX($B:$B,G343-1))*H343/INDEX($D:$D,G343))","=IF(G343="""","""",MOD(DEGREES(ATAN2(INDEX($A:$A,G343)-INDEX($A:$A,G343-1),INDEX($B:$B,G343)-INDEX($B:$B,G343-1))),360))","=IF(K343="""","""",K343+$Q$1)","=IF(L343="""","""",""G1 X""&TEXT(I343,""0.###"")&"" Y""&TEXT(J343,""0.###"")&"" Z""&TEXT(L343,""0.###""))"
,,,,,=(ROW()-4),"=IF(F344>LOOKUP(9E+307,$E$5:$E$120),"""",LOOKUP(F344-1,$E$5:$E$120,ROW($E$5:$E$120))+1)","=IF(G344="""","""",F344-INDEX($E:$E,G344-1))","=IF(G344="""","""",INDEX($A:$A,G344-1)+(INDEX($A:$A,G344)-INDEX($A:$A,G344-1))*H344/INDEX($D:$D,G344))","=IF(G344="""","""",INDEX($B:$B,G344-1)+(INDEX($B:$B,G344)-INDEX($B:$B,G344-1))*H344/INDEX($D:$D,G344))","=IF(G344="""","""",MOD(DEGREES(ATAN2(INDEX($A:$A,G344)-INDEX($A:$A,G344-1),INDEX($B:$B,G344)-INDEX($B:$B,G344-1))),360))","=IF(K344="""","""",K344+$Q$1)","=IF(L344="""","""",""G1 X""&TEXT(I344,""0.###"")&"" Y""&TEXT(J344,""0.###"")&"" Z""&TEXT(L344,""0.###""))"
,,,,,=(ROW()-4),"=IF(F345>LOOKUP(9E+307,$E$5:$E$120),"""",LOOKUP(F345-1,$E$5:$E$120,ROW($E$5:$E$120))+1)","=IF(G345="""","""",F345-INDEX($E:$E,G345-1))","=IF(G345="""","""",INDEX($A:$A,G345-1)+(INDEX($A:$A,G345)-INDEX($A:$A,G345-1))*H345/INDEX($D:$D,G345))","=IF(G345="""","""",INDEX($B:$B,G345-1)+(INDEX($B:$B,G345)-INDEX($B:$B,G345-1))*H345/INDEX($D:$D,G345))","=IF(G345="""","""",MOD(DEGREES(ATAN2(INDEX($A:$A,G345)-INDEX($A:$A,G345-1),INDEX($B:$B,G345)-INDEX($B:$B,G345-1))),360))","=IF(K345="""","""",K345+$Q$1)","=IF(L345="""","""",""G1 X""&TEXT(I345,""0.###"")&"" Y""&TEXT(J345,""0.###"")&"" Z""&TEXT(L345,""0.###""))"
,,,,,=(ROW()-4),"=IF(F346>LOOKUP(9E+307,$E$5:$E$120),"""",LOOKUP(F346-1,$E$5:$E$120,ROW($E$5:$E$120))+1)","=IF(G346="""","""",F346-INDEX($E:$E,G346-1))","=IF(G346="""","""",INDEX($A:$A,G346-1)+(INDEX($A:$A,G346)-INDEX($A:$A,G346-1))*H346/INDEX($D:$D,G346))","=IF(G346="""","""",INDEX($B:$B,G346-1)+(INDEX($B:$B,G346)-INDEX($B:$B,G346-1))*H346/INDEX($D:$D,G346))","=IF(G346="""","""",MOD(DEGREES(ATAN2(INDEX($A:$A,G346)-INDEX($A:$A,G346-1),INDEX($B:$B,G346)-INDEX($B:$B,G346-1))),360))","=IF(K346="""","""",K346+$Q$1)","=IF(L346="""","""",""G1 X""&TEXT(I346,""0.###"")&"" Y""&TEXT(J346,""0.###"")&"" Z""&TEXT(L346,""0.###""))"
,,,,,=(ROW()-4),"=IF(F347>LOOKUP(9E+307,$E$5:$E$120),"""",LOOKUP(F347-1,$E$5:$E$120,ROW($E$5:$E$120))+1)","=IF(G347="""","""",F347-INDEX($E:$E,G347-1))","=IF(G347="""","""",INDEX($A:$A,G347-1)+(INDEX($A:$A,G347)-INDEX($A:$A,G347-1))*H347/INDEX($D:$D,G347))","=IF(G347="""","""",INDEX($B:$B,G347-1)+(INDEX($B:$B,G347)-INDEX($B:$B,G347-1))*H347/INDEX($D:$D,G347))","=IF(G347="""","""",MOD(DEGREES(ATAN2(INDEX($A:$A,G347)-INDEX($A:$A,G347-1),INDEX($B:$B,G347)-INDEX($B:$B,G347-1))),360))","=IF(K347="""","""",K347+$Q$1)","=IF(L347="""","""",""G1 X""&TEXT(I347,""0.###"")&"" Y""&TEXT(J347,""0.###"")&"" Z""&TEXT(L347,""0.###""))"
,,,,,=(ROW()-4),"=IF(F348>LOOKUP(9E+307,$E$5:$E$120),"""",LOOKUP(F348-1,$E$5:$E$120,ROW($E$5:$E$120))+1)","=IF(G348="""","""",F348-INDEX($E:$E,G348-1))","=IF(G348="""","""",INDEX($A:$A,G348-1)+(INDEX($A:$A,G348)-INDEX($A:$A,G348-1))*H348/INDEX($D:$D,G348))","=IF(G348="""","""",INDEX($B:$B,G348-1)+(INDEX($B:$B,G348)-INDEX($B:$B,G348-1))*H348/INDEX($D:$D,G348))","=IF(G348="""","""",MOD(DEGREES(ATAN2(INDEX($A:$A,G348)-INDEX($A:$A,G348-1),INDEX($B:$B,G348)-INDEX($B:$B,G348-1))),360))","=IF(K348="""","""",K348+$Q$1)","=IF(L348="""","""",""G1 X""&TEXT(I348,""0.###"")&"" Y""&TEXT(J348,""0.###"")&"" Z""&TEXT(L348,""0.###""))"
,,,,,=(ROW()-4),"=IF(F349>LOOKUP(9E+307,$E$5:$E$120),"""",LOOKUP(F349-1,$E$5:$E$120,ROW($E$5:$E$120))+1)","=IF(G349="""","""",F349-INDEX($E:$E,G349-1))","=IF(G349="""","""",INDEX($A:$A,G349-1)+(INDEX($A:$A,G349)-INDEX($A:$A,G349-1))*H349/INDEX($D:$D,G349))","=IF(G349="""","""",INDEX($B:$B,G349-1)+(INDEX($B:$B,G349)-INDEX($B:$B,G349-1))*H349/INDEX($D:$D,G349))","=IF(G349="""","""",MOD(DEGREES(ATAN2(INDEX($A:$A,G349)-INDEX($A:$A,G349-1),INDEX($B:$B,G349)-INDEX($B:$B,G349-1))),360))","=IF(K349="""","""",K349+$Q$1)","=IF(L349="""","""",""G1 X""&TEXT(I349,""0.###"")&"" Y""&TEXT(J349,""0.###"")&"" Z""&TEXT(L349,""0.###""))"
,,,,,=(ROW()-4),"=IF(F350>LOOKUP(9E+307,$E$5:$E$120),"""",LOOKUP(F350-1,$E$5:$E$120,ROW($E$5:$E$120))+1)","=IF(G350="""","""",F350-INDEX($E:$E,G350-1))","=IF(G350="""","""",INDEX($A:$A,G350-1)+(INDEX($A:$A,G350)-INDEX($A:$A,G350-1))*H350/INDEX($D:$D,G350))","=IF(G350="""","""",INDEX($B:$B,G350-1)+(INDEX($B:$B,G350)-INDEX($B:$B,G350-1))*H350/INDEX($D:$D,G350))","=IF(G350="""","""",MOD(DEGREES(ATAN2(INDEX($A:$A,G350)-INDEX($A:$A,G350-1),INDEX($B:$B,G350)-INDEX($B:$B,G350-1))),360))","=IF(K350="""","""",K350+$Q$1)","=IF(L350="""","""",""G1 X""&TEXT(I350,""0.###"")&"" Y""&TEXT(J350,""0.###"")&"" Z""&TEXT(L350,""0.###""))"
,,,,,=(ROW()-4),"=IF(F351>LOOKUP(9E+307,$E$5:$E$120),"""",LOOKUP(F351-1,$E$5:$E$120,ROW($E$5:$E$120))+1)","=IF(G351="""","""",F351-INDEX($E:$E,G351-1))","=IF(G351="""","""",INDEX($A:$A,G351-1)+(INDEX($A:$A,G351)-INDEX($A:$A,G351-1))*H351/INDEX($D:$D,G351))","=IF(G351="""","""",INDEX($B:$B,G351-1)+(INDEX($B:$B,G351)-INDEX($B:$B,G351-1))*H351/INDEX($D:$D,G351))","=IF(G351="""","""",MOD(DEGREES(ATAN2(INDEX($A:$A,G351)-INDEX($A:$A,G351-1),INDEX($B:$B,G351)-INDEX($B:$B,G351-1))),360))","=IF(K351="""","""",K351+$Q$1)","=IF(L351="""","""",""G1 X""&TEXT(I351,""0.###"")&"" Y""&TEXT(J351,""0.###"")&"" Z""&TEXT(L351,""0.###""))"
,,,,,=(ROW()-4),"=IF(F352>LOOKUP(9E+307,$E$5:$E$120),"""",LOOKUP(F352-1,$E$5:$E$120,ROW($E$5:$E$120))+1)","=IF(G352="""","""",F352-INDEX($E:$E,G352-1))","=IF(G352="""","""",INDEX($A:$A,G352-1)+(INDEX($A:$A,G352)-INDEX($A:$A,G352-1))*H352/INDEX($D:$D,G352))","=IF(G352="""","""",INDEX($B:$B,G352-1)+(INDEX($B:$B,G352)-INDEX($B:$B,G352-1))*H352/INDEX($D:$D,G352))","=IF(G352="""","""",MOD(DEGREES(ATAN2(INDEX($A:$A,G352)-INDEX($A:$A,G352-1),INDEX($B:$B,G352)-INDEX($B:$B,G352-1))),360))","=IF(K352="""","""",K352+$Q$1)","=IF(L352="""","""",""G1 X""&TEXT(I352,""0.###"")&"" Y""&TEXT(J352,""0.###"")&"" Z""&TEXT(L352,""0.###""))"
,,,,,=(ROW()-4),"=IF(F353>LOOKUP(9E+307,$E$5:$E$120),"""",LOOKUP(F353-1,$E$5:$E$120,ROW($E$5:$E$120))+1)","=IF(G353="""","""",F353-INDEX($E:$E,G353-1))","=IF(G353="""","""",INDEX($A:$A,G353-1)+(INDEX($A:$A,G353)-INDEX($A:$A,G353-1))*H353/INDEX($D:$D,G353))","=IF(G353="""","""",INDEX($B:$B,G353-1)+(INDEX($B:$B,G353)-INDEX($B:$B,G353-1))*H353/INDEX($D:$D,G353))","=IF(G353="""","""",MOD(DEGREES(ATAN2(INDEX($A:$A,G353)-INDEX($A:$A,G353-1),INDEX($B:$B,G353)-INDEX($B:$B,G353-1))),360))","=IF(K353="""","""",K353+$Q$1)","=IF(L353="""","""",""G1 X""&TEXT(I353,""0.###"")&"" Y""&TEXT(J353,""0.###"")&"" Z""&TEXT(L353,""0.###""))"
,,,,,=(ROW()-4),"=IF(F354>LOOKUP(9E+307,$E$5:$E$120),"""",LOOKUP(F354-1,$E$5:$E$120,ROW($E$5:$E$120))+1)","=IF(G354="""","""",F354-INDEX($E:$E,G354-1))","=IF(G354="""","""",INDEX($A:$A,G354-1)+(INDEX($A:$A,G354)-INDEX($A:$A,G354-1))*H354/INDEX($D:$D,G354))","=IF(G354="""","""",INDEX($B:$B,G354-1)+(INDEX($B:$B,G354)-INDEX($B:$B,G354-1))*H354/INDEX($D:$D,G354))","=IF(G354="""","""",MOD(DEGREES(ATAN2(INDEX($A:$A,G354)-INDEX($A:$A,G354-1),INDEX($B:$B,G354)-INDEX($B:$B,G354-1))),360))","=IF(K354="""","""",K354+$Q$1)","=IF(L354="""","""",""G1 X""&TEXT(I354,""0.###"")&"" Y""&TEXT(J354,""0.###"")&"" Z""&TEXT(L354,""0.###""))"
,,,,,=(ROW()-4),"=IF(F355>LOOKUP(9E+307,$E$5:$E$120),"""",LOOKUP(F355-1,$E$5:$E$120,ROW($E$5:$E$120))+1)","=IF(G355="""","""",F355-INDEX($E:$E,G355-1))","=IF(G355="""","""",INDEX($A:$A,G355-1)+(INDEX($A:$A,G355)-INDEX($A:$A,G355-1))*H355/INDEX($D:$D,G355))","=IF(G355="""","""",INDEX($B:$B,G355-1)+(INDEX($B:$B,G355)-INDEX($B:$B,G355-1))*H355/INDEX($D:$D,G355))","=IF(G355="""","""",MOD(DEGREES(ATAN2(INDEX($A:$A,G355)-INDEX($A:$A,G355-1),INDEX($B:$B,G355)-INDEX($B:$B,G355-1))),360))","=IF(K355="""","""",K355+$Q$1)","=IF(L355="""","""",""G1 X""&TEXT(I355,""0.###"")&"" Y""&TEXT(J355,""0.###"")&"" Z""&TEXT(L355,""0.###""))"
,,,,,=(ROW()-4),"=IF(F356>LOOKUP(9E+307,$E$5:$E$120),"""",LOOKUP(F356-1,$E$5:$E$120,ROW($E$5:$E$120))+1)","=IF(G356="""","""",F356-INDEX($E:$E,G356-1))","=IF(G356="""","""",INDEX($A:$A,G356-1)+(INDEX($A:$A,G356)-INDEX($A:$A,G356-1))*H356/INDEX($D:$D,G356))","=IF(G356="""","""",INDEX($B:$B,G356-1)+(INDEX($B:$B,G356)-INDEX($B:$B,G356-1))*H356/INDEX($D:$D,G356))","=IF(G356="""","""",MOD(DEGREES(ATAN2(INDEX($A:$A,G356)-INDEX($A:$A,G356-1),INDEX($B:$B,G356)-INDEX($B:$B,G356-1))),360))","=IF(K356="""","""",K356+$Q$1)","=IF(L356="""","""",""G1 X""&TEXT(I356,""0.###"")&"" Y""&TEXT(J356,""0.###"")&"" Z""&TEXT(L356,""0.###""))"
,,,,,=(ROW()-4),"=IF(F357>LOOKUP(9E+307,$E$5:$E$120),"""",LOOKUP(F357-1,$E$5:$E$120,ROW($E$5:$E$120))+1)","=IF(G357="""","""",F357-INDEX($E:$E,G357-1))","=IF(G357="""","""",INDEX($A:$A,G357-1)+(INDEX($A:$A,G357)-INDEX($A:$A,G357-1))*H357/INDEX($D:$D,G357))","=IF(G357="""","""",INDEX($B:$B,G357-1)+(INDEX($B:$B,G357)-INDEX($B:$B,G357-1))*H357/INDEX($D:$D,G357))","=IF(G357="""","""",MOD(DEGREES(ATAN2(INDEX($A:$A,G357)-INDEX($A:$A,G357-1),INDEX($B:$B,G357)-INDEX($B:$B,G357-1))),360))","=IF(K357="""","""",K357+$Q$1)","=IF(L357="""","""",""G1 X""&TEXT(I357,""0.###"")&"" Y""&TEXT(J357,""0.###"")&"" Z""&TEXT(L357,""0.###""))"
,,,,,=(ROW()-4),"=IF(F358>LOOKUP(9E+307,$E$5:$E$120),"""",LOOKUP(F358-1,$E$5:$E$120,ROW($E$5:$E$120))+1)","=IF(G358="""","""",F358-INDEX($E:$E,G358-1))","=IF(G358="""","""",INDEX($A:$A,G358-1)+(INDEX($A:$A,G358)-INDEX($A:$A,G358-1))*H358/INDEX($D:$D,G358))","=IF(G358="""","""",INDEX($B:$B,G358-1)+(INDEX($B:$B,G358)-INDEX($B:$B,G358-1))*H358/INDEX($D:$D,G358))","=IF(G358="""","""",MOD(DEGREES(ATAN2(INDEX($A:$A,G358)-INDEX($A:$A,G358-1),INDEX($B:$B,G358)-INDEX($B:$B,G358-1))),360))","=IF(K358="""","""",K358+$Q$1)","=IF(L358="""","""",""G1 X""&TEXT(I358,""0.###"")&"" Y""&TEXT(J358,""0.###"")&"" Z""&TEXT(L358,""0.###""))"
,,,,,=(ROW()-4),"=IF(F359>LOOKUP(9E+307,$E$5:$E$120),"""",LOOKUP(F359-1,$E$5:$E$120,ROW($E$5:$E$120))+1)","=IF(G359="""","""",F359-INDEX($E:$E,G359-1))","=IF(G359="""","""",INDEX($A:$A,G359-1)+(INDEX($A:$A,G359)-INDEX($A:$A,G359-1))*H359/INDEX($D:$D,G359))","=IF(G359="""","""",INDEX($B:$B,G359-1)+(INDEX($B:$B,G359)-INDEX($B:$B,G359-1))*H359/INDEX($D:$D,G359))","=IF(G359="""","""",MOD(DEGREES(ATAN2(INDEX($A:$A,G359)-INDEX($A:$A,G359-1),INDEX($B:$B,G359)-INDEX($B:$B,G359-1))),360))","=IF(K359="""","""",K359+$Q$1)","=IF(L359="""","""",""G1 X""&TEXT(I359,""0.###"")&"" Y""&TEXT(J359,""0.###"")&"" Z""&TEXT(L359,""0.###""))"
,,,,,=(ROW()-4),"=IF(F360>LOOKUP(9E+307,$E$5:$E$120),"""",LOOKUP(F360-1,$E$5:$E$120,ROW($E$5:$E$120))+1)","=IF(G360="""","""",F360-INDEX($E:$E,G360-1))","=IF(G360="""","""",INDEX($A:$A,G360-1)+(INDEX($A:$A,G360)-INDEX($A:$A,G360-1))*H360/INDEX($D:$D,G360))","=IF(G360="""","""",INDEX($B:$B,G360-1)+(INDEX($B:$B,G360)-INDEX($B:$B,G360-1))*H360/INDEX($D:$D,G360))","=IF(G360="""","""",MOD(DEGREES(ATAN2(INDEX($A:$A,G360)-INDEX($A:$A,G360-1),INDEX($B:$B,G360)-INDEX($B:$B,G360-1))),360))","=IF(K360="""","""",K360+$Q$1)","=IF(L360="""","""",""G1 X""&TEXT(I360,""0.###"")&"" Y""&TEXT(J360,""0.###"")&"" Z""&TEXT(L360,""0.###""))"
,,,,,=(ROW()-4),"=IF(F361>LOOKUP(9E+307,$E$5:$E$120),"""",LOOKUP(F361-1,$E$5:$E$120,ROW($E$5:$E$120))+1)","=IF(G361="""","""",F361-INDEX($E:$E,G361-1))","=IF(G361="""","""",INDEX($A:$A,G361-1)+(INDEX($A:$A,G361)-INDEX($A:$A,G361-1))*H361/INDEX($D:$D,G361))","=IF(G361="""","""",INDEX($B:$B,G361-1)+(INDEX($B:$B,G361)-INDEX($B:$B,G361-1))*H361/INDEX($D:$D,G361))","=IF(G361="""","""",MOD(DEGREES(ATAN2(INDEX($A:$A,G361)-INDEX($A:$A,G361-1),INDEX($B:$B,G361)-INDEX($B:$B,G361-1))),360))","=IF(K361="""","""",K361+$Q$1)","=IF(L361="""","""",""G1 X""&TEXT(I361,""0.###"")&"" Y""&TEXT(J361,""0.###"")&"" Z""&TEXT(L361,""0.###""))"
,,,,,=(ROW()-4),"=IF(F362>LOOKUP(9E+307,$E$5:$E$120),"""",LOOKUP(F362-1,$E$5:$E$120,ROW($E$5:$E$120))+1)","=IF(G362="""","""",F362-INDEX($E:$E,G362-1))","=IF(G362="""","""",INDEX($A:$A,G362-1)+(INDEX($A:$A,G362)-INDEX($A:$A,G362-1))*H362/INDEX($D:$D,G362))","=IF(G362="""","""",INDEX($B:$B,G362-1)+(INDEX($B:$B,G362)-INDEX($B:$B,G362-1))*H362/INDEX($D:$D,G362))","=IF(G362="""","""",MOD(DEGREES(ATAN2(INDEX($A:$A,G362)-INDEX($A:$A,G362-1),INDEX($B:$B,G362)-INDEX($B:$B,G362-1))),360))","=IF(K362="""","""",K362+$Q$1)","=IF(L362="""","""",""G1 X""&TEXT(I362,""0.###"")&"" Y""&TEXT(J362,""0.###"")&"" Z""&TEXT(L362,""0.###""))"
,,,,,=(ROW()-4),"=IF(F363>LOOKUP(9E+307,$E$5:$E$120),"""",LOOKUP(F363-1,$E$5:$E$120,ROW($E$5:$E$120))+1)","=IF(G363="""","""",F363-INDEX($E:$E,G363-1))","=IF(G363="""","""",INDEX($A:$A,G363-1)+(INDEX($A:$A,G363)-INDEX($A:$A,G363-1))*H363/INDEX($D:$D,G363))","=IF(G363="""","""",INDEX($B:$B,G363-1)+(INDEX($B:$B,G363)-INDEX($B:$B,G363-1))*H363/INDEX($D:$D,G363))","=IF(G363="""","""",MOD(DEGREES(ATAN2(INDEX($A:$A,G363)-INDEX($A:$A,G363-1),INDEX($B:$B,G363)-INDEX($B:$B,G363-1))),360))","=IF(K363="""","""",K363+$Q$1)","=IF(L363="""","""",""G1 X""&TEXT(I363,""0.###"")&"" Y""&TEXT(J363,""0.###"")&"" Z""&TEXT(L363,""0.###""))"
,,,,,=(ROW()-4),"=IF(F364>LOOKUP(9E+307,$E$5:$E$120),"""",LOOKUP(F364-1,$E$5:$E$120,ROW($E$5:$E$120))+1)","=IF(G364="""","""",F364-INDEX($E:$E,G364-1))","=IF(G364="""","""",INDEX($A:$A,G364-1)+(INDEX($A:$A,G364)-INDEX($A:$A,G364-1))*H364/INDEX($D:$D,G364))","=IF(G364="""","""",INDEX($B:$B,G364-1)+(INDEX($B:$B,G364)-INDEX($B:$B,G364-1))*H364/INDEX($D:$D,G364))","=IF(G364="""","""",MOD(DEGREES(ATAN2(INDEX($A:$A,G364)-INDEX($A:$A,G364-1),INDEX($B:$B,G364)-INDEX($B:$B,G364-1))),360))","=IF(K364="""","""",K364+$Q$1)","=IF(L364="""","""",""G1 X""&TEXT(I364,""0.###"")&"" Y""&TEXT(J364,""0.###"")&"" Z""&TEXT(L364,""0.###""))"
,,,,,=(ROW()-4),"=IF(F365>LOOKUP(9E+307,$E$5:$E$120),"""",LOOKUP(F365-1,$E$5:$E$120,ROW($E$5:$E$120))+1)","=IF(G365="""","""",F365-INDEX($E:$E,G365-1))","=IF(G365="""","""",INDEX($A:$A,G365-1)+(INDEX($A:$A,G365)-INDEX($A:$A,G365-1))*H365/INDEX($D:$D,G365))","=IF(G365="""","""",INDEX($B:$B,G365-1)+(INDEX($B:$B,G365)-INDEX($B:$B,G365-1))*H365/INDEX($D:$D,G365))","=IF(G365="""","""",MOD(DEGREES(ATAN2(INDEX($A:$A,G365)-INDEX($A:$A,G365-1),INDEX($B:$B,G365)-INDEX($B:$B,G365-1))),360))","=IF(K365="""","""",K365+$Q$1)","=IF(L365="""","""",""G1 X""&TEXT(I365,""0.###"")&"" Y""&TEXT(J365,""0.###"")&"" Z""&TEXT(L365,""0.###""))"
,,,,,=(ROW()-4),"=IF(F366>LOOKUP(9E+307,$E$5:$E$120),"""",LOOKUP(F366-1,$E$5:$E$120,ROW($E$5:$E$120))+1)","=IF(G366="""","""",F366-INDEX($E:$E,G366-1))","=IF(G366="""","""",INDEX($A:$A,G366-1)+(INDEX($A:$A,G366)-INDEX($A:$A,G366-1))*H366/INDEX($D:$D,G366))","=IF(G366="""","""",INDEX($B:$B,G366-1)+(INDEX($B:$B,G366)-INDEX($B:$B,G366-1))*H366/INDEX($D:$D,G366))","=IF(G366="""","""",MOD(DEGREES(ATAN2(INDEX($A:$A,G366)-INDEX($A:$A,G366-1),INDEX($B:$B,G366)-INDEX($B:$B,G366-1))),360))","=IF(K366="""","""",K366+$Q$1)","=IF(L366="""","""",""G1 X""&TEXT(I366,""0.###"")&"" Y""&TEXT(J366,""0.###"")&"" Z""&TEXT(L366,""0.###""))"
,,,,,=(ROW()-4),"=IF(F367>LOOKUP(9E+307,$E$5:$E$120),"""",LOOKUP(F367-1,$E$5:$E$120,ROW($E$5:$E$120))+1)","=IF(G367="""","""",F367-INDEX($E:$E,G367-1))","=IF(G367="""","""",INDEX($A:$A,G367-1)+(INDEX($A:$A,G367)-INDEX($A:$A,G367-1))*H367/INDEX($D:$D,G367))","=IF(G367="""","""",INDEX($B:$B,G367-1)+(INDEX($B:$B,G367)-INDEX($B:$B,G367-1))*H367/INDEX($D:$D,G367))","=IF(G367="""","""",MOD(DEGREES(ATAN2(INDEX($A:$A,G367)-INDEX($A:$A,G367-1),INDEX($B:$B,G367)-INDEX($B:$B,G367-1))),360))","=IF(K367="""","""",K367+$Q$1)","=IF(L367="""","""",""G1 X""&TEXT(I367,""0.###"")&"" Y""&TEXT(J367,""0.###"")&"" Z""&TEXT(L367,""0.###""))"
,,,,,=(ROW()-4),"=IF(F368>LOOKUP(9E+307,$E$5:$E$120),"""",LOOKUP(F368-1,$E$5:$E$120,ROW($E$5:$E$120))+1)","=IF(G368="""","""",F368-INDEX($E:$E,G368-1))","=IF(G368="""","""",INDEX($A:$A,G368-1)+(INDEX($A:$A,G368)-INDEX($A:$A,G368-1))*H368/INDEX($D:$D,G368))","=IF(G368="""","""",INDEX($B:$B,G368-1)+(INDEX($B:$B,G368)-INDEX($B:$B,G368-1))*H368/INDEX($D:$D,G368))","=IF(G368="""","""",MOD(DEGREES(ATAN2(INDEX($A:$A,G368)-INDEX($A:$A,G368-1),INDEX($B:$B,G368)-INDEX($B:$B,G368-1))),360))","=IF(K368="""","""",K368+$Q$1)","=IF(L368="""","""",""G1 X""&TEXT(I368,""0.###"")&"" Y""&TEXT(J368,""0.###"")&"" Z""&TEXT(L368,""0.###""))"
,,,,,=(ROW()-4),"=IF(F369>LOOKUP(9E+307,$E$5:$E$120),"""",LOOKUP(F369-1,$E$5:$E$120,ROW($E$5:$E$120))+1)","=IF(G369="""","""",F369-INDEX($E:$E,G369-1))","=IF(G369="""","""",INDEX($A:$A,G369-1)+(INDEX($A:$A,G369)-INDEX($A:$A,G369-1))*H369/INDEX($D:$D,G369))","=IF(G369="""","""",INDEX($B:$B,G369-1)+(INDEX($B:$B,G369)-INDEX($B:$B,G369-1))*H369/INDEX($D:$D,G369))","=IF(G369="""","""",MOD(DEGREES(ATAN2(INDEX($A:$A,G369)-INDEX($A:$A,G369-1),INDEX($B:$B,G369)-INDEX($B:$B,G369-1))),360))","=IF(K369="""","""",K369+$Q$1)","=IF(L369="""","""",""G1 X""&TEXT(I369,""0.###"")&"" Y""&TEXT(J369,""0.###"")&"" Z""&TEXT(L369,""0.###""))"
,,,,,=(ROW()-4),"=IF(F370>LOOKUP(9E+307,$E$5:$E$120),"""",LOOKUP(F370-1,$E$5:$E$120,ROW($E$5:$E$120))+1)","=IF(G370="""","""",F370-INDEX($E:$E,G370-1))","=IF(G370="""","""",INDEX($A:$A,G370-1)+(INDEX($A:$A,G370)-INDEX($A:$A,G370-1))*H370/INDEX($D:$D,G370))","=IF(G370="""","""",INDEX($B:$B,G370-1)+(INDEX($B:$B,G370)-INDEX($B:$B,G370-1))*H370/INDEX($D:$D,G370))","=IF(G370="""","""",MOD(DEGREES(ATAN2(INDEX($A:$A,G370)-INDEX($A:$A,G370-1),INDEX($B:$B,G370)-INDEX($B:$B,G370-1))),360))","=IF(K370="""","""",K370+$Q$1)","=IF(L370="""","""",""G1 X""&TEXT(I370,""0.###"")&"" Y""&TEXT(J370,""0.###"")&"" Z""&TEXT(L370,""0.###""))"
,,,,,=(ROW()-4),"=IF(F371>LOOKUP(9E+307,$E$5:$E$120),"""",LOOKUP(F371-1,$E$5:$E$120,ROW($E$5:$E$120))+1)","=IF(G371="""","""",F371-INDEX($E:$E,G371-1))","=IF(G371="""","""",INDEX($A:$A,G371-1)+(INDEX($A:$A,G371)-INDEX($A:$A,G371-1))*H371/INDEX($D:$D,G371))","=IF(G371="""","""",INDEX($B:$B,G371-1)+(INDEX($B:$B,G371)-INDEX($B:$B,G371-1))*H371/INDEX($D:$D,G371))","=IF(G371="""","""",MOD(DEGREES(ATAN2(INDEX($A:$A,G371)-INDEX($A:$A,G371-1),INDEX($B:$B,G371)-INDEX($B:$B,G371-1))),360))","=IF(K371="""","""",K371+$Q$1)","=IF(L371="""","""",""G1 X""&TEXT(I371,""0.###"")&"" Y""&TEXT(J371,""0.###"")&"" Z""&TEXT(L371,""0.###""))"
,,,,,=(ROW()-4),"=IF(F372>LOOKUP(9E+307,$E$5:$E$120),"""",LOOKUP(F372-1,$E$5:$E$120,ROW($E$5:$E$120))+1)","=IF(G372="""","""",F372-INDEX($E:$E,G372-1))","=IF(G372="""","""",INDEX($A:$A,G372-1)+(INDEX($A:$A,G372)-INDEX($A:$A,G372-1))*H372/INDEX($D:$D,G372))","=IF(G372="""","""",INDEX($B:$B,G372-1)+(INDEX($B:$B,G372)-INDEX($B:$B,G372-1))*H372/INDEX($D:$D,G372))","=IF(G372="""","""",MOD(DEGREES(ATAN2(INDEX($A:$A,G372)-INDEX($A:$A,G372-1),INDEX($B:$B,G372)-INDEX($B:$B,G372-1))),360))","=IF(K372="""","""",K372+$Q$1)","=IF(L372="""","""",""G1 X""&TEXT(I372,""0.###"")&"" Y""&TEXT(J372,""0.###"")&"" Z""&TEXT(L372,""0.###""))"
,,,,,=(ROW()-4),"=IF(F373>LOOKUP(9E+307,$E$5:$E$120),"""",LOOKUP(F373-1,$E$5:$E$120,ROW($E$5:$E$120))+1)","=IF(G373="""","""",F373-INDEX($E:$E,G373-1))","=IF(G373="""","""",INDEX($A:$A,G373-1)+(INDEX($A:$A,G373)-INDEX($A:$A,G373-1))*H373/INDEX($D:$D,G373))","=IF(G373="""","""",INDEX($B:$B,G373-1)+(INDEX($B:$B,G373)-INDEX($B:$B,G373-1))*H373/INDEX($D:$D,G373))","=IF(G373="""","""",MOD(DEGREES(ATAN2(INDEX($A:$A,G373)-INDEX($A:$A,G373-1),INDEX($B:$B,G373)-INDEX($B:$B,G373-1))),360))","=IF(K373="""","""",K373+$Q$1)","=IF(L373="""","""",""G1 X""&TEXT(I373,""0.###"")&"" Y""&TEXT(J373,""0.###"")&"" Z""&TEXT(L373,""0.###""))"
,,,,,=(ROW()-4),"=IF(F374>LOOKUP(9E+307,$E$5:$E$120),"""",LOOKUP(F374-1,$E$5:$E$120,ROW($E$5:$E$120))+1)","=IF(G374="""","""",F374-INDEX($E:$E,G374-1))","=IF(G374="""","""",INDEX($A:$A,G374-1)+(INDEX($A:$A,G374)-INDEX($A:$A,G374-1))*H374/INDEX($D:$D,G374))","=IF(G374="""","""",INDEX($B:$B,G374-1)+(INDEX($B:$B,G374)-INDEX($B:$B,G374-1))*H374/INDEX($D:$D,G374))","=IF(G374="""","""",MOD(DEGREES(ATAN2(INDEX($A:$A,G374)-INDEX($A:$A,G374-1),INDEX($B:$B,G374)-INDEX($B:$B,G374-1))),360))","=IF(K374="""","""",K374+$Q$1)","=IF(L374="""","""",""G1 X""&TEXT(I374,""0.###"")&"" Y""&TEXT(J374,""0.###"")&"" Z""&TEXT(L374,""0.###""))"
,,,,,=(ROW()-4),"=IF(F375>LOOKUP(9E+307,$E$5:$E$120),"""",LOOKUP(F375-1,$E$5:$E$120,ROW($E$5:$E$120))+1)","=IF(G375="""","""",F375-INDEX($E:$E,G375-1))","=IF(G375="""","""",INDEX($A:$A,G375-1)+(INDEX($A:$A,G375)-INDEX($A:$A,G375-1))*H375/INDEX($D:$D,G375))","=IF(G375="""","""",INDEX($B:$B,G375-1)+(INDEX($B:$B,G375)-INDEX($B:$B,G375-1))*H375/INDEX($D:$D,G375))","=IF(G375="""","""",MOD(DEGREES(ATAN2(INDEX($A:$A,G375)-INDEX($A:$A,G375-1),INDEX($B:$B,G375)-INDEX($B:$B,G375-1))),360))","=IF(K375="""","""",K375+$Q$1)","=IF(L375="""","""",""G1 X""&TEXT(I375,""0.###"")&"" Y""&TEXT(J375,""0.###"")&"" Z""&TEXT(L375,""0.###""))"
,,,,,=(ROW()-4),"=IF(F376>LOOKUP(9E+307,$E$5:$E$120),"""",LOOKUP(F376-1,$E$5:$E$120,ROW($E$5:$E$120))+1)","=IF(G376="""","""",F376-INDEX($E:$E,G376-1))","=IF(G376="""","""",INDEX($A:$A,G376-1)+(INDEX($A:$A,G376)-INDEX($A:$A,G376-1))*H376/INDEX($D:$D,G376))","=IF(G376="""","""",INDEX($B:$B,G376-1)+(INDEX($B:$B,G376)-INDEX($B:$B,G376-1))*H376/INDEX($D:$D,G376))","=IF(G376="""","""",MOD(DEGREES(ATAN2(INDEX($A:$A,G376)-INDEX($A:$A,G376-1),INDEX($B:$B,G376)-INDEX($B:$B,G376-1))),360))","=IF(K376="""","""",K376+$Q$1)","=IF(L376="""","""",""G1 X""&TEXT(I376,""0.###"")&"" Y""&TEXT(J376,""0.###"")&"" Z""&TEXT(L376,""0.###""))"
,,,,,=(ROW()-4),"=IF(F377>LOOKUP(9E+307,$E$5:$E$120),"""",LOOKUP(F377-1,$E$5:$E$120,ROW($E$5:$E$120))+1)","=IF(G377="""","""",F377-INDEX($E:$E,G377-1))","=IF(G377="""","""",INDEX($A:$A,G377-1)+(INDEX($A:$A,G377)-INDEX($A:$A,G377-1))*H377/INDEX($D:$D,G377))","=IF(G377="""","""",INDEX($B:$B,G377-1)+(INDEX($B:$B,G377)-INDEX($B:$B,G377-1))*H377/INDEX($D:$D,G377))","=IF(G377="""","""",MOD(DEGREES(ATAN2(INDEX($A:$A,G377)-INDEX($A:$A,G377-1),INDEX($B:$B,G377)-INDEX($B:$B,G377-1))),360))","=IF(K377="""","""",K377+$Q$1)","=IF(L377="""","""",""G1 X""&TEXT(I377,""0.###"")&"" Y""&TEXT(J377,""0.###"")&"" Z""&TEXT(L377,""0.###""))"
,,,,,=(ROW()-4),"=IF(F378>LOOKUP(9E+307,$E$5:$E$120),"""",LOOKUP(F378-1,$E$5:$E$120,ROW($E$5:$E$120))+1)","=IF(G378="""","""",F378-INDEX($E:$E,G378-1))","=IF(G378="""","""",INDEX($A:$A,G378-1)+(INDEX($A:$A,G378)-INDEX($A:$A,G378-1))*H378/INDEX($D:$D,G378))","=IF(G378="""","""",INDEX($B:$B,G378-1)+(INDEX($B:$B,G378)-INDEX($B:$B,G378-1))*H378/INDEX($D:$D,G378))","=IF(G378="""","""",MOD(DEGREES(ATAN2(INDEX($A:$A,G378)-INDEX($A:$A,G378-1),INDEX($B:$B,G378)-INDEX($B:$B,G378-1))),360))","=IF(K378="""","""",K378+$Q$1)","=IF(L378="""","""",""G1 X""&TEXT(I378,""0.###"")&"" Y""&TEXT(J378,""0.###"")&"" Z""&TEXT(L378,""0.###""))"
,,,,,=(ROW()-4),"=IF(F379>LOOKUP(9E+307,$E$5:$E$120),"""",LOOKUP(F379-1,$E$5:$E$120,ROW($E$5:$E$120))+1)","=IF(G379="""","""",F379-INDEX($E:$E,G379-1))","=IF(G379="""","""",INDEX($A:$A,G379-1)+(INDEX($A:$A,G379)-INDEX($A:$A,G379-1))*H379/INDEX($D:$D,G379))","=IF(G379="""","""",INDEX($B:$B,G379-1)+(INDEX($B:$B,G379)-INDEX($B:$B,G379-1))*H379/INDEX($D:$D,G379))","=IF(G379="""","""",MOD(DEGREES(ATAN2(INDEX($A:$A,G379)-INDEX($A:$A,G379-1),INDEX($B:$B,G379)-INDEX($B:$B,G379-1))),360))","=IF(K379="""","""",K379+$Q$1)","=IF(L379="""","""",""G1 X""&TEXT(I379,""0.###"")&"" Y""&TEXT(J379,""0.###"")&"" Z""&TEXT(L379,""0.###""))"
,,,,,=(ROW()-4),"=IF(F380>LOOKUP(9E+307,$E$5:$E$120),"""",LOOKUP(F380-1,$E$5:$E$120,ROW($E$5:$E$120))+1)","=IF(G380="""","""",F380-INDEX($E:$E,G380-1))","=IF(G380="""","""",INDEX($A:$A,G380-1)+(INDEX($A:$A,G380)-INDEX($A:$A,G380-1))*H380/INDEX($D:$D,G380))","=IF(G380="""","""",INDEX($B:$B,G380-1)+(INDEX($B:$B,G380)-INDEX($B:$B,G380-1))*H380/INDEX($D:$D,G380))","=IF(G380="""","""",MOD(DEGREES(ATAN2(INDEX($A:$A,G380)-INDEX($A:$A,G380-1),INDEX($B:$B,G380)-INDEX($B:$B,G380-1))),360))","=IF(K380="""","""",K380+$Q$1)","=IF(L380="""","""",""G1 X""&TEXT(I380,""0.###"")&"" Y""&TEXT(J380,""0.###"")&"" Z""&TEXT(L380,""0.###""))"
,,,,,=(ROW()-4),"=IF(F381>LOOKUP(9E+307,$E$5:$E$120),"""",LOOKUP(F381-1,$E$5:$E$120,ROW($E$5:$E$120))+1)","=IF(G381="""","""",F381-INDEX($E:$E,G381-1))","=IF(G381="""","""",INDEX($A:$A,G381-1)+(INDEX($A:$A,G381)-INDEX($A:$A,G381-1))*H381/INDEX($D:$D,G381))","=IF(G381="""","""",INDEX($B:$B,G381-1)+(INDEX($B:$B,G381)-INDEX($B:$B,G381-1))*H381/INDEX($D:$D,G381))","=IF(G381="""","""",MOD(DEGREES(ATAN2(INDEX($A:$A,G381)-INDEX($A:$A,G381-1),INDEX($B:$B,G381)-INDEX($B:$B,G381-1))),360))","=IF(K381="""","""",K381+$Q$1)","=IF(L381="""","""",""G1 X""&TEXT(I381,""0.###"")&"" Y""&TEXT(J381,""0.###"")&"" Z""&TEXT(L381,""0.###""))"
,,,,,=(ROW()-4),"=IF(F382>LOOKUP(9E+307,$E$5:$E$120),"""",LOOKUP(F382-1,$E$5:$E$120,ROW($E$5:$E$120))+1)","=IF(G382="""","""",F382-INDEX($E:$E,G382-1))","=IF(G382="""","""",INDEX($A:$A,G382-1)+(INDEX($A:$A,G382)-INDEX($A:$A,G382-1))*H382/INDEX($D:$D,G382))","=IF(G382="""","""",INDEX($B:$B,G382-1)+(INDEX($B:$B,G382)-INDEX($B:$B,G382-1))*H382/INDEX($D:$D,G382))","=IF(G382="""","""",MOD(DEGREES(ATAN2(INDEX($A:$A,G382)-INDEX($A:$A,G382-1),INDEX($B:$B,G382)-INDEX($B:$B,G382-1))),360))","=IF(K382="""","""",K382+$Q$1)","=IF(L382="""","""",""G1 X""&TEXT(I382,""0.###"")&"" Y""&TEXT(J382,""0.###"")&"" Z""&TEXT(L382,""0.###""))"
,,,,,=(ROW()-4),"=IF(F383>LOOKUP(9E+307,$E$5:$E$120),"""",LOOKUP(F383-1,$E$5:$E$120,ROW($E$5:$E$120))+1)","=IF(G383="""","""",F383-INDEX($E:$E,G383-1))","=IF(G383="""","""",INDEX($A:$A,G383-1)+(INDEX($A:$A,G383)-INDEX($A:$A,G383-1))*H383/INDEX($D:$D,G383))","=IF(G383="""","""",INDEX($B:$B,G383-1)+(INDEX($B:$B,G383)-INDEX($B:$B,G383-1))*H383/INDEX($D:$D,G383))","=IF(G383="""","""",MOD(DEGREES(ATAN2(INDEX($A:$A,G383)-INDEX($A:$A,G383-1),INDEX($B:$B,G383)-INDEX($B:$B,G383-1))),360))","=IF(K383="""","""",K383+$Q$1)","=IF(L383="""","""",""G1 X""&TEXT(I383,""0.###"")&"" Y""&TEXT(J383,""0.###"")&"" Z""&TEXT(L383,""0.###""))"
,,,,,=(ROW()-4),"=IF(F384>LOOKUP(9E+307,$E$5:$E$120),"""",LOOKUP(F384-1,$E$5:$E$120,ROW($E$5:$E$120))+1)","=IF(G384="""","""",F384-INDEX($E:$E,G384-1))","=IF(G384="""","""",INDEX($A:$A,G384-1)+(INDEX($A:$A,G384)-INDEX($A:$A,G384-1))*H384/INDEX($D:$D,G384))","=IF(G384="""","""",INDEX($B:$B,G384-1)+(INDEX($B:$B,G384)-INDEX($B:$B,G384-1))*H384/INDEX($D:$D,G384))","=IF(G384="""","""",MOD(DEGREES(ATAN2(INDEX($A:$A,G384)-INDEX($A:$A,G384-1),INDEX($B:$B,G384)-INDEX($B:$B,G384-1))),360))","=IF(K384="""","""",K384+$Q$1)","=IF(L384="""","""",""G1 X""&TEXT(I384,""0.###"")&"" Y""&TEXT(J384,""0.###"")&"" Z""&TEXT(L384,""0.###""))"
,,,,,=(ROW()-4),"=IF(F385>LOOKUP(9E+307,$E$5:$E$120),"""",LOOKUP(F385-1,$E$5:$E$120,ROW($E$5:$E$120))+1)","=IF(G385="""","""",F385-INDEX($E:$E,G385-1))","=IF(G385="""","""",INDEX($A:$A,G385-1)+(INDEX($A:$A,G385)-INDEX($A:$A,G385-1))*H385/INDEX($D:$D,G385))","=IF(G385="""","""",INDEX($B:$B,G385-1)+(INDEX($B:$B,G385)-INDEX($B:$B,G385-1))*H385/INDEX($D:$D,G385))","=IF(G385="""","""",MOD(DEGREES(ATAN2(INDEX($A:$A,G385)-INDEX($A:$A,G385-1),INDEX($B:$B,G385)-INDEX($B:$B,G385-1))),360))","=IF(K385="""","""",K385+$Q$1)","=IF(L385="""","""",""G1 X""&TEXT(I385,""0.###"")&"" Y""&TEXT(J385,""0.###"")&"" Z""&TEXT(L385,""0.###""))"
,,,,,=(ROW()-4),"=IF(F386>LOOKUP(9E+307,$E$5:$E$120),"""",LOOKUP(F386-1,$E$5:$E$120,ROW($E$5:$E$120))+1)","=IF(G386="""","""",F386-INDEX($E:$E,G386-1))","=IF(G386="""","""",INDEX($A:$A,G386-1)+(INDEX($A:$A,G386)-INDEX($A:$A,G386-1))*H386/INDEX($D:$D,G386))","=IF(G386="""","""",INDEX($B:$B,G386-1)+(INDEX($B:$B,G386)-INDEX($B:$B,G386-1))*H386/INDEX($D:$D,G386))","=IF(G386="""","""",MOD(DEGREES(ATAN2(INDEX($A:$A,G386)-INDEX($A:$A,G386-1),INDEX($B:$B,G386)-INDEX($B:$B,G386-1))),360))","=IF(K386="""","""",K386+$Q$1)","=IF(L386="""","""",""G1 X""&TEXT(I386,""0.###"")&"" Y""&TEXT(J386,""0.###"")&"" Z""&TEXT(L386,""0.###""))"
,,,,,=(ROW()-4),"=IF(F387>LOOKUP(9E+307,$E$5:$E$120),"""",LOOKUP(F387-1,$E$5:$E$120,ROW($E$5:$E$120))+1)","=IF(G387="""","""",F387-INDEX($E:$E,G387-1))","=IF(G387="""","""",INDEX($A:$A,G387-1)+(INDEX($A:$A,G387)-INDEX($A:$A,G387-1))*H387/INDEX($D:$D,G387))","=IF(G387="""","""",INDEX($B:$B,G387-1)+(INDEX($B:$B,G387)-INDEX($B:$B,G387-1))*H387/INDEX($D:$D,G387))","=IF(G387="""","""",MOD(DEGREES(ATAN2(INDEX($A:$A,G387)-INDEX($A:$A,G387-1),INDEX($B:$B,G387)-INDEX($B:$B,G387-1))),360))","=IF(K387="""","""",K387+$Q$1)","=IF(L387="""","""",""G1 X""&TEXT(I387,""0.###"")&"" Y""&TEXT(J387,""0.###"")&"" Z""&TEXT(L387,""0.###""))"
,,,,,=(ROW()-4),"=IF(F388>LOOKUP(9E+307,$E$5:$E$120),"""",LOOKUP(F388-1,$E$5:$E$120,ROW($E$5:$E$120))+1)","=IF(G388="""","""",F388-INDEX($E:$E,G388-1))","=IF(G388="""","""",INDEX($A:$A,G388-1)+(INDEX($A:$A,G388)-INDEX($A:$A,G388-1))*H388/INDEX($D:$D,G388))","=IF(G388="""","""",INDEX($B:$B,G388-1)+(INDEX($B:$B,G388)-INDEX($B:$B,G388-1))*H388/INDEX($D:$D,G388))","=IF(G388="""","""",MOD(DEGREES(ATAN2(INDEX($A:$A,G388)-INDEX($A:$A,G388-1),INDEX($B:$B,G388)-INDEX($B:$B,G388-1))),360))","=IF(K388="""","""",K388+$Q$1)","=IF(L388="""","""",""G1 X""&TEXT(I388,""0.###"")&"" Y""&TEXT(J388,""0.###"")&"" Z""&TEXT(L388,""0.###""))"
,,,,,=(ROW()-4),"=IF(F389>LOOKUP(9E+307,$E$5:$E$120),"""",LOOKUP(F389-1,$E$5:$E$120,ROW($E$5:$E$120))+1)","=IF(G389="""","""",F389-INDEX($E:$E,G389-1))","=IF(G389="""","""",INDEX($A:$A,G389-1)+(INDEX($A:$A,G389)-INDEX($A:$A,G389-1))*H389/INDEX($D:$D,G389))","=IF(G389="""","""",INDEX($B:$B,G389-1)+(INDEX($B:$B,G389)-INDEX($B:$B,G389-1))*H389/INDEX($D:$D,G389))","=IF(G389="""","""",MOD(DEGREES(ATAN2(INDEX($A:$A,G389)-INDEX($A:$A,G389-1),INDEX($B:$B,G389)-INDEX($B:$B,G389-1))),360))","=IF(K389="""","""",K389+$Q$1)","=IF(L389="""","""",""G1 X""&TEXT(I389,""0.###"")&"" Y""&TEXT(J389,""0.###"")&"" Z""&TEXT(L389,""0.###""))"
,,,,,=(ROW()-4),"=IF(F390>LOOKUP(9E+307,$E$5:$E$120),"""",LOOKUP(F390-1,$E$5:$E$120,ROW($E$5:$E$120))+1)","=IF(G390="""","""",F390-INDEX($E:$E,G390-1))","=IF(G390="""","""",INDEX($A:$A,G390-1)+(INDEX($A:$A,G390)-INDEX($A:$A,G390-1))*H390/INDEX($D:$D,G390))","=IF(G390="""","""",INDEX($B:$B,G390-1)+(INDEX($B:$B,G390)-INDEX($B:$B,G390-1))*H390/INDEX($D:$D,G390))","=IF(G390="""","""",MOD(DEGREES(ATAN2(INDEX($A:$A,G390)-INDEX($A:$A,G390-1),INDEX($B:$B,G390)-INDEX($B:$B,G390-1))),360))","=IF(K390="""","""",K390+$Q$1)","=IF(L390="""","""",""G1 X""&TEXT(I390,""0.###"")&"" Y""&TEXT(J390,""0.###"")&"" Z""&TEXT(L390,""0.###""))"
,,,,,=(ROW()-4),"=IF(F391>LOOKUP(9E+307,$E$5:$E$120),"""",LOOKUP(F391-1,$E$5:$E$120,ROW($E$5:$E$120))+1)","=IF(G391="""","""",F391-INDEX($E:$E,G391-1))","=IF(G391="""","""",INDEX($A:$A,G391-1)+(INDEX($A:$A,G391)-INDEX($A:$A,G391-1))*H391/INDEX($D:$D,G391))","=IF(G391="""","""",INDEX($B:$B,G391-1)+(INDEX($B:$B,G391)-INDEX($B:$B,G391-1))*H391/INDEX($D:$D,G391))","=IF(G391="""","""",MOD(DEGREES(ATAN2(INDEX($A:$A,G391)-INDEX($A:$A,G391-1),INDEX($B:$B,G391)-INDEX($B:$B,G391-1))),360))","=IF(K391="""","""",K391+$Q$1)","=IF(L391="""","""",""G1 X""&TEXT(I391,""0.###"")&"" Y""&TEXT(J391,""0.###"")&"" Z""&TEXT(L391,""0.###""))"
,,,,,=(ROW()-4),"=IF(F392>LOOKUP(9E+307,$E$5:$E$120),"""",LOOKUP(F392-1,$E$5:$E$120,ROW($E$5:$E$120))+1)","=IF(G392="""","""",F392-INDEX($E:$E,G392-1))","=IF(G392="""","""",INDEX($A:$A,G392-1)+(INDEX($A:$A,G392)-INDEX($A:$A,G392-1))*H392/INDEX($D:$D,G392))","=IF(G392="""","""",INDEX($B:$B,G392-1)+(INDEX($B:$B,G392)-INDEX($B:$B,G392-1))*H392/INDEX($D:$D,G392))","=IF(G392="""","""",MOD(DEGREES(ATAN2(INDEX($A:$A,G392)-INDEX($A:$A,G392-1),INDEX($B:$B,G392)-INDEX($B:$B,G392-1))),360))","=IF(K392="""","""",K392+$Q$1)","=IF(L392="""","""",""G1 X""&TEXT(I392,""0.###"")&"" Y""&TEXT(J392,""0.###"")&"" Z""&TEXT(L392,""0.###""))"
,,,,,=(ROW()-4),"=IF(F393>LOOKUP(9E+307,$E$5:$E$120),"""",LOOKUP(F393-1,$E$5:$E$120,ROW($E$5:$E$120))+1)","=IF(G393="""","""",F393-INDEX($E:$E,G393-1))","=IF(G393="""","""",INDEX($A:$A,G393-1)+(INDEX($A:$A,G393)-INDEX($A:$A,G393-1))*H393/INDEX($D:$D,G393))","=IF(G393="""","""",INDEX($B:$B,G393-1)+(INDEX($B:$B,G393)-INDEX($B:$B,G393-1))*H393/INDEX($D:$D,G393))","=IF(G393="""","""",MOD(DEGREES(ATAN2(INDEX($A:$A,G393)-INDEX($A:$A,G393-1),INDEX($B:$B,G393)-INDEX($B:$B,G393-1))),360))","=IF(K393="""","""",K393+$Q$1)","=IF(L393="""","""",""G1 X""&TEXT(I393,""0.###"")&"" Y""&TEXT(J393,""0.###"")&"" Z""&TEXT(L393,""0.###""))"
,,,,,=(ROW()-4),"=IF(F394>LOOKUP(9E+307,$E$5:$E$120),"""",LOOKUP(F394-1,$E$5:$E$120,ROW($E$5:$E$120))+1)","=IF(G394="""","""",F394-INDEX($E:$E,G394-1))","=IF(G394="""","""",INDEX($A:$A,G394-1)+(INDEX($A:$A,G394)-INDEX($A:$A,G394-1))*H394/INDEX($D:$D,G394))","=IF(G394="""","""",INDEX($B:$B,G394-1)+(INDEX($B:$B,G394)-INDEX($B:$B,G394-1))*H394/INDEX($D:$D,G394))","=IF(G394="""","""",MOD(DEGREES(ATAN2(INDEX($A:$A,G394)-INDEX($A:$A,G394-1),INDEX($B:$B,G394)-INDEX($B:$B,G394-1))),360))","=IF(K394="""","""",K394+$Q$1)","=IF(L394="""","""",""G1 X""&TEXT(I394,""0.###"")&"" Y""&TEXT(J394,""0.###"")&"" Z""&TEXT(L394,""0.###""))"
,,,,,=(ROW()-4),"=IF(F395>LOOKUP(9E+307,$E$5:$E$120),"""",LOOKUP(F395-1,$E$5:$E$120,ROW($E$5:$E$120))+1)","=IF(G395="""","""",F395-INDEX($E:$E,G395-1))","=IF(G395="""","""",INDEX($A:$A,G395-1)+(INDEX($A:$A,G395)-INDEX($A:$A,G395-1))*H395/INDEX($D:$D,G395))","=IF(G395="""","""",INDEX($B:$B,G395-1)+(INDEX($B:$B,G395)-INDEX($B:$B,G395-1))*H395/INDEX($D:$D,G395))","=IF(G395="""","""",MOD(DEGREES(ATAN2(INDEX($A:$A,G395)-INDEX($A:$A,G395-1),INDEX($B:$B,G395)-INDEX($B:$B,G395-1))),360))","=IF(K395="""","""",K395+$Q$1)","=IF(L395="""","""",""G1 X""&TEXT(I395,""0.###"")&"" Y""&TEXT(J395,""0.###"")&"" Z""&TEXT(L395,""0.###""))"
,,,,,=(ROW()-4),"=IF(F396>LOOKUP(9E+307,$E$5:$E$120),"""",LOOKUP(F396-1,$E$5:$E$120,ROW($E$5:$E$120))+1)","=IF(G396="""","""",F396-INDEX($E:$E,G396-1))","=IF(G396="""","""",INDEX($A:$A,G396-1)+(INDEX($A:$A,G396)-INDEX($A:$A,G396-1))*H396/INDEX($D:$D,G396))","=IF(G396="""","""",INDEX($B:$B,G396-1)+(INDEX($B:$B,G396)-INDEX($B:$B,G396-1))*H396/INDEX($D:$D,G396))","=IF(G396="""","""",MOD(DEGREES(ATAN2(INDEX($A:$A,G396)-INDEX($A:$A,G396-1),INDEX($B:$B,G396)-INDEX($B:$B,G396-1))),360))","=IF(K396="""","""",K396+$Q$1)","=IF(L396="""","""",""G1 X""&TEXT(I396,""0.###"")&"" Y""&TEXT(J396,""0.###"")&"" Z""&TEXT(L396,""0.###""))"
,,,,,=(ROW()-4),"=IF(F397>LOOKUP(9E+307,$E$5:$E$120),"""",LOOKUP(F397-1,$E$5:$E$120,ROW($E$5:$E$120))+1)","=IF(G397="""","""",F397-INDEX($E:$E,G397-1))","=IF(G397="""","""",INDEX($A:$A,G397-1)+(INDEX($A:$A,G397)-INDEX($A:$A,G397-1))*H397/INDEX($D:$D,G397))","=IF(G397="""","""",INDEX($B:$B,G397-1)+(INDEX($B:$B,G397)-INDEX($B:$B,G397-1))*H397/INDEX($D:$D,G397))","=IF(G397="""","""",MOD(DEGREES(ATAN2(INDEX($A:$A,G397)-INDEX($A:$A,G397-1),INDEX($B:$B,G397)-INDEX($B:$B,G397-1))),360))","=IF(K397="""","""",K397+$Q$1)","=IF(L397="""","""",""G1 X""&TEXT(I397,""0.###"")&"" Y""&TEXT(J397,""0.###"")&"" Z""&TEXT(L397,""0.###""))"
,,,,,=(ROW()-4),"=IF(F398>LOOKUP(9E+307,$E$5:$E$120),"""",LOOKUP(F398-1,$E$5:$E$120,ROW($E$5:$E$120))+1)","=IF(G398="""","""",F398-INDEX($E:$E,G398-1))","=IF(G398="""","""",INDEX($A:$A,G398-1)+(INDEX($A:$A,G398)-INDEX($A:$A,G398-1))*H398/INDEX($D:$D,G398))","=IF(G398="""","""",INDEX($B:$B,G398-1)+(INDEX($B:$B,G398)-INDEX($B:$B,G398-1))*H398/INDEX($D:$D,G398))","=IF(G398="""","""",MOD(DEGREES(ATAN2(INDEX($A:$A,G398)-INDEX($A:$A,G398-1),INDEX($B:$B,G398)-INDEX($B:$B,G398-1))),360))","=IF(K398="""","""",K398+$Q$1)","=IF(L398="""","""",""G1 X""&TEXT(I398,""0.###"")&"" Y""&TEXT(J398,""0.###"")&"" Z""&TEXT(L398,""0.###""))"
,,,,,=(ROW()-4),"=IF(F399>LOOKUP(9E+307,$E$5:$E$120),"""",LOOKUP(F399-1,$E$5:$E$120,ROW($E$5:$E$120))+1)","=IF(G399="""","""",F399-INDEX($E:$E,G399-1))","=IF(G399="""","""",INDEX($A:$A,G399-1)+(INDEX($A:$A,G399)-INDEX($A:$A,G399-1))*H399/INDEX($D:$D,G399))","=IF(G399="""","""",INDEX($B:$B,G399-1)+(INDEX($B:$B,G399)-INDEX($B:$B,G399-1))*H399/INDEX($D:$D,G399))","=IF(G399="""","""",MOD(DEGREES(ATAN2(INDEX($A:$A,G399)-INDEX($A:$A,G399-1),INDEX($B:$B,G399)-INDEX($B:$B,G399-1))),360))","=IF(K399="""","""",K399+$Q$1)","=IF(L399="""","""",""G1 X""&TEXT(I399,""0.###"")&"" Y""&TEXT(J399,""0.###"")&"" Z""&TEXT(L399,""0.###""))"
,,,,,=(ROW()-4),"=IF(F400>LOOKUP(9E+307,$E$5:$E$120),"""",LOOKUP(F400-1,$E$5:$E$120,ROW($E$5:$E$120))+1)","=IF(G400="""","""",F400-INDEX($E:$E,G400-1))","=IF(G400="""","""",INDEX($A:$A,G400-1)+(INDEX($A:$A,G400)-INDEX($A:$A,G400-1))*H400/INDEX($D:$D,G400))","=IF(G400="""","""",INDEX($B:$B,G400-1)+(INDEX($B:$B,G400)-INDEX($B:$B,G400-1))*H400/INDEX($D:$D,G400))","=IF(G400="""","""",MOD(DEGREES(ATAN2(INDEX($A:$A,G400)-INDEX($A:$A,G400-1),INDEX($B:$B,G400)-INDEX($B:$B,G400-1))),360))","=IF(K400="""","""",K400+$Q$1)","=IF(L400="""","""",""G1 X""&TEXT(I400,""0.###"")&"" Y""&TEXT(J400,""0.###"")&"" Z""&TEXT(L400,""0.###""))"
,,,,,=(ROW()-4),"=IF(F401>LOOKUP(9E+307,$E$5:$E$120),"""",LOOKUP(F401-1,$E$5:$E$120,ROW($E$5:$E$120))+1)","=IF(G401="""","""",F401-INDEX($E:$E,G401-1))","=IF(G401="""","""",INDEX($A:$A,G401-1)+(INDEX($A:$A,G401)-INDEX($A:$A,G401-1))*H401/INDEX($D:$D,G401))","=IF(G401="""","""",INDEX($B:$B,G401-1)+(INDEX($B:$B,G401)-INDEX($B:$B,G401-1))*H401/INDEX($D:$D,G401))","=IF(G401="""","""",MOD(DEGREES(ATAN2(INDEX($A:$A,G401)-INDEX($A:$A,G401-1),INDEX($B:$B,G401)-INDEX($B:$B,G401-1))),360))","=IF(K401="""","""",K401+$Q$1)","=IF(L401="""","""",""G1 X""&TEXT(I401,""0.###"")&"" Y""&TEXT(J401,""0.###"")&"" Z""&TEXT(L401,""0.###""))"
,,,,,=(ROW()-4),"=IF(F402>LOOKUP(9E+307,$E$5:$E$120),"""",LOOKUP(F402-1,$E$5:$E$120,ROW($E$5:$E$120))+1)","=IF(G402="""","""",F402-INDEX($E:$E,G402-1))","=IF(G402="""","""",INDEX($A:$A,G402-1)+(INDEX($A:$A,G402)-INDEX($A:$A,G402-1))*H402/INDEX($D:$D,G402))","=IF(G402="""","""",INDEX($B:$B,G402-1)+(INDEX($B:$B,G402)-INDEX($B:$B,G402-1))*H402/INDEX($D:$D,G402))","=IF(G402="""","""",MOD(DEGREES(ATAN2(INDEX($A:$A,G402)-INDEX($A:$A,G402-1),INDEX($B:$B,G402)-INDEX($B:$B,G402-1))),360))","=IF(K402="""","""",K402+$Q$1)","=IF(L402="""","""",""G1 X""&TEXT(I402,""0.###"")&"" Y""&TEXT(J402,""0.###"")&"" Z""&TEXT(L402,""0.###""))"
,,,,,=(ROW()-4),"=IF(F403>LOOKUP(9E+307,$E$5:$E$120),"""",LOOKUP(F403-1,$E$5:$E$120,ROW($E$5:$E$120))+1)","=IF(G403="""","""",F403-INDEX($E:$E,G403-1))","=IF(G403="""","""",INDEX($A:$A,G403-1)+(INDEX($A:$A,G403)-INDEX($A:$A,G403-1))*H403/INDEX($D:$D,G403))","=IF(G403="""","""",INDEX($B:$B,G403-1)+(INDEX($B:$B,G403)-INDEX($B:$B,G403-1))*H403/INDEX($D:$D,G403))","=IF(G403="""","""",MOD(DEGREES(ATAN2(INDEX($A:$A,G403)-INDEX($A:$A,G403-1),INDEX($B:$B,G403)-INDEX($B:$B,G403-1))),360))","=IF(K403="""","""",K403+$Q$1)","=IF(L403="""","""",""G1 X""&TEXT(I403,""0.###"")&"" Y""&TEXT(J403,""0.###"")&"" Z""&TEXT(L403,""0.###""))"
,,,,,=(ROW()-4),"=IF(F404>LOOKUP(9E+307,$E$5:$E$120),"""",LOOKUP(F404-1,$E$5:$E$120,ROW($E$5:$E$120))+1)","=IF(G404="""","""",F404-INDEX($E:$E,G404-1))","=IF(G404="""","""",INDEX($A:$A,G404-1)+(INDEX($A:$A,G404)-INDEX($A:$A,G404-1))*H404/INDEX($D:$D,G404))","=IF(G404="""","""",INDEX($B:$B,G404-1)+(INDEX($B:$B,G404)-INDEX($B:$B,G404-1))*H404/INDEX($D:$D,G404))","=IF(G404="""","""",MOD(DEGREES(ATAN2(INDEX($A:$A,G404)-INDEX($A:$A,G404-1),INDEX($B:$B,G404)-INDEX($B:$B,G404-1))),360))","=IF(K404="""","""",K404+$Q$1)","=IF(L404="""","""",""G1 X""&TEXT(I404,""0.###"")&"" Y""&TEXT(J404,""0.###"")&"" Z""&TEXT(L404,""0.###""))"
